# Pathway	merged_KAT-15146871Week-24_S35_L002__kneaddata_paired_Abundance
UNMAPPED	724734.4600941341
UNINTEGRATED	2570318.9698023438
UNINTEGRATED|unclassified	828537.5305455484
UNINTEGRATED|g__Lachnospiraceae_unclassified.s__Eubacterium_rectale	602318.5823408260
UNINTEGRATED|g__Blautia.s__Blautia_obeum	424246.9695494391
UNINTEGRATED|g__Blautia.s__Blautia_wexlerae	311285.0289414142
UNINTEGRATED|g__Anaerostipes.s__Anaerostipes_hadrus	213616.4543769445
UNINTEGRATED|g__Eggerthella.s__Eggerthella_lenta	48068.6068595231
UNINTEGRATED|g__Hungatella.s__Hungatella_hathewayi	33325.5417018948
UNINTEGRATED|g__Roseburia.s__Roseburia_inulinivorans	29160.8997520190
UNINTEGRATED|g__Lachnoclostridium.s__Clostridium_scindens	26444.6994006744
UNINTEGRATED|g__Roseburia.s__Roseburia_hominis	25594.9305553889
UNINTEGRATED|g__Erysipelatoclostridium.s__Erysipelatoclostridium_ramosum	22883.8795626029
UNINTEGRATED|g__Ruthenibacterium.s__Ruthenibacterium_lactatiformans	16889.5644133870
UNINTEGRATED|g__Agathobaculum.s__Agathobaculum_butyriciproducens	13354.4468546954
UNINTEGRATED|g__Streptococcus.s__Streptococcus_thermophilus	12458.2282852371
UNINTEGRATED|g__Blautia.s__Blautia_hansenii	8307.9552248113
UNINTEGRATED|g__Streptococcus.s__Streptococcus_pasteurianus	8031.6703085656
UNINTEGRATED|g__Bacteroides.s__Bacteroides_dorei	6996.5582234884
UNINTEGRATED|g__Erysipelatoclostridium.s__Clostridium_spiroforme	5084.9654615701
UNINTEGRATED|g__Blautia.s__Blautia_producta	5030.0207616443
UNINTEGRATED|g__Streptococcus.s__Streptococcus_gallolyticus	4557.3351275999
UNINTEGRATED|g__Streptococcus.s__Streptococcus_equinus	2993.9139589928
UNINTEGRATED|g__Gordonibacter.s__Gordonibacter_urolithinfaciens	1838.6076641732
UNINTEGRATED|g__Streptococcus.s__Streptococcus_macedonicus	961.1009901385
PWY-7238: sucrose biosynthesis II	4017.2507745178
PWY-7238: sucrose biosynthesis II|unclassified	1310.2057845238
PWY-7238: sucrose biosynthesis II|g__Lachnospiraceae_unclassified.s__Eubacterium_rectale	943.0739046467
PWY-7238: sucrose biosynthesis II|g__Blautia.s__Blautia_obeum	607.0370895263
PWY-7238: sucrose biosynthesis II|g__Blautia.s__Blautia_wexlerae	601.8569434252
PWY-7238: sucrose biosynthesis II|g__Anaerostipes.s__Anaerostipes_hadrus	282.1618162165
PWY-7238: sucrose biosynthesis II|g__Erysipelatoclostridium.s__Erysipelatoclostridium_ramosum	20.7206407955
PWY-7238: sucrose biosynthesis II|g__Blautia.s__Blautia_hansenii	11.8617873848
PWY-7238: sucrose biosynthesis II|g__Agathobaculum.s__Agathobaculum_butyriciproducens	8.1909754427
PWY-7238: sucrose biosynthesis II|g__Streptococcus.s__Streptococcus_pasteurianus	6.4690220505
PWY-7238: sucrose biosynthesis II|g__Blautia.s__Blautia_producta	4.4231331206
PWY0-1296: purine ribonucleosides degradation	3254.1383316509
PWY0-1296: purine ribonucleosides degradation|g__Blautia.s__Blautia_obeum	961.4463581795
PWY0-1296: purine ribonucleosides degradation|unclassified	800.9481815565
PWY0-1296: purine ribonucleosides degradation|g__Lachnospiraceae_unclassified.s__Eubacterium_rectale	716.0150227761
PWY0-1296: purine ribonucleosides degradation|g__Blautia.s__Blautia_wexlerae	297.0839960960
PWY0-1296: purine ribonucleosides degradation|g__Anaerostipes.s__Anaerostipes_hadrus	196.3424800702
PWY0-1296: purine ribonucleosides degradation|g__Streptococcus.s__Streptococcus_pasteurianus	36.2031901668
PWY0-1296: purine ribonucleosides degradation|g__Erysipelatoclostridium.s__Erysipelatoclostridium_ramosum	23.1418219785
PWY0-1296: purine ribonucleosides degradation|g__Streptococcus.s__Streptococcus_thermophilus	22.3193104904
PWY0-1296: purine ribonucleosides degradation|g__Ruthenibacterium.s__Ruthenibacterium_lactatiformans	13.8719723435
PWY0-1296: purine ribonucleosides degradation|g__Lachnoclostridium.s__Clostridium_scindens	12.7869000771
PWY0-1296: purine ribonucleosides degradation|g__Streptococcus.s__Streptococcus_equinus	5.5889355331
PWY0-1296: purine ribonucleosides degradation|g__Streptococcus.s__Streptococcus_gallolyticus	4.9236541001
PWY0-1296: purine ribonucleosides degradation|g__Streptococcus.s__Streptococcus_macedonicus	2.1875043930
PWY-5941: glycogen degradation II	3249.7918751041
PWY-5941: glycogen degradation II|unclassified	1156.5281409977
PWY-5941: glycogen degradation II|g__Blautia.s__Blautia_wexlerae	612.7132663712
PWY-5941: glycogen degradation II|g__Blautia.s__Blautia_obeum	411.1037534029
PWY-5941: glycogen degradation II|g__Anaerostipes.s__Anaerostipes_hadrus	293.5916109316
PWY-5941: glycogen degradation II|g__Streptococcus.s__Streptococcus_pasteurianus	8.0462399171
PWY-1042: glycolysis IV	3235.1657228721
PWY-1042: glycolysis IV|unclassified	722.6001087588
PWY-1042: glycolysis IV|g__Lachnospiraceae_unclassified.s__Eubacterium_rectale	558.8361723785
PWY-1042: glycolysis IV|g__Anaerostipes.s__Anaerostipes_hadrus	394.4459136102
PWY-1042: glycolysis IV|g__Blautia.s__Blautia_obeum	82.2781595994
PWY-1042: glycolysis IV|g__Blautia.s__Blautia_wexlerae	72.8481334630
PWY-1042: glycolysis IV|g__Eggerthella.s__Eggerthella_lenta	37.1439501755
PWY-1042: glycolysis IV|g__Erysipelatoclostridium.s__Erysipelatoclostridium_ramosum	18.8055066946
PWY-1042: glycolysis IV|g__Erysipelatoclostridium.s__Clostridium_spiroforme	18.4599341703
GLYCOGENSYNTH-PWY: glycogen biosynthesis I (from ADP-D-Glucose)	3079.7940180479
GLYCOGENSYNTH-PWY: glycogen biosynthesis I (from ADP-D-Glucose)|unclassified	910.7134618688
GLYCOGENSYNTH-PWY: glycogen biosynthesis I (from ADP-D-Glucose)|g__Blautia.s__Blautia_wexlerae	627.9165885101
GLYCOGENSYNTH-PWY: glycogen biosynthesis I (from ADP-D-Glucose)|g__Lachnospiraceae_unclassified.s__Eubacterium_rectale	495.6683231318
GLYCOGENSYNTH-PWY: glycogen biosynthesis I (from ADP-D-Glucose)|g__Blautia.s__Blautia_obeum	410.3423185352
GLYCOGENSYNTH-PWY: glycogen biosynthesis I (from ADP-D-Glucose)|g__Anaerostipes.s__Anaerostipes_hadrus	378.3391243489
GLYCOGENSYNTH-PWY: glycogen biosynthesis I (from ADP-D-Glucose)|g__Erysipelatoclostridium.s__Erysipelatoclostridium_ramosum	17.4620907796
GLYCOGENSYNTH-PWY: glycogen biosynthesis I (from ADP-D-Glucose)|g__Agathobaculum.s__Agathobaculum_butyriciproducens	9.1147906250
PWY-6609: adenine and adenosine salvage III	2903.3153968689
PWY-6609: adenine and adenosine salvage III|unclassified	1008.9231646555
PWY-6609: adenine and adenosine salvage III|g__Lachnospiraceae_unclassified.s__Eubacterium_rectale	534.7193231552
PWY-6609: adenine and adenosine salvage III|g__Blautia.s__Blautia_wexlerae	313.3593969377
PWY-6609: adenine and adenosine salvage III|g__Anaerostipes.s__Anaerostipes_hadrus	244.4665456905
PWY-6609: adenine and adenosine salvage III|g__Blautia.s__Blautia_obeum	90.8693232465
PWY-6609: adenine and adenosine salvage III|g__Eggerthella.s__Eggerthella_lenta	51.4486001939
PWY-6609: adenine and adenosine salvage III|g__Streptococcus.s__Streptococcus_thermophilus	21.5264812801
PWY-6609: adenine and adenosine salvage III|g__Streptococcus.s__Streptococcus_pasteurianus	14.4658180733
PWY-6609: adenine and adenosine salvage III|g__Lachnoclostridium.s__Clostridium_scindens	10.0751522068
PWY-6609: adenine and adenosine salvage III|g__Blautia.s__Blautia_producta	8.7583534914
PWY-6609: adenine and adenosine salvage III|g__Blautia.s__Blautia_hansenii	6.4574755837
PWY-6609: adenine and adenosine salvage III|g__Streptococcus.s__Streptococcus_equinus	5.3411985405
PWY-8178: pentose phosphate pathway (non-oxidative branch) II	2677.4798947477
PWY-8178: pentose phosphate pathway (non-oxidative branch) II|unclassified	738.1432687657
PWY-8178: pentose phosphate pathway (non-oxidative branch) II|g__Blautia.s__Blautia_wexlerae	515.5557813934
PWY-8178: pentose phosphate pathway (non-oxidative branch) II|g__Lachnospiraceae_unclassified.s__Eubacterium_rectale	512.8940292509
PWY-8178: pentose phosphate pathway (non-oxidative branch) II|g__Anaerostipes.s__Anaerostipes_hadrus	250.7645461962
PWY-8178: pentose phosphate pathway (non-oxidative branch) II|g__Blautia.s__Blautia_obeum	64.1473460129
PWY-8178: pentose phosphate pathway (non-oxidative branch) II|g__Erysipelatoclostridium.s__Erysipelatoclostridium_ramosum	23.6486657339
PWY-8178: pentose phosphate pathway (non-oxidative branch) II|g__Erysipelatoclostridium.s__Clostridium_spiroforme	16.4772916879
PWY-8178: pentose phosphate pathway (non-oxidative branch) II|g__Streptococcus.s__Streptococcus_pasteurianus	14.5641165223
CALVIN-PWY: Calvin-Benson-Bassham cycle	2575.5014486834
CALVIN-PWY: Calvin-Benson-Bassham cycle|unclassified	786.6192181799
CALVIN-PWY: Calvin-Benson-Bassham cycle|g__Blautia.s__Blautia_wexlerae	533.5683205118
CALVIN-PWY: Calvin-Benson-Bassham cycle|g__Lachnospiraceae_unclassified.s__Eubacterium_rectale	463.5000087343
CALVIN-PWY: Calvin-Benson-Bassham cycle|g__Anaerostipes.s__Anaerostipes_hadrus	184.3684135146
CALVIN-PWY: Calvin-Benson-Bassham cycle|g__Blautia.s__Blautia_obeum	77.7309126334
ANAGLYCOLYSIS-PWY: glycolysis III (from glucose)	2543.9160384142
ANAGLYCOLYSIS-PWY: glycolysis III (from glucose)|unclassified	707.0520761909
ANAGLYCOLYSIS-PWY: glycolysis III (from glucose)|g__Lachnospiraceae_unclassified.s__Eubacterium_rectale	482.4066741837
ANAGLYCOLYSIS-PWY: glycolysis III (from glucose)|g__Anaerostipes.s__Anaerostipes_hadrus	298.6480747303
ANAGLYCOLYSIS-PWY: glycolysis III (from glucose)|g__Blautia.s__Blautia_obeum	130.0845172310
ANAGLYCOLYSIS-PWY: glycolysis III (from glucose)|g__Blautia.s__Blautia_wexlerae	43.5179037355
PWY-6163: chorismate biosynthesis from 3-dehydroquinate	2539.1109411062
PWY-6163: chorismate biosynthesis from 3-dehydroquinate|unclassified	924.2954041237
PWY-6163: chorismate biosynthesis from 3-dehydroquinate|g__Lachnospiraceae_unclassified.s__Eubacterium_rectale	530.4961187620
PWY-6163: chorismate biosynthesis from 3-dehydroquinate|g__Blautia.s__Blautia_obeum	457.0026031583
PWY-6163: chorismate biosynthesis from 3-dehydroquinate|g__Blautia.s__Blautia_wexlerae	265.5190820565
PWY-6163: chorismate biosynthesis from 3-dehydroquinate|g__Anaerostipes.s__Anaerostipes_hadrus	249.9591635235
PWY-6163: chorismate biosynthesis from 3-dehydroquinate|g__Eggerthella.s__Eggerthella_lenta	31.9454499652
PWY-6163: chorismate biosynthesis from 3-dehydroquinate|g__Streptococcus.s__Streptococcus_pasteurianus	13.7696570537
PWY-6163: chorismate biosynthesis from 3-dehydroquinate|g__Erysipelatoclostridium.s__Erysipelatoclostridium_ramosum	12.6335210739
PWY-6163: chorismate biosynthesis from 3-dehydroquinate|g__Streptococcus.s__Streptococcus_thermophilus	5.7111902761
PWY-6386: UDP-N-acetylmuramoyl-pentapeptide biosynthesis II (lysine-containing)	2536.9702730058
PWY-6386: UDP-N-acetylmuramoyl-pentapeptide biosynthesis II (lysine-containing)|unclassified	986.7086604588
PWY-6386: UDP-N-acetylmuramoyl-pentapeptide biosynthesis II (lysine-containing)|g__Lachnospiraceae_unclassified.s__Eubacterium_rectale	437.3392212721
PWY-6386: UDP-N-acetylmuramoyl-pentapeptide biosynthesis II (lysine-containing)|g__Blautia.s__Blautia_wexlerae	372.8275818647
PWY-6386: UDP-N-acetylmuramoyl-pentapeptide biosynthesis II (lysine-containing)|g__Blautia.s__Blautia_obeum	299.7132675522
PWY-6386: UDP-N-acetylmuramoyl-pentapeptide biosynthesis II (lysine-containing)|g__Anaerostipes.s__Anaerostipes_hadrus	222.4139438259
PWY-6386: UDP-N-acetylmuramoyl-pentapeptide biosynthesis II (lysine-containing)|g__Eggerthella.s__Eggerthella_lenta	46.2949341042
PWY-6386: UDP-N-acetylmuramoyl-pentapeptide biosynthesis II (lysine-containing)|g__Streptococcus.s__Streptococcus_thermophilus	19.8474355394
PWY-6386: UDP-N-acetylmuramoyl-pentapeptide biosynthesis II (lysine-containing)|g__Streptococcus.s__Streptococcus_pasteurianus	8.1413484611
ARGSYNBSUB-PWY: L-arginine biosynthesis II (acetyl cycle)	2509.9833509260
ARGSYNBSUB-PWY: L-arginine biosynthesis II (acetyl cycle)|unclassified	1020.0285339647
ARGSYNBSUB-PWY: L-arginine biosynthesis II (acetyl cycle)|g__Blautia.s__Blautia_wexlerae	451.1232400027
ARGSYNBSUB-PWY: L-arginine biosynthesis II (acetyl cycle)|g__Lachnospiraceae_unclassified.s__Eubacterium_rectale	428.5865588834
ARGSYNBSUB-PWY: L-arginine biosynthesis II (acetyl cycle)|g__Anaerostipes.s__Anaerostipes_hadrus	176.4482855473
ARGSYNBSUB-PWY: L-arginine biosynthesis II (acetyl cycle)|g__Eggerthella.s__Eggerthella_lenta	49.5890513493
ARGSYNBSUB-PWY: L-arginine biosynthesis II (acetyl cycle)|g__Blautia.s__Blautia_obeum	46.5069236539
ARGSYNBSUB-PWY: L-arginine biosynthesis II (acetyl cycle)|g__Erysipelatoclostridium.s__Erysipelatoclostridium_ramosum	23.9832131352
ARGSYNBSUB-PWY: L-arginine biosynthesis II (acetyl cycle)|g__Streptococcus.s__Streptococcus_thermophilus	13.2993698906
ARGSYNBSUB-PWY: L-arginine biosynthesis II (acetyl cycle)|g__Erysipelatoclostridium.s__Clostridium_spiroforme	11.2170860358
ARGSYNBSUB-PWY: L-arginine biosynthesis II (acetyl cycle)|g__Lachnoclostridium.s__Clostridium_scindens	8.3309597338
ARGSYNBSUB-PWY: L-arginine biosynthesis II (acetyl cycle)|g__Streptococcus.s__Streptococcus_gallolyticus	5.0242181767
PWY-6387: UDP-N-acetylmuramoyl-pentapeptide biosynthesis I (meso-diaminopimelate containing)	2440.9597472915
PWY-6387: UDP-N-acetylmuramoyl-pentapeptide biosynthesis I (meso-diaminopimelate containing)|unclassified	953.3359464876
PWY-6387: UDP-N-acetylmuramoyl-pentapeptide biosynthesis I (meso-diaminopimelate containing)|g__Lachnospiraceae_unclassified.s__Eubacterium_rectale	417.3912355139
PWY-6387: UDP-N-acetylmuramoyl-pentapeptide biosynthesis I (meso-diaminopimelate containing)|g__Blautia.s__Blautia_wexlerae	368.9965652916
PWY-6387: UDP-N-acetylmuramoyl-pentapeptide biosynthesis I (meso-diaminopimelate containing)|g__Blautia.s__Blautia_obeum	318.3196820829
PWY-6387: UDP-N-acetylmuramoyl-pentapeptide biosynthesis I (meso-diaminopimelate containing)|g__Anaerostipes.s__Anaerostipes_hadrus	213.7520624194
PWY-6387: UDP-N-acetylmuramoyl-pentapeptide biosynthesis I (meso-diaminopimelate containing)|g__Eggerthella.s__Eggerthella_lenta	47.7528479199
PWY-6387: UDP-N-acetylmuramoyl-pentapeptide biosynthesis I (meso-diaminopimelate containing)|g__Streptococcus.s__Streptococcus_thermophilus	15.1178913181
PWY-6387: UDP-N-acetylmuramoyl-pentapeptide biosynthesis I (meso-diaminopimelate containing)|g__Streptococcus.s__Streptococcus_pasteurianus	5.9454036071
ARO-PWY: chorismate biosynthesis I	2428.1472307350
ARO-PWY: chorismate biosynthesis I|unclassified	870.4535891802
ARO-PWY: chorismate biosynthesis I|g__Lachnospiraceae_unclassified.s__Eubacterium_rectale	478.5695304977
ARO-PWY: chorismate biosynthesis I|g__Blautia.s__Blautia_obeum	396.8304297302
ARO-PWY: chorismate biosynthesis I|g__Anaerostipes.s__Anaerostipes_hadrus	251.2797877050
ARO-PWY: chorismate biosynthesis I|g__Blautia.s__Blautia_wexlerae	242.2114247327
ARO-PWY: chorismate biosynthesis I|g__Eggerthella.s__Eggerthella_lenta	35.7487277271
ARO-PWY: chorismate biosynthesis I|g__Streptococcus.s__Streptococcus_pasteurianus	15.0459961514
ARO-PWY: chorismate biosynthesis I|g__Erysipelatoclostridium.s__Erysipelatoclostridium_ramosum	14.8879294220
ARO-PWY: chorismate biosynthesis I|g__Streptococcus.s__Streptococcus_thermophilus	6.8347787169
COMPLETE-ARO-PWY: superpathway of aromatic amino acid biosynthesis	2402.2118447843
COMPLETE-ARO-PWY: superpathway of aromatic amino acid biosynthesis|unclassified	878.0331266117
COMPLETE-ARO-PWY: superpathway of aromatic amino acid biosynthesis|g__Lachnospiraceae_unclassified.s__Eubacterium_rectale	476.4916922078
COMPLETE-ARO-PWY: superpathway of aromatic amino acid biosynthesis|g__Blautia.s__Blautia_obeum	353.1058048787
COMPLETE-ARO-PWY: superpathway of aromatic amino acid biosynthesis|g__Anaerostipes.s__Anaerostipes_hadrus	244.5503774447
COMPLETE-ARO-PWY: superpathway of aromatic amino acid biosynthesis|g__Blautia.s__Blautia_wexlerae	242.7418526517
COMPLETE-ARO-PWY: superpathway of aromatic amino acid biosynthesis|g__Streptococcus.s__Streptococcus_pasteurianus	15.2906091255
PEPTIDOGLYCANSYN-PWY: peptidoglycan biosynthesis I (meso-diaminopimelate containing)	2388.9187471229
PEPTIDOGLYCANSYN-PWY: peptidoglycan biosynthesis I (meso-diaminopimelate containing)|unclassified	965.1253315213
PEPTIDOGLYCANSYN-PWY: peptidoglycan biosynthesis I (meso-diaminopimelate containing)|g__Lachnospiraceae_unclassified.s__Eubacterium_rectale	414.5177161973
PEPTIDOGLYCANSYN-PWY: peptidoglycan biosynthesis I (meso-diaminopimelate containing)|g__Blautia.s__Blautia_obeum	323.8616565816
PEPTIDOGLYCANSYN-PWY: peptidoglycan biosynthesis I (meso-diaminopimelate containing)|g__Blautia.s__Blautia_wexlerae	319.7601863428
PEPTIDOGLYCANSYN-PWY: peptidoglycan biosynthesis I (meso-diaminopimelate containing)|g__Anaerostipes.s__Anaerostipes_hadrus	225.6780341995
PEPTIDOGLYCANSYN-PWY: peptidoglycan biosynthesis I (meso-diaminopimelate containing)|g__Eggerthella.s__Eggerthella_lenta	47.2837230319
PEPTIDOGLYCANSYN-PWY: peptidoglycan biosynthesis I (meso-diaminopimelate containing)|g__Streptococcus.s__Streptococcus_thermophilus	12.7170044015
PEPTIDOGLYCANSYN-PWY: peptidoglycan biosynthesis I (meso-diaminopimelate containing)|g__Streptococcus.s__Streptococcus_pasteurianus	4.9098583728
PWY-7953: UDP-N-acetylmuramoyl-pentapeptide biosynthesis III (meso-diaminopimelate containing)	2371.3049866964
PWY-7953: UDP-N-acetylmuramoyl-pentapeptide biosynthesis III (meso-diaminopimelate containing)|unclassified	867.6436638908
PWY-7953: UDP-N-acetylmuramoyl-pentapeptide biosynthesis III (meso-diaminopimelate containing)|g__Lachnospiraceae_unclassified.s__Eubacterium_rectale	414.0447765126
PWY-7953: UDP-N-acetylmuramoyl-pentapeptide biosynthesis III (meso-diaminopimelate containing)|g__Blautia.s__Blautia_obeum	310.3877622144
PWY-7953: UDP-N-acetylmuramoyl-pentapeptide biosynthesis III (meso-diaminopimelate containing)|g__Blautia.s__Blautia_wexlerae	244.3803706162
PWY-7953: UDP-N-acetylmuramoyl-pentapeptide biosynthesis III (meso-diaminopimelate containing)|g__Anaerostipes.s__Anaerostipes_hadrus	209.9043886029
PWY-7953: UDP-N-acetylmuramoyl-pentapeptide biosynthesis III (meso-diaminopimelate containing)|g__Eggerthella.s__Eggerthella_lenta	48.1311847240
PWY-7953: UDP-N-acetylmuramoyl-pentapeptide biosynthesis III (meso-diaminopimelate containing)|g__Streptococcus.s__Streptococcus_thermophilus	12.1679075943
PWY-6385: peptidoglycan biosynthesis III (mycobacteria)	2368.9699382328
PWY-6385: peptidoglycan biosynthesis III (mycobacteria)|unclassified	892.1297139558
PWY-6385: peptidoglycan biosynthesis III (mycobacteria)|g__Lachnospiraceae_unclassified.s__Eubacterium_rectale	421.1826169212
PWY-6385: peptidoglycan biosynthesis III (mycobacteria)|g__Blautia.s__Blautia_obeum	293.9779437031
PWY-6385: peptidoglycan biosynthesis III (mycobacteria)|g__Blautia.s__Blautia_wexlerae	259.2468976754
PWY-6385: peptidoglycan biosynthesis III (mycobacteria)|g__Anaerostipes.s__Anaerostipes_hadrus	219.3539472962
PWY-6385: peptidoglycan biosynthesis III (mycobacteria)|g__Eggerthella.s__Eggerthella_lenta	50.2223493096
PWY-6385: peptidoglycan biosynthesis III (mycobacteria)|g__Streptococcus.s__Streptococcus_thermophilus	12.7170044015
PWY-6385: peptidoglycan biosynthesis III (mycobacteria)|g__Streptococcus.s__Streptococcus_pasteurianus	4.7409382530
PWY-7221: guanosine ribonucleotides de novo biosynthesis	2356.5625118639
PWY-7221: guanosine ribonucleotides de novo biosynthesis|unclassified	879.2822491136
PWY-7221: guanosine ribonucleotides de novo biosynthesis|g__Blautia.s__Blautia_wexlerae	507.7260344006
PWY-7221: guanosine ribonucleotides de novo biosynthesis|g__Lachnospiraceae_unclassified.s__Eubacterium_rectale	416.1630546274
PWY-7221: guanosine ribonucleotides de novo biosynthesis|g__Anaerostipes.s__Anaerostipes_hadrus	154.0607435369
PWY-7221: guanosine ribonucleotides de novo biosynthesis|g__Blautia.s__Blautia_obeum	50.9746114174
PWY-7221: guanosine ribonucleotides de novo biosynthesis|g__Eggerthella.s__Eggerthella_lenta	50.8790221148
PWY-7221: guanosine ribonucleotides de novo biosynthesis|g__Erysipelatoclostridium.s__Erysipelatoclostridium_ramosum	17.7214631468
PWY-7221: guanosine ribonucleotides de novo biosynthesis|g__Streptococcus.s__Streptococcus_thermophilus	10.7977728866
PWY-7221: guanosine ribonucleotides de novo biosynthesis|g__Streptococcus.s__Streptococcus_pasteurianus	10.5223383179
PWY-7221: guanosine ribonucleotides de novo biosynthesis|g__Erysipelatoclostridium.s__Clostridium_spiroforme	2.4018661556
PWY-6527: stachyose degradation	2332.1411813438
PWY-6527: stachyose degradation|unclassified	837.2182052556
PWY-6527: stachyose degradation|g__Blautia.s__Blautia_wexlerae	402.7860448696
PWY-6527: stachyose degradation|g__Blautia.s__Blautia_obeum	398.1936994286
PWY-6527: stachyose degradation|g__Lachnospiraceae_unclassified.s__Eubacterium_rectale	353.8419622684
PWY-6527: stachyose degradation|g__Streptococcus.s__Streptococcus_pasteurianus	23.6100363309
PWY-6527: stachyose degradation|g__Streptococcus.s__Streptococcus_gallolyticus	6.7694405669
PWY-5097: L-lysine biosynthesis VI	2314.6386260666
PWY-5097: L-lysine biosynthesis VI|unclassified	811.3112874733
PWY-5097: L-lysine biosynthesis VI|g__Blautia.s__Blautia_obeum	351.1184147172
PWY-5097: L-lysine biosynthesis VI|g__Blautia.s__Blautia_wexlerae	284.7030529621
PWY-5097: L-lysine biosynthesis VI|g__Anaerostipes.s__Anaerostipes_hadrus	170.5555814294
PWY-5097: L-lysine biosynthesis VI|g__Lachnospiraceae_unclassified.s__Eubacterium_rectale	134.0656824076
PWY-5097: L-lysine biosynthesis VI|g__Erysipelatoclostridium.s__Erysipelatoclostridium_ramosum	19.0896288833
ARGSYN-PWY: L-arginine biosynthesis I (via L-ornithine)	2309.9987237297
ARGSYN-PWY: L-arginine biosynthesis I (via L-ornithine)|unclassified	917.0781166470
ARGSYN-PWY: L-arginine biosynthesis I (via L-ornithine)|g__Blautia.s__Blautia_wexlerae	498.8387897668
ARGSYN-PWY: L-arginine biosynthesis I (via L-ornithine)|g__Lachnospiraceae_unclassified.s__Eubacterium_rectale	407.0535141281
ARGSYN-PWY: L-arginine biosynthesis I (via L-ornithine)|g__Anaerostipes.s__Anaerostipes_hadrus	185.6102488622
ARGSYN-PWY: L-arginine biosynthesis I (via L-ornithine)|g__Blautia.s__Blautia_obeum	28.3054694327
ARGSYN-PWY: L-arginine biosynthesis I (via L-ornithine)|g__Lachnoclostridium.s__Clostridium_scindens	8.2962247876
ARGSYN-PWY: L-arginine biosynthesis I (via L-ornithine)|g__Streptococcus.s__Streptococcus_gallolyticus	4.5386446459
PWY-6151: S-adenosyl-L-methionine salvage I	2308.8840747086
PWY-6151: S-adenosyl-L-methionine salvage I|unclassified	978.3853785821
PWY-6151: S-adenosyl-L-methionine salvage I|g__Lachnospiraceae_unclassified.s__Eubacterium_rectale	434.2603840376
PWY-6151: S-adenosyl-L-methionine salvage I|g__Blautia.s__Blautia_wexlerae	347.1018583380
PWY-6151: S-adenosyl-L-methionine salvage I|g__Anaerostipes.s__Anaerostipes_hadrus	310.6372273927
PWY-6151: S-adenosyl-L-methionine salvage I|g__Erysipelatoclostridium.s__Erysipelatoclostridium_ramosum	19.3624988214
PWY-6151: S-adenosyl-L-methionine salvage I|g__Streptococcus.s__Streptococcus_pasteurianus	17.8258425440
PWY-6151: S-adenosyl-L-methionine salvage I|g__Streptococcus.s__Streptococcus_thermophilus	13.3387957515
GLUTORN-PWY: L-ornithine biosynthesis I	2287.5443014491
GLUTORN-PWY: L-ornithine biosynthesis I|unclassified	987.7611218325
GLUTORN-PWY: L-ornithine biosynthesis I|g__Lachnospiraceae_unclassified.s__Eubacterium_rectale	424.9284036490
GLUTORN-PWY: L-ornithine biosynthesis I|g__Blautia.s__Blautia_wexlerae	313.1434952088
GLUTORN-PWY: L-ornithine biosynthesis I|g__Anaerostipes.s__Anaerostipes_hadrus	149.1931729781
GLUTORN-PWY: L-ornithine biosynthesis I|g__Blautia.s__Blautia_obeum	17.9867993291
GLUTORN-PWY: L-ornithine biosynthesis I|g__Lachnoclostridium.s__Clostridium_scindens	8.2727118389
GLUTORN-PWY: L-ornithine biosynthesis I|g__Streptococcus.s__Streptococcus_gallolyticus	7.4724222852
VALSYN-PWY: L-valine biosynthesis	2266.0457596006
VALSYN-PWY: L-valine biosynthesis|unclassified	868.8735952074
VALSYN-PWY: L-valine biosynthesis|g__Lachnospiraceae_unclassified.s__Eubacterium_rectale	476.3996494611
VALSYN-PWY: L-valine biosynthesis|g__Blautia.s__Blautia_obeum	375.8867901262
VALSYN-PWY: L-valine biosynthesis|g__Blautia.s__Blautia_wexlerae	265.5953785608
VALSYN-PWY: L-valine biosynthesis|g__Anaerostipes.s__Anaerostipes_hadrus	183.2884090735
VALSYN-PWY: L-valine biosynthesis|g__Eggerthella.s__Eggerthella_lenta	38.4070135157
VALSYN-PWY: L-valine biosynthesis|g__Erysipelatoclostridium.s__Erysipelatoclostridium_ramosum	25.9674558590
VALSYN-PWY: L-valine biosynthesis|g__Streptococcus.s__Streptococcus_pasteurianus	19.1056197390
VALSYN-PWY: L-valine biosynthesis|g__Streptococcus.s__Streptococcus_thermophilus	17.3321944582
VALSYN-PWY: L-valine biosynthesis|g__Roseburia.s__Roseburia_hominis	5.7803745322
VALSYN-PWY: L-valine biosynthesis|g__Roseburia.s__Roseburia_inulinivorans	4.7647892267
VALSYN-PWY: L-valine biosynthesis|g__Streptococcus.s__Streptococcus_equinus	2.3341078797
ILEUSYN-PWY: L-isoleucine biosynthesis I (from threonine)	2257.7981193280
ILEUSYN-PWY: L-isoleucine biosynthesis I (from threonine)|unclassified	851.5592887819
ILEUSYN-PWY: L-isoleucine biosynthesis I (from threonine)|g__Lachnospiraceae_unclassified.s__Eubacterium_rectale	462.4395304712
ILEUSYN-PWY: L-isoleucine biosynthesis I (from threonine)|g__Blautia.s__Blautia_wexlerae	233.4907478604
ILEUSYN-PWY: L-isoleucine biosynthesis I (from threonine)|g__Anaerostipes.s__Anaerostipes_hadrus	177.4829973457
ILEUSYN-PWY: L-isoleucine biosynthesis I (from threonine)|g__Blautia.s__Blautia_obeum	156.4114382814
ILEUSYN-PWY: L-isoleucine biosynthesis I (from threonine)|g__Eggerthella.s__Eggerthella_lenta	37.6455338422
ILEUSYN-PWY: L-isoleucine biosynthesis I (from threonine)|g__Streptococcus.s__Streptococcus_thermophilus	12.9599193064
ILEUSYN-PWY: L-isoleucine biosynthesis I (from threonine)|g__Roseburia.s__Roseburia_hominis	4.4670312173
PWY-5686: UMP biosynthesis I	2247.9417525131
PWY-5686: UMP biosynthesis I|unclassified	812.7317428143
PWY-5686: UMP biosynthesis I|g__Lachnospiraceae_unclassified.s__Eubacterium_rectale	459.9611172019
PWY-5686: UMP biosynthesis I|g__Blautia.s__Blautia_wexlerae	348.0062045948
PWY-5686: UMP biosynthesis I|g__Anaerostipes.s__Anaerostipes_hadrus	224.1173343188
PWY-5686: UMP biosynthesis I|g__Blautia.s__Blautia_obeum	93.0797933263
PWY-5686: UMP biosynthesis I|g__Eggerthella.s__Eggerthella_lenta	29.7557986583
PWY-5686: UMP biosynthesis I|g__Erysipelatoclostridium.s__Erysipelatoclostridium_ramosum	18.0336516754
PWY-7790: UMP biosynthesis II	2247.9417525131
PWY-7790: UMP biosynthesis II|unclassified	812.7317428143
PWY-7790: UMP biosynthesis II|g__Lachnospiraceae_unclassified.s__Eubacterium_rectale	459.9611172019
PWY-7790: UMP biosynthesis II|g__Blautia.s__Blautia_wexlerae	348.0062045948
PWY-7790: UMP biosynthesis II|g__Anaerostipes.s__Anaerostipes_hadrus	224.1173343188
PWY-7790: UMP biosynthesis II|g__Blautia.s__Blautia_obeum	93.0797933263
PWY-7790: UMP biosynthesis II|g__Eggerthella.s__Eggerthella_lenta	29.7557986583
PWY-7790: UMP biosynthesis II|g__Erysipelatoclostridium.s__Erysipelatoclostridium_ramosum	18.0336516754
PWY-7791: UMP biosynthesis III	2247.9417525131
PWY-7791: UMP biosynthesis III|unclassified	812.7317428143
PWY-7791: UMP biosynthesis III|g__Lachnospiraceae_unclassified.s__Eubacterium_rectale	459.9611172019
PWY-7791: UMP biosynthesis III|g__Blautia.s__Blautia_wexlerae	348.0062045948
PWY-7791: UMP biosynthesis III|g__Anaerostipes.s__Anaerostipes_hadrus	224.1173343188
PWY-7791: UMP biosynthesis III|g__Blautia.s__Blautia_obeum	93.0797933263
PWY-7791: UMP biosynthesis III|g__Eggerthella.s__Eggerthella_lenta	29.7557986583
PWY-7791: UMP biosynthesis III|g__Erysipelatoclostridium.s__Erysipelatoclostridium_ramosum	18.0336516754
NONOXIPENT-PWY: pentose phosphate pathway (non-oxidative branch) I	2180.5586863194
NONOXIPENT-PWY: pentose phosphate pathway (non-oxidative branch) I|unclassified	731.2791931948
NONOXIPENT-PWY: pentose phosphate pathway (non-oxidative branch) I|g__Lachnospiraceae_unclassified.s__Eubacterium_rectale	541.6742589820
NONOXIPENT-PWY: pentose phosphate pathway (non-oxidative branch) I|g__Anaerostipes.s__Anaerostipes_hadrus	199.0265557035
NONOXIPENT-PWY: pentose phosphate pathway (non-oxidative branch) I|g__Blautia.s__Blautia_wexlerae	96.9582050889
NONOXIPENT-PWY: pentose phosphate pathway (non-oxidative branch) I|g__Blautia.s__Blautia_obeum	52.6490301169
NONOXIPENT-PWY: pentose phosphate pathway (non-oxidative branch) I|g__Erysipelatoclostridium.s__Erysipelatoclostridium_ramosum	26.3390503813
NONOXIPENT-PWY: pentose phosphate pathway (non-oxidative branch) I|g__Erysipelatoclostridium.s__Clostridium_spiroforme	15.4799167061
NONOXIPENT-PWY: pentose phosphate pathway (non-oxidative branch) I|g__Streptococcus.s__Streptococcus_pasteurianus	12.6179066009
NONOXIPENT-PWY: pentose phosphate pathway (non-oxidative branch) I|g__Lachnoclostridium.s__Clostridium_scindens	12.1315919491
PWY-6122: 5-aminoimidazole ribonucleotide biosynthesis II	2180.3065560855
PWY-6122: 5-aminoimidazole ribonucleotide biosynthesis II|unclassified	871.9589619925
PWY-6122: 5-aminoimidazole ribonucleotide biosynthesis II|g__Lachnospiraceae_unclassified.s__Eubacterium_rectale	392.3770968627
PWY-6122: 5-aminoimidazole ribonucleotide biosynthesis II|g__Blautia.s__Blautia_obeum	349.7515129971
PWY-6122: 5-aminoimidazole ribonucleotide biosynthesis II|g__Blautia.s__Blautia_wexlerae	279.7019352030
PWY-6122: 5-aminoimidazole ribonucleotide biosynthesis II|g__Anaerostipes.s__Anaerostipes_hadrus	176.5190304682
PWY-6122: 5-aminoimidazole ribonucleotide biosynthesis II|g__Eggerthella.s__Eggerthella_lenta	51.2455591506
PWY-6122: 5-aminoimidazole ribonucleotide biosynthesis II|g__Erysipelatoclostridium.s__Erysipelatoclostridium_ramosum	23.9177811353
PWY-6122: 5-aminoimidazole ribonucleotide biosynthesis II|g__Streptococcus.s__Streptococcus_pasteurianus	18.6101201164
PWY-6122: 5-aminoimidazole ribonucleotide biosynthesis II|g__Blautia.s__Blautia_producta	7.8886924299
PWY-6122: 5-aminoimidazole ribonucleotide biosynthesis II|g__Erysipelatoclostridium.s__Clostridium_spiroforme	6.0940916000
PWY-6122: 5-aminoimidazole ribonucleotide biosynthesis II|g__Gordonibacter.s__Gordonibacter_urolithinfaciens	4.4334857635
PWY-6122: 5-aminoimidazole ribonucleotide biosynthesis II|g__Streptococcus.s__Streptococcus_gallolyticus	3.3604453008
PWY-6122: 5-aminoimidazole ribonucleotide biosynthesis II|g__Streptococcus.s__Streptococcus_thermophilus	1.4162566131
PWY-6122: 5-aminoimidazole ribonucleotide biosynthesis II|g__Streptococcus.s__Streptococcus_macedonicus	0.4150669295
PWY-6277: superpathway of 5-aminoimidazole ribonucleotide biosynthesis	2180.3065560855
PWY-6277: superpathway of 5-aminoimidazole ribonucleotide biosynthesis|unclassified	871.9589619925
PWY-6277: superpathway of 5-aminoimidazole ribonucleotide biosynthesis|g__Lachnospiraceae_unclassified.s__Eubacterium_rectale	392.3770968627
PWY-6277: superpathway of 5-aminoimidazole ribonucleotide biosynthesis|g__Blautia.s__Blautia_obeum	349.7515129971
PWY-6277: superpathway of 5-aminoimidazole ribonucleotide biosynthesis|g__Blautia.s__Blautia_wexlerae	279.7019352030
PWY-6277: superpathway of 5-aminoimidazole ribonucleotide biosynthesis|g__Anaerostipes.s__Anaerostipes_hadrus	176.5190304682
PWY-6277: superpathway of 5-aminoimidazole ribonucleotide biosynthesis|g__Eggerthella.s__Eggerthella_lenta	51.2455591506
PWY-6277: superpathway of 5-aminoimidazole ribonucleotide biosynthesis|g__Erysipelatoclostridium.s__Erysipelatoclostridium_ramosum	23.9177811353
PWY-6277: superpathway of 5-aminoimidazole ribonucleotide biosynthesis|g__Streptococcus.s__Streptococcus_pasteurianus	18.6101201164
PWY-6277: superpathway of 5-aminoimidazole ribonucleotide biosynthesis|g__Blautia.s__Blautia_producta	7.8886924299
PWY-6277: superpathway of 5-aminoimidazole ribonucleotide biosynthesis|g__Erysipelatoclostridium.s__Clostridium_spiroforme	6.0940916000
PWY-6277: superpathway of 5-aminoimidazole ribonucleotide biosynthesis|g__Gordonibacter.s__Gordonibacter_urolithinfaciens	4.4334857635
PWY-6277: superpathway of 5-aminoimidazole ribonucleotide biosynthesis|g__Streptococcus.s__Streptococcus_gallolyticus	3.3604453008
PWY-6277: superpathway of 5-aminoimidazole ribonucleotide biosynthesis|g__Streptococcus.s__Streptococcus_thermophilus	1.4162566131
PWY-6277: superpathway of 5-aminoimidazole ribonucleotide biosynthesis|g__Streptococcus.s__Streptococcus_macedonicus	0.4150669295
NONMEVIPP-PWY: methylerythritol phosphate pathway I	2172.4143232701
NONMEVIPP-PWY: methylerythritol phosphate pathway I|unclassified	913.6524682167
NONMEVIPP-PWY: methylerythritol phosphate pathway I|g__Anaerostipes.s__Anaerostipes_hadrus	219.1118762431
NONMEVIPP-PWY: methylerythritol phosphate pathway I|g__Blautia.s__Blautia_wexlerae	198.9366646107
NONMEVIPP-PWY: methylerythritol phosphate pathway I|g__Blautia.s__Blautia_obeum	181.5217643586
NONMEVIPP-PWY: methylerythritol phosphate pathway I|g__Eggerthella.s__Eggerthella_lenta	42.7033291623
NONMEVIPP-PWY: methylerythritol phosphate pathway I|g__Erysipelatoclostridium.s__Erysipelatoclostridium_ramosum	16.4929239317
BRANCHED-CHAIN-AA-SYN-PWY: superpathway of branched chain amino acid biosynthesis	2162.8909343417
BRANCHED-CHAIN-AA-SYN-PWY: superpathway of branched chain amino acid biosynthesis|unclassified	813.3281528233
BRANCHED-CHAIN-AA-SYN-PWY: superpathway of branched chain amino acid biosynthesis|g__Lachnospiraceae_unclassified.s__Eubacterium_rectale	451.4300164789
BRANCHED-CHAIN-AA-SYN-PWY: superpathway of branched chain amino acid biosynthesis|g__Blautia.s__Blautia_wexlerae	222.5604427557
BRANCHED-CHAIN-AA-SYN-PWY: superpathway of branched chain amino acid biosynthesis|g__Anaerostipes.s__Anaerostipes_hadrus	177.7870646268
BRANCHED-CHAIN-AA-SYN-PWY: superpathway of branched chain amino acid biosynthesis|g__Blautia.s__Blautia_obeum	148.1121606703
BRANCHED-CHAIN-AA-SYN-PWY: superpathway of branched chain amino acid biosynthesis|g__Eggerthella.s__Eggerthella_lenta	38.4341807262
BRANCHED-CHAIN-AA-SYN-PWY: superpathway of branched chain amino acid biosynthesis|g__Streptococcus.s__Streptococcus_thermophilus	12.9824808365
PWY-5103: L-isoleucine biosynthesis III	2160.8246879801
PWY-5103: L-isoleucine biosynthesis III|unclassified	810.0509572881
PWY-5103: L-isoleucine biosynthesis III|g__Lachnospiraceae_unclassified.s__Eubacterium_rectale	436.2896019874
PWY-5103: L-isoleucine biosynthesis III|g__Blautia.s__Blautia_wexlerae	202.6341539595
PWY-5103: L-isoleucine biosynthesis III|g__Anaerostipes.s__Anaerostipes_hadrus	163.1754668015
PWY-5103: L-isoleucine biosynthesis III|g__Blautia.s__Blautia_obeum	113.3240472451
PWY-5103: L-isoleucine biosynthesis III|g__Eggerthella.s__Eggerthella_lenta	35.1106658949
PWY-5103: L-isoleucine biosynthesis III|g__Streptococcus.s__Streptococcus_thermophilus	10.9300568679
PWY-5103: L-isoleucine biosynthesis III|g__Roseburia.s__Roseburia_hominis	3.6922220443
PWY-6121: 5-aminoimidazole ribonucleotide biosynthesis I	2138.6169928465
PWY-6121: 5-aminoimidazole ribonucleotide biosynthesis I|unclassified	836.9420203199
PWY-6121: 5-aminoimidazole ribonucleotide biosynthesis I|g__Lachnospiraceae_unclassified.s__Eubacterium_rectale	397.9669880949
PWY-6121: 5-aminoimidazole ribonucleotide biosynthesis I|g__Blautia.s__Blautia_obeum	360.4380697830
PWY-6121: 5-aminoimidazole ribonucleotide biosynthesis I|g__Blautia.s__Blautia_wexlerae	251.0073473135
PWY-6121: 5-aminoimidazole ribonucleotide biosynthesis I|g__Anaerostipes.s__Anaerostipes_hadrus	184.3763964561
PWY-6121: 5-aminoimidazole ribonucleotide biosynthesis I|g__Eggerthella.s__Eggerthella_lenta	48.8607093807
PWY-6121: 5-aminoimidazole ribonucleotide biosynthesis I|g__Erysipelatoclostridium.s__Erysipelatoclostridium_ramosum	22.9796405096
PWY-6121: 5-aminoimidazole ribonucleotide biosynthesis I|g__Streptococcus.s__Streptococcus_pasteurianus	16.5206452296
PWY-6121: 5-aminoimidazole ribonucleotide biosynthesis I|g__Erysipelatoclostridium.s__Clostridium_spiroforme	6.4716664363
PWY-6121: 5-aminoimidazole ribonucleotide biosynthesis I|g__Streptococcus.s__Streptococcus_thermophilus	1.7490744648
PWY66-429: fatty acid biosynthesis initiation (mitochondria)	2053.2352332737
PWY66-429: fatty acid biosynthesis initiation (mitochondria)|unclassified	727.9454126960
PWY66-429: fatty acid biosynthesis initiation (mitochondria)|g__Blautia.s__Blautia_obeum	286.2122891908
PWY66-429: fatty acid biosynthesis initiation (mitochondria)|g__Anaerostipes.s__Anaerostipes_hadrus	248.5570783597
PWY66-429: fatty acid biosynthesis initiation (mitochondria)|g__Blautia.s__Blautia_wexlerae	153.9991168489
PWY66-429: fatty acid biosynthesis initiation (mitochondria)|g__Eggerthella.s__Eggerthella_lenta	36.9203696629
PWY66-429: fatty acid biosynthesis initiation (mitochondria)|g__Erysipelatoclostridium.s__Erysipelatoclostridium_ramosum	16.5058664072
PWY66-429: fatty acid biosynthesis initiation (mitochondria)|g__Streptococcus.s__Streptococcus_pasteurianus	16.4101226302
PWY66-429: fatty acid biosynthesis initiation (mitochondria)|g__Erysipelatoclostridium.s__Clostridium_spiroforme	8.5140974698
TRNA-CHARGING-PWY: tRNA charging	2046.5886795581
TRNA-CHARGING-PWY: tRNA charging|unclassified	838.0630229647
TRNA-CHARGING-PWY: tRNA charging|g__Lachnospiraceae_unclassified.s__Eubacterium_rectale	453.1400267666
TRNA-CHARGING-PWY: tRNA charging|g__Anaerostipes.s__Anaerostipes_hadrus	192.1253516240
PWY-5667: CDP-diacylglycerol biosynthesis I	2043.4777934760
PWY-5667: CDP-diacylglycerol biosynthesis I|unclassified	652.3824823959
PWY-5667: CDP-diacylglycerol biosynthesis I|g__Blautia.s__Blautia_obeum	387.5653719796
PWY-5667: CDP-diacylglycerol biosynthesis I|g__Lachnospiraceae_unclassified.s__Eubacterium_rectale	367.4974079545
PWY-5667: CDP-diacylglycerol biosynthesis I|g__Anaerostipes.s__Anaerostipes_hadrus	199.4699965320
PWY-5667: CDP-diacylglycerol biosynthesis I|g__Blautia.s__Blautia_wexlerae	163.1179835224
PWY-5667: CDP-diacylglycerol biosynthesis I|g__Erysipelatoclostridium.s__Erysipelatoclostridium_ramosum	18.7097044034
PWY-5667: CDP-diacylglycerol biosynthesis I|g__Streptococcus.s__Streptococcus_thermophilus	13.3184112971
PWY-5667: CDP-diacylglycerol biosynthesis I|g__Ruthenibacterium.s__Ruthenibacterium_lactatiformans	10.0442680716
PWY0-1319: CDP-diacylglycerol biosynthesis II	2043.4777934760
PWY0-1319: CDP-diacylglycerol biosynthesis II|unclassified	652.3824823959
PWY0-1319: CDP-diacylglycerol biosynthesis II|g__Blautia.s__Blautia_obeum	387.5653719796
PWY0-1319: CDP-diacylglycerol biosynthesis II|g__Lachnospiraceae_unclassified.s__Eubacterium_rectale	367.4974079545
PWY0-1319: CDP-diacylglycerol biosynthesis II|g__Anaerostipes.s__Anaerostipes_hadrus	199.4699965320
PWY0-1319: CDP-diacylglycerol biosynthesis II|g__Blautia.s__Blautia_wexlerae	163.1179835224
PWY0-1319: CDP-diacylglycerol biosynthesis II|g__Erysipelatoclostridium.s__Erysipelatoclostridium_ramosum	18.7097044034
PWY0-1319: CDP-diacylglycerol biosynthesis II|g__Streptococcus.s__Streptococcus_thermophilus	13.3184112971
PWY0-1319: CDP-diacylglycerol biosynthesis II|g__Ruthenibacterium.s__Ruthenibacterium_lactatiformans	10.0442680716
PWY-6317: D-galactose degradation I (Leloir pathway)	2000.4542152955
PWY-6317: D-galactose degradation I (Leloir pathway)|unclassified	735.1225617590
PWY-6317: D-galactose degradation I (Leloir pathway)|g__Blautia.s__Blautia_wexlerae	339.1091372372
PWY-6317: D-galactose degradation I (Leloir pathway)|g__Blautia.s__Blautia_obeum	266.0116954436
PWY-6317: D-galactose degradation I (Leloir pathway)|g__Anaerostipes.s__Anaerostipes_hadrus	245.6604623160
PWY-6317: D-galactose degradation I (Leloir pathway)|g__Streptococcus.s__Streptococcus_pasteurianus	17.2352098910
PWY-6317: D-galactose degradation I (Leloir pathway)|g__Streptococcus.s__Streptococcus_thermophilus	8.9794126614
PWY-6317: D-galactose degradation I (Leloir pathway)|g__Streptococcus.s__Streptococcus_equinus	4.9008702253
COA-PWY-1: superpathway of coenzyme A biosynthesis III (mammals)	1984.5916306120
COA-PWY-1: superpathway of coenzyme A biosynthesis III (mammals)|unclassified	734.0097599451
COA-PWY-1: superpathway of coenzyme A biosynthesis III (mammals)|g__Lachnospiraceae_unclassified.s__Eubacterium_rectale	395.8397871233
COA-PWY-1: superpathway of coenzyme A biosynthesis III (mammals)|g__Blautia.s__Blautia_obeum	260.6294961353
COA-PWY-1: superpathway of coenzyme A biosynthesis III (mammals)|g__Anaerostipes.s__Anaerostipes_hadrus	193.0214146288
COA-PWY-1: superpathway of coenzyme A biosynthesis III (mammals)|g__Blautia.s__Blautia_wexlerae	138.3379619220
COA-PWY-1: superpathway of coenzyme A biosynthesis III (mammals)|g__Eggerthella.s__Eggerthella_lenta	56.1949011123
COA-PWY-1: superpathway of coenzyme A biosynthesis III (mammals)|g__Streptococcus.s__Streptococcus_equinus	4.7944320012
PWY-3841: folate transformations II (plants)	1968.2268251685
PWY-3841: folate transformations II (plants)|unclassified	675.6808756066
PWY-3841: folate transformations II (plants)|g__Lachnospiraceae_unclassified.s__Eubacterium_rectale	381.9392615605
PWY-3841: folate transformations II (plants)|g__Blautia.s__Blautia_wexlerae	331.0510504223
PWY-3841: folate transformations II (plants)|g__Anaerostipes.s__Anaerostipes_hadrus	183.7519518665
PWY-3841: folate transformations II (plants)|g__Blautia.s__Blautia_obeum	52.5156454776
PWY-3841: folate transformations II (plants)|g__Erysipelatoclostridium.s__Erysipelatoclostridium_ramosum	24.4468726583
PWY-3841: folate transformations II (plants)|g__Streptococcus.s__Streptococcus_thermophilus	11.6023094209
PWY-3841: folate transformations II (plants)|g__Streptococcus.s__Streptococcus_gallolyticus	8.6899888091
PWY-3841: folate transformations II (plants)|g__Erysipelatoclostridium.s__Clostridium_spiroforme	5.5644376104
PWY-2942: L-lysine biosynthesis III	1923.0304622013
PWY-2942: L-lysine biosynthesis III|unclassified	658.6953186225
PWY-2942: L-lysine biosynthesis III|g__Blautia.s__Blautia_obeum	346.4234388774
PWY-2942: L-lysine biosynthesis III|g__Blautia.s__Blautia_wexlerae	251.0696457043
PWY-2942: L-lysine biosynthesis III|g__Anaerostipes.s__Anaerostipes_hadrus	170.9316301765
PWY-2942: L-lysine biosynthesis III|g__Eggerthella.s__Eggerthella_lenta	53.7272025129
PWY-2942: L-lysine biosynthesis III|g__Erysipelatoclostridium.s__Erysipelatoclostridium_ramosum	21.6841292119
PWY-2942: L-lysine biosynthesis III|g__Lachnoclostridium.s__Clostridium_scindens	11.6127546910
1CMET2-PWY: folate transformations III (E. coli)	1913.3051198721
1CMET2-PWY: folate transformations III (E. coli)|unclassified	623.3660512132
1CMET2-PWY: folate transformations III (E. coli)|g__Anaerostipes.s__Anaerostipes_hadrus	181.8143631735
1CMET2-PWY: folate transformations III (E. coli)|g__Blautia.s__Blautia_wexlerae	137.7351735715
1CMET2-PWY: folate transformations III (E. coli)|g__Blautia.s__Blautia_obeum	50.0150079263
PWY-7357: thiamine phosphate formation from pyrithiamine and oxythiamine (yeast)	1876.8362264947
PWY-7357: thiamine phosphate formation from pyrithiamine and oxythiamine (yeast)|unclassified	499.5548014017
PWY-7357: thiamine phosphate formation from pyrithiamine and oxythiamine (yeast)|g__Lachnospiraceae_unclassified.s__Eubacterium_rectale	396.7575009395
PWY-7357: thiamine phosphate formation from pyrithiamine and oxythiamine (yeast)|g__Blautia.s__Blautia_obeum	343.7597376598
PWY-7357: thiamine phosphate formation from pyrithiamine and oxythiamine (yeast)|g__Anaerostipes.s__Anaerostipes_hadrus	212.5165577621
PWY-7357: thiamine phosphate formation from pyrithiamine and oxythiamine (yeast)|g__Eggerthella.s__Eggerthella_lenta	25.5029499526
PWY-7357: thiamine phosphate formation from pyrithiamine and oxythiamine (yeast)|g__Erysipelatoclostridium.s__Erysipelatoclostridium_ramosum	21.7079601274
PWY-7357: thiamine phosphate formation from pyrithiamine and oxythiamine (yeast)|g__Blautia.s__Blautia_wexlerae	9.1314067605
PWY-7357: thiamine phosphate formation from pyrithiamine and oxythiamine (yeast)|g__Streptococcus.s__Streptococcus_macedonicus	5.6474988711
PWY-7357: thiamine phosphate formation from pyrithiamine and oxythiamine (yeast)|g__Streptococcus.s__Streptococcus_pasteurianus	2.6189375193
PWY-7111: pyruvate fermentation to isobutanol (engineered)	1869.1871877131
PWY-7111: pyruvate fermentation to isobutanol (engineered)|unclassified	647.7489133336
PWY-7111: pyruvate fermentation to isobutanol (engineered)|g__Blautia.s__Blautia_wexlerae	237.4734831706
PWY-7111: pyruvate fermentation to isobutanol (engineered)|g__Anaerostipes.s__Anaerostipes_hadrus	184.8455111970
PWY-7111: pyruvate fermentation to isobutanol (engineered)|g__Blautia.s__Blautia_obeum	102.8870472744
PWY-7111: pyruvate fermentation to isobutanol (engineered)|g__Lachnospiraceae_unclassified.s__Eubacterium_rectale	67.3895384786
PWY-7111: pyruvate fermentation to isobutanol (engineered)|g__Erysipelatoclostridium.s__Erysipelatoclostridium_ramosum	16.6419437657
PWY-7111: pyruvate fermentation to isobutanol (engineered)|g__Streptococcus.s__Streptococcus_thermophilus	11.1350349868
PWY-7111: pyruvate fermentation to isobutanol (engineered)|g__Roseburia.s__Roseburia_hominis	3.3185094820
COA-PWY: coenzyme A biosynthesis I (prokaryotic)	1862.4961089500
COA-PWY: coenzyme A biosynthesis I (prokaryotic)|unclassified	666.4184136443
COA-PWY: coenzyme A biosynthesis I (prokaryotic)|g__Lachnospiraceae_unclassified.s__Eubacterium_rectale	441.6088011185
COA-PWY: coenzyme A biosynthesis I (prokaryotic)|g__Blautia.s__Blautia_obeum	265.0940776980
COA-PWY: coenzyme A biosynthesis I (prokaryotic)|g__Anaerostipes.s__Anaerostipes_hadrus	188.5563962268
COA-PWY: coenzyme A biosynthesis I (prokaryotic)|g__Blautia.s__Blautia_wexlerae	173.2885280001
COA-PWY: coenzyme A biosynthesis I (prokaryotic)|g__Eggerthella.s__Eggerthella_lenta	51.4360562424
COA-PWY: coenzyme A biosynthesis I (prokaryotic)|g__Erysipelatoclostridium.s__Clostridium_spiroforme	13.1876791632
COA-PWY: coenzyme A biosynthesis I (prokaryotic)|g__Agathobaculum.s__Agathobaculum_butyriciproducens	11.8791649641
COA-PWY: coenzyme A biosynthesis I (prokaryotic)|g__Streptococcus.s__Streptococcus_thermophilus	10.8283227762
COA-PWY: coenzyme A biosynthesis I (prokaryotic)|g__Streptococcus.s__Streptococcus_equinus	10.7336193941
COA-PWY: coenzyme A biosynthesis I (prokaryotic)|g__Hungatella.s__Hungatella_hathewayi	9.2328890066
COA-PWY: coenzyme A biosynthesis I (prokaryotic)|g__Bacteroides.s__Bacteroides_dorei	7.8140166153
COA-PWY: coenzyme A biosynthesis I (prokaryotic)|g__Lachnoclostridium.s__Clostridium_scindens	5.8635214028
COA-PWY: coenzyme A biosynthesis I (prokaryotic)|g__Streptococcus.s__Streptococcus_pasteurianus	3.5036233822
PWY-7851: coenzyme A biosynthesis II (eukaryotic)	1860.0020981770
PWY-7851: coenzyme A biosynthesis II (eukaryotic)|unclassified	666.4184136443
PWY-7851: coenzyme A biosynthesis II (eukaryotic)|g__Lachnospiraceae_unclassified.s__Eubacterium_rectale	414.5149734348
PWY-7851: coenzyme A biosynthesis II (eukaryotic)|g__Blautia.s__Blautia_obeum	265.0940776980
PWY-7851: coenzyme A biosynthesis II (eukaryotic)|g__Anaerostipes.s__Anaerostipes_hadrus	168.2395752282
PWY-7851: coenzyme A biosynthesis II (eukaryotic)|g__Blautia.s__Blautia_wexlerae	129.0587914818
PWY-7851: coenzyme A biosynthesis II (eukaryotic)|g__Eggerthella.s__Eggerthella_lenta	51.4360562424
PWY-7851: coenzyme A biosynthesis II (eukaryotic)|g__Streptococcus.s__Streptococcus_equinus	4.7223070842
PWY-6823: molybdopterin biosynthesis	1853.0343321637
PWY-6823: molybdopterin biosynthesis|unclassified	596.8981440294
PWY-6823: molybdopterin biosynthesis|g__Blautia.s__Blautia_wexlerae	563.8896210014
PWY-6823: molybdopterin biosynthesis|g__Lachnospiraceae_unclassified.s__Eubacterium_rectale	352.8190640557
PWY-6823: molybdopterin biosynthesis|g__Anaerostipes.s__Anaerostipes_hadrus	165.4760818421
PWY-6823: molybdopterin biosynthesis|g__Eggerthella.s__Eggerthella_lenta	41.8300061819
PWY-6823: molybdopterin biosynthesis|g__Blautia.s__Blautia_obeum	32.0217875605
PWY-6270: isoprene biosynthesis I	1823.1920021215
PWY-6270: isoprene biosynthesis I|unclassified	811.1676427574
PWY-6270: isoprene biosynthesis I|g__Anaerostipes.s__Anaerostipes_hadrus	188.9831557127
PWY-7237: myo-, chiro- and scyllo-inositol degradation	1801.0910438037
PWY-7237: myo-, chiro- and scyllo-inositol degradation|g__Blautia.s__Blautia_obeum	742.9622532564
PWY-7237: myo-, chiro- and scyllo-inositol degradation|g__Lachnospiraceae_unclassified.s__Eubacterium_rectale	477.5239226793
PWY-7237: myo-, chiro- and scyllo-inositol degradation|g__Anaerostipes.s__Anaerostipes_hadrus	208.0292611214
PWY-7237: myo-, chiro- and scyllo-inositol degradation|unclassified	189.4302042634
PWY-7237: myo-, chiro- and scyllo-inositol degradation|g__Blautia.s__Blautia_wexlerae	174.5171164469
PWY-7237: myo-, chiro- and scyllo-inositol degradation|g__Agathobaculum.s__Agathobaculum_butyriciproducens	8.6282860363
PWY-7560: methylerythritol phosphate pathway II	1797.2422783147
PWY-7560: methylerythritol phosphate pathway II|unclassified	804.7812423387
PWY-7560: methylerythritol phosphate pathway II|g__Anaerostipes.s__Anaerostipes_hadrus	219.1118762431
PWY-7560: methylerythritol phosphate pathway II|g__Blautia.s__Blautia_obeum	181.5217643586
P41-PWY: pyruvate fermentation to acetate and (S)-lactate I	1733.8759221089
P41-PWY: pyruvate fermentation to acetate and (S)-lactate I|unclassified	549.1971386593
P41-PWY: pyruvate fermentation to acetate and (S)-lactate I|g__Lachnospiraceae_unclassified.s__Eubacterium_rectale	367.6281794364
P41-PWY: pyruvate fermentation to acetate and (S)-lactate I|g__Anaerostipes.s__Anaerostipes_hadrus	204.3459391765
P41-PWY: pyruvate fermentation to acetate and (S)-lactate I|g__Blautia.s__Blautia_obeum	123.9426203620
P41-PWY: pyruvate fermentation to acetate and (S)-lactate I|g__Eggerthella.s__Eggerthella_lenta	26.7129437298
P41-PWY: pyruvate fermentation to acetate and (S)-lactate I|g__Streptococcus.s__Streptococcus_thermophilus	12.3968677761
PWY-5100: pyruvate fermentation to acetate and lactate II	1733.8759221089
PWY-5100: pyruvate fermentation to acetate and lactate II|unclassified	549.1971386593
PWY-5100: pyruvate fermentation to acetate and lactate II|g__Lachnospiraceae_unclassified.s__Eubacterium_rectale	367.6281794364
PWY-5100: pyruvate fermentation to acetate and lactate II|g__Anaerostipes.s__Anaerostipes_hadrus	280.2244418414
PWY-5100: pyruvate fermentation to acetate and lactate II|g__Blautia.s__Blautia_obeum	123.9426203620
PWY-5100: pyruvate fermentation to acetate and lactate II|g__Eggerthella.s__Eggerthella_lenta	37.7326138761
PWY-5100: pyruvate fermentation to acetate and lactate II|g__Streptococcus.s__Streptococcus_thermophilus	12.3968677761
SER-GLYSYN-PWY: superpathway of L-serine and glycine biosynthesis I	1687.2842317387
SER-GLYSYN-PWY: superpathway of L-serine and glycine biosynthesis I|unclassified	446.8079208879
SER-GLYSYN-PWY: superpathway of L-serine and glycine biosynthesis I|g__Blautia.s__Blautia_wexlerae	413.3729105803
SER-GLYSYN-PWY: superpathway of L-serine and glycine biosynthesis I|g__Anaerostipes.s__Anaerostipes_hadrus	164.5645007387
SER-GLYSYN-PWY: superpathway of L-serine and glycine biosynthesis I|g__Blautia.s__Blautia_obeum	91.6662622275
SER-GLYSYN-PWY: superpathway of L-serine and glycine biosynthesis I|g__Eggerthella.s__Eggerthella_lenta	45.9792567883
SER-GLYSYN-PWY: superpathway of L-serine and glycine biosynthesis I|g__Streptococcus.s__Streptococcus_pasteurianus	6.7216647937
SER-GLYSYN-PWY: superpathway of L-serine and glycine biosynthesis I|g__Streptococcus.s__Streptococcus_gallolyticus	5.1497524560
PWY-6700: queuosine biosynthesis I (de novo)	1665.6068705835
PWY-6700: queuosine biosynthesis I (de novo)|unclassified	610.6724334448
PWY-6700: queuosine biosynthesis I (de novo)|g__Lachnospiraceae_unclassified.s__Eubacterium_rectale	354.3327973868
PWY-6700: queuosine biosynthesis I (de novo)|g__Blautia.s__Blautia_wexlerae	229.6289130216
PWY-6700: queuosine biosynthesis I (de novo)|g__Anaerostipes.s__Anaerostipes_hadrus	214.7120056813
PWY-6700: queuosine biosynthesis I (de novo)|g__Eggerthella.s__Eggerthella_lenta	35.0202960147
PWY-6700: queuosine biosynthesis I (de novo)|g__Blautia.s__Blautia_obeum	21.7802520495
PWY-6700: queuosine biosynthesis I (de novo)|g__Erysipelatoclostridium.s__Erysipelatoclostridium_ramosum	18.0288812873
PWY-6700: queuosine biosynthesis I (de novo)|g__Streptococcus.s__Streptococcus_thermophilus	14.4082071873
PWY-6700: queuosine biosynthesis I (de novo)|g__Streptococcus.s__Streptococcus_pasteurianus	10.6919561362
PWY-6700: queuosine biosynthesis I (de novo)|g__Streptococcus.s__Streptococcus_macedonicus	5.9971996307
PWY-6700: queuosine biosynthesis I (de novo)|g__Streptococcus.s__Streptococcus_gallolyticus	2.5440049935
HSERMETANA-PWY: L-methionine biosynthesis III	1631.3482697529
HSERMETANA-PWY: L-methionine biosynthesis III|unclassified	600.6707455321
HSERMETANA-PWY: L-methionine biosynthesis III|g__Blautia.s__Blautia_wexlerae	323.3888303220
HSERMETANA-PWY: L-methionine biosynthesis III|g__Anaerostipes.s__Anaerostipes_hadrus	238.1673237611
PANTOSYN-PWY: superpathway of coenzyme A biosynthesis I (bacteria)	1622.2507796331
PANTOSYN-PWY: superpathway of coenzyme A biosynthesis I (bacteria)|g__Lachnospiraceae_unclassified.s__Eubacterium_rectale	410.9156756579
PANTOSYN-PWY: superpathway of coenzyme A biosynthesis I (bacteria)|unclassified	395.9858153877
PANTOSYN-PWY: superpathway of coenzyme A biosynthesis I (bacteria)|g__Anaerostipes.s__Anaerostipes_hadrus	210.5052103487
PANTOSYN-PWY: superpathway of coenzyme A biosynthesis I (bacteria)|g__Blautia.s__Blautia_wexlerae	176.6782052883
PANTOSYN-PWY: superpathway of coenzyme A biosynthesis I (bacteria)|g__Eggerthella.s__Eggerthella_lenta	27.5952814074
PYRIDNUCSYN-PWY: NAD de novo biosynthesis I (from aspartate)	1567.5651335643
PYRIDNUCSYN-PWY: NAD de novo biosynthesis I (from aspartate)|unclassified	561.0037271681
PYRIDNUCSYN-PWY: NAD de novo biosynthesis I (from aspartate)|g__Anaerostipes.s__Anaerostipes_hadrus	197.5749947891
PYRIDNUCSYN-PWY: NAD de novo biosynthesis I (from aspartate)|g__Blautia.s__Blautia_obeum	65.1273715126
PYRIDNUCSYN-PWY: NAD de novo biosynthesis I (from aspartate)|g__Streptococcus.s__Streptococcus_pasteurianus	12.6759361117
PWY-724: superpathway of L-lysine, L-threonine and L-methionine biosynthesis II	1555.4863575164
PWY-724: superpathway of L-lysine, L-threonine and L-methionine biosynthesis II|unclassified	661.0743329879
PWY-724: superpathway of L-lysine, L-threonine and L-methionine biosynthesis II|g__Blautia.s__Blautia_obeum	294.9860650457
PWY-724: superpathway of L-lysine, L-threonine and L-methionine biosynthesis II|g__Anaerostipes.s__Anaerostipes_hadrus	165.0823670511
PWY-6123: inosine-5'-phosphate biosynthesis I	1531.6538862326
PWY-6123: inosine-5'-phosphate biosynthesis I|g__Blautia.s__Blautia_wexlerae	409.3664773858
PWY-6123: inosine-5'-phosphate biosynthesis I|unclassified	368.7644197634
PWY-6123: inosine-5'-phosphate biosynthesis I|g__Anaerostipes.s__Anaerostipes_hadrus	198.7272649664
PWY-6123: inosine-5'-phosphate biosynthesis I|g__Eggerthella.s__Eggerthella_lenta	51.1283837989
PWY-6123: inosine-5'-phosphate biosynthesis I|g__Streptococcus.s__Streptococcus_pasteurianus	22.0505416233
PWY-6123: inosine-5'-phosphate biosynthesis I|g__Erysipelatoclostridium.s__Erysipelatoclostridium_ramosum	16.9260198798
PWY-6123: inosine-5'-phosphate biosynthesis I|g__Streptococcus.s__Streptococcus_gallolyticus	1.9260744954
RIBOSYN2-PWY: flavin biosynthesis I (bacteria and plants)	1505.9360012775
RIBOSYN2-PWY: flavin biosynthesis I (bacteria and plants)|g__Lachnospiraceae_unclassified.s__Eubacterium_rectale	469.4222416062
RIBOSYN2-PWY: flavin biosynthesis I (bacteria and plants)|g__Blautia.s__Blautia_wexlerae	262.1212861500
RIBOSYN2-PWY: flavin biosynthesis I (bacteria and plants)|g__Blautia.s__Blautia_obeum	222.6594992527
RIBOSYN2-PWY: flavin biosynthesis I (bacteria and plants)|unclassified	69.8340692377
RIBOSYN2-PWY: flavin biosynthesis I (bacteria and plants)|g__Eggerthella.s__Eggerthella_lenta	16.3749358500
RIBOSYN2-PWY: flavin biosynthesis I (bacteria and plants)|g__Streptococcus.s__Streptococcus_macedonicus	2.7669945188
DTDPRHAMSYN-PWY: dTDP-&beta;-L-rhamnose biosynthesis	1501.1267115737
DTDPRHAMSYN-PWY: dTDP-&beta;-L-rhamnose biosynthesis|unclassified	679.0440213121
DTDPRHAMSYN-PWY: dTDP-&beta;-L-rhamnose biosynthesis|g__Blautia.s__Blautia_obeum	252.6591861923
DTDPRHAMSYN-PWY: dTDP-&beta;-L-rhamnose biosynthesis|g__Blautia.s__Blautia_wexlerae	176.1722471139
DTDPRHAMSYN-PWY: dTDP-&beta;-L-rhamnose biosynthesis|g__Anaerostipes.s__Anaerostipes_hadrus	168.7388123764
DTDPRHAMSYN-PWY: dTDP-&beta;-L-rhamnose biosynthesis|g__Eggerthella.s__Eggerthella_lenta	28.0395390185
DTDPRHAMSYN-PWY: dTDP-&beta;-L-rhamnose biosynthesis|g__Streptococcus.s__Streptococcus_pasteurianus	9.7609242101
DTDPRHAMSYN-PWY: dTDP-&beta;-L-rhamnose biosynthesis|g__Streptococcus.s__Streptococcus_thermophilus	5.6562520163
DTDPRHAMSYN-PWY: dTDP-&beta;-L-rhamnose biosynthesis|g__Hungatella.s__Hungatella_hathewayi	1.9754232901
DTDPRHAMSYN-PWY: dTDP-&beta;-L-rhamnose biosynthesis|g__Streptococcus.s__Streptococcus_macedonicus	1.9705810400
PWY-5695: inosine 5'-phosphate degradation	1491.6102649704
PWY-5695: inosine 5'-phosphate degradation|unclassified	572.3587857343
PWY-5695: inosine 5'-phosphate degradation|g__Blautia.s__Blautia_wexlerae	308.2993895345
PWY-5695: inosine 5'-phosphate degradation|g__Anaerostipes.s__Anaerostipes_hadrus	209.7469149154
PWY-5695: inosine 5'-phosphate degradation|g__Blautia.s__Blautia_obeum	55.4376765058
PWY-5695: inosine 5'-phosphate degradation|g__Lachnoclostridium.s__Clostridium_scindens	11.4090634146
HISTSYN-PWY: L-histidine biosynthesis	1462.0376379655
HISTSYN-PWY: L-histidine biosynthesis|unclassified	435.8981130168
HISTSYN-PWY: L-histidine biosynthesis|g__Blautia.s__Blautia_obeum	38.9717862907
HISTSYN-PWY: L-histidine biosynthesis|g__Eggerthella.s__Eggerthella_lenta	31.3637034559
HISTSYN-PWY: L-histidine biosynthesis|g__Streptococcus.s__Streptococcus_pasteurianus	4.4505250105
PANTO-PWY: phosphopantothenate biosynthesis I	1461.7343826357
PANTO-PWY: phosphopantothenate biosynthesis I|g__Lachnospiraceae_unclassified.s__Eubacterium_rectale	371.2569836799
PANTO-PWY: phosphopantothenate biosynthesis I|unclassified	307.0675407464
PANTO-PWY: phosphopantothenate biosynthesis I|g__Anaerostipes.s__Anaerostipes_hadrus	282.5030203371
PANTO-PWY: phosphopantothenate biosynthesis I|g__Blautia.s__Blautia_wexlerae	222.9052187033
PANTO-PWY: phosphopantothenate biosynthesis I|g__Eggerthella.s__Eggerthella_lenta	21.7684614093
PANTO-PWY: phosphopantothenate biosynthesis I|g__Erysipelatoclostridium.s__Clostridium_spiroforme	12.8928995397
PWY-6124: inosine-5'-phosphate biosynthesis II	1418.2073698264
PWY-6124: inosine-5'-phosphate biosynthesis II|g__Blautia.s__Blautia_wexlerae	492.2951368425
PWY-6124: inosine-5'-phosphate biosynthesis II|unclassified	327.5912776199
PWY-6124: inosine-5'-phosphate biosynthesis II|g__Anaerostipes.s__Anaerostipes_hadrus	196.6230339545
PWY-6124: inosine-5'-phosphate biosynthesis II|g__Eggerthella.s__Eggerthella_lenta	48.7844225511
PWY-6124: inosine-5'-phosphate biosynthesis II|g__Streptococcus.s__Streptococcus_pasteurianus	21.0189417953
PWY-6124: inosine-5'-phosphate biosynthesis II|g__Erysipelatoclostridium.s__Erysipelatoclostridium_ramosum	15.6443225192
PWY-6124: inosine-5'-phosphate biosynthesis II|g__Streptococcus.s__Streptococcus_thermophilus	3.2172827580
PWY-6124: inosine-5'-phosphate biosynthesis II|g__Streptococcus.s__Streptococcus_gallolyticus	2.7395094074
PWY-6124: inosine-5'-phosphate biosynthesis II|g__Gordonibacter.s__Gordonibacter_urolithinfaciens	1.7421582920
PWY-3001: superpathway of L-isoleucine biosynthesis I	1386.7638184571
PWY-3001: superpathway of L-isoleucine biosynthesis I|unclassified	472.9596691168
PWY-3001: superpathway of L-isoleucine biosynthesis I|g__Streptococcus.s__Streptococcus_thermophilus	11.9993129371
PWY0-1586: peptidoglycan maturation (meso-diaminopimelate containing)	1341.1249249594
PWY0-1586: peptidoglycan maturation (meso-diaminopimelate containing)|g__Lachnospiraceae_unclassified.s__Eubacterium_rectale	511.0980624048
PWY0-1586: peptidoglycan maturation (meso-diaminopimelate containing)|g__Anaerostipes.s__Anaerostipes_hadrus	296.2326277175
PWY0-1586: peptidoglycan maturation (meso-diaminopimelate containing)|unclassified	127.0089280867
PWY0-1586: peptidoglycan maturation (meso-diaminopimelate containing)|g__Eggerthella.s__Eggerthella_lenta	34.2348865258
PWY0-1586: peptidoglycan maturation (meso-diaminopimelate containing)|g__Streptococcus.s__Streptococcus_thermophilus	18.4925662151
PWY0-1586: peptidoglycan maturation (meso-diaminopimelate containing)|g__Streptococcus.s__Streptococcus_equinus	17.7610065300
PWY0-1586: peptidoglycan maturation (meso-diaminopimelate containing)|g__Streptococcus.s__Streptococcus_pasteurianus	12.0317306861
PWY0-1586: peptidoglycan maturation (meso-diaminopimelate containing)|g__Streptococcus.s__Streptococcus_gallolyticus	0.9335183244
PWY-6936: seleno-amino acid biosynthesis (plants)	1307.8928685362
PWY-6936: seleno-amino acid biosynthesis (plants)|unclassified	525.6933681156
PWY-6936: seleno-amino acid biosynthesis (plants)|g__Anaerostipes.s__Anaerostipes_hadrus	308.0714759509
PWY-6936: seleno-amino acid biosynthesis (plants)|g__Erysipelatoclostridium.s__Erysipelatoclostridium_ramosum	29.0009555238
PWY-6936: seleno-amino acid biosynthesis (plants)|g__Streptococcus.s__Streptococcus_thermophilus	16.6649563048
PWY-6936: seleno-amino acid biosynthesis (plants)|g__Streptococcus.s__Streptococcus_pasteurianus	13.8665738671
THRESYN-PWY: superpathway of L-threonine biosynthesis	1194.7071821048
THRESYN-PWY: superpathway of L-threonine biosynthesis|unclassified	441.8779288647
THRESYN-PWY: superpathway of L-threonine biosynthesis|g__Blautia.s__Blautia_obeum	236.8342066588
THRESYN-PWY: superpathway of L-threonine biosynthesis|g__Anaerostipes.s__Anaerostipes_hadrus	184.0551325164
THRESYN-PWY: superpathway of L-threonine biosynthesis|g__Streptococcus.s__Streptococcus_thermophilus	11.6785965933
THRESYN-PWY: superpathway of L-threonine biosynthesis|g__Erysipelatoclostridium.s__Clostridium_spiroforme	7.9221310664
COBALSYN-PWY: superpathway of adenosylcobalamin salvage from cobinamide I	1156.9665659311
COBALSYN-PWY: superpathway of adenosylcobalamin salvage from cobinamide I|unclassified	247.0858672759
COBALSYN-PWY: superpathway of adenosylcobalamin salvage from cobinamide I|g__Blautia.s__Blautia_obeum	242.2434467908
COBALSYN-PWY: superpathway of adenosylcobalamin salvage from cobinamide I|g__Blautia.s__Blautia_wexlerae	211.5760742709
PWY-7977: L-methionine biosynthesis IV	1092.9359901059
PWY-7977: L-methionine biosynthesis IV|unclassified	508.1179907840
PWY-7977: L-methionine biosynthesis IV|g__Anaerostipes.s__Anaerostipes_hadrus	194.9709487332
ASPASN-PWY: superpathway of L-aspartate and L-asparagine biosynthesis	1090.0929153008
ASPASN-PWY: superpathway of L-aspartate and L-asparagine biosynthesis|unclassified	255.2502279538
ASPASN-PWY: superpathway of L-aspartate and L-asparagine biosynthesis|g__Blautia.s__Blautia_obeum	38.7997069013
ASPASN-PWY: superpathway of L-aspartate and L-asparagine biosynthesis|g__Blautia.s__Blautia_wexlerae	17.9076340627
ASPASN-PWY: superpathway of L-aspartate and L-asparagine biosynthesis|g__Streptococcus.s__Streptococcus_equinus	3.3900938681
PWY-5188: tetrapyrrole biosynthesis I (from glutamate)	1074.6969501712
PWY-5188: tetrapyrrole biosynthesis I (from glutamate)|unclassified	259.3986350445
PWY-5188: tetrapyrrole biosynthesis I (from glutamate)|g__Anaerostipes.s__Anaerostipes_hadrus	167.4047542668
PWY-5188: tetrapyrrole biosynthesis I (from glutamate)|g__Blautia.s__Blautia_wexlerae	140.2107053920
PWY-5188: tetrapyrrole biosynthesis I (from glutamate)|g__Eggerthella.s__Eggerthella_lenta	32.4325952567
PWY-5188: tetrapyrrole biosynthesis I (from glutamate)|g__Blautia.s__Blautia_obeum	4.4337903407
PWY-6628: superpathway of L-phenylalanine biosynthesis	1066.5272953006
PWY-6628: superpathway of L-phenylalanine biosynthesis|unclassified	567.1328927949
PWY-6628: superpathway of L-phenylalanine biosynthesis|g__Streptococcus.s__Streptococcus_pasteurianus	13.5684082235
METH-ACETATE-PWY: methanogenesis from acetate	1049.5410582219
METH-ACETATE-PWY: methanogenesis from acetate|unclassified	358.3475127321
METH-ACETATE-PWY: methanogenesis from acetate|g__Blautia.s__Blautia_wexlerae	204.5271548445
METH-ACETATE-PWY: methanogenesis from acetate|g__Blautia.s__Blautia_obeum	127.1146877954
PWY-6608: guanosine nucleotides degradation III	1037.9775736981
PWY-6608: guanosine nucleotides degradation III|g__Blautia.s__Blautia_wexlerae	271.8045714293
PWY-6608: guanosine nucleotides degradation III|unclassified	212.8446618460
PWY-6608: guanosine nucleotides degradation III|g__Anaerostipes.s__Anaerostipes_hadrus	201.6201678053
PWY-6608: guanosine nucleotides degradation III|g__Blautia.s__Blautia_obeum	201.6020791065
OANTIGEN-PWY: O-antigen building blocks biosynthesis (E. coli)	1014.5738232120
OANTIGEN-PWY: O-antigen building blocks biosynthesis (E. coli)|unclassified	548.2117985466
OANTIGEN-PWY: O-antigen building blocks biosynthesis (E. coli)|g__Eggerthella.s__Eggerthella_lenta	37.1857441484
PWY0-1061: superpathway of L-alanine biosynthesis	966.9934716017
PWY0-1061: superpathway of L-alanine biosynthesis|g__Lachnospiraceae_unclassified.s__Eubacterium_rectale	403.8707371339
PWY0-1061: superpathway of L-alanine biosynthesis|unclassified	174.5263713812
THISYNARA-PWY: superpathway of thiamine diphosphate biosynthesis III (eukaryotes)	935.7706444394
THISYNARA-PWY: superpathway of thiamine diphosphate biosynthesis III (eukaryotes)|g__Lachnospiraceae_unclassified.s__Eubacterium_rectale	395.3647549936
THISYNARA-PWY: superpathway of thiamine diphosphate biosynthesis III (eukaryotes)|unclassified	93.7362930258
PHOSLIPSYN-PWY: superpathway of phospholipid biosynthesis I (bacteria)	862.9713768690
PHOSLIPSYN-PWY: superpathway of phospholipid biosynthesis I (bacteria)|unclassified	485.3696465208
PWY-6897: thiamine diphosphate salvage II	859.5018835134
PWY-6897: thiamine diphosphate salvage II|g__Lachnospiraceae_unclassified.s__Eubacterium_rectale	333.1643119793
PWY-6897: thiamine diphosphate salvage II|unclassified	80.3986064581
PWY-I9: L-cysteine biosynthesis VI (from L-methionine)	826.4722122882
PWY-I9: L-cysteine biosynthesis VI (from L-methionine)|unclassified	368.5855218231
PWY-I9: L-cysteine biosynthesis VI (from L-methionine)|g__Anaerostipes.s__Anaerostipes_hadrus	215.2928444387
PWY-I9: L-cysteine biosynthesis VI (from L-methionine)|g__Streptococcus.s__Streptococcus_thermophilus	12.8499120631
PWY-7199: pyrimidine deoxyribonucleosides salvage	784.7653500545
PWY-7199: pyrimidine deoxyribonucleosides salvage|unclassified	514.3535631287
PWY-7199: pyrimidine deoxyribonucleosides salvage|g__Streptococcus.s__Streptococcus_thermophilus	12.4721053497
PWY-7199: pyrimidine deoxyribonucleosides salvage|g__Erysipelatoclostridium.s__Clostridium_spiroforme	8.2743140978
PWY-1861: formaldehyde assimilation II (assimilatory RuMP Cycle)	783.9459490861
PWY-1861: formaldehyde assimilation II (assimilatory RuMP Cycle)|g__Anaerostipes.s__Anaerostipes_hadrus	240.7349179133
PWY-1861: formaldehyde assimilation II (assimilatory RuMP Cycle)|g__Blautia.s__Blautia_obeum	21.9834211608
UDPNAGSYN-PWY: UDP-N-acetyl-D-glucosamine biosynthesis I	781.0254153451
UDPNAGSYN-PWY: UDP-N-acetyl-D-glucosamine biosynthesis I|unclassified	482.6516207806
UDPNAGSYN-PWY: UDP-N-acetyl-D-glucosamine biosynthesis I|g__Eggerthella.s__Eggerthella_lenta	53.9454036352
UDPNAGSYN-PWY: UDP-N-acetyl-D-glucosamine biosynthesis I|g__Erysipelatoclostridium.s__Erysipelatoclostridium_ramosum	24.3921810191
UDPNAGSYN-PWY: UDP-N-acetyl-D-glucosamine biosynthesis I|g__Streptococcus.s__Streptococcus_pasteurianus	13.0497995774
UDPNAGSYN-PWY: UDP-N-acetyl-D-glucosamine biosynthesis I|g__Erysipelatoclostridium.s__Clostridium_spiroforme	9.2636078309
UDPNAGSYN-PWY: UDP-N-acetyl-D-glucosamine biosynthesis I|g__Streptococcus.s__Streptococcus_gallolyticus	1.5022718921
PWY-6731: starch degradation III	779.1282980524
PWY-6731: starch degradation III|g__Blautia.s__Blautia_wexlerae	313.3198562783
PWY-6731: starch degradation III|g__Blautia.s__Blautia_obeum	212.6509012341
PWY-6731: starch degradation III|unclassified	89.6581103277
PWY-622: starch biosynthesis	713.7159543659
PWY-622: starch biosynthesis|unclassified	472.2400696835
PWY-621: sucrose degradation III (sucrose invertase)	690.0429352493
PWY-621: sucrose degradation III (sucrose invertase)|g__Anaerostipes.s__Anaerostipes_hadrus	295.6963415657
PWY-621: sucrose degradation III (sucrose invertase)|unclassified	238.8701262580
PWY-621: sucrose degradation III (sucrose invertase)|g__Streptococcus.s__Streptococcus_pasteurianus	2.3141481575
PWY-5384: sucrose degradation IV (sucrose phosphorylase)	669.8023568041
PWY-5384: sucrose degradation IV (sucrose phosphorylase)|unclassified	258.5176459626
PWY-5384: sucrose degradation IV (sucrose phosphorylase)|g__Anaerostipes.s__Anaerostipes_hadrus	243.9810840872
PWY-5384: sucrose degradation IV (sucrose phosphorylase)|g__Streptococcus.s__Streptococcus_pasteurianus	24.8307669164
PWY-6353: purine nucleotides degradation II (aerobic)	658.6242777003
PWY-6353: purine nucleotides degradation II (aerobic)|unclassified	31.3862167436
PWY-6353: purine nucleotides degradation II (aerobic)|g__Blautia.s__Blautia_obeum	21.2737343497
DAPLYSINESYN-PWY: L-lysine biosynthesis I	652.0623857554
DAPLYSINESYN-PWY: L-lysine biosynthesis I|unclassified	399.7270927768
P461-PWY: hexitol fermentation to lactate, formate, ethanol and acetate	616.1679647800
P461-PWY: hexitol fermentation to lactate, formate, ethanol and acetate|g__Anaerostipes.s__Anaerostipes_hadrus	314.4437406494
P461-PWY: hexitol fermentation to lactate, formate, ethanol and acetate|unclassified	125.8278999562
PWY4FS-7: phosphatidylglycerol biosynthesis I (plastidic)	606.8399670936
PWY4FS-7: phosphatidylglycerol biosynthesis I (plastidic)|unclassified	416.8178325955
PWY4FS-8: phosphatidylglycerol biosynthesis II (non-plastidic)	606.8399670936
PWY4FS-8: phosphatidylglycerol biosynthesis II (non-plastidic)|unclassified	416.8178325955
GLYCOLYSIS: glycolysis I (from glucose 6-phosphate)	573.0622375588
GLYCOLYSIS: glycolysis I (from glucose 6-phosphate)|unclassified	427.2672174400
PWY-7328: superpathway of UDP-glucose-derived O-antigen building blocks biosynthesis	559.4040217669
PWY-7328: superpathway of UDP-glucose-derived O-antigen building blocks biosynthesis|unclassified	329.1804837900
ANAEROFRUCAT-PWY: homolactic fermentation	553.7534967249
ANAEROFRUCAT-PWY: homolactic fermentation|unclassified	391.1739016979
PWY-702: L-methionine biosynthesis II	547.4323361675
PWY-702: L-methionine biosynthesis II|unclassified	267.8394443066
PWY-702: L-methionine biosynthesis II|g__Streptococcus.s__Streptococcus_thermophilus	9.2621691624
GLYCOCAT-PWY: glycogen degradation I	504.8077803827
GLYCOCAT-PWY: glycogen degradation I|unclassified	383.4699816138
PWY-7117: C4 photosynthetic carbon assimilation cycle, PEPCK type	497.8765148387
PWY-7117: C4 photosynthetic carbon assimilation cycle, PEPCK type|unclassified	193.4395210848
PWY-241: C4 photosynthetic carbon assimilation cycle, NADP-ME type	492.2603160083
PWY-241: C4 photosynthetic carbon assimilation cycle, NADP-ME type|unclassified	185.7789141782
PWY-6901: superpathway of glucose and xylose degradation	487.3766228712
PWY-6901: superpathway of glucose and xylose degradation|unclassified	207.7422385030
PENTOSE-P-PWY: pentose phosphate pathway	476.3522718456
PENTOSE-P-PWY: pentose phosphate pathway|unclassified	375.3024559955
GLUCONEO-PWY: gluconeogenesis I	449.4425651002
PWY-6703: preQ0 biosynthesis	441.4797153229
PWY-6703: preQ0 biosynthesis|unclassified	145.8940005115
PWY-6703: preQ0 biosynthesis|g__Anaerostipes.s__Anaerostipes_hadrus	138.9348914794
PWY-6703: preQ0 biosynthesis|g__Erysipelatoclostridium.s__Erysipelatoclostridium_ramosum	24.6994073447
PWY-6703: preQ0 biosynthesis|g__Streptococcus.s__Streptococcus_pasteurianus	11.5989960738
PWY-5484: glycolysis II (from fructose 6-phosphate)	440.7468452625
PWY-5484: glycolysis II (from fructose 6-phosphate)|unclassified	352.3341160161
PWY-5676: acetyl-CoA fermentation to butanoate II	414.7256574880
PWY-5676: acetyl-CoA fermentation to butanoate II|g__Anaerostipes.s__Anaerostipes_hadrus	213.7231632183
PWY-6606: guanosine nucleotides degradation II	411.1991828101
PWY-6606: guanosine nucleotides degradation II|g__Blautia.s__Blautia_obeum	24.0151715291
PWY-6606: guanosine nucleotides degradation II|unclassified	17.3087946622
PWY0-162: superpathway of pyrimidine ribonucleotides de novo biosynthesis	409.4900924779
SALVADEHYPOX-PWY: adenosine nucleotides degradation II	402.2191222726
SALVADEHYPOX-PWY: adenosine nucleotides degradation II|g__Anaerostipes.s__Anaerostipes_hadrus	210.0675259587
SALVADEHYPOX-PWY: adenosine nucleotides degradation II|unclassified	14.9348675080
SALVADEHYPOX-PWY: adenosine nucleotides degradation II|g__Blautia.s__Blautia_obeum	10.7621525479
PWY-4041: &gamma;-glutamyl cycle	399.3239089112
PWY-4041: &gamma;-glutamyl cycle|unclassified	255.9090859296
P164-PWY: purine nucleobases degradation I (anaerobic)	394.4564846576
P164-PWY: purine nucleobases degradation I (anaerobic)|unclassified	164.5184522383
PWY1ZNC-1: assimilatory sulfate reduction IV	393.9079298996
PWY-7400: L-arginine biosynthesis IV (archaebacteria)	377.1832693209
PWY-7400: L-arginine biosynthesis IV (archaebacteria)|unclassified	305.1757348897
GALACTITOLCAT-PWY: galactitol degradation	371.7965777951
GALACTITOLCAT-PWY: galactitol degradation|g__Anaerostipes.s__Anaerostipes_hadrus	333.8935384122
PWY-6292: superpathway of L-cysteine biosynthesis (mammalian)	346.7095109986
PWY-6292: superpathway of L-cysteine biosynthesis (mammalian)|unclassified	254.7889833988
RHAMCAT-PWY: L-rhamnose degradation I	338.3061777392
RHAMCAT-PWY: L-rhamnose degradation I|unclassified	269.9953185820
PWY-7761: NAD salvage pathway II (PNC IV cycle)	317.5340811720
PWY-7761: NAD salvage pathway II (PNC IV cycle)|unclassified	135.3049555790
PWY-7208: superpathway of pyrimidine nucleobases salvage	306.5325097946
PWY-7208: superpathway of pyrimidine nucleobases salvage|g__Eggerthella.s__Eggerthella_lenta	27.8527683560
PWY-7208: superpathway of pyrimidine nucleobases salvage|g__Streptococcus.s__Streptococcus_pasteurianus	6.1046297602
PWY-6630: superpathway of L-tyrosine biosynthesis	298.8051864732
PWY-6630: superpathway of L-tyrosine biosynthesis|unclassified	24.3715228274
PWY-5265: peptidoglycan biosynthesis II (staphylococci)	284.9446769913
PWY-5265: peptidoglycan biosynthesis II (staphylococci)|g__Streptococcus.s__Streptococcus_pasteurianus	7.5326670602
PWY0-1479: tRNA processing	280.2440638040
PWY0-1479: tRNA processing|unclassified	111.8030049917
PWY-7234: inosine-5'-phosphate biosynthesis III	270.7866196578
PWY-7234: inosine-5'-phosphate biosynthesis III|unclassified	177.3661281466
PWY-7234: inosine-5'-phosphate biosynthesis III|g__Streptococcus.s__Streptococcus_pasteurianus	22.0505416233
P124-PWY: Bifidobacterium shunt	262.0985921014
P124-PWY: Bifidobacterium shunt|unclassified	207.8616904165
LACTOSECAT-PWY: lactose and galactose degradation I	260.4547012650
LACTOSECAT-PWY: lactose and galactose degradation I|g__Anaerostipes.s__Anaerostipes_hadrus	140.5139062084
LACTOSECAT-PWY: lactose and galactose degradation I|g__Streptococcus.s__Streptococcus_pasteurianus	31.5076351582
LACTOSECAT-PWY: lactose and galactose degradation I|g__Streptococcus.s__Streptococcus_equinus	6.0143598954
PWY-7229: superpathway of adenosine nucleotides de novo biosynthesis I	257.0112091237
PWY-7229: superpathway of adenosine nucleotides de novo biosynthesis I|g__Eggerthella.s__Eggerthella_lenta	45.1681594107
PWY-7229: superpathway of adenosine nucleotides de novo biosynthesis I|g__Streptococcus.s__Streptococcus_pasteurianus	10.4829749295
PWY-7229: superpathway of adenosine nucleotides de novo biosynthesis I|g__Streptococcus.s__Streptococcus_gallolyticus	1.5338204845
PWY-6902: chitin degradation II (Vibrio)	245.3860428485
PWY-6902: chitin degradation II (Vibrio)|unclassified	234.2032146584
COLANSYN-PWY: colanic acid building blocks biosynthesis	234.1789502521
PWY-7282: 4-amino-2-methyl-5-diphosphomethylpyrimidine biosynthesis II	233.1463820835
PWY-7282: 4-amino-2-methyl-5-diphosphomethylpyrimidine biosynthesis II|g__Streptococcus.s__Streptococcus_pasteurianus	10.5028402553
PWY-841: superpathway of purine nucleotides de novo biosynthesis I	225.4785922919
PWY-841: superpathway of purine nucleotides de novo biosynthesis I|g__Eggerthella.s__Eggerthella_lenta	39.0506621820
PWY-841: superpathway of purine nucleotides de novo biosynthesis I|g__Streptococcus.s__Streptococcus_pasteurianus	9.9723905854
PWY-7663: gondoate biosynthesis (anaerobic)	209.3872474564
PWY-7663: gondoate biosynthesis (anaerobic)|unclassified	160.7267339891
PWY-7663: gondoate biosynthesis (anaerobic)|g__Streptococcus.s__Streptococcus_pasteurianus	12.4142902097
PWY-2941: L-lysine biosynthesis II	206.7478752133
PWY-2941: L-lysine biosynthesis II|unclassified	59.4866716020
PWY-2941: L-lysine biosynthesis II|g__Erysipelatoclostridium.s__Erysipelatoclostridium_ramosum	17.6229724773
PWY-7115: C4 photosynthetic carbon assimilation cycle, NAD-ME type	206.4652208905
GOLPDLCAT-PWY: superpathway of glycerol degradation to 1,3-propanediol	198.2591197255
GOLPDLCAT-PWY: superpathway of glycerol degradation to 1,3-propanediol|unclassified	88.4028625285
GOLPDLCAT-PWY: superpathway of glycerol degradation to 1,3-propanediol|g__Anaerostipes.s__Anaerostipes_hadrus	65.0857364235
PWY66-409: superpathway of purine nucleotide salvage	195.8222541734
PWY66-409: superpathway of purine nucleotide salvage|g__Streptococcus.s__Streptococcus_pasteurianus	9.3202331653
FOLSYN-PWY: superpathway of tetrahydrofolate biosynthesis and salvage	193.6527180319
PWY-5973: cis-vaccenate biosynthesis	179.0520550996
PWY-5973: cis-vaccenate biosynthesis|unclassified	135.4868245596
PWY-8187: L-arginine degradation XIII (reductive Stickland reaction)	173.4848182853
PWY-8187: L-arginine degradation XIII (reductive Stickland reaction)|g__Eggerthella.s__Eggerthella_lenta	61.9306789696
FASYN-INITIAL-PWY: superpathway of fatty acid biosynthesis initiation (E. coli)	172.2915909363
FASYN-INITIAL-PWY: superpathway of fatty acid biosynthesis initiation (E. coli)|unclassified	156.8001337292
FASYN-ELONG-PWY: fatty acid elongation -- saturated	171.9010304850
FASYN-ELONG-PWY: fatty acid elongation -- saturated|unclassified	132.2537681161
PWY-5659: GDP-mannose biosynthesis	168.9953517567
PWY-7664: oleate biosynthesis IV (anaerobic)	167.3605033928
PWY-7664: oleate biosynthesis IV (anaerobic)|unclassified	129.2336209666
PPGPPMET-PWY: ppGpp metabolism	164.4828179852
PWY-6549: L-glutamine biosynthesis III	161.7358519972
PWY-6549: L-glutamine biosynthesis III|unclassified	39.0860916565
PWY0-862: (5Z)-dodecenoate biosynthesis I	161.6668945938
PWY0-862: (5Z)-dodecenoate biosynthesis I|unclassified	125.4149853648
PWY-5989: stearate biosynthesis II (bacteria and plants)	159.3662042486
PWY-5989: stearate biosynthesis II (bacteria and plants)|unclassified	72.1683134007
PWY-6126: superpathway of adenosine nucleotides de novo biosynthesis II	158.3884690119
PWY-6126: superpathway of adenosine nucleotides de novo biosynthesis II|g__Eggerthella.s__Eggerthella_lenta	37.4116853740
PWY-6126: superpathway of adenosine nucleotides de novo biosynthesis II|g__Streptococcus.s__Streptococcus_pasteurianus	8.3100196658
PWY-6126: superpathway of adenosine nucleotides de novo biosynthesis II|g__Streptococcus.s__Streptococcus_gallolyticus	1.5248042311
PWY0-1297: superpathway of purine deoxyribonucleosides degradation	157.7281871155
PWY0-1297: superpathway of purine deoxyribonucleosides degradation|unclassified	84.4831942864
PWY0-1297: superpathway of purine deoxyribonucleosides degradation|g__Streptococcus.s__Streptococcus_thermophilus	15.7632549420
PWY0-1297: superpathway of purine deoxyribonucleosides degradation|g__Streptococcus.s__Streptococcus_pasteurianus	12.8715896280
PWY-6282: palmitoleate biosynthesis I (from (5Z)-dodec-5-enoate)	150.1985217260
PWY-6282: palmitoleate biosynthesis I (from (5Z)-dodec-5-enoate)|unclassified	117.0963490065
PWY-7228: superpathway of guanosine nucleotides de novo biosynthesis I	136.5247181189
PWY-7228: superpathway of guanosine nucleotides de novo biosynthesis I|g__Eggerthella.s__Eggerthella_lenta	33.8416042038
PWY-7228: superpathway of guanosine nucleotides de novo biosynthesis I|g__Streptococcus.s__Streptococcus_pasteurianus	7.6083144768
PWY-6612: superpathway of tetrahydrofolate biosynthesis	133.3269438352
P185-PWY: formaldehyde assimilation III (dihydroxyacetone cycle)	126.9592894156
P185-PWY: formaldehyde assimilation III (dihydroxyacetone cycle)|unclassified	18.8418544837
PWY66-399: gluconeogenesis III	123.5116098427
PWY-6470: peptidoglycan biosynthesis V (&beta;-lactam resistance)	109.6688063966
PWY-6470: peptidoglycan biosynthesis V (&beta;-lactam resistance)|unclassified	80.8111039358
PWY-6125: superpathway of guanosine nucleotides de novo biosynthesis II	108.0281309703
PWY-6125: superpathway of guanosine nucleotides de novo biosynthesis II|g__Eggerthella.s__Eggerthella_lenta	30.2288405489
PWY-6125: superpathway of guanosine nucleotides de novo biosynthesis II|g__Streptococcus.s__Streptococcus_pasteurianus	6.6124387750
PWY-7383: anaerobic energy metabolism (invertebrates, cytosol)	101.6330457493
PWY-7383: anaerobic energy metabolism (invertebrates, cytosol)|unclassified	50.5941028195
PWY-7198: pyrimidine deoxyribonucleotides de novo biosynthesis IV	100.7775797699
PWY-7345: superpathway of anaerobic sucrose degradation	97.9331839762
PWY0-781: aspartate superpathway	95.1872606131
PWY0-1298: superpathway of pyrimidine deoxyribonucleosides degradation	92.9110224031
PWY0-1298: superpathway of pyrimidine deoxyribonucleosides degradation|unclassified	63.8624820100
PWY-5913: partial TCA cycle (obligate autotrophs)	91.0105046370
PWY-5913: partial TCA cycle (obligate autotrophs)|unclassified	37.3102907580
P441-PWY: superpathway of N-acetylneuraminate degradation	90.4496186606
P4-PWY: superpathway of L-lysine, L-threonine and L-methionine biosynthesis I	90.2418298879
PWY-7211: superpathway of pyrimidine deoxyribonucleotides de novo biosynthesis	90.0055098837
FERMENTATION-PWY: mixed acid fermentation	87.2341573326
FERMENTATION-PWY: mixed acid fermentation|unclassified	27.7774817391
PWY0-1261: anhydromuropeptides recycling I	82.3734834122
FUCCAT-PWY: fucose degradation	74.7353835858
FUCCAT-PWY: fucose degradation|unclassified	63.6684809966
PWY-5104: L-isoleucine biosynthesis IV	74.2023151353
PWY4LZ-257: superpathway of fermentation (Chlamydomonas reinhardtii)	72.8988813191
PWY4LZ-257: superpathway of fermentation (Chlamydomonas reinhardtii)|unclassified	55.5406882908
PWY-7220: adenosine deoxyribonucleotides de novo biosynthesis II	70.1934763169
PWY-7220: adenosine deoxyribonucleotides de novo biosynthesis II|g__Eggerthella.s__Eggerthella_lenta	25.0064370859
PWY-7220: adenosine deoxyribonucleotides de novo biosynthesis II|g__Streptococcus.s__Streptococcus_pasteurianus	5.3013258914
PWY-7220: adenosine deoxyribonucleotides de novo biosynthesis II|g__Streptococcus.s__Streptococcus_gallolyticus	1.8451260426
PWY-7222: guanosine deoxyribonucleotides de novo biosynthesis II	70.1934763169
PWY-7222: guanosine deoxyribonucleotides de novo biosynthesis II|g__Eggerthella.s__Eggerthella_lenta	25.0064370859
PWY-7222: guanosine deoxyribonucleotides de novo biosynthesis II|g__Streptococcus.s__Streptococcus_pasteurianus	5.3013258914
PWY-7222: guanosine deoxyribonucleotides de novo biosynthesis II|g__Streptococcus.s__Streptococcus_gallolyticus	1.8451260426
PWY0-1477: ethanolamine utilization	67.6276728451
PWY0-1477: ethanolamine utilization|unclassified	64.2988160058
HEXITOLDEGSUPER-PWY: superpathway of hexitol degradation (bacteria)	65.5286496323
GLCMANNANAUT-PWY: superpathway of N-acetylglucosamine, N-acetylmannosamine and N-acetylneuraminate degradation	64.9831780197
GLCMANNANAUT-PWY: superpathway of N-acetylglucosamine, N-acetylmannosamine and N-acetylneuraminate degradation|unclassified	56.8298097995
PWY-7197: pyrimidine deoxyribonucleotide phosphorylation	62.3724081087
PWY-7197: pyrimidine deoxyribonucleotide phosphorylation|g__Eggerthella.s__Eggerthella_lenta	20.7513376526
PWY-7197: pyrimidine deoxyribonucleotide phosphorylation|g__Streptococcus.s__Streptococcus_pasteurianus	4.2918478527
P161-PWY: acetylene degradation (anaerobic)	59.3408680428
P161-PWY: acetylene degradation (anaerobic)|unclassified	56.7622830586
HEMESYN2-PWY: heme b biosynthesis II (oxygen-independent)	57.3342956739
BIOTIN-BIOSYNTHESIS-PWY: biotin biosynthesis I	57.0766161303
BIOTIN-BIOSYNTHESIS-PWY: biotin biosynthesis I|unclassified	13.3019778474
PWY-7210: pyrimidine deoxyribonucleotides biosynthesis from CTP	55.7928073965
PWY-6507: 4-deoxy-L-threo-hex-4-enopyranuronate degradation	55.7908540118
PWY-6507: 4-deoxy-L-threo-hex-4-enopyranuronate degradation|unclassified	53.2283509595
PWY-6969: TCA cycle V (2-oxoglutarate synthase)	55.3932375302
PWY-7184: pyrimidine deoxyribonucleotides de novo biosynthesis I	54.9377398246
PWY-6545: pyrimidine deoxyribonucleotides de novo biosynthesis III	54.6871818277
PWY-5154: L-arginine biosynthesis III (via N-acetyl-L-citrulline)	49.1930581792
PWY-5154: L-arginine biosynthesis III (via N-acetyl-L-citrulline)|unclassified	48.3151298483
PWY-6519: 8-amino-7-oxononanoate biosynthesis I	48.9109345532
PWY-6519: 8-amino-7-oxononanoate biosynthesis I|unclassified	11.5781864498
PWY-5347: superpathway of L-methionine biosynthesis (transsulfuration)	46.6265216267
MET-SAM-PWY: superpathway of S-adenosyl-L-methionine biosynthesis	46.6233727324
PWY-5690: TCA cycle II (plants and fungi)	45.8062019995
METSYN-PWY: superpathway of L-homoserine and L-methionine biosynthesis	40.9669301243
PWY-5981: CDP-diacylglycerol biosynthesis III	37.4482974041
PWY-5981: CDP-diacylglycerol biosynthesis III|g__Streptococcus.s__Streptococcus_thermophilus	14.6488630193
PWY-5136: fatty acid &beta;-oxidation II (plant peroxisome)	37.0710501518
PWY-6293: superpathway of L-cysteine biosynthesis (fungi)	34.4645392408
PWY-6147: 6-hydroxymethyl-dihydropterin diphosphate biosynthesis I	32.6547776562
PWY-5464: superpathway of cytosolic glycolysis (plants), pyruvate dehydrogenase and TCA cycle	32.4535139458
PWY-7356: thiamine diphosphate salvage IV (yeast)	28.7363903257
P125-PWY: superpathway of (R,R)-butanediol biosynthesis	26.0680928202
P125-PWY: superpathway of (R,R)-butanediol biosynthesis|g__Streptococcus.s__Streptococcus_pasteurianus	12.3988324520
PWY-6595: superpathway of guanosine nucleotides degradation (plants)	25.0266471825
PWY-6595: superpathway of guanosine nucleotides degradation (plants)|g__Blautia.s__Blautia_obeum	12.7601418722
PWY-6607: guanosine nucleotides degradation I	24.9190127556
PWY-6607: guanosine nucleotides degradation I|g__Blautia.s__Blautia_obeum	10.2678902891
P42-PWY: incomplete reductive TCA cycle	24.4322962670
PWY-6396: superpathway of 2,3-butanediol biosynthesis	23.9318532093
PWY-6396: superpathway of 2,3-butanediol biosynthesis|g__Streptococcus.s__Streptococcus_pasteurianus	11.5675795751
HOMOSER-METSYN-PWY: L-methionine biosynthesis I	23.7090014033
GLUCUROCAT-PWY: superpathway of &beta;-D-glucuronosides degradation	21.2867891971
GLUCUROCAT-PWY: superpathway of &beta;-D-glucuronosides degradation|unclassified	21.1891597466
PWY-801: homocysteine and cysteine interconversion	20.9008087892
PWY-922: mevalonate pathway I (eukaryotes and bacteria)	19.4824132993
GALACTUROCAT-PWY: D-galacturonate degradation I	16.0170563281
PWY-7242: D-fructuronate degradation	14.4056585043
PWY-7242: D-fructuronate degradation|unclassified	14.3405307257
PWY-6961: L-ascorbate degradation II (bacterial, aerobic)	7.8029272025
PWY-6961: L-ascorbate degradation II (bacterial, aerobic)|unclassified	6.9665164157
GALACTARDEG-PWY: D-galactarate degradation I	7.7515422408
GLUCARGALACTSUPER-PWY: superpathway of D-glucarate and D-galactarate degradation	7.7515422408
NAGLIPASYN-PWY: lipid IVA biosynthesis (E. coli)	7.6052685110
PWY-8073: lipid IVA biosynthesis (P. putida)	7.6052685110
PWY0-301: L-ascorbate degradation I (bacterial, anaerobic)	6.7109430704
PWY0-301: L-ascorbate degradation I (bacterial, anaerobic)|unclassified	6.3039031469
GLUCARDEG-PWY: D-glucarate degradation I	6.5400063156
PWY-6531: mannitol cycle	5.1032523151
PWY-6531: mannitol cycle|unclassified	4.9783170973