# Pathway	merged_JMA-15191583Week-0_S225_L002__kneaddata_paired_Abundance
UNMAPPED	527426.9009882407
UNINTEGRATED	1137503.2016458162
UNINTEGRATED|unclassified	292879.5188699625
UNINTEGRATED|g__Blautia.s__Blautia_obeum	199776.3615444967
UNINTEGRATED|g__Anaerostipes.s__Anaerostipes_hadrus	90371.7588295908
UNINTEGRATED|g__Dorea.s__Dorea_longicatena	84021.5969615618
UNINTEGRATED|g__Lachnospiraceae_unclassified.s__Eubacterium_rectale	77418.5665485468
UNINTEGRATED|g__Ruminococcus.s__Ruminococcus_bromii	68045.2641578140
UNINTEGRATED|g__Blautia.s__Blautia_wexlerae	46017.9847271899
UNINTEGRATED|g__Akkermansia.s__Akkermansia_muciniphila	32627.4062675347
UNINTEGRATED|g__Collinsella.s__Collinsella_aerofaciens	27832.2453796315
UNINTEGRATED|g__Roseburia.s__Roseburia_intestinalis	20621.4805471877
UNINTEGRATED|g__Dorea.s__Dorea_formicigenerans	15655.5279151910
UNINTEGRATED|g__Roseburia.s__Roseburia_hominis	15095.3119904785
UNINTEGRATED|g__Ruminococcaceae_unclassified.s__Eubacterium_siraeum	14627.5163010113
UNINTEGRATED|g__Clostridiales_unclassified.s__Clostridiales_bacterium_KLE1615	14459.2038239061
UNINTEGRATED|g__Gemmiger.s__Gemmiger_formicilis	13961.8967328640
UNINTEGRATED|g__Asaccharobacter.s__Asaccharobacter_celatus	13622.1534657902
UNINTEGRATED|g__Agathobaculum.s__Agathobaculum_butyriciproducens	10177.4621669681
UNINTEGRATED|g__Ruminococcus.s__Ruminococcus_sp_AF31_8BH	10163.8915469908
UNINTEGRATED|g__Roseburia.s__Roseburia_inulinivorans	9991.1478153251
UNINTEGRATED|g__Collinsella.s__Collinsella_tanakaei	6371.3310069098
UNINTEGRATED|g__Bacteroides.s__Bacteroides_dorei	5033.3002553947
UNINTEGRATED|g__Bacteroides.s__Bacteroides_vulgatus	4214.9037075204
UNINTEGRATED|g__Erysipelatoclostridium.s__Erysipelatoclostridium_ramosum	3560.4928264711
UNINTEGRATED|g__Megasphaera.s__Megasphaera_sp_DISK_18	2749.0765206939
UNINTEGRATED|g__Gordonibacter.s__Gordonibacter_pamelaeae	2273.7367969003
UNINTEGRATED|g__Bacteroides.s__Bacteroides_stercoris	1413.9048535826
UNINTEGRATED|g__Eggerthella.s__Eggerthella_lenta	1278.8126444763
PWY-7238: sucrose biosynthesis II	1610.4484783866
PWY-7238: sucrose biosynthesis II|unclassified	483.9474681214
PWY-7238: sucrose biosynthesis II|g__Blautia.s__Blautia_obeum	296.6362075363
PWY-7238: sucrose biosynthesis II|g__Ruminococcus.s__Ruminococcus_bromii	148.0025085390
PWY-7238: sucrose biosynthesis II|g__Anaerostipes.s__Anaerostipes_hadrus	128.9485929147
PWY-7238: sucrose biosynthesis II|g__Lachnospiraceae_unclassified.s__Eubacterium_rectale	125.8064975193
PWY-7238: sucrose biosynthesis II|g__Dorea.s__Dorea_longicatena	99.5775449555
PWY-7238: sucrose biosynthesis II|g__Blautia.s__Blautia_wexlerae	61.2268445423
PWY-7238: sucrose biosynthesis II|g__Collinsella.s__Collinsella_aerofaciens	45.1983069545
PWY-7238: sucrose biosynthesis II|g__Gemmiger.s__Gemmiger_formicilis	24.4264681210
PWY-7238: sucrose biosynthesis II|g__Clostridiales_unclassified.s__Clostridiales_bacterium_KLE1615	23.5360603072
PWY-7238: sucrose biosynthesis II|g__Roseburia.s__Roseburia_hominis	13.1044062403
PWY-7238: sucrose biosynthesis II|g__Ruminococcaceae_unclassified.s__Eubacterium_siraeum	12.8608546434
PWY-1042: glycolysis IV	1481.6186364292
PWY-1042: glycolysis IV|unclassified	401.1880188241
PWY-1042: glycolysis IV|g__Anaerostipes.s__Anaerostipes_hadrus	194.7544928979
PWY-1042: glycolysis IV|g__Dorea.s__Dorea_longicatena	64.0446041676
PWY-1042: glycolysis IV|g__Blautia.s__Blautia_obeum	60.7146271708
PWY-1042: glycolysis IV|g__Lachnospiraceae_unclassified.s__Eubacterium_rectale	52.3395990259
PWY-1042: glycolysis IV|g__Collinsella.s__Collinsella_aerofaciens	43.0210290852
PWY-1042: glycolysis IV|g__Blautia.s__Blautia_wexlerae	35.6552249664
GLYCOGENSYNTH-PWY: glycogen biosynthesis I (from ADP-D-Glucose)	1400.5209116184
GLYCOGENSYNTH-PWY: glycogen biosynthesis I (from ADP-D-Glucose)|unclassified	454.6063079917
GLYCOGENSYNTH-PWY: glycogen biosynthesis I (from ADP-D-Glucose)|g__Ruminococcus.s__Ruminococcus_bromii	171.5298917477
GLYCOGENSYNTH-PWY: glycogen biosynthesis I (from ADP-D-Glucose)|g__Blautia.s__Blautia_obeum	162.0399176728
GLYCOGENSYNTH-PWY: glycogen biosynthesis I (from ADP-D-Glucose)|g__Anaerostipes.s__Anaerostipes_hadrus	157.1571620687
GLYCOGENSYNTH-PWY: glycogen biosynthesis I (from ADP-D-Glucose)|g__Dorea.s__Dorea_longicatena	111.5083493342
GLYCOGENSYNTH-PWY: glycogen biosynthesis I (from ADP-D-Glucose)|g__Blautia.s__Blautia_wexlerae	90.9690213722
GLYCOGENSYNTH-PWY: glycogen biosynthesis I (from ADP-D-Glucose)|g__Lachnospiraceae_unclassified.s__Eubacterium_rectale	70.9974607549
GLYCOGENSYNTH-PWY: glycogen biosynthesis I (from ADP-D-Glucose)|g__Collinsella.s__Collinsella_aerofaciens	42.0516538219
GLYCOGENSYNTH-PWY: glycogen biosynthesis I (from ADP-D-Glucose)|g__Gemmiger.s__Gemmiger_formicilis	32.2923126252
GLYCOGENSYNTH-PWY: glycogen biosynthesis I (from ADP-D-Glucose)|g__Clostridiales_unclassified.s__Clostridiales_bacterium_KLE1615	16.2907993742
GLYCOGENSYNTH-PWY: glycogen biosynthesis I (from ADP-D-Glucose)|g__Ruminococcaceae_unclassified.s__Eubacterium_siraeum	15.1252961109
GLYCOGENSYNTH-PWY: glycogen biosynthesis I (from ADP-D-Glucose)|g__Ruminococcus.s__Ruminococcus_sp_AF31_8BH	11.5250977448
GLYCOGENSYNTH-PWY: glycogen biosynthesis I (from ADP-D-Glucose)|g__Roseburia.s__Roseburia_hominis	10.4289204408
GLYCOGENSYNTH-PWY: glycogen biosynthesis I (from ADP-D-Glucose)|g__Dorea.s__Dorea_formicigenerans	4.1686221552
PWY-5941: glycogen degradation II	1263.4908101121
PWY-5941: glycogen degradation II|unclassified	388.0723447064
PWY-5941: glycogen degradation II|g__Blautia.s__Blautia_obeum	223.1594993239
PWY-5941: glycogen degradation II|g__Anaerostipes.s__Anaerostipes_hadrus	123.9785318221
PWY-5941: glycogen degradation II|g__Dorea.s__Dorea_longicatena	86.8205815998
PWY-5941: glycogen degradation II|g__Blautia.s__Blautia_wexlerae	64.1995777978
PWY-5941: glycogen degradation II|g__Collinsella.s__Collinsella_aerofaciens	47.4520622086
PWY-5941: glycogen degradation II|g__Clostridiales_unclassified.s__Clostridiales_bacterium_KLE1615	23.3195178571
PWY-5941: glycogen degradation II|g__Roseburia.s__Roseburia_hominis	14.0356725464
CALVIN-PWY: Calvin-Benson-Bassham cycle	1146.9910928742
CALVIN-PWY: Calvin-Benson-Bassham cycle|unclassified	336.5701203065
CALVIN-PWY: Calvin-Benson-Bassham cycle|g__Anaerostipes.s__Anaerostipes_hadrus	94.5159934843
CALVIN-PWY: Calvin-Benson-Bassham cycle|g__Blautia.s__Blautia_wexlerae	75.2193673637
CALVIN-PWY: Calvin-Benson-Bassham cycle|g__Blautia.s__Blautia_obeum	67.0712674561
CALVIN-PWY: Calvin-Benson-Bassham cycle|g__Lachnospiraceae_unclassified.s__Eubacterium_rectale	46.9590934631
CALVIN-PWY: Calvin-Benson-Bassham cycle|g__Collinsella.s__Collinsella_aerofaciens	43.9421289670
VALSYN-PWY: L-valine biosynthesis	1139.4545008831
VALSYN-PWY: L-valine biosynthesis|unclassified	283.2414500298
VALSYN-PWY: L-valine biosynthesis|g__Ruminococcus.s__Ruminococcus_bromii	169.5788773320
VALSYN-PWY: L-valine biosynthesis|g__Blautia.s__Blautia_obeum	168.3911806044
VALSYN-PWY: L-valine biosynthesis|g__Anaerostipes.s__Anaerostipes_hadrus	102.4354450062
VALSYN-PWY: L-valine biosynthesis|g__Dorea.s__Dorea_longicatena	81.5450474696
VALSYN-PWY: L-valine biosynthesis|g__Lachnospiraceae_unclassified.s__Eubacterium_rectale	55.8140530356
VALSYN-PWY: L-valine biosynthesis|g__Blautia.s__Blautia_wexlerae	44.8524918455
VALSYN-PWY: L-valine biosynthesis|g__Akkermansia.s__Akkermansia_muciniphila	37.9626260878
VALSYN-PWY: L-valine biosynthesis|g__Gemmiger.s__Gemmiger_formicilis	35.0261558841
VALSYN-PWY: L-valine biosynthesis|g__Ruminococcus.s__Ruminococcus_sp_AF31_8BH	21.2741904294
VALSYN-PWY: L-valine biosynthesis|g__Asaccharobacter.s__Asaccharobacter_celatus	16.4456158601
VALSYN-PWY: L-valine biosynthesis|g__Ruminococcaceae_unclassified.s__Eubacterium_siraeum	15.6277491987
VALSYN-PWY: L-valine biosynthesis|g__Roseburia.s__Roseburia_hominis	14.9620529646
VALSYN-PWY: L-valine biosynthesis|g__Roseburia.s__Roseburia_intestinalis	6.7777440963
VALSYN-PWY: L-valine biosynthesis|g__Bacteroides.s__Bacteroides_dorei	3.1385245657
VALSYN-PWY: L-valine biosynthesis|g__Bacteroides.s__Bacteroides_vulgatus	1.9433553091
VALSYN-PWY: L-valine biosynthesis|g__Roseburia.s__Roseburia_inulinivorans	1.0246558173
PWY-6163: chorismate biosynthesis from 3-dehydroquinate	1103.9637846214
PWY-6163: chorismate biosynthesis from 3-dehydroquinate|unclassified	349.1363403270
PWY-6163: chorismate biosynthesis from 3-dehydroquinate|g__Ruminococcus.s__Ruminococcus_bromii	166.5889804364
PWY-6163: chorismate biosynthesis from 3-dehydroquinate|g__Blautia.s__Blautia_obeum	159.3497716344
PWY-6163: chorismate biosynthesis from 3-dehydroquinate|g__Anaerostipes.s__Anaerostipes_hadrus	104.8875857371
PWY-6163: chorismate biosynthesis from 3-dehydroquinate|g__Lachnospiraceae_unclassified.s__Eubacterium_rectale	68.8641620094
PWY-6163: chorismate biosynthesis from 3-dehydroquinate|g__Blautia.s__Blautia_wexlerae	43.6340460728
PWY-6163: chorismate biosynthesis from 3-dehydroquinate|g__Collinsella.s__Collinsella_aerofaciens	41.8687688267
PWY-6163: chorismate biosynthesis from 3-dehydroquinate|g__Akkermansia.s__Akkermansia_muciniphila	38.9038310497
PWY-6163: chorismate biosynthesis from 3-dehydroquinate|g__Dorea.s__Dorea_longicatena	37.9877010787
PWY-6163: chorismate biosynthesis from 3-dehydroquinate|g__Ruminococcaceae_unclassified.s__Eubacterium_siraeum	17.9701790061
PWY-6163: chorismate biosynthesis from 3-dehydroquinate|g__Clostridiales_unclassified.s__Clostridiales_bacterium_KLE1615	15.4737970570
ARO-PWY: chorismate biosynthesis I	1097.0931910048
ARO-PWY: chorismate biosynthesis I|unclassified	330.0856502344
ARO-PWY: chorismate biosynthesis I|g__Ruminococcus.s__Ruminococcus_bromii	159.3340704063
ARO-PWY: chorismate biosynthesis I|g__Blautia.s__Blautia_obeum	159.1766616184
ARO-PWY: chorismate biosynthesis I|g__Anaerostipes.s__Anaerostipes_hadrus	105.7583032065
ARO-PWY: chorismate biosynthesis I|g__Lachnospiraceae_unclassified.s__Eubacterium_rectale	53.1986791187
ARO-PWY: chorismate biosynthesis I|g__Dorea.s__Dorea_longicatena	45.6800043405
ARO-PWY: chorismate biosynthesis I|g__Akkermansia.s__Akkermansia_muciniphila	42.6551347921
ARO-PWY: chorismate biosynthesis I|g__Collinsella.s__Collinsella_aerofaciens	42.5592441482
ARO-PWY: chorismate biosynthesis I|g__Blautia.s__Blautia_wexlerae	29.7986467050
ARO-PWY: chorismate biosynthesis I|g__Clostridiales_unclassified.s__Clostridiales_bacterium_KLE1615	16.5269581568
ARO-PWY: chorismate biosynthesis I|g__Ruminococcaceae_unclassified.s__Eubacterium_siraeum	15.9150899382
PWY-8178: pentose phosphate pathway (non-oxidative branch) II	1085.9466651005
PWY-8178: pentose phosphate pathway (non-oxidative branch) II|unclassified	364.3196188229
PWY-8178: pentose phosphate pathway (non-oxidative branch) II|g__Anaerostipes.s__Anaerostipes_hadrus	221.1555800411
PWY-8178: pentose phosphate pathway (non-oxidative branch) II|g__Blautia.s__Blautia_obeum	77.3075852007
PWY-8178: pentose phosphate pathway (non-oxidative branch) II|g__Blautia.s__Blautia_wexlerae	65.1920364369
PWY-8178: pentose phosphate pathway (non-oxidative branch) II|g__Collinsella.s__Collinsella_aerofaciens	53.4658357164
PWY-8178: pentose phosphate pathway (non-oxidative branch) II|g__Lachnospiraceae_unclassified.s__Eubacterium_rectale	45.2633037562
PWY-8178: pentose phosphate pathway (non-oxidative branch) II|g__Ruminococcaceae_unclassified.s__Eubacterium_siraeum	21.4459207749
PWY-8178: pentose phosphate pathway (non-oxidative branch) II|g__Roseburia.s__Roseburia_hominis	14.7427582953
ARGSYNBSUB-PWY: L-arginine biosynthesis II (acetyl cycle)	1073.0191424542
ARGSYNBSUB-PWY: L-arginine biosynthesis II (acetyl cycle)|unclassified	342.9189411687
ARGSYNBSUB-PWY: L-arginine biosynthesis II (acetyl cycle)|g__Ruminococcus.s__Ruminococcus_bromii	169.1106300484
ARGSYNBSUB-PWY: L-arginine biosynthesis II (acetyl cycle)|g__Anaerostipes.s__Anaerostipes_hadrus	86.1653901187
ARGSYNBSUB-PWY: L-arginine biosynthesis II (acetyl cycle)|g__Blautia.s__Blautia_obeum	73.1677123784
ARGSYNBSUB-PWY: L-arginine biosynthesis II (acetyl cycle)|g__Dorea.s__Dorea_longicatena	61.4595039455
ARGSYNBSUB-PWY: L-arginine biosynthesis II (acetyl cycle)|g__Blautia.s__Blautia_wexlerae	59.6338404206
ARGSYNBSUB-PWY: L-arginine biosynthesis II (acetyl cycle)|g__Lachnospiraceae_unclassified.s__Eubacterium_rectale	57.8504625213
ARGSYNBSUB-PWY: L-arginine biosynthesis II (acetyl cycle)|g__Collinsella.s__Collinsella_aerofaciens	38.9614523813
ARGSYNBSUB-PWY: L-arginine biosynthesis II (acetyl cycle)|g__Akkermansia.s__Akkermansia_muciniphila	38.7096130588
ARGSYNBSUB-PWY: L-arginine biosynthesis II (acetyl cycle)|g__Gemmiger.s__Gemmiger_formicilis	30.3647988586
PWY-7221: guanosine ribonucleotides de novo biosynthesis	1066.7916375143
PWY-7221: guanosine ribonucleotides de novo biosynthesis|unclassified	268.3247820083
PWY-7221: guanosine ribonucleotides de novo biosynthesis|g__Ruminococcus.s__Ruminococcus_bromii	162.4888259414
PWY-7221: guanosine ribonucleotides de novo biosynthesis|g__Blautia.s__Blautia_wexlerae	109.7075556378
PWY-7221: guanosine ribonucleotides de novo biosynthesis|g__Anaerostipes.s__Anaerostipes_hadrus	87.8083004637
PWY-7221: guanosine ribonucleotides de novo biosynthesis|g__Blautia.s__Blautia_obeum	64.5164815541
PWY-7221: guanosine ribonucleotides de novo biosynthesis|g__Dorea.s__Dorea_longicatena	64.1300225124
PWY-7221: guanosine ribonucleotides de novo biosynthesis|g__Collinsella.s__Collinsella_aerofaciens	53.1108702091
PWY-7221: guanosine ribonucleotides de novo biosynthesis|g__Lachnospiraceae_unclassified.s__Eubacterium_rectale	34.9435390967
PWY-7221: guanosine ribonucleotides de novo biosynthesis|g__Akkermansia.s__Akkermansia_muciniphila	30.0392280144
PWY-7221: guanosine ribonucleotides de novo biosynthesis|g__Clostridiales_unclassified.s__Clostridiales_bacterium_KLE1615	12.7307174779
PWY-7221: guanosine ribonucleotides de novo biosynthesis|g__Collinsella.s__Collinsella_tanakaei	9.3590690741
PWY-7221: guanosine ribonucleotides de novo biosynthesis|g__Megasphaera.s__Megasphaera_sp_DISK_18	8.3474983933
PWY-7221: guanosine ribonucleotides de novo biosynthesis|g__Roseburia.s__Roseburia_hominis	7.3619664542
PWY-7221: guanosine ribonucleotides de novo biosynthesis|g__Gordonibacter.s__Gordonibacter_pamelaeae	5.7488059134
ANAGLYCOLYSIS-PWY: glycolysis III (from glucose)	1064.4456663026
ANAGLYCOLYSIS-PWY: glycolysis III (from glucose)|unclassified	225.2761142992
ANAGLYCOLYSIS-PWY: glycolysis III (from glucose)|g__Anaerostipes.s__Anaerostipes_hadrus	139.9292971844
ANAGLYCOLYSIS-PWY: glycolysis III (from glucose)|g__Blautia.s__Blautia_obeum	80.6368479484
ANAGLYCOLYSIS-PWY: glycolysis III (from glucose)|g__Dorea.s__Dorea_longicatena	48.2309625006
ANAGLYCOLYSIS-PWY: glycolysis III (from glucose)|g__Lachnospiraceae_unclassified.s__Eubacterium_rectale	48.1746207599
ANAGLYCOLYSIS-PWY: glycolysis III (from glucose)|g__Collinsella.s__Collinsella_aerofaciens	39.8680450897
ANAGLYCOLYSIS-PWY: glycolysis III (from glucose)|g__Blautia.s__Blautia_wexlerae	23.3528637755
ILEUSYN-PWY: L-isoleucine biosynthesis I (from threonine)	1051.4527746028
ILEUSYN-PWY: L-isoleucine biosynthesis I (from threonine)|unclassified	257.8147960603
ILEUSYN-PWY: L-isoleucine biosynthesis I (from threonine)|g__Blautia.s__Blautia_obeum	105.7763734941
ILEUSYN-PWY: L-isoleucine biosynthesis I (from threonine)|g__Anaerostipes.s__Anaerostipes_hadrus	97.7132681245
ILEUSYN-PWY: L-isoleucine biosynthesis I (from threonine)|g__Dorea.s__Dorea_longicatena	75.1254167122
ILEUSYN-PWY: L-isoleucine biosynthesis I (from threonine)|g__Lachnospiraceae_unclassified.s__Eubacterium_rectale	53.6743986480
ILEUSYN-PWY: L-isoleucine biosynthesis I (from threonine)|g__Blautia.s__Blautia_wexlerae	40.2059649228
ILEUSYN-PWY: L-isoleucine biosynthesis I (from threonine)|g__Akkermansia.s__Akkermansia_muciniphila	35.0725350531
ILEUSYN-PWY: L-isoleucine biosynthesis I (from threonine)|g__Gemmiger.s__Gemmiger_formicilis	26.5901383861
ILEUSYN-PWY: L-isoleucine biosynthesis I (from threonine)|g__Asaccharobacter.s__Asaccharobacter_celatus	15.5383327891
ILEUSYN-PWY: L-isoleucine biosynthesis I (from threonine)|g__Ruminococcaceae_unclassified.s__Eubacterium_siraeum	15.1750962699
ILEUSYN-PWY: L-isoleucine biosynthesis I (from threonine)|g__Roseburia.s__Roseburia_hominis	10.5001887573
ILEUSYN-PWY: L-isoleucine biosynthesis I (from threonine)|g__Roseburia.s__Roseburia_intestinalis	6.0373307005
COMPLETE-ARO-PWY: superpathway of aromatic amino acid biosynthesis	1049.7017244500
COMPLETE-ARO-PWY: superpathway of aromatic amino acid biosynthesis|unclassified	316.0437204887
COMPLETE-ARO-PWY: superpathway of aromatic amino acid biosynthesis|g__Blautia.s__Blautia_obeum	155.3358459957
COMPLETE-ARO-PWY: superpathway of aromatic amino acid biosynthesis|g__Anaerostipes.s__Anaerostipes_hadrus	101.9682211517
COMPLETE-ARO-PWY: superpathway of aromatic amino acid biosynthesis|g__Lachnospiraceae_unclassified.s__Eubacterium_rectale	49.0139940104
COMPLETE-ARO-PWY: superpathway of aromatic amino acid biosynthesis|g__Blautia.s__Blautia_wexlerae	23.2211146663
COMPLETE-ARO-PWY: superpathway of aromatic amino acid biosynthesis|g__Clostridiales_unclassified.s__Clostridiales_bacterium_KLE1615	16.6763969877
PWY-6386: UDP-N-acetylmuramoyl-pentapeptide biosynthesis II (lysine-containing)	1031.9084027032
PWY-6386: UDP-N-acetylmuramoyl-pentapeptide biosynthesis II (lysine-containing)|unclassified	303.0753794474
PWY-6386: UDP-N-acetylmuramoyl-pentapeptide biosynthesis II (lysine-containing)|g__Blautia.s__Blautia_obeum	147.8520992570
PWY-6386: UDP-N-acetylmuramoyl-pentapeptide biosynthesis II (lysine-containing)|g__Anaerostipes.s__Anaerostipes_hadrus	101.6939993809
PWY-6386: UDP-N-acetylmuramoyl-pentapeptide biosynthesis II (lysine-containing)|g__Collinsella.s__Collinsella_aerofaciens	54.7235435084
PWY-6386: UDP-N-acetylmuramoyl-pentapeptide biosynthesis II (lysine-containing)|g__Blautia.s__Blautia_wexlerae	50.7299881858
PWY-6386: UDP-N-acetylmuramoyl-pentapeptide biosynthesis II (lysine-containing)|g__Dorea.s__Dorea_longicatena	48.2224547286
PWY-6386: UDP-N-acetylmuramoyl-pentapeptide biosynthesis II (lysine-containing)|g__Lachnospiraceae_unclassified.s__Eubacterium_rectale	47.5992374246
PWY66-429: fatty acid biosynthesis initiation (mitochondria)	1023.6119820789
PWY66-429: fatty acid biosynthesis initiation (mitochondria)|unclassified	360.9690541675
PWY66-429: fatty acid biosynthesis initiation (mitochondria)|g__Anaerostipes.s__Anaerostipes_hadrus	97.6753410992
PWY66-429: fatty acid biosynthesis initiation (mitochondria)|g__Blautia.s__Blautia_obeum	83.1181244817
PWY66-429: fatty acid biosynthesis initiation (mitochondria)|g__Dorea.s__Dorea_longicatena	46.9745582646
PWY66-429: fatty acid biosynthesis initiation (mitochondria)|g__Blautia.s__Blautia_wexlerae	29.4255620917
PWY66-429: fatty acid biosynthesis initiation (mitochondria)|g__Ruminococcaceae_unclassified.s__Eubacterium_siraeum	13.7213341011
PWY66-429: fatty acid biosynthesis initiation (mitochondria)|g__Clostridiales_unclassified.s__Clostridiales_bacterium_KLE1615	11.7623285378
PWY66-429: fatty acid biosynthesis initiation (mitochondria)|g__Bacteroides.s__Bacteroides_dorei	3.5248106781
PEPTIDOGLYCANSYN-PWY: peptidoglycan biosynthesis I (meso-diaminopimelate containing)	1011.2774778516
PEPTIDOGLYCANSYN-PWY: peptidoglycan biosynthesis I (meso-diaminopimelate containing)|unclassified	300.0124723220
PEPTIDOGLYCANSYN-PWY: peptidoglycan biosynthesis I (meso-diaminopimelate containing)|g__Blautia.s__Blautia_obeum	146.5719779261
PEPTIDOGLYCANSYN-PWY: peptidoglycan biosynthesis I (meso-diaminopimelate containing)|g__Anaerostipes.s__Anaerostipes_hadrus	101.5785162137
PEPTIDOGLYCANSYN-PWY: peptidoglycan biosynthesis I (meso-diaminopimelate containing)|g__Dorea.s__Dorea_longicatena	54.0539401831
PEPTIDOGLYCANSYN-PWY: peptidoglycan biosynthesis I (meso-diaminopimelate containing)|g__Collinsella.s__Collinsella_aerofaciens	50.6055481711
PEPTIDOGLYCANSYN-PWY: peptidoglycan biosynthesis I (meso-diaminopimelate containing)|g__Lachnospiraceae_unclassified.s__Eubacterium_rectale	42.9535568376
PEPTIDOGLYCANSYN-PWY: peptidoglycan biosynthesis I (meso-diaminopimelate containing)|g__Blautia.s__Blautia_wexlerae	41.8112353270
PEPTIDOGLYCANSYN-PWY: peptidoglycan biosynthesis I (meso-diaminopimelate containing)|g__Akkermansia.s__Akkermansia_muciniphila	36.3657375885
PWY-6387: UDP-N-acetylmuramoyl-pentapeptide biosynthesis I (meso-diaminopimelate containing)	1008.4227453042
PWY-6387: UDP-N-acetylmuramoyl-pentapeptide biosynthesis I (meso-diaminopimelate containing)|unclassified	293.3944947591
PWY-6387: UDP-N-acetylmuramoyl-pentapeptide biosynthesis I (meso-diaminopimelate containing)|g__Blautia.s__Blautia_obeum	149.8505648740
PWY-6387: UDP-N-acetylmuramoyl-pentapeptide biosynthesis I (meso-diaminopimelate containing)|g__Anaerostipes.s__Anaerostipes_hadrus	96.1021812661
PWY-6387: UDP-N-acetylmuramoyl-pentapeptide biosynthesis I (meso-diaminopimelate containing)|g__Collinsella.s__Collinsella_aerofaciens	53.1101685724
PWY-6387: UDP-N-acetylmuramoyl-pentapeptide biosynthesis I (meso-diaminopimelate containing)|g__Dorea.s__Dorea_longicatena	52.6057613695
PWY-6387: UDP-N-acetylmuramoyl-pentapeptide biosynthesis I (meso-diaminopimelate containing)|g__Blautia.s__Blautia_wexlerae	47.3003539278
PWY-6387: UDP-N-acetylmuramoyl-pentapeptide biosynthesis I (meso-diaminopimelate containing)|g__Lachnospiraceae_unclassified.s__Eubacterium_rectale	45.8948733623
PWY-6387: UDP-N-acetylmuramoyl-pentapeptide biosynthesis I (meso-diaminopimelate containing)|g__Akkermansia.s__Akkermansia_muciniphila	36.4494108192
ARGSYN-PWY: L-arginine biosynthesis I (via L-ornithine)	1007.1438177410
ARGSYN-PWY: L-arginine biosynthesis I (via L-ornithine)|unclassified	307.7180384236
ARGSYN-PWY: L-arginine biosynthesis I (via L-ornithine)|g__Anaerostipes.s__Anaerostipes_hadrus	82.6487323076
ARGSYN-PWY: L-arginine biosynthesis I (via L-ornithine)|g__Blautia.s__Blautia_wexlerae	70.3162602463
ARGSYN-PWY: L-arginine biosynthesis I (via L-ornithine)|g__Blautia.s__Blautia_obeum	58.5147920899
ARGSYN-PWY: L-arginine biosynthesis I (via L-ornithine)|g__Dorea.s__Dorea_longicatena	56.3120190545
ARGSYN-PWY: L-arginine biosynthesis I (via L-ornithine)|g__Lachnospiraceae_unclassified.s__Eubacterium_rectale	53.7073688383
ARGSYN-PWY: L-arginine biosynthesis I (via L-ornithine)|g__Collinsella.s__Collinsella_aerofaciens	37.0847028254
ARGSYN-PWY: L-arginine biosynthesis I (via L-ornithine)|g__Gemmiger.s__Gemmiger_formicilis	26.8249905481
PWY-6151: S-adenosyl-L-methionine salvage I	998.9086617934
PWY-6151: S-adenosyl-L-methionine salvage I|unclassified	305.7214267679
PWY-6151: S-adenosyl-L-methionine salvage I|g__Ruminococcus.s__Ruminococcus_bromii	151.2046504524
PWY-6151: S-adenosyl-L-methionine salvage I|g__Anaerostipes.s__Anaerostipes_hadrus	130.1948544792
PWY-6151: S-adenosyl-L-methionine salvage I|g__Dorea.s__Dorea_longicatena	126.0833710672
PWY-6151: S-adenosyl-L-methionine salvage I|g__Blautia.s__Blautia_obeum	72.4021189480
PWY-6151: S-adenosyl-L-methionine salvage I|g__Lachnospiraceae_unclassified.s__Eubacterium_rectale	65.0666505024
PWY-6151: S-adenosyl-L-methionine salvage I|g__Blautia.s__Blautia_wexlerae	61.5181107771
BRANCHED-CHAIN-AA-SYN-PWY: superpathway of branched chain amino acid biosynthesis	993.7041991186
BRANCHED-CHAIN-AA-SYN-PWY: superpathway of branched chain amino acid biosynthesis|unclassified	240.8942438406
BRANCHED-CHAIN-AA-SYN-PWY: superpathway of branched chain amino acid biosynthesis|g__Blautia.s__Blautia_obeum	108.1658778225
BRANCHED-CHAIN-AA-SYN-PWY: superpathway of branched chain amino acid biosynthesis|g__Anaerostipes.s__Anaerostipes_hadrus	93.4003594841
BRANCHED-CHAIN-AA-SYN-PWY: superpathway of branched chain amino acid biosynthesis|g__Dorea.s__Dorea_longicatena	75.1291681132
BRANCHED-CHAIN-AA-SYN-PWY: superpathway of branched chain amino acid biosynthesis|g__Lachnospiraceae_unclassified.s__Eubacterium_rectale	50.4086294842
BRANCHED-CHAIN-AA-SYN-PWY: superpathway of branched chain amino acid biosynthesis|g__Blautia.s__Blautia_wexlerae	38.1827316024
BRANCHED-CHAIN-AA-SYN-PWY: superpathway of branched chain amino acid biosynthesis|g__Akkermansia.s__Akkermansia_muciniphila	36.5047743756
BRANCHED-CHAIN-AA-SYN-PWY: superpathway of branched chain amino acid biosynthesis|g__Gemmiger.s__Gemmiger_formicilis	24.7534584400
BRANCHED-CHAIN-AA-SYN-PWY: superpathway of branched chain amino acid biosynthesis|g__Asaccharobacter.s__Asaccharobacter_celatus	16.1022692010
BRANCHED-CHAIN-AA-SYN-PWY: superpathway of branched chain amino acid biosynthesis|g__Roseburia.s__Roseburia_hominis	10.7771417569
BRANCHED-CHAIN-AA-SYN-PWY: superpathway of branched chain amino acid biosynthesis|g__Roseburia.s__Roseburia_intestinalis	5.9407229488
NONMEVIPP-PWY: methylerythritol phosphate pathway I	988.6601123613
NONMEVIPP-PWY: methylerythritol phosphate pathway I|unclassified	300.5089292622
NONMEVIPP-PWY: methylerythritol phosphate pathway I|g__Ruminococcus.s__Ruminococcus_bromii	133.5577604180
NONMEVIPP-PWY: methylerythritol phosphate pathway I|g__Blautia.s__Blautia_obeum	122.4306192178
NONMEVIPP-PWY: methylerythritol phosphate pathway I|g__Anaerostipes.s__Anaerostipes_hadrus	105.7810936274
NONMEVIPP-PWY: methylerythritol phosphate pathway I|g__Dorea.s__Dorea_longicatena	57.6854792262
NONMEVIPP-PWY: methylerythritol phosphate pathway I|g__Collinsella.s__Collinsella_aerofaciens	41.8492948434
NONMEVIPP-PWY: methylerythritol phosphate pathway I|g__Blautia.s__Blautia_wexlerae	40.8572973388
PWY-5686: UMP biosynthesis I	976.1078573019
PWY-5686: UMP biosynthesis I|unclassified	252.1218132899
PWY-5686: UMP biosynthesis I|g__Anaerostipes.s__Anaerostipes_hadrus	83.1450763236
PWY-5686: UMP biosynthesis I|g__Blautia.s__Blautia_obeum	67.9733660789
PWY-5686: UMP biosynthesis I|g__Blautia.s__Blautia_wexlerae	51.5777717565
PWY-5686: UMP biosynthesis I|g__Lachnospiraceae_unclassified.s__Eubacterium_rectale	45.2508720899
PWY-5686: UMP biosynthesis I|g__Collinsella.s__Collinsella_aerofaciens	34.6387443887
PWY-5686: UMP biosynthesis I|g__Akkermansia.s__Akkermansia_muciniphila	26.9373272816
PWY-5686: UMP biosynthesis I|g__Gemmiger.s__Gemmiger_formicilis	21.4641801837
PWY-5686: UMP biosynthesis I|g__Ruminococcaceae_unclassified.s__Eubacterium_siraeum	13.0261515883
PWY-5686: UMP biosynthesis I|g__Roseburia.s__Roseburia_intestinalis	9.3889017105
PWY-5686: UMP biosynthesis I|g__Roseburia.s__Roseburia_hominis	7.3733104230
PWY-7790: UMP biosynthesis II	976.1078573019
PWY-7790: UMP biosynthesis II|unclassified	252.1218132899
PWY-7790: UMP biosynthesis II|g__Anaerostipes.s__Anaerostipes_hadrus	83.1450763236
PWY-7790: UMP biosynthesis II|g__Blautia.s__Blautia_obeum	67.9733660789
PWY-7790: UMP biosynthesis II|g__Blautia.s__Blautia_wexlerae	51.5777717565
PWY-7790: UMP biosynthesis II|g__Lachnospiraceae_unclassified.s__Eubacterium_rectale	45.2508720899
PWY-7790: UMP biosynthesis II|g__Collinsella.s__Collinsella_aerofaciens	34.6387443887
PWY-7790: UMP biosynthesis II|g__Akkermansia.s__Akkermansia_muciniphila	22.6722741222
PWY-7790: UMP biosynthesis II|g__Gemmiger.s__Gemmiger_formicilis	21.4641801837
PWY-7790: UMP biosynthesis II|g__Ruminococcaceae_unclassified.s__Eubacterium_siraeum	13.0261515883
PWY-7790: UMP biosynthesis II|g__Roseburia.s__Roseburia_intestinalis	9.3889017105
PWY-7790: UMP biosynthesis II|g__Roseburia.s__Roseburia_hominis	7.3733104230
PWY-7791: UMP biosynthesis III	976.1078573019
PWY-7791: UMP biosynthesis III|unclassified	252.1218132899
PWY-7791: UMP biosynthesis III|g__Anaerostipes.s__Anaerostipes_hadrus	83.1450763236
PWY-7791: UMP biosynthesis III|g__Blautia.s__Blautia_obeum	67.9733660789
PWY-7791: UMP biosynthesis III|g__Blautia.s__Blautia_wexlerae	51.5777717565
PWY-7791: UMP biosynthesis III|g__Lachnospiraceae_unclassified.s__Eubacterium_rectale	45.2508720899
PWY-7791: UMP biosynthesis III|g__Collinsella.s__Collinsella_aerofaciens	34.6387443887
PWY-7791: UMP biosynthesis III|g__Akkermansia.s__Akkermansia_muciniphila	22.6722741222
PWY-7791: UMP biosynthesis III|g__Gemmiger.s__Gemmiger_formicilis	21.4641801837
PWY-7791: UMP biosynthesis III|g__Ruminococcaceae_unclassified.s__Eubacterium_siraeum	13.0261515883
PWY-7791: UMP biosynthesis III|g__Roseburia.s__Roseburia_intestinalis	9.3889017105
PWY-7791: UMP biosynthesis III|g__Roseburia.s__Roseburia_hominis	7.3733104230
DTDPRHAMSYN-PWY: dTDP-&beta;-L-rhamnose biosynthesis	971.4726171737
DTDPRHAMSYN-PWY: dTDP-&beta;-L-rhamnose biosynthesis|unclassified	412.8435671067
DTDPRHAMSYN-PWY: dTDP-&beta;-L-rhamnose biosynthesis|g__Blautia.s__Blautia_obeum	128.8945040990
DTDPRHAMSYN-PWY: dTDP-&beta;-L-rhamnose biosynthesis|g__Anaerostipes.s__Anaerostipes_hadrus	73.4757602342
DTDPRHAMSYN-PWY: dTDP-&beta;-L-rhamnose biosynthesis|g__Lachnospiraceae_unclassified.s__Eubacterium_rectale	51.1601976096
DTDPRHAMSYN-PWY: dTDP-&beta;-L-rhamnose biosynthesis|g__Akkermansia.s__Akkermansia_muciniphila	47.6509177664
DTDPRHAMSYN-PWY: dTDP-&beta;-L-rhamnose biosynthesis|g__Dorea.s__Dorea_longicatena	46.6941407173
DTDPRHAMSYN-PWY: dTDP-&beta;-L-rhamnose biosynthesis|g__Collinsella.s__Collinsella_aerofaciens	39.8562613743
DTDPRHAMSYN-PWY: dTDP-&beta;-L-rhamnose biosynthesis|g__Blautia.s__Blautia_wexlerae	37.2938096654
DTDPRHAMSYN-PWY: dTDP-&beta;-L-rhamnose biosynthesis|g__Gemmiger.s__Gemmiger_formicilis	25.0402100303
DTDPRHAMSYN-PWY: dTDP-&beta;-L-rhamnose biosynthesis|g__Clostridiales_unclassified.s__Clostridiales_bacterium_KLE1615	11.6044929258
DTDPRHAMSYN-PWY: dTDP-&beta;-L-rhamnose biosynthesis|g__Roseburia.s__Roseburia_intestinalis	10.2027407750
DTDPRHAMSYN-PWY: dTDP-&beta;-L-rhamnose biosynthesis|g__Ruminococcus.s__Ruminococcus_sp_AF31_8BH	8.9998335977
PWY-5103: L-isoleucine biosynthesis III	966.6135732639
PWY-5103: L-isoleucine biosynthesis III|unclassified	232.8559681581
PWY-5103: L-isoleucine biosynthesis III|g__Anaerostipes.s__Anaerostipes_hadrus	90.9983747938
PWY-5103: L-isoleucine biosynthesis III|g__Blautia.s__Blautia_obeum	83.6467525040
PWY-5103: L-isoleucine biosynthesis III|g__Dorea.s__Dorea_longicatena	68.4263908723
PWY-5103: L-isoleucine biosynthesis III|g__Lachnospiraceae_unclassified.s__Eubacterium_rectale	48.6986330653
PWY-5103: L-isoleucine biosynthesis III|g__Blautia.s__Blautia_wexlerae	34.7003618723
PWY-5103: L-isoleucine biosynthesis III|g__Akkermansia.s__Akkermansia_muciniphila	33.0656112044
PWY-5103: L-isoleucine biosynthesis III|g__Gemmiger.s__Gemmiger_formicilis	22.7158954696
PWY-5103: L-isoleucine biosynthesis III|g__Asaccharobacter.s__Asaccharobacter_celatus	14.7872506709
PWY-5103: L-isoleucine biosynthesis III|g__Ruminococcaceae_unclassified.s__Eubacterium_siraeum	14.5618980991
PWY-5103: L-isoleucine biosynthesis III|g__Roseburia.s__Roseburia_hominis	8.7468709326
PWY-5103: L-isoleucine biosynthesis III|g__Roseburia.s__Roseburia_intestinalis	5.4563892435
PWY-7111: pyruvate fermentation to isobutanol (engineered)	960.4483010641
PWY-7111: pyruvate fermentation to isobutanol (engineered)|unclassified	227.2181194755
PWY-7111: pyruvate fermentation to isobutanol (engineered)|g__Anaerostipes.s__Anaerostipes_hadrus	106.3211135218
PWY-7111: pyruvate fermentation to isobutanol (engineered)|g__Dorea.s__Dorea_longicatena	77.1346454100
PWY-7111: pyruvate fermentation to isobutanol (engineered)|g__Blautia.s__Blautia_obeum	38.4807770066
PWY-7111: pyruvate fermentation to isobutanol (engineered)|g__Blautia.s__Blautia_wexlerae	29.2025765055
PWY-7111: pyruvate fermentation to isobutanol (engineered)|g__Ruminococcaceae_unclassified.s__Eubacterium_siraeum	11.6025345782
PWY-7111: pyruvate fermentation to isobutanol (engineered)|g__Lachnospiraceae_unclassified.s__Eubacterium_rectale	10.3529163672
PWY-7111: pyruvate fermentation to isobutanol (engineered)|g__Roseburia.s__Roseburia_hominis	8.9668063970
PWY-7111: pyruvate fermentation to isobutanol (engineered)|g__Roseburia.s__Roseburia_intestinalis	4.3635332352
PWY-7111: pyruvate fermentation to isobutanol (engineered)|g__Roseburia.s__Roseburia_inulinivorans	0.9940852214
PWY-6122: 5-aminoimidazole ribonucleotide biosynthesis II	960.0705755960
PWY-6122: 5-aminoimidazole ribonucleotide biosynthesis II|unclassified	249.5191070136
PWY-6122: 5-aminoimidazole ribonucleotide biosynthesis II|g__Blautia.s__Blautia_obeum	145.5745939483
PWY-6122: 5-aminoimidazole ribonucleotide biosynthesis II|g__Ruminococcus.s__Ruminococcus_bromii	127.7666989824
PWY-6122: 5-aminoimidazole ribonucleotide biosynthesis II|g__Anaerostipes.s__Anaerostipes_hadrus	79.0099438756
PWY-6122: 5-aminoimidazole ribonucleotide biosynthesis II|g__Dorea.s__Dorea_longicatena	58.9649770018
PWY-6122: 5-aminoimidazole ribonucleotide biosynthesis II|g__Lachnospiraceae_unclassified.s__Eubacterium_rectale	52.0029809931
PWY-6122: 5-aminoimidazole ribonucleotide biosynthesis II|g__Blautia.s__Blautia_wexlerae	49.2883495390
PWY-6122: 5-aminoimidazole ribonucleotide biosynthesis II|g__Collinsella.s__Collinsella_aerofaciens	47.7548798803
PWY-6122: 5-aminoimidazole ribonucleotide biosynthesis II|g__Akkermansia.s__Akkermansia_muciniphila	27.0622744403
PWY-6122: 5-aminoimidazole ribonucleotide biosynthesis II|g__Gemmiger.s__Gemmiger_formicilis	19.2544423282
PWY-6122: 5-aminoimidazole ribonucleotide biosynthesis II|g__Asaccharobacter.s__Asaccharobacter_celatus	16.2306665045
PWY-6122: 5-aminoimidazole ribonucleotide biosynthesis II|g__Collinsella.s__Collinsella_tanakaei	11.2265752067
PWY-6122: 5-aminoimidazole ribonucleotide biosynthesis II|g__Roseburia.s__Roseburia_hominis	7.0651320223
PWY-6122: 5-aminoimidazole ribonucleotide biosynthesis II|g__Gordonibacter.s__Gordonibacter_pamelaeae	6.6588136352
PWY-6277: superpathway of 5-aminoimidazole ribonucleotide biosynthesis	960.0705755960
PWY-6277: superpathway of 5-aminoimidazole ribonucleotide biosynthesis|unclassified	249.5191070136
PWY-6277: superpathway of 5-aminoimidazole ribonucleotide biosynthesis|g__Blautia.s__Blautia_obeum	145.5745939483
PWY-6277: superpathway of 5-aminoimidazole ribonucleotide biosynthesis|g__Ruminococcus.s__Ruminococcus_bromii	127.7666989824
PWY-6277: superpathway of 5-aminoimidazole ribonucleotide biosynthesis|g__Anaerostipes.s__Anaerostipes_hadrus	79.0099438756
PWY-6277: superpathway of 5-aminoimidazole ribonucleotide biosynthesis|g__Dorea.s__Dorea_longicatena	58.9649770018
PWY-6277: superpathway of 5-aminoimidazole ribonucleotide biosynthesis|g__Lachnospiraceae_unclassified.s__Eubacterium_rectale	52.0029809931
PWY-6277: superpathway of 5-aminoimidazole ribonucleotide biosynthesis|g__Blautia.s__Blautia_wexlerae	49.2883495390
PWY-6277: superpathway of 5-aminoimidazole ribonucleotide biosynthesis|g__Collinsella.s__Collinsella_aerofaciens	47.7548798803
PWY-6277: superpathway of 5-aminoimidazole ribonucleotide biosynthesis|g__Akkermansia.s__Akkermansia_muciniphila	27.0622744403
PWY-6277: superpathway of 5-aminoimidazole ribonucleotide biosynthesis|g__Gemmiger.s__Gemmiger_formicilis	19.2544423282
PWY-6277: superpathway of 5-aminoimidazole ribonucleotide biosynthesis|g__Asaccharobacter.s__Asaccharobacter_celatus	16.2306665045
PWY-6277: superpathway of 5-aminoimidazole ribonucleotide biosynthesis|g__Collinsella.s__Collinsella_tanakaei	11.2265752067
PWY-6277: superpathway of 5-aminoimidazole ribonucleotide biosynthesis|g__Roseburia.s__Roseburia_hominis	7.0651320223
PWY-6277: superpathway of 5-aminoimidazole ribonucleotide biosynthesis|g__Gordonibacter.s__Gordonibacter_pamelaeae	6.6588136352
PWY-5097: L-lysine biosynthesis VI	958.7393640672
PWY-5097: L-lysine biosynthesis VI|unclassified	288.2430454116
PWY-5097: L-lysine biosynthesis VI|g__Blautia.s__Blautia_obeum	131.2799893061
PWY-5097: L-lysine biosynthesis VI|g__Ruminococcus.s__Ruminococcus_bromii	123.3383387276
PWY-5097: L-lysine biosynthesis VI|g__Anaerostipes.s__Anaerostipes_hadrus	84.4856945406
PWY-5097: L-lysine biosynthesis VI|g__Dorea.s__Dorea_longicatena	62.3363111734
PWY-5097: L-lysine biosynthesis VI|g__Blautia.s__Blautia_wexlerae	31.3702764554
PWY-5097: L-lysine biosynthesis VI|g__Akkermansia.s__Akkermansia_muciniphila	22.9326877173
PWY-5097: L-lysine biosynthesis VI|g__Gemmiger.s__Gemmiger_formicilis	15.4726578039
GLUTORN-PWY: L-ornithine biosynthesis I	953.1932860942
GLUTORN-PWY: L-ornithine biosynthesis I|unclassified	298.2409161172
GLUTORN-PWY: L-ornithine biosynthesis I|g__Ruminococcus.s__Ruminococcus_bromii	163.1751205328
GLUTORN-PWY: L-ornithine biosynthesis I|g__Anaerostipes.s__Anaerostipes_hadrus	69.4572304391
GLUTORN-PWY: L-ornithine biosynthesis I|g__Dorea.s__Dorea_longicatena	60.9644414572
GLUTORN-PWY: L-ornithine biosynthesis I|g__Blautia.s__Blautia_obeum	60.6057415163
GLUTORN-PWY: L-ornithine biosynthesis I|g__Lachnospiraceae_unclassified.s__Eubacterium_rectale	40.9898566061
GLUTORN-PWY: L-ornithine biosynthesis I|g__Blautia.s__Blautia_wexlerae	39.8072884203
GLUTORN-PWY: L-ornithine biosynthesis I|g__Collinsella.s__Collinsella_aerofaciens	34.3921419637
GLUTORN-PWY: L-ornithine biosynthesis I|g__Gemmiger.s__Gemmiger_formicilis	16.7945959781
NONOXIPENT-PWY: pentose phosphate pathway (non-oxidative branch) I	952.1781705069
NONOXIPENT-PWY: pentose phosphate pathway (non-oxidative branch) I|unclassified	360.0184778942
NONOXIPENT-PWY: pentose phosphate pathway (non-oxidative branch) I|g__Anaerostipes.s__Anaerostipes_hadrus	195.0527488773
NONOXIPENT-PWY: pentose phosphate pathway (non-oxidative branch) I|g__Blautia.s__Blautia_obeum	75.5837721179
NONOXIPENT-PWY: pentose phosphate pathway (non-oxidative branch) I|g__Blautia.s__Blautia_wexlerae	63.3198869593
NONOXIPENT-PWY: pentose phosphate pathway (non-oxidative branch) I|g__Collinsella.s__Collinsella_aerofaciens	62.1729116598
NONOXIPENT-PWY: pentose phosphate pathway (non-oxidative branch) I|g__Lachnospiraceae_unclassified.s__Eubacterium_rectale	55.9548880645
TRNA-CHARGING-PWY: tRNA charging	943.1865749505
TRNA-CHARGING-PWY: tRNA charging|unclassified	285.1898304276
TRNA-CHARGING-PWY: tRNA charging|g__Anaerostipes.s__Anaerostipes_hadrus	85.6579010228
TRNA-CHARGING-PWY: tRNA charging|g__Lachnospiraceae_unclassified.s__Eubacterium_rectale	52.5121288673
TRNA-CHARGING-PWY: tRNA charging|g__Gemmiger.s__Gemmiger_formicilis	29.4612809887
PWY-6121: 5-aminoimidazole ribonucleotide biosynthesis I	937.9318726812
PWY-6121: 5-aminoimidazole ribonucleotide biosynthesis I|unclassified	262.2333463380
PWY-6121: 5-aminoimidazole ribonucleotide biosynthesis I|g__Ruminococcus.s__Ruminococcus_bromii	131.1249468687
PWY-6121: 5-aminoimidazole ribonucleotide biosynthesis I|g__Blautia.s__Blautia_obeum	98.2543485169
PWY-6121: 5-aminoimidazole ribonucleotide biosynthesis I|g__Anaerostipes.s__Anaerostipes_hadrus	81.8850271943
PWY-6121: 5-aminoimidazole ribonucleotide biosynthesis I|g__Dorea.s__Dorea_longicatena	53.7556760019
PWY-6121: 5-aminoimidazole ribonucleotide biosynthesis I|g__Blautia.s__Blautia_wexlerae	53.0952731344
PWY-6121: 5-aminoimidazole ribonucleotide biosynthesis I|g__Lachnospiraceae_unclassified.s__Eubacterium_rectale	47.0584368636
PWY-6121: 5-aminoimidazole ribonucleotide biosynthesis I|g__Collinsella.s__Collinsella_aerofaciens	45.5779191656
PWY-6121: 5-aminoimidazole ribonucleotide biosynthesis I|g__Akkermansia.s__Akkermansia_muciniphila	24.3356698464
PWY-6121: 5-aminoimidazole ribonucleotide biosynthesis I|g__Gemmiger.s__Gemmiger_formicilis	11.3683657811
PWY-6385: peptidoglycan biosynthesis III (mycobacteria)	914.5442174885
PWY-6385: peptidoglycan biosynthesis III (mycobacteria)|unclassified	270.8714844771
PWY-6385: peptidoglycan biosynthesis III (mycobacteria)|g__Blautia.s__Blautia_obeum	140.6044680384
PWY-6385: peptidoglycan biosynthesis III (mycobacteria)|g__Anaerostipes.s__Anaerostipes_hadrus	98.7250891560
PWY-6385: peptidoglycan biosynthesis III (mycobacteria)|g__Collinsella.s__Collinsella_aerofaciens	50.6182422770
PWY-6385: peptidoglycan biosynthesis III (mycobacteria)|g__Dorea.s__Dorea_longicatena	46.2458285384
PWY-6385: peptidoglycan biosynthesis III (mycobacteria)|g__Lachnospiraceae_unclassified.s__Eubacterium_rectale	45.0728765142
PWY-6385: peptidoglycan biosynthesis III (mycobacteria)|g__Blautia.s__Blautia_wexlerae	34.8864462167
PWY-7357: thiamine phosphate formation from pyrithiamine and oxythiamine (yeast)	910.5324275325
PWY-7357: thiamine phosphate formation from pyrithiamine and oxythiamine (yeast)|unclassified	231.6736586173
PWY-7357: thiamine phosphate formation from pyrithiamine and oxythiamine (yeast)|g__Blautia.s__Blautia_obeum	137.6714482464
PWY-7357: thiamine phosphate formation from pyrithiamine and oxythiamine (yeast)|g__Anaerostipes.s__Anaerostipes_hadrus	96.6077316383
PWY-7357: thiamine phosphate formation from pyrithiamine and oxythiamine (yeast)|g__Dorea.s__Dorea_longicatena	57.5399923119
PWY-7357: thiamine phosphate formation from pyrithiamine and oxythiamine (yeast)|g__Lachnospiraceae_unclassified.s__Eubacterium_rectale	53.7457490819
PWY-7357: thiamine phosphate formation from pyrithiamine and oxythiamine (yeast)|g__Collinsella.s__Collinsella_aerofaciens	41.0579070428
PWY-7357: thiamine phosphate formation from pyrithiamine and oxythiamine (yeast)|g__Ruminococcaceae_unclassified.s__Eubacterium_siraeum	11.4495278353
PWY-7357: thiamine phosphate formation from pyrithiamine and oxythiamine (yeast)|g__Roseburia.s__Roseburia_intestinalis	9.8346076159
PWY-7357: thiamine phosphate formation from pyrithiamine and oxythiamine (yeast)|g__Roseburia.s__Roseburia_hominis	7.1732220874
PWY-7357: thiamine phosphate formation from pyrithiamine and oxythiamine (yeast)|g__Blautia.s__Blautia_wexlerae	4.2236229693
PWY-6609: adenine and adenosine salvage III	904.3714495085
PWY-6609: adenine and adenosine salvage III|unclassified	286.1892399977
PWY-6609: adenine and adenosine salvage III|g__Blautia.s__Blautia_obeum	116.5595495500
PWY-6609: adenine and adenosine salvage III|g__Anaerostipes.s__Anaerostipes_hadrus	99.1449966290
PWY-6609: adenine and adenosine salvage III|g__Dorea.s__Dorea_longicatena	74.7160028126
PWY-6609: adenine and adenosine salvage III|g__Blautia.s__Blautia_wexlerae	53.6077653022
PWY-6609: adenine and adenosine salvage III|g__Lachnospiraceae_unclassified.s__Eubacterium_rectale	40.7424232276
PWY-6609: adenine and adenosine salvage III|g__Gemmiger.s__Gemmiger_formicilis	22.1107358139
PWY-6609: adenine and adenosine salvage III|g__Collinsella.s__Collinsella_tanakaei	16.5208228244
PWY-6609: adenine and adenosine salvage III|g__Clostridiales_unclassified.s__Clostridiales_bacterium_KLE1615	16.0340013750
PWY-6270: isoprene biosynthesis I	887.6677823977
PWY-6270: isoprene biosynthesis I|unclassified	270.8512424649
PWY-6270: isoprene biosynthesis I|g__Anaerostipes.s__Anaerostipes_hadrus	100.2571745930
PWY-6270: isoprene biosynthesis I|g__Blautia.s__Blautia_obeum	82.9999835739
PWY-6270: isoprene biosynthesis I|g__Dorea.s__Dorea_longicatena	53.7221975524
PWY-6270: isoprene biosynthesis I|g__Collinsella.s__Collinsella_aerofaciens	38.1753657152
PWY-7560: methylerythritol phosphate pathway II	881.8633443758
PWY-7560: methylerythritol phosphate pathway II|unclassified	265.5671730028
PWY-7560: methylerythritol phosphate pathway II|g__Blautia.s__Blautia_obeum	122.4306192178
PWY-7560: methylerythritol phosphate pathway II|g__Anaerostipes.s__Anaerostipes_hadrus	97.9946662636
PWY-7560: methylerythritol phosphate pathway II|g__Dorea.s__Dorea_longicatena	53.8523579028
PWY-7560: methylerythritol phosphate pathway II|g__Collinsella.s__Collinsella_aerofaciens	38.1733213662
PWY-7953: UDP-N-acetylmuramoyl-pentapeptide biosynthesis III (meso-diaminopimelate containing)	881.7760100694
PWY-7953: UDP-N-acetylmuramoyl-pentapeptide biosynthesis III (meso-diaminopimelate containing)|unclassified	264.6025548794
PWY-7953: UDP-N-acetylmuramoyl-pentapeptide biosynthesis III (meso-diaminopimelate containing)|g__Blautia.s__Blautia_obeum	143.3575344106
PWY-7953: UDP-N-acetylmuramoyl-pentapeptide biosynthesis III (meso-diaminopimelate containing)|g__Anaerostipes.s__Anaerostipes_hadrus	92.7025022675
PWY-7953: UDP-N-acetylmuramoyl-pentapeptide biosynthesis III (meso-diaminopimelate containing)|g__Dorea.s__Dorea_longicatena	43.3880887627
PWY-7953: UDP-N-acetylmuramoyl-pentapeptide biosynthesis III (meso-diaminopimelate containing)|g__Blautia.s__Blautia_wexlerae	41.2021635426
PWY-7953: UDP-N-acetylmuramoyl-pentapeptide biosynthesis III (meso-diaminopimelate containing)|g__Lachnospiraceae_unclassified.s__Eubacterium_rectale	40.5243762412
PWY-7953: UDP-N-acetylmuramoyl-pentapeptide biosynthesis III (meso-diaminopimelate containing)|g__Akkermansia.s__Akkermansia_muciniphila	36.0395802901
PWY-3841: folate transformations II (plants)	865.5833914775
PWY-3841: folate transformations II (plants)|unclassified	246.0456071648
PWY-3841: folate transformations II (plants)|g__Anaerostipes.s__Anaerostipes_hadrus	71.4509495127
PWY-3841: folate transformations II (plants)|g__Blautia.s__Blautia_wexlerae	45.4296379929
PWY-3841: folate transformations II (plants)|g__Lachnospiraceae_unclassified.s__Eubacterium_rectale	40.9690804700
PWY-3841: folate transformations II (plants)|g__Akkermansia.s__Akkermansia_muciniphila	31.3076865854
PWY-3841: folate transformations II (plants)|g__Dorea.s__Dorea_longicatena	28.3159553225
PWY-3841: folate transformations II (plants)|g__Ruminococcaceae_unclassified.s__Eubacterium_siraeum	20.7248351624
PWY-3841: folate transformations II (plants)|g__Blautia.s__Blautia_obeum	12.4719758825
PWY-3841: folate transformations II (plants)|g__Bacteroides.s__Bacteroides_stercoris	3.6439499636
PWY-5667: CDP-diacylglycerol biosynthesis I	836.5146732684
PWY-5667: CDP-diacylglycerol biosynthesis I|unclassified	279.1711334011
PWY-5667: CDP-diacylglycerol biosynthesis I|g__Blautia.s__Blautia_obeum	122.1245117609
PWY-5667: CDP-diacylglycerol biosynthesis I|g__Anaerostipes.s__Anaerostipes_hadrus	76.9594594529
PWY-5667: CDP-diacylglycerol biosynthesis I|g__Dorea.s__Dorea_longicatena	39.5173598591
PWY-5667: CDP-diacylglycerol biosynthesis I|g__Lachnospiraceae_unclassified.s__Eubacterium_rectale	36.3888826715
PWY-5667: CDP-diacylglycerol biosynthesis I|g__Blautia.s__Blautia_wexlerae	33.8969421833
PWY-5667: CDP-diacylglycerol biosynthesis I|g__Clostridiales_unclassified.s__Clostridiales_bacterium_KLE1615	15.6606099983
PWY0-1319: CDP-diacylglycerol biosynthesis II	836.5146732684
PWY0-1319: CDP-diacylglycerol biosynthesis II|unclassified	279.1711334011
PWY0-1319: CDP-diacylglycerol biosynthesis II|g__Blautia.s__Blautia_obeum	122.1245117609
PWY0-1319: CDP-diacylglycerol biosynthesis II|g__Anaerostipes.s__Anaerostipes_hadrus	76.9594594529
PWY0-1319: CDP-diacylglycerol biosynthesis II|g__Dorea.s__Dorea_longicatena	39.5173598591
PWY0-1319: CDP-diacylglycerol biosynthesis II|g__Lachnospiraceae_unclassified.s__Eubacterium_rectale	36.3888826715
PWY0-1319: CDP-diacylglycerol biosynthesis II|g__Blautia.s__Blautia_wexlerae	33.8969421833
PWY0-1319: CDP-diacylglycerol biosynthesis II|g__Clostridiales_unclassified.s__Clostridiales_bacterium_KLE1615	15.6606099983
PWY0-1296: purine ribonucleosides degradation	825.1721609154
PWY0-1296: purine ribonucleosides degradation|unclassified	216.1819594902
PWY0-1296: purine ribonucleosides degradation|g__Blautia.s__Blautia_obeum	213.2778803891
PWY0-1296: purine ribonucleosides degradation|g__Dorea.s__Dorea_longicatena	100.2725592058
PWY0-1296: purine ribonucleosides degradation|g__Anaerostipes.s__Anaerostipes_hadrus	81.0333191379
PWY0-1296: purine ribonucleosides degradation|g__Blautia.s__Blautia_wexlerae	55.7593955099
PWY0-1296: purine ribonucleosides degradation|g__Lachnospiraceae_unclassified.s__Eubacterium_rectale	52.8587453502
PWY0-1296: purine ribonucleosides degradation|g__Gemmiger.s__Gemmiger_formicilis	16.8052677036
PWY0-1296: purine ribonucleosides degradation|g__Clostridiales_unclassified.s__Clostridiales_bacterium_KLE1615	13.6482952128
PWY0-1296: purine ribonucleosides degradation|g__Collinsella.s__Collinsella_tanakaei	13.0793913740
PWY-2942: L-lysine biosynthesis III	817.4407934223
PWY-2942: L-lysine biosynthesis III|unclassified	244.7127060931
PWY-2942: L-lysine biosynthesis III|g__Blautia.s__Blautia_obeum	130.9005989211
PWY-2942: L-lysine biosynthesis III|g__Anaerostipes.s__Anaerostipes_hadrus	86.6909139898
PWY-2942: L-lysine biosynthesis III|g__Dorea.s__Dorea_longicatena	66.9690861988
PWY-2942: L-lysine biosynthesis III|g__Akkermansia.s__Akkermansia_muciniphila	33.4893097793
PWY-2942: L-lysine biosynthesis III|g__Blautia.s__Blautia_wexlerae	28.3542268639
PWY-2942: L-lysine biosynthesis III|g__Erysipelatoclostridium.s__Erysipelatoclostridium_ramosum	11.0275722372
COA-PWY-1: superpathway of coenzyme A biosynthesis III (mammals)	799.5531262351
COA-PWY-1: superpathway of coenzyme A biosynthesis III (mammals)|unclassified	268.5284276641
COA-PWY-1: superpathway of coenzyme A biosynthesis III (mammals)|g__Blautia.s__Blautia_obeum	96.0849932980
COA-PWY-1: superpathway of coenzyme A biosynthesis III (mammals)|g__Anaerostipes.s__Anaerostipes_hadrus	56.6666338765
COA-PWY-1: superpathway of coenzyme A biosynthesis III (mammals)|g__Lachnospiraceae_unclassified.s__Eubacterium_rectale	46.3309191698
COA-PWY-1: superpathway of coenzyme A biosynthesis III (mammals)|g__Dorea.s__Dorea_longicatena	29.4532749020
COA-PWY-1: superpathway of coenzyme A biosynthesis III (mammals)|g__Collinsella.s__Collinsella_aerofaciens	29.0095280792
COA-PWY-1: superpathway of coenzyme A biosynthesis III (mammals)|g__Blautia.s__Blautia_wexlerae	22.8674798706
COA-PWY-1: superpathway of coenzyme A biosynthesis III (mammals)|g__Gemmiger.s__Gemmiger_formicilis	12.8311710313
1CMET2-PWY: folate transformations III (E. coli)	794.1270143831
1CMET2-PWY: folate transformations III (E. coli)|unclassified	218.7117152046
1CMET2-PWY: folate transformations III (E. coli)|g__Anaerostipes.s__Anaerostipes_hadrus	71.0672647225
1CMET2-PWY: folate transformations III (E. coli)|g__Akkermansia.s__Akkermansia_muciniphila	33.6148370603
1CMET2-PWY: folate transformations III (E. coli)|g__Blautia.s__Blautia_obeum	12.5090497954
COA-PWY: coenzyme A biosynthesis I (prokaryotic)	775.7144612361
COA-PWY: coenzyme A biosynthesis I (prokaryotic)|unclassified	299.7396661825
COA-PWY: coenzyme A biosynthesis I (prokaryotic)|g__Blautia.s__Blautia_obeum	107.1583286570
COA-PWY: coenzyme A biosynthesis I (prokaryotic)|g__Anaerostipes.s__Anaerostipes_hadrus	79.6254317483
COA-PWY: coenzyme A biosynthesis I (prokaryotic)|g__Lachnospiraceae_unclassified.s__Eubacterium_rectale	46.7483259317
COA-PWY: coenzyme A biosynthesis I (prokaryotic)|g__Dorea.s__Dorea_longicatena	42.4359487923
COA-PWY: coenzyme A biosynthesis I (prokaryotic)|g__Akkermansia.s__Akkermansia_muciniphila	36.1027176145
COA-PWY: coenzyme A biosynthesis I (prokaryotic)|g__Blautia.s__Blautia_wexlerae	26.8233972274
COA-PWY: coenzyme A biosynthesis I (prokaryotic)|g__Collinsella.s__Collinsella_aerofaciens	25.1901084364
COA-PWY: coenzyme A biosynthesis I (prokaryotic)|g__Gemmiger.s__Gemmiger_formicilis	16.5952561854
P41-PWY: pyruvate fermentation to acetate and (S)-lactate I	773.1028748851
P41-PWY: pyruvate fermentation to acetate and (S)-lactate I|unclassified	169.0353850220
P41-PWY: pyruvate fermentation to acetate and (S)-lactate I|g__Anaerostipes.s__Anaerostipes_hadrus	108.4087019568
P41-PWY: pyruvate fermentation to acetate and (S)-lactate I|g__Blautia.s__Blautia_obeum	102.5625751609
P41-PWY: pyruvate fermentation to acetate and (S)-lactate I|g__Collinsella.s__Collinsella_aerofaciens	57.4370544168
P41-PWY: pyruvate fermentation to acetate and (S)-lactate I|g__Lachnospiraceae_unclassified.s__Eubacterium_rectale	39.9642233431
P41-PWY: pyruvate fermentation to acetate and (S)-lactate I|g__Ruminococcus.s__Ruminococcus_sp_AF31_8BH	20.5704627105
P41-PWY: pyruvate fermentation to acetate and (S)-lactate I|g__Blautia.s__Blautia_wexlerae	11.2553324081
P41-PWY: pyruvate fermentation to acetate and (S)-lactate I|g__Roseburia.s__Roseburia_hominis	5.0524482570
PWY-5100: pyruvate fermentation to acetate and lactate II	773.1028748851
PWY-5100: pyruvate fermentation to acetate and lactate II|unclassified	169.0353850220
PWY-5100: pyruvate fermentation to acetate and lactate II|g__Anaerostipes.s__Anaerostipes_hadrus	141.3696179619
PWY-5100: pyruvate fermentation to acetate and lactate II|g__Blautia.s__Blautia_obeum	102.5625751609
PWY-5100: pyruvate fermentation to acetate and lactate II|g__Collinsella.s__Collinsella_aerofaciens	57.4370544168
PWY-5100: pyruvate fermentation to acetate and lactate II|g__Lachnospiraceae_unclassified.s__Eubacterium_rectale	39.9642233431
PWY-5100: pyruvate fermentation to acetate and lactate II|g__Ruminococcus.s__Ruminococcus_sp_AF31_8BH	20.5704627105
PWY-5100: pyruvate fermentation to acetate and lactate II|g__Blautia.s__Blautia_wexlerae	11.2553324081
PWY-5100: pyruvate fermentation to acetate and lactate II|g__Roseburia.s__Roseburia_hominis	5.0524482570
PWY-724: superpathway of L-lysine, L-threonine and L-methionine biosynthesis II	754.8785245063
PWY-724: superpathway of L-lysine, L-threonine and L-methionine biosynthesis II|unclassified	263.3173060838
PWY-724: superpathway of L-lysine, L-threonine and L-methionine biosynthesis II|g__Blautia.s__Blautia_obeum	100.9721370613
PWY-724: superpathway of L-lysine, L-threonine and L-methionine biosynthesis II|g__Anaerostipes.s__Anaerostipes_hadrus	81.2661680610
PWY-724: superpathway of L-lysine, L-threonine and L-methionine biosynthesis II|g__Dorea.s__Dorea_longicatena	53.2422800435
PWY-6317: D-galactose degradation I (Leloir pathway)	748.2087714838
PWY-6317: D-galactose degradation I (Leloir pathway)|unclassified	235.9918182296
PWY-6317: D-galactose degradation I (Leloir pathway)|g__Anaerostipes.s__Anaerostipes_hadrus	107.5129039786
PWY-6317: D-galactose degradation I (Leloir pathway)|g__Blautia.s__Blautia_obeum	79.5513676394
PWY-6317: D-galactose degradation I (Leloir pathway)|g__Dorea.s__Dorea_longicatena	54.6564525568
PWY-6317: D-galactose degradation I (Leloir pathway)|g__Blautia.s__Blautia_wexlerae	50.1827443015
PWY-6317: D-galactose degradation I (Leloir pathway)|g__Collinsella.s__Collinsella_aerofaciens	26.0857867246
PWY-7851: coenzyme A biosynthesis II (eukaryotic)	739.9883369660
PWY-7851: coenzyme A biosynthesis II (eukaryotic)|unclassified	243.2055638012
PWY-7851: coenzyme A biosynthesis II (eukaryotic)|g__Blautia.s__Blautia_obeum	107.1583286570
PWY-7851: coenzyme A biosynthesis II (eukaryotic)|g__Anaerostipes.s__Anaerostipes_hadrus	49.0455463297
PWY-7851: coenzyme A biosynthesis II (eukaryotic)|g__Lachnospiraceae_unclassified.s__Eubacterium_rectale	46.7483259317
PWY-7851: coenzyme A biosynthesis II (eukaryotic)|g__Dorea.s__Dorea_longicatena	29.4596810366
PWY-7851: coenzyme A biosynthesis II (eukaryotic)|g__Collinsella.s__Collinsella_aerofaciens	25.1901084364
PWY-7851: coenzyme A biosynthesis II (eukaryotic)|g__Blautia.s__Blautia_wexlerae	23.0385385050
PWY-7851: coenzyme A biosynthesis II (eukaryotic)|g__Gemmiger.s__Gemmiger_formicilis	13.3568404685
SER-GLYSYN-PWY: superpathway of L-serine and glycine biosynthesis I	713.3720875493
SER-GLYSYN-PWY: superpathway of L-serine and glycine biosynthesis I|unclassified	195.9519352047
SER-GLYSYN-PWY: superpathway of L-serine and glycine biosynthesis I|g__Blautia.s__Blautia_wexlerae	72.9557941473
SER-GLYSYN-PWY: superpathway of L-serine and glycine biosynthesis I|g__Blautia.s__Blautia_obeum	56.3890392054
SER-GLYSYN-PWY: superpathway of L-serine and glycine biosynthesis I|g__Dorea.s__Dorea_longicatena	49.4839963261
SER-GLYSYN-PWY: superpathway of L-serine and glycine biosynthesis I|g__Anaerostipes.s__Anaerostipes_hadrus	47.6297536177
SER-GLYSYN-PWY: superpathway of L-serine and glycine biosynthesis I|g__Collinsella.s__Collinsella_aerofaciens	45.0784405468
SER-GLYSYN-PWY: superpathway of L-serine and glycine biosynthesis I|g__Ruminococcaceae_unclassified.s__Eubacterium_siraeum	16.3800104342
SER-GLYSYN-PWY: superpathway of L-serine and glycine biosynthesis I|g__Asaccharobacter.s__Asaccharobacter_celatus	11.3734115146
SER-GLYSYN-PWY: superpathway of L-serine and glycine biosynthesis I|g__Gordonibacter.s__Gordonibacter_pamelaeae	6.2926889501
SER-GLYSYN-PWY: superpathway of L-serine and glycine biosynthesis I|g__Ruminococcus.s__Ruminococcus_sp_AF31_8BH	3.9523968184
HSERMETANA-PWY: L-methionine biosynthesis III	693.3587487605
HSERMETANA-PWY: L-methionine biosynthesis III|unclassified	183.4188984364
HSERMETANA-PWY: L-methionine biosynthesis III|g__Anaerostipes.s__Anaerostipes_hadrus	90.6313156012
HSERMETANA-PWY: L-methionine biosynthesis III|g__Blautia.s__Blautia_obeum	74.3883586787
HSERMETANA-PWY: L-methionine biosynthesis III|g__Dorea.s__Dorea_longicatena	71.6680957746
HSERMETANA-PWY: L-methionine biosynthesis III|g__Blautia.s__Blautia_wexlerae	52.5859573267
HSERMETANA-PWY: L-methionine biosynthesis III|g__Akkermansia.s__Akkermansia_muciniphila	37.9362669077
PWY-6700: queuosine biosynthesis I (de novo)	692.3877312155
PWY-6700: queuosine biosynthesis I (de novo)|unclassified	216.6514161822
PWY-6700: queuosine biosynthesis I (de novo)|g__Ruminococcus.s__Ruminococcus_bromii	122.6675619944
PWY-6700: queuosine biosynthesis I (de novo)|g__Anaerostipes.s__Anaerostipes_hadrus	76.7189380037
PWY-6700: queuosine biosynthesis I (de novo)|g__Blautia.s__Blautia_obeum	50.7251272172
PWY-6700: queuosine biosynthesis I (de novo)|g__Akkermansia.s__Akkermansia_muciniphila	48.9698183876
PWY-6700: queuosine biosynthesis I (de novo)|g__Lachnospiraceae_unclassified.s__Eubacterium_rectale	44.4529585464
PWY-6700: queuosine biosynthesis I (de novo)|g__Collinsella.s__Collinsella_aerofaciens	34.9627876314
PWY-6700: queuosine biosynthesis I (de novo)|g__Blautia.s__Blautia_wexlerae	21.9754073904
PWY-6700: queuosine biosynthesis I (de novo)|g__Gemmiger.s__Gemmiger_formicilis	15.6731364499
PWY-6823: molybdopterin biosynthesis	690.4906014328
PWY-6823: molybdopterin biosynthesis|unclassified	267.0657261382
PWY-6823: molybdopterin biosynthesis|g__Blautia.s__Blautia_obeum	179.4031232437
PWY-6823: molybdopterin biosynthesis|g__Anaerostipes.s__Anaerostipes_hadrus	77.3469857853
PWY-6823: molybdopterin biosynthesis|g__Lachnospiraceae_unclassified.s__Eubacterium_rectale	36.3493774310
PWY-6823: molybdopterin biosynthesis|g__Clostridiales_unclassified.s__Clostridiales_bacterium_KLE1615	9.5406660260
HISTSYN-PWY: L-histidine biosynthesis	683.4802806049
HISTSYN-PWY: L-histidine biosynthesis|unclassified	193.0883313634
HISTSYN-PWY: L-histidine biosynthesis|g__Ruminococcus.s__Ruminococcus_bromii	118.6818972054
HISTSYN-PWY: L-histidine biosynthesis|g__Blautia.s__Blautia_obeum	65.9151221051
HISTSYN-PWY: L-histidine biosynthesis|g__Collinsella.s__Collinsella_aerofaciens	29.8222876299
PANTOSYN-PWY: superpathway of coenzyme A biosynthesis I (bacteria)	665.2964411354
PANTOSYN-PWY: superpathway of coenzyme A biosynthesis I (bacteria)|unclassified	189.6718766814
PANTOSYN-PWY: superpathway of coenzyme A biosynthesis I (bacteria)|g__Anaerostipes.s__Anaerostipes_hadrus	93.5516351552
PANTOSYN-PWY: superpathway of coenzyme A biosynthesis I (bacteria)|g__Blautia.s__Blautia_obeum	84.1778010499
PANTOSYN-PWY: superpathway of coenzyme A biosynthesis I (bacteria)|g__Lachnospiraceae_unclassified.s__Eubacterium_rectale	48.7082252120
PANTOSYN-PWY: superpathway of coenzyme A biosynthesis I (bacteria)|g__Dorea.s__Dorea_longicatena	38.3818340436
PANTOSYN-PWY: superpathway of coenzyme A biosynthesis I (bacteria)|g__Akkermansia.s__Akkermansia_muciniphila	37.5754301809
PANTOSYN-PWY: superpathway of coenzyme A biosynthesis I (bacteria)|g__Blautia.s__Blautia_wexlerae	28.8241114236
PWY-3001: superpathway of L-isoleucine biosynthesis I	655.1362606491
PWY-3001: superpathway of L-isoleucine biosynthesis I|unclassified	212.1990387927
PWY-6123: inosine-5'-phosphate biosynthesis I	639.2247088459
PWY-6123: inosine-5'-phosphate biosynthesis I|unclassified	174.6025601436
PWY-6123: inosine-5'-phosphate biosynthesis I|g__Anaerostipes.s__Anaerostipes_hadrus	86.3215866840
PWY-6123: inosine-5'-phosphate biosynthesis I|g__Blautia.s__Blautia_wexlerae	72.6193877522
PWY-6123: inosine-5'-phosphate biosynthesis I|g__Blautia.s__Blautia_obeum	46.1975345737
PWY-6123: inosine-5'-phosphate biosynthesis I|g__Collinsella.s__Collinsella_aerofaciens	40.8560404038
PWY-6123: inosine-5'-phosphate biosynthesis I|g__Akkermansia.s__Akkermansia_muciniphila	34.3931784316
PWY-6123: inosine-5'-phosphate biosynthesis I|g__Ruminococcus.s__Ruminococcus_sp_AF31_8BH	17.3251079678
PWY-6123: inosine-5'-phosphate biosynthesis I|g__Gordonibacter.s__Gordonibacter_pamelaeae	6.8550038059
PWY-6123: inosine-5'-phosphate biosynthesis I|g__Eggerthella.s__Eggerthella_lenta	1.9593287093
PWY-7977: L-methionine biosynthesis IV	628.0531920257
PWY-7977: L-methionine biosynthesis IV|unclassified	226.3665582961
PWY-7977: L-methionine biosynthesis IV|g__Anaerostipes.s__Anaerostipes_hadrus	86.8977240450
PWY-7977: L-methionine biosynthesis IV|g__Collinsella.s__Collinsella_aerofaciens	44.3120928100
PWY-7977: L-methionine biosynthesis IV|g__Dorea.s__Dorea_longicatena	41.4205584912
PWY-7977: L-methionine biosynthesis IV|g__Akkermansia.s__Akkermansia_muciniphila	17.6417532898
PANTO-PWY: phosphopantothenate biosynthesis I	627.0573831605
PANTO-PWY: phosphopantothenate biosynthesis I|unclassified	159.9477701327
PANTO-PWY: phosphopantothenate biosynthesis I|g__Anaerostipes.s__Anaerostipes_hadrus	120.8601666711
PANTO-PWY: phosphopantothenate biosynthesis I|g__Blautia.s__Blautia_obeum	66.7221171758
PANTO-PWY: phosphopantothenate biosynthesis I|g__Lachnospiraceae_unclassified.s__Eubacterium_rectale	47.8672417350
PANTO-PWY: phosphopantothenate biosynthesis I|g__Akkermansia.s__Akkermansia_muciniphila	42.4103300399
PANTO-PWY: phosphopantothenate biosynthesis I|g__Dorea.s__Dorea_longicatena	41.9914562423
PANTO-PWY: phosphopantothenate biosynthesis I|g__Blautia.s__Blautia_wexlerae	30.4177854809
PYRIDNUCSYN-PWY: NAD de novo biosynthesis I (from aspartate)	622.5671229688
PYRIDNUCSYN-PWY: NAD de novo biosynthesis I (from aspartate)|unclassified	177.5508185749
PYRIDNUCSYN-PWY: NAD de novo biosynthesis I (from aspartate)|g__Anaerostipes.s__Anaerostipes_hadrus	87.8022968243
PYRIDNUCSYN-PWY: NAD de novo biosynthesis I (from aspartate)|g__Dorea.s__Dorea_longicatena	35.4660543320
PYRIDNUCSYN-PWY: NAD de novo biosynthesis I (from aspartate)|g__Blautia.s__Blautia_obeum	30.3371262180
PWY-6527: stachyose degradation	614.3295143804
PWY-6527: stachyose degradation|unclassified	215.0697766976
PWY-6527: stachyose degradation|g__Blautia.s__Blautia_obeum	76.1634159483
PWY-6527: stachyose degradation|g__Blautia.s__Blautia_wexlerae	59.3990624623
PWY-6527: stachyose degradation|g__Lachnospiraceae_unclassified.s__Eubacterium_rectale	47.2421597148
PWY-6527: stachyose degradation|g__Roseburia.s__Roseburia_hominis	7.5257182626
PWY-6936: seleno-amino acid biosynthesis (plants)	606.0648489692
PWY-6936: seleno-amino acid biosynthesis (plants)|g__Anaerostipes.s__Anaerostipes_hadrus	122.7220079808
PWY-6936: seleno-amino acid biosynthesis (plants)|unclassified	51.6731173842
PWY-7400: L-arginine biosynthesis IV (archaebacteria)	605.8155662167
PWY-7400: L-arginine biosynthesis IV (archaebacteria)|unclassified	264.1476913206
PWY-6124: inosine-5'-phosphate biosynthesis II	587.3599966907
PWY-6124: inosine-5'-phosphate biosynthesis II|unclassified	155.4218390587
PWY-6124: inosine-5'-phosphate biosynthesis II|g__Anaerostipes.s__Anaerostipes_hadrus	86.0063891770
PWY-6124: inosine-5'-phosphate biosynthesis II|g__Blautia.s__Blautia_wexlerae	75.1455895686
PWY-6124: inosine-5'-phosphate biosynthesis II|g__Blautia.s__Blautia_obeum	43.0349873485
PWY-6124: inosine-5'-phosphate biosynthesis II|g__Collinsella.s__Collinsella_aerofaciens	38.4046885464
PWY-6124: inosine-5'-phosphate biosynthesis II|g__Akkermansia.s__Akkermansia_muciniphila	32.1974869703
PWY-6124: inosine-5'-phosphate biosynthesis II|g__Ruminococcus.s__Ruminococcus_sp_AF31_8BH	15.5436342820
PWY-6124: inosine-5'-phosphate biosynthesis II|g__Gordonibacter.s__Gordonibacter_pamelaeae	6.5109278450
PWY-6124: inosine-5'-phosphate biosynthesis II|g__Eggerthella.s__Eggerthella_lenta	1.6696333804
PWY-5188: tetrapyrrole biosynthesis I (from glutamate)	582.6391673550
PWY-5188: tetrapyrrole biosynthesis I (from glutamate)|g__Ruminococcus.s__Ruminococcus_bromii	141.5315564292
PWY-5188: tetrapyrrole biosynthesis I (from glutamate)|g__Anaerostipes.s__Anaerostipes_hadrus	73.9575017345
PWY-5188: tetrapyrrole biosynthesis I (from glutamate)|unclassified	58.6994975432
PWY-5188: tetrapyrrole biosynthesis I (from glutamate)|g__Blautia.s__Blautia_obeum	57.7474719339
PWY-5188: tetrapyrrole biosynthesis I (from glutamate)|g__Blautia.s__Blautia_wexlerae	50.6238174946
PWY-5188: tetrapyrrole biosynthesis I (from glutamate)|g__Akkermansia.s__Akkermansia_muciniphila	23.8326522228
RIBOSYN2-PWY: flavin biosynthesis I (bacteria and plants)	573.4101348638
RIBOSYN2-PWY: flavin biosynthesis I (bacteria and plants)|g__Blautia.s__Blautia_obeum	90.7362387405
RIBOSYN2-PWY: flavin biosynthesis I (bacteria and plants)|unclassified	85.9608513413
RIBOSYN2-PWY: flavin biosynthesis I (bacteria and plants)|g__Anaerostipes.s__Anaerostipes_hadrus	70.5401348229
RIBOSYN2-PWY: flavin biosynthesis I (bacteria and plants)|g__Lachnospiraceae_unclassified.s__Eubacterium_rectale	42.4122805045
RIBOSYN2-PWY: flavin biosynthesis I (bacteria and plants)|g__Dorea.s__Dorea_longicatena	40.1318902075
RIBOSYN2-PWY: flavin biosynthesis I (bacteria and plants)|g__Blautia.s__Blautia_wexlerae	35.8827074293
PWY-7237: myo-, chiro- and scyllo-inositol degradation	565.6760096338
PWY-7237: myo-, chiro- and scyllo-inositol degradation|g__Dorea.s__Dorea_longicatena	218.6126193228
PWY-7237: myo-, chiro- and scyllo-inositol degradation|g__Anaerostipes.s__Anaerostipes_hadrus	196.6131663704
PWY-7237: myo-, chiro- and scyllo-inositol degradation|unclassified	160.7678667672
PWY-7237: myo-, chiro- and scyllo-inositol degradation|g__Blautia.s__Blautia_obeum	125.3593710563
PWY-7237: myo-, chiro- and scyllo-inositol degradation|g__Lachnospiraceae_unclassified.s__Eubacterium_rectale	47.8668582126
PWY-7237: myo-, chiro- and scyllo-inositol degradation|g__Blautia.s__Blautia_wexlerae	25.2069986826
PWY-7237: myo-, chiro- and scyllo-inositol degradation|g__Roseburia.s__Roseburia_intestinalis	9.7158383261
PWY-7237: myo-, chiro- and scyllo-inositol degradation|g__Agathobaculum.s__Agathobaculum_butyriciproducens	7.8407764306
PWY-7237: myo-, chiro- and scyllo-inositol degradation|g__Roseburia.s__Roseburia_hominis	4.5753514220
PWY-1861: formaldehyde assimilation II (assimilatory RuMP Cycle)	555.8374755684
PWY-1861: formaldehyde assimilation II (assimilatory RuMP Cycle)|g__Anaerostipes.s__Anaerostipes_hadrus	185.5925965682
PWY-1861: formaldehyde assimilation II (assimilatory RuMP Cycle)|unclassified	157.6694939136
PWY-1861: formaldehyde assimilation II (assimilatory RuMP Cycle)|g__Blautia.s__Blautia_obeum	55.4040318095
THRESYN-PWY: superpathway of L-threonine biosynthesis	547.5161858256
THRESYN-PWY: superpathway of L-threonine biosynthesis|unclassified	230.1514310529
THRESYN-PWY: superpathway of L-threonine biosynthesis|g__Anaerostipes.s__Anaerostipes_hadrus	49.9930939644
THRESYN-PWY: superpathway of L-threonine biosynthesis|g__Blautia.s__Blautia_obeum	48.7865436080
THRESYN-PWY: superpathway of L-threonine biosynthesis|g__Collinsella.s__Collinsella_aerofaciens	47.4645919846
PWY-5695: inosine 5'-phosphate degradation	512.9230123282
PWY-5695: inosine 5'-phosphate degradation|unclassified	126.2162891722
PWY-5695: inosine 5'-phosphate degradation|g__Anaerostipes.s__Anaerostipes_hadrus	92.7491923706
PWY-5695: inosine 5'-phosphate degradation|g__Blautia.s__Blautia_obeum	61.2723648920
PWY-5695: inosine 5'-phosphate degradation|g__Dorea.s__Dorea_longicatena	56.6561783402
PWY-5695: inosine 5'-phosphate degradation|g__Blautia.s__Blautia_wexlerae	34.3893582019
PWY-5695: inosine 5'-phosphate degradation|g__Clostridiales_unclassified.s__Clostridiales_bacterium_KLE1615	8.8634514553
COBALSYN-PWY: superpathway of adenosylcobalamin salvage from cobinamide I	465.5035847790
COBALSYN-PWY: superpathway of adenosylcobalamin salvage from cobinamide I|unclassified	127.9827461870
COBALSYN-PWY: superpathway of adenosylcobalamin salvage from cobinamide I|g__Blautia.s__Blautia_obeum	117.5567185059
COBALSYN-PWY: superpathway of adenosylcobalamin salvage from cobinamide I|g__Dorea.s__Dorea_longicatena	50.9700630032
COBALSYN-PWY: superpathway of adenosylcobalamin salvage from cobinamide I|g__Blautia.s__Blautia_wexlerae	24.4135855580
OANTIGEN-PWY: O-antigen building blocks biosynthesis (E. coli)	405.0014581450
OANTIGEN-PWY: O-antigen building blocks biosynthesis (E. coli)|unclassified	106.7791135138
OANTIGEN-PWY: O-antigen building blocks biosynthesis (E. coli)|g__Collinsella.s__Collinsella_aerofaciens	46.3557849177
PWY-7328: superpathway of UDP-glucose-derived O-antigen building blocks biosynthesis	397.4022055620
PWY-7328: superpathway of UDP-glucose-derived O-antigen building blocks biosynthesis|unclassified	148.7524397848
METH-ACETATE-PWY: methanogenesis from acetate	393.6750326940
METH-ACETATE-PWY: methanogenesis from acetate|unclassified	94.5392072045
METH-ACETATE-PWY: methanogenesis from acetate|g__Blautia.s__Blautia_obeum	85.5812754296
METH-ACETATE-PWY: methanogenesis from acetate|g__Blautia.s__Blautia_wexlerae	42.6803716852
METH-ACETATE-PWY: methanogenesis from acetate|g__Ruminococcus.s__Ruminococcus_sp_AF31_8BH	22.4942861682
PWY-7199: pyrimidine deoxyribonucleosides salvage	385.9484705340
PWY-7199: pyrimidine deoxyribonucleosides salvage|unclassified	232.1929865832
PWY0-1586: peptidoglycan maturation (meso-diaminopimelate containing)	379.7230737132
PWY0-1586: peptidoglycan maturation (meso-diaminopimelate containing)|g__Anaerostipes.s__Anaerostipes_hadrus	130.4322927438
PWY0-1586: peptidoglycan maturation (meso-diaminopimelate containing)|unclassified	125.7262562644
PWY0-1586: peptidoglycan maturation (meso-diaminopimelate containing)|g__Lachnospiraceae_unclassified.s__Eubacterium_rectale	58.7752673592
PWY0-1586: peptidoglycan maturation (meso-diaminopimelate containing)|g__Collinsella.s__Collinsella_aerofaciens	47.1234279624
ASPASN-PWY: superpathway of L-aspartate and L-asparagine biosynthesis	366.5801582702
ASPASN-PWY: superpathway of L-aspartate and L-asparagine biosynthesis|unclassified	95.9433626001
ASPASN-PWY: superpathway of L-aspartate and L-asparagine biosynthesis|g__Blautia.s__Blautia_obeum	38.6622186393
ASPASN-PWY: superpathway of L-aspartate and L-asparagine biosynthesis|g__Blautia.s__Blautia_wexlerae	5.7769909995
PWY-6731: starch degradation III	346.0050946769
PWY-6731: starch degradation III|unclassified	136.8312874683
PWY-6731: starch degradation III|g__Blautia.s__Blautia_obeum	107.1896641410
PWY-6731: starch degradation III|g__Blautia.s__Blautia_wexlerae	51.8263464475
PWY-6703: preQ0 biosynthesis	311.2662522999
PWY-6703: preQ0 biosynthesis|unclassified	75.2554743770
PWY-6703: preQ0 biosynthesis|g__Anaerostipes.s__Anaerostipes_hadrus	70.1973899434
PWY-6703: preQ0 biosynthesis|g__Blautia.s__Blautia_obeum	60.7266603801
PWY-6703: preQ0 biosynthesis|g__Akkermansia.s__Akkermansia_muciniphila	40.5371660584
P461-PWY: hexitol fermentation to lactate, formate, ethanol and acetate	309.1650116694
P461-PWY: hexitol fermentation to lactate, formate, ethanol and acetate|g__Anaerostipes.s__Anaerostipes_hadrus	147.8498064768
P461-PWY: hexitol fermentation to lactate, formate, ethanol and acetate|unclassified	101.7736881860
GLUCONEO-PWY: gluconeogenesis I	302.8493395420
PWY-5676: acetyl-CoA fermentation to butanoate II	293.1105640754
PWY-5676: acetyl-CoA fermentation to butanoate II|g__Anaerostipes.s__Anaerostipes_hadrus	137.9520793526
PWY-5676: acetyl-CoA fermentation to butanoate II|unclassified	34.9697318542
PWY-6608: guanosine nucleotides degradation III	289.3616232253
PWY-6608: guanosine nucleotides degradation III|unclassified	112.1184120226
PWY-6608: guanosine nucleotides degradation III|g__Anaerostipes.s__Anaerostipes_hadrus	92.7491923706
PWY-6608: guanosine nucleotides degradation III|g__Blautia.s__Blautia_obeum	63.2624355300
PWY-6608: guanosine nucleotides degradation III|g__Blautia.s__Blautia_wexlerae	30.2778686948
PWY-6353: purine nucleotides degradation II (aerobic)	285.3412209666
PWY-6353: purine nucleotides degradation II (aerobic)|unclassified	85.8782654036
PWY-7208: superpathway of pyrimidine nucleobases salvage	267.5746861367
PWY-7208: superpathway of pyrimidine nucleobases salvage|g__Anaerostipes.s__Anaerostipes_hadrus	105.1046032909
PWY-7208: superpathway of pyrimidine nucleobases salvage|g__Collinsella.s__Collinsella_aerofaciens	34.1336766256
PWY-7208: superpathway of pyrimidine nucleobases salvage|g__Blautia.s__Blautia_obeum	32.1120807484
PWY-7208: superpathway of pyrimidine nucleobases salvage|unclassified	19.0613224472
PWY-7208: superpathway of pyrimidine nucleobases salvage|g__Asaccharobacter.s__Asaccharobacter_celatus	10.3017675340
DAPLYSINESYN-PWY: L-lysine biosynthesis I	266.4216897272
UDPNAGSYN-PWY: UDP-N-acetyl-D-glucosamine biosynthesis I	263.9954627974
UDPNAGSYN-PWY: UDP-N-acetyl-D-glucosamine biosynthesis I|unclassified	63.8129174143
UDPNAGSYN-PWY: UDP-N-acetyl-D-glucosamine biosynthesis I|g__Collinsella.s__Collinsella_aerofaciens	63.3481562002
UDPNAGSYN-PWY: UDP-N-acetyl-D-glucosamine biosynthesis I|g__Ruminococcaceae_unclassified.s__Eubacterium_siraeum	13.2011322080
PWY-8187: L-arginine degradation XIII (reductive Stickland reaction)	258.1113114285
PWY-8187: L-arginine degradation XIII (reductive Stickland reaction)|unclassified	128.8827067514
LACTOSECAT-PWY: lactose and galactose degradation I	257.5798653578
LACTOSECAT-PWY: lactose and galactose degradation I|unclassified	89.7392750202
LACTOSECAT-PWY: lactose and galactose degradation I|g__Anaerostipes.s__Anaerostipes_hadrus	64.0056254202
LACTOSECAT-PWY: lactose and galactose degradation I|g__Collinsella.s__Collinsella_aerofaciens	57.6067536322
PWY-I9: L-cysteine biosynthesis VI (from L-methionine)	257.0274578726
PWY-I9: L-cysteine biosynthesis VI (from L-methionine)|unclassified	101.5601071455
PWY-I9: L-cysteine biosynthesis VI (from L-methionine)|g__Anaerostipes.s__Anaerostipes_hadrus	80.4215696539
PWY-6628: superpathway of L-phenylalanine biosynthesis	254.2575798266
PWY-7229: superpathway of adenosine nucleotides de novo biosynthesis I	248.6678415192
PWY-7229: superpathway of adenosine nucleotides de novo biosynthesis I|unclassified	36.5341803061
P164-PWY: purine nucleobases degradation I (anaerobic)	247.5463296039
P164-PWY: purine nucleobases degradation I (anaerobic)|unclassified	36.4491994402
COLANSYN-PWY: colanic acid building blocks biosynthesis	245.9510607059
COLANSYN-PWY: colanic acid building blocks biosynthesis|unclassified	55.6978746726
PWY-2941: L-lysine biosynthesis II	242.2766891615
PWY-2941: L-lysine biosynthesis II|unclassified	80.7054985664
PWY-841: superpathway of purine nucleotides de novo biosynthesis I	238.5431838140
PWY-841: superpathway of purine nucleotides de novo biosynthesis I|unclassified	36.6865920384
PWY-702: L-methionine biosynthesis II	228.8780766024
PWY-702: L-methionine biosynthesis II|unclassified	50.0573450793
PWY0-162: superpathway of pyrimidine ribonucleotides de novo biosynthesis	217.8155233127
SALVADEHYPOX-PWY: adenosine nucleotides degradation II	202.7921448993
SALVADEHYPOX-PWY: adenosine nucleotides degradation II|g__Anaerostipes.s__Anaerostipes_hadrus	94.3236011912
SALVADEHYPOX-PWY: adenosine nucleotides degradation II|unclassified	59.4104708895
GOLPDLCAT-PWY: superpathway of glycerol degradation to 1,3-propanediol	196.1103195183
GOLPDLCAT-PWY: superpathway of glycerol degradation to 1,3-propanediol|unclassified	76.4055760868
GOLPDLCAT-PWY: superpathway of glycerol degradation to 1,3-propanediol|g__Anaerostipes.s__Anaerostipes_hadrus	66.2779680313
GLCMANNANAUT-PWY: superpathway of N-acetylglucosamine, N-acetylmannosamine and N-acetylneuraminate degradation	193.2988562791
GLCMANNANAUT-PWY: superpathway of N-acetylglucosamine, N-acetylmannosamine and N-acetylneuraminate degradation|g__Blautia.s__Blautia_obeum	57.5046489501
GLCMANNANAUT-PWY: superpathway of N-acetylglucosamine, N-acetylmannosamine and N-acetylneuraminate degradation|unclassified	20.4429067280
PWY-5659: GDP-mannose biosynthesis	187.1084507191
PWY-5659: GDP-mannose biosynthesis|g__Blautia.s__Blautia_obeum	75.4731551968
PWY-5659: GDP-mannose biosynthesis|unclassified	41.1496656516
PWY-5659: GDP-mannose biosynthesis|g__Roseburia.s__Roseburia_intestinalis	9.2316916469
PWY-6606: guanosine nucleotides degradation II	185.7106474573
PWY-6606: guanosine nucleotides degradation II|unclassified	60.4576426255
GLYCOLYSIS: glycolysis I (from glucose 6-phosphate)	185.6947935014
PWY-6126: superpathway of adenosine nucleotides de novo biosynthesis II	181.4634106602
PWY-6126: superpathway of adenosine nucleotides de novo biosynthesis II|unclassified	26.3658493693
PPGPPMET-PWY: ppGpp metabolism	178.8379441394
THISYNARA-PWY: superpathway of thiamine diphosphate biosynthesis III (eukaryotes)	175.3351055104
THISYNARA-PWY: superpathway of thiamine diphosphate biosynthesis III (eukaryotes)|g__Lachnospiraceae_unclassified.s__Eubacterium_rectale	40.7521337421
THISYNARA-PWY: superpathway of thiamine diphosphate biosynthesis III (eukaryotes)|g__Roseburia.s__Roseburia_hominis	7.6951554364
THISYNARA-PWY: superpathway of thiamine diphosphate biosynthesis III (eukaryotes)|g__Roseburia.s__Roseburia_intestinalis	7.6619906269
PWY-6292: superpathway of L-cysteine biosynthesis (mammalian)	173.4392267310
PWY-6292: superpathway of L-cysteine biosynthesis (mammalian)|unclassified	65.2045939056
PWY-6897: thiamine diphosphate salvage II	166.7506980196
PWY-6897: thiamine diphosphate salvage II|g__Lachnospiraceae_unclassified.s__Eubacterium_rectale	44.1298162959
GALACTITOLCAT-PWY: galactitol degradation	162.7696763902
GALACTITOLCAT-PWY: galactitol degradation|g__Anaerostipes.s__Anaerostipes_hadrus	133.6096866841
PWY-7282: 4-amino-2-methyl-5-diphosphomethylpyrimidine biosynthesis II	161.1066447064
P124-PWY: Bifidobacterium shunt	160.9607161248
P124-PWY: Bifidobacterium shunt|g__Collinsella.s__Collinsella_aerofaciens	46.6699170612
PWY-5973: cis-vaccenate biosynthesis	159.0936799311
PWY-5973: cis-vaccenate biosynthesis|unclassified	92.9176985711
PWY-7228: superpathway of guanosine nucleotides de novo biosynthesis I	158.2550590950
PWY-7228: superpathway of guanosine nucleotides de novo biosynthesis I|g__Collinsella.s__Collinsella_aerofaciens	44.0655325695
PWY-7228: superpathway of guanosine nucleotides de novo biosynthesis I|unclassified	22.7597281055
PWY0-1261: anhydromuropeptides recycling I	155.4676193648
PWY0-1261: anhydromuropeptides recycling I|unclassified	22.9272973129
PWY66-409: superpathway of purine nucleotide salvage	155.4346691598
PWY66-409: superpathway of purine nucleotide salvage|unclassified	39.6497165822
P185-PWY: formaldehyde assimilation III (dihydroxyacetone cycle)	155.1262119627
P185-PWY: formaldehyde assimilation III (dihydroxyacetone cycle)|unclassified	64.0325871586
ANAEROFRUCAT-PWY: homolactic fermentation	149.7208826357
PWY-5154: L-arginine biosynthesis III (via N-acetyl-L-citrulline)	144.8985058758
PWY-5154: L-arginine biosynthesis III (via N-acetyl-L-citrulline)|unclassified	122.1218375400
PWY-7013: (S)-propane-1,2-diol degradation	138.9798841959
PWY-7013: (S)-propane-1,2-diol degradation|unclassified	104.0073364081
PWY-4041: &gamma;-glutamyl cycle	138.2548675740
PWY-4041: &gamma;-glutamyl cycle|unclassified	77.2833420998
PWY1ZNC-1: assimilatory sulfate reduction IV	134.2660500564
PWY1ZNC-1: assimilatory sulfate reduction IV|unclassified	64.9751191328
PWY-6125: superpathway of guanosine nucleotides de novo biosynthesis II	133.6893870815
PWY-6125: superpathway of guanosine nucleotides de novo biosynthesis II|unclassified	19.1839308189
PWY0-1479: tRNA processing	132.8476581734
PWY0-1479: tRNA processing|unclassified	21.0840303293
PWY-7663: gondoate biosynthesis (anaerobic)	130.8613559231
PWY-7663: gondoate biosynthesis (anaerobic)|unclassified	23.8933074979
FUCCAT-PWY: fucose degradation	130.5736577392
PWY-7383: anaerobic energy metabolism (invertebrates, cytosol)	130.4033896767
PWY-5384: sucrose degradation IV (sucrose phosphorylase)	128.8845791035
PWY-5384: sucrose degradation IV (sucrose phosphorylase)|g__Anaerostipes.s__Anaerostipes_hadrus	86.7034365508
PWY-621: sucrose degradation III (sucrose invertase)	128.7080309698
PWY-621: sucrose degradation III (sucrose invertase)|g__Anaerostipes.s__Anaerostipes_hadrus	102.2726850678
RHAMCAT-PWY: L-rhamnose degradation I	119.6089442348
RHAMCAT-PWY: L-rhamnose degradation I|unclassified	61.2754518611
RHAMCAT-PWY: L-rhamnose degradation I|g__Asaccharobacter.s__Asaccharobacter_celatus	17.8143923109
RHAMCAT-PWY: L-rhamnose degradation I|g__Roseburia.s__Roseburia_hominis	6.8362015394
RHAMCAT-PWY: L-rhamnose degradation I|g__Roseburia.s__Roseburia_intestinalis	6.2683754332
PWY-7323: superpathway of GDP-mannose-derived O-antigen building blocks biosynthesis	118.1865694903
PWY-5484: glycolysis II (from fructose 6-phosphate)	117.4596288172
PWY0-1061: superpathway of L-alanine biosynthesis	112.2596574397
PWY0-1061: superpathway of L-alanine biosynthesis|g__Lachnospiraceae_unclassified.s__Eubacterium_rectale	40.7853950370
PWY66-399: gluconeogenesis III	110.2704181248
PWY-7456: &beta;-(1,4)-mannan degradation	106.1047757552
PWY-7456: &beta;-(1,4)-mannan degradation|unclassified	34.2436671431
PWY0-845: superpathway of pyridoxal 5'-phosphate biosynthesis and salvage	104.5884030217
PWY-6470: peptidoglycan biosynthesis V (&beta;-lactam resistance)	102.2109444230
PWY-6470: peptidoglycan biosynthesis V (&beta;-lactam resistance)|unclassified	55.5672971880
PWY-5989: stearate biosynthesis II (bacteria and plants)	97.2641779829
PWY-5989: stearate biosynthesis II (bacteria and plants)|unclassified	29.6221523213
P42-PWY: incomplete reductive TCA cycle	96.6166959751
PWY-5367: petroselinate biosynthesis	92.8597261675
PWY-5367: petroselinate biosynthesis|unclassified	85.8633684065
PWY0-1297: superpathway of purine deoxyribonucleosides degradation	91.6625753632
PWY0-1297: superpathway of purine deoxyribonucleosides degradation|unclassified	77.3787032639
PWY-7197: pyrimidine deoxyribonucleotide phosphorylation	87.8765789998
PWY-7197: pyrimidine deoxyribonucleotide phosphorylation|g__Collinsella.s__Collinsella_aerofaciens	40.4160744572
PWY-7197: pyrimidine deoxyribonucleotide phosphorylation|unclassified	12.8138793791
PWY-7220: adenosine deoxyribonucleotides de novo biosynthesis II	85.1334308808
PWY-7220: adenosine deoxyribonucleotides de novo biosynthesis II|unclassified	11.8429644156
PWY-7222: guanosine deoxyribonucleotides de novo biosynthesis II	85.1334308808
PWY-7222: guanosine deoxyribonucleotides de novo biosynthesis II|unclassified	11.8429644156
PWY-6895: superpathway of thiamine diphosphate biosynthesis II	76.4084010188
P441-PWY: superpathway of N-acetylneuraminate degradation	75.7389967681
PWY-5981: CDP-diacylglycerol biosynthesis III	72.2749734547
PYRIDOXSYN-PWY: pyridoxal 5'-phosphate biosynthesis I	69.5513479486
PWY-8131: 5'-deoxyadenosine degradation II	66.1875814341
PWY-8131: 5'-deoxyadenosine degradation II|unclassified	52.7816654660
PWY-6590: superpathway of Clostridium acetobutylicum acidogenic fermentation	64.8219746943
PWY-7345: superpathway of anaerobic sucrose degradation	62.2750129692
PWY-6969: TCA cycle V (2-oxoglutarate synthase)	62.0152684245
PHOSLIPSYN-PWY: superpathway of phospholipid biosynthesis I (bacteria)	59.1141036034
PHOSLIPSYN-PWY: superpathway of phospholipid biosynthesis I (bacteria)|unclassified	52.0299383186
PWY-7198: pyrimidine deoxyribonucleotides de novo biosynthesis IV	58.8840860941
PWY-7198: pyrimidine deoxyribonucleotides de novo biosynthesis IV|unclassified	13.1367731676
PWY0-1241: ADP-L-glycero-&beta;-D-manno-heptose biosynthesis	56.0311996510
PWY0-1241: ADP-L-glycero-&beta;-D-manno-heptose biosynthesis|g__Akkermansia.s__Akkermansia_muciniphila	44.9671534929
PWY-5345: superpathway of L-methionine biosynthesis (by sulfhydrylation)	50.8064622572
CENTFERM-PWY: pyruvate fermentation to butanoate	49.7150371655
PWY-7115: C4 photosynthetic carbon assimilation cycle, NAD-ME type	48.7354320580
HEXITOLDEGSUPER-PWY: superpathway of hexitol degradation (bacteria)	47.3757031226
PWY-6630: superpathway of L-tyrosine biosynthesis	46.5157791836
PWY-5505: L-glutamate and L-glutamine biosynthesis	45.5039506729
SULFATE-CYS-PWY: superpathway of sulfate assimilation and cysteine biosynthesis	42.4549706160
PWY0-1298: superpathway of pyrimidine deoxyribonucleosides degradation	39.6308624499
PWY-7356: thiamine diphosphate salvage IV (yeast)	38.0908752167
PWY4FS-7: phosphatidylglycerol biosynthesis I (plastidic)	36.4178283386
PWY4FS-7: phosphatidylglycerol biosynthesis I (plastidic)|unclassified	34.0385353292
PWY4FS-8: phosphatidylglycerol biosynthesis II (non-plastidic)	36.4178283386
PWY4FS-8: phosphatidylglycerol biosynthesis II (non-plastidic)|unclassified	34.0385353292
FERMENTATION-PWY: mixed acid fermentation	34.2748668427
PWY-7315: dTDP-N-acetylthomosamine biosynthesis	32.6002608489
PWY-7315: dTDP-N-acetylthomosamine biosynthesis|unclassified	31.1171726210
ARGININE-SYN4-PWY: L-ornithine biosynthesis II	32.1422909788
PWY-5030: L-histidine degradation III	30.8394959536
PWY-5030: L-histidine degradation III|unclassified	18.6983005716
PWY-1269: CMP-3-deoxy-D-manno-octulosonate biosynthesis	28.7697971893
HISDEG-PWY: L-histidine degradation I	27.8050873760
HISDEG-PWY: L-histidine degradation I|unclassified	18.0942696876
PWY-7761: NAD salvage pathway II (PNC IV cycle)	27.3960738940
PWY-7761: NAD salvage pathway II (PNC IV cycle)|unclassified	25.2537935137
PWY-6549: L-glutamine biosynthesis III	25.2502132801
PWY-6902: chitin degradation II (Vibrio)	24.6724308369
PWY-6902: chitin degradation II (Vibrio)|unclassified	22.3012123481
PWY-7117: C4 photosynthetic carbon assimilation cycle, PEPCK type	23.6187591343
PWY-241: C4 photosynthetic carbon assimilation cycle, NADP-ME type	20.5107697605
GLUDEG-I-PWY: GABA shunt	20.2365113242
GLUCUROCAT-PWY: superpathway of &beta;-D-glucuronosides degradation	19.9485427632
GLUCUROCAT-PWY: superpathway of &beta;-D-glucuronosides degradation|unclassified	18.4779166536
SO4ASSIM-PWY: assimilatory sulfate reduction I	19.5112492246
GALACTUROCAT-PWY: D-galacturonate degradation I	17.3007664261
GALACTUROCAT-PWY: D-galacturonate degradation I|unclassified	16.5526483778
PWY-7242: D-fructuronate degradation	14.1243828265
PWY-7242: D-fructuronate degradation|unclassified	13.2203777448
PWY-6507: 4-deoxy-L-threo-hex-4-enopyranuronate degradation	14.0352471573
PWY-6507: 4-deoxy-L-threo-hex-4-enopyranuronate degradation|unclassified	11.8165848237
P105-PWY: TCA cycle IV (2-oxoglutarate decarboxylase)	12.7482610828
PWY-5913: partial TCA cycle (obligate autotrophs)	12.1341326067
NAGLIPASYN-PWY: lipid IVA biosynthesis (E. coli)	10.7715169864
PWY-8073: lipid IVA biosynthesis (P. putida)	10.7715169864
HEMESYN2-PWY: heme b biosynthesis II (oxygen-independent)	9.9959625953