# Pathway	merged_VDM-15174220Week-4_S300_L001__kneaddata_paired_Abundance
UNMAPPED	551248.9342128311
UNINTEGRATED	1096904.3990653516
UNINTEGRATED|unclassified	343724.0037220889
UNINTEGRATED|g__Blautia.s__Blautia_obeum	173793.1288076808
UNINTEGRATED|g__Holdemanella.s__Holdemanella_biformis	102724.1845276751
UNINTEGRATED|g__Blautia.s__Blautia_wexlerae	96013.1547830372
UNINTEGRATED|g__Faecalibacterium.s__Faecalibacterium_prausnitzii	46119.2087103344
UNINTEGRATED|g__Dorea.s__Dorea_longicatena	37378.0269262712
UNINTEGRATED|g__Dorea.s__Dorea_formicigenerans	27612.9691237093
UNINTEGRATED|g__Roseburia.s__Roseburia_inulinivorans	25055.2768588781
UNINTEGRATED|g__Ruminococcaceae_unclassified.s__Eubacterium_siraeum	20786.5674847634
UNINTEGRATED|g__Roseburia.s__Roseburia_intestinalis	19474.9196431703
UNINTEGRATED|g__Dialister.s__Dialister_invisus	17997.6886953856
UNINTEGRATED|g__Bacteroides.s__Bacteroides_vulgatus	14629.5592471562
UNINTEGRATED|g__Ruminococcus.s__Ruminococcus_sp_AF31_8BH	11678.9277436539
UNINTEGRATED|g__Collinsella.s__Collinsella_aerofaciens	10961.9840275050
UNINTEGRATED|g__Methanobrevibacter.s__Methanobrevibacter_smithii	10606.9197420540
UNINTEGRATED|g__Bacteroides.s__Bacteroides_ovatus	9309.2581072194
UNINTEGRATED|g__Slackia.s__Slackia_isoflavoniconvertens	8406.2409310169
UNINTEGRATED|g__Roseburia.s__Roseburia_hominis	7226.6376529350
UNINTEGRATED|g__Agathobaculum.s__Agathobaculum_butyriciproducens	7146.4689136770
UNINTEGRATED|g__Bacteroides.s__Bacteroides_fragilis	5550.2267303050
UNINTEGRATED|g__Asaccharobacter.s__Asaccharobacter_celatus	4350.3133040141
UNINTEGRATED|g__Gemmiger.s__Gemmiger_formicilis	4221.0914180709
UNINTEGRATED|g__Bacteroides.s__Bacteroides_cellulosilyticus	3338.6951033487
UNINTEGRATED|g__Roseburia.s__Roseburia_faecis	2976.5412885899
UNINTEGRATED|g__Bacteroides.s__Bacteroides_dorei	1222.0800584012
PWY-7238: sucrose biosynthesis II	1512.4121997193
PWY-7238: sucrose biosynthesis II|unclassified	599.7654828930
PWY-7238: sucrose biosynthesis II|g__Blautia.s__Blautia_obeum	308.3352147038
PWY-7238: sucrose biosynthesis II|g__Blautia.s__Blautia_wexlerae	167.3628642368
PWY-7238: sucrose biosynthesis II|g__Holdemanella.s__Holdemanella_biformis	161.7601079771
PWY-7238: sucrose biosynthesis II|g__Dorea.s__Dorea_longicatena	53.3133444509
PWY-7238: sucrose biosynthesis II|g__Faecalibacterium.s__Faecalibacterium_prausnitzii	43.5389745128
PWY-7238: sucrose biosynthesis II|g__Ruminococcaceae_unclassified.s__Eubacterium_siraeum	40.0921905798
PWY-7238: sucrose biosynthesis II|g__Collinsella.s__Collinsella_aerofaciens	24.3913030988
PWY-7238: sucrose biosynthesis II|g__Dorea.s__Dorea_formicigenerans	18.2818367019
GLYCOGENSYNTH-PWY: glycogen biosynthesis I (from ADP-D-Glucose)	1425.8555581076
GLYCOGENSYNTH-PWY: glycogen biosynthesis I (from ADP-D-Glucose)|unclassified	538.0554448546
GLYCOGENSYNTH-PWY: glycogen biosynthesis I (from ADP-D-Glucose)|g__Blautia.s__Blautia_wexlerae	208.7708843605
GLYCOGENSYNTH-PWY: glycogen biosynthesis I (from ADP-D-Glucose)|g__Blautia.s__Blautia_obeum	205.6328172665
GLYCOGENSYNTH-PWY: glycogen biosynthesis I (from ADP-D-Glucose)|g__Holdemanella.s__Holdemanella_biformis	167.7892050176
GLYCOGENSYNTH-PWY: glycogen biosynthesis I (from ADP-D-Glucose)|g__Dorea.s__Dorea_longicatena	64.2806113680
GLYCOGENSYNTH-PWY: glycogen biosynthesis I (from ADP-D-Glucose)|g__Faecalibacterium.s__Faecalibacterium_prausnitzii	45.3050537094
GLYCOGENSYNTH-PWY: glycogen biosynthesis I (from ADP-D-Glucose)|g__Ruminococcaceae_unclassified.s__Eubacterium_siraeum	24.4020786453
GLYCOGENSYNTH-PWY: glycogen biosynthesis I (from ADP-D-Glucose)|g__Dorea.s__Dorea_formicigenerans	18.9179472735
GLYCOGENSYNTH-PWY: glycogen biosynthesis I (from ADP-D-Glucose)|g__Ruminococcus.s__Ruminococcus_sp_AF31_8BH	16.0486537016
GLYCOGENSYNTH-PWY: glycogen biosynthesis I (from ADP-D-Glucose)|g__Collinsella.s__Collinsella_aerofaciens	12.1250224784
GLYCOGENSYNTH-PWY: glycogen biosynthesis I (from ADP-D-Glucose)|g__Gemmiger.s__Gemmiger_formicilis	7.7612634518
PWY-5941: glycogen degradation II	1318.9513408510
PWY-5941: glycogen degradation II|unclassified	404.1593689339
PWY-5941: glycogen degradation II|g__Blautia.s__Blautia_obeum	256.2718404298
PWY-5941: glycogen degradation II|g__Blautia.s__Blautia_wexlerae	176.3240246013
PWY-5941: glycogen degradation II|g__Holdemanella.s__Holdemanella_biformis	158.5649365477
PWY-5941: glycogen degradation II|g__Dorea.s__Dorea_longicatena	51.9127732553
PWY-5941: glycogen degradation II|g__Faecalibacterium.s__Faecalibacterium_prausnitzii	42.4635545639
PWY-5941: glycogen degradation II|g__Ruminococcaceae_unclassified.s__Eubacterium_siraeum	37.0493240286
PWY-5941: glycogen degradation II|g__Collinsella.s__Collinsella_aerofaciens	21.2947681779
PWY-5941: glycogen degradation II|g__Dorea.s__Dorea_formicigenerans	17.9771548305
PWY-1042: glycolysis IV	1116.8709207331
PWY-1042: glycolysis IV|unclassified	414.6482872783
PWY-1042: glycolysis IV|g__Blautia.s__Blautia_wexlerae	138.2788977764
PWY-1042: glycolysis IV|g__Blautia.s__Blautia_obeum	61.2544080430
PWY-1042: glycolysis IV|g__Faecalibacterium.s__Faecalibacterium_prausnitzii	44.6391876433
PWY-1042: glycolysis IV|g__Dorea.s__Dorea_longicatena	28.7629822281
PWY-6122: 5-aminoimidazole ribonucleotide biosynthesis II	1100.4657476270
PWY-6122: 5-aminoimidazole ribonucleotide biosynthesis II|unclassified	377.6683668585
PWY-6122: 5-aminoimidazole ribonucleotide biosynthesis II|g__Holdemanella.s__Holdemanella_biformis	204.6033930746
PWY-6122: 5-aminoimidazole ribonucleotide biosynthesis II|g__Blautia.s__Blautia_obeum	187.7722131367
PWY-6122: 5-aminoimidazole ribonucleotide biosynthesis II|g__Blautia.s__Blautia_wexlerae	118.0087089282
PWY-6122: 5-aminoimidazole ribonucleotide biosynthesis II|g__Faecalibacterium.s__Faecalibacterium_prausnitzii	33.4939114109
PWY-6122: 5-aminoimidazole ribonucleotide biosynthesis II|g__Dorea.s__Dorea_longicatena	30.1932160167
PWY-6122: 5-aminoimidazole ribonucleotide biosynthesis II|g__Ruminococcaceae_unclassified.s__Eubacterium_siraeum	22.7083705782
PWY-6122: 5-aminoimidazole ribonucleotide biosynthesis II|g__Dialister.s__Dialister_invisus	20.5645169868
PWY-6122: 5-aminoimidazole ribonucleotide biosynthesis II|g__Slackia.s__Slackia_isoflavoniconvertens	16.7079334891
PWY-6122: 5-aminoimidazole ribonucleotide biosynthesis II|g__Dorea.s__Dorea_formicigenerans	16.3765356275
PWY-6122: 5-aminoimidazole ribonucleotide biosynthesis II|g__Collinsella.s__Collinsella_aerofaciens	15.1667414426
PWY-6122: 5-aminoimidazole ribonucleotide biosynthesis II|g__Methanobrevibacter.s__Methanobrevibacter_smithii	13.3715477705
PWY-6122: 5-aminoimidazole ribonucleotide biosynthesis II|g__Ruminococcus.s__Ruminococcus_sp_AF31_8BH	9.7400266472
PWY-6277: superpathway of 5-aminoimidazole ribonucleotide biosynthesis	1100.4657476270
PWY-6277: superpathway of 5-aminoimidazole ribonucleotide biosynthesis|unclassified	377.6683668585
PWY-6277: superpathway of 5-aminoimidazole ribonucleotide biosynthesis|g__Holdemanella.s__Holdemanella_biformis	204.6033930746
PWY-6277: superpathway of 5-aminoimidazole ribonucleotide biosynthesis|g__Blautia.s__Blautia_obeum	187.7722131367
PWY-6277: superpathway of 5-aminoimidazole ribonucleotide biosynthesis|g__Blautia.s__Blautia_wexlerae	118.0087089282
PWY-6277: superpathway of 5-aminoimidazole ribonucleotide biosynthesis|g__Faecalibacterium.s__Faecalibacterium_prausnitzii	33.4939114109
PWY-6277: superpathway of 5-aminoimidazole ribonucleotide biosynthesis|g__Dorea.s__Dorea_longicatena	30.1932160167
PWY-6277: superpathway of 5-aminoimidazole ribonucleotide biosynthesis|g__Ruminococcaceae_unclassified.s__Eubacterium_siraeum	22.7083705782
PWY-6277: superpathway of 5-aminoimidazole ribonucleotide biosynthesis|g__Dialister.s__Dialister_invisus	20.5645169868
PWY-6277: superpathway of 5-aminoimidazole ribonucleotide biosynthesis|g__Slackia.s__Slackia_isoflavoniconvertens	16.7079334891
PWY-6277: superpathway of 5-aminoimidazole ribonucleotide biosynthesis|g__Dorea.s__Dorea_formicigenerans	16.3765356275
PWY-6277: superpathway of 5-aminoimidazole ribonucleotide biosynthesis|g__Collinsella.s__Collinsella_aerofaciens	15.1667414426
PWY-6277: superpathway of 5-aminoimidazole ribonucleotide biosynthesis|g__Methanobrevibacter.s__Methanobrevibacter_smithii	13.3715477705
PWY-6277: superpathway of 5-aminoimidazole ribonucleotide biosynthesis|g__Ruminococcus.s__Ruminococcus_sp_AF31_8BH	9.7400266472
PWY-6163: chorismate biosynthesis from 3-dehydroquinate	1073.1011735254
PWY-6163: chorismate biosynthesis from 3-dehydroquinate|unclassified	433.1977288678
PWY-6163: chorismate biosynthesis from 3-dehydroquinate|g__Blautia.s__Blautia_obeum	189.2069391915
PWY-6163: chorismate biosynthesis from 3-dehydroquinate|g__Holdemanella.s__Holdemanella_biformis	122.5658398299
PWY-6163: chorismate biosynthesis from 3-dehydroquinate|g__Blautia.s__Blautia_wexlerae	94.1820959442
PWY-6163: chorismate biosynthesis from 3-dehydroquinate|g__Faecalibacterium.s__Faecalibacterium_prausnitzii	45.5860044190
PWY-6163: chorismate biosynthesis from 3-dehydroquinate|g__Ruminococcaceae_unclassified.s__Eubacterium_siraeum	25.9706245302
PWY-6163: chorismate biosynthesis from 3-dehydroquinate|g__Bacteroides.s__Bacteroides_vulgatus	16.4891090441
PWY-6163: chorismate biosynthesis from 3-dehydroquinate|g__Dorea.s__Dorea_formicigenerans	14.6592803452
PWY-6163: chorismate biosynthesis from 3-dehydroquinate|g__Slackia.s__Slackia_isoflavoniconvertens	13.4562469312
PWY-6121: 5-aminoimidazole ribonucleotide biosynthesis I	1069.3697390044
PWY-6121: 5-aminoimidazole ribonucleotide biosynthesis I|unclassified	372.6489489329
PWY-6121: 5-aminoimidazole ribonucleotide biosynthesis I|g__Holdemanella.s__Holdemanella_biformis	201.3982370019
PWY-6121: 5-aminoimidazole ribonucleotide biosynthesis I|g__Blautia.s__Blautia_obeum	154.6629397907
PWY-6121: 5-aminoimidazole ribonucleotide biosynthesis I|g__Blautia.s__Blautia_wexlerae	121.6043852852
PWY-6121: 5-aminoimidazole ribonucleotide biosynthesis I|g__Faecalibacterium.s__Faecalibacterium_prausnitzii	32.0374605575
PWY-6121: 5-aminoimidazole ribonucleotide biosynthesis I|g__Dorea.s__Dorea_longicatena	28.2150997907
PWY-6121: 5-aminoimidazole ribonucleotide biosynthesis I|g__Ruminococcaceae_unclassified.s__Eubacterium_siraeum	21.6396754703
PWY-6121: 5-aminoimidazole ribonucleotide biosynthesis I|g__Dialister.s__Dialister_invisus	21.0606995740
PWY-6121: 5-aminoimidazole ribonucleotide biosynthesis I|g__Slackia.s__Slackia_isoflavoniconvertens	18.5355024570
PWY-6121: 5-aminoimidazole ribonucleotide biosynthesis I|g__Dorea.s__Dorea_formicigenerans	17.5733887062
PWY-6121: 5-aminoimidazole ribonucleotide biosynthesis I|g__Collinsella.s__Collinsella_aerofaciens	15.5598364358
ARO-PWY: chorismate biosynthesis I	1036.3126934341
ARO-PWY: chorismate biosynthesis I|unclassified	391.3596547642
ARO-PWY: chorismate biosynthesis I|g__Blautia.s__Blautia_obeum	186.5831284907
ARO-PWY: chorismate biosynthesis I|g__Holdemanella.s__Holdemanella_biformis	135.7636417374
ARO-PWY: chorismate biosynthesis I|g__Blautia.s__Blautia_wexlerae	84.6072667766
ARO-PWY: chorismate biosynthesis I|g__Faecalibacterium.s__Faecalibacterium_prausnitzii	49.6039611588
ARO-PWY: chorismate biosynthesis I|g__Ruminococcaceae_unclassified.s__Eubacterium_siraeum	23.1820644016
ARO-PWY: chorismate biosynthesis I|g__Dorea.s__Dorea_formicigenerans	16.2350739078
ARO-PWY: chorismate biosynthesis I|g__Bacteroides.s__Bacteroides_vulgatus	13.9505213969
ARO-PWY: chorismate biosynthesis I|g__Slackia.s__Slackia_isoflavoniconvertens	12.1633674616
PWY-6386: UDP-N-acetylmuramoyl-pentapeptide biosynthesis II (lysine-containing)	1014.2870555557
PWY-6386: UDP-N-acetylmuramoyl-pentapeptide biosynthesis II (lysine-containing)|unclassified	383.3598491678
PWY-6386: UDP-N-acetylmuramoyl-pentapeptide biosynthesis II (lysine-containing)|g__Holdemanella.s__Holdemanella_biformis	144.8624827409
PWY-6386: UDP-N-acetylmuramoyl-pentapeptide biosynthesis II (lysine-containing)|g__Blautia.s__Blautia_obeum	141.8544441284
PWY-6386: UDP-N-acetylmuramoyl-pentapeptide biosynthesis II (lysine-containing)|g__Blautia.s__Blautia_wexlerae	126.5551218389
PWY-6386: UDP-N-acetylmuramoyl-pentapeptide biosynthesis II (lysine-containing)|g__Dorea.s__Dorea_longicatena	30.1484807540
PWY-6386: UDP-N-acetylmuramoyl-pentapeptide biosynthesis II (lysine-containing)|g__Faecalibacterium.s__Faecalibacterium_prausnitzii	25.2705724016
PWY-6386: UDP-N-acetylmuramoyl-pentapeptide biosynthesis II (lysine-containing)|g__Slackia.s__Slackia_isoflavoniconvertens	19.6875151966
PWY-6386: UDP-N-acetylmuramoyl-pentapeptide biosynthesis II (lysine-containing)|g__Collinsella.s__Collinsella_aerofaciens	19.0148801837
PWY-6386: UDP-N-acetylmuramoyl-pentapeptide biosynthesis II (lysine-containing)|g__Ruminococcaceae_unclassified.s__Eubacterium_siraeum	18.4479366889
PWY-6386: UDP-N-acetylmuramoyl-pentapeptide biosynthesis II (lysine-containing)|g__Dialister.s__Dialister_invisus	12.1783527927
PWY-7221: guanosine ribonucleotides de novo biosynthesis	1007.0775998479
PWY-7221: guanosine ribonucleotides de novo biosynthesis|unclassified	357.7163636290
PWY-7221: guanosine ribonucleotides de novo biosynthesis|g__Blautia.s__Blautia_wexlerae	178.1963127839
PWY-7221: guanosine ribonucleotides de novo biosynthesis|g__Holdemanella.s__Holdemanella_biformis	150.3009693602
PWY-7221: guanosine ribonucleotides de novo biosynthesis|g__Blautia.s__Blautia_obeum	55.0647038545
PWY-7221: guanosine ribonucleotides de novo biosynthesis|g__Dorea.s__Dorea_longicatena	36.7644868545
PWY-7221: guanosine ribonucleotides de novo biosynthesis|g__Collinsella.s__Collinsella_aerofaciens	20.9163330247
PWY-7221: guanosine ribonucleotides de novo biosynthesis|g__Faecalibacterium.s__Faecalibacterium_prausnitzii	20.5476028352
PWY-7221: guanosine ribonucleotides de novo biosynthesis|g__Dorea.s__Dorea_formicigenerans	15.5520089880
PWY-7221: guanosine ribonucleotides de novo biosynthesis|g__Dialister.s__Dialister_invisus	15.0470743286
PWY-7221: guanosine ribonucleotides de novo biosynthesis|g__Methanobrevibacter.s__Methanobrevibacter_smithii	12.7157584247
PWY-7221: guanosine ribonucleotides de novo biosynthesis|g__Bacteroides.s__Bacteroides_ovatus	9.5910441242
PWY-7221: guanosine ribonucleotides de novo biosynthesis|g__Bacteroides.s__Bacteroides_vulgatus	8.5406032748
PWY-7221: guanosine ribonucleotides de novo biosynthesis|g__Bacteroides.s__Bacteroides_cellulosilyticus	3.8643220682
PEPTIDOGLYCANSYN-PWY: peptidoglycan biosynthesis I (meso-diaminopimelate containing)	991.1506302968
PEPTIDOGLYCANSYN-PWY: peptidoglycan biosynthesis I (meso-diaminopimelate containing)|unclassified	379.6278763039
PEPTIDOGLYCANSYN-PWY: peptidoglycan biosynthesis I (meso-diaminopimelate containing)|g__Blautia.s__Blautia_obeum	154.0530344113
PEPTIDOGLYCANSYN-PWY: peptidoglycan biosynthesis I (meso-diaminopimelate containing)|g__Holdemanella.s__Holdemanella_biformis	139.8806700833
PEPTIDOGLYCANSYN-PWY: peptidoglycan biosynthesis I (meso-diaminopimelate containing)|g__Blautia.s__Blautia_wexlerae	113.4180250544
PEPTIDOGLYCANSYN-PWY: peptidoglycan biosynthesis I (meso-diaminopimelate containing)|g__Dorea.s__Dorea_longicatena	29.7995733753
PEPTIDOGLYCANSYN-PWY: peptidoglycan biosynthesis I (meso-diaminopimelate containing)|g__Faecalibacterium.s__Faecalibacterium_prausnitzii	22.2550608535
PEPTIDOGLYCANSYN-PWY: peptidoglycan biosynthesis I (meso-diaminopimelate containing)|g__Slackia.s__Slackia_isoflavoniconvertens	18.4525078828
PEPTIDOGLYCANSYN-PWY: peptidoglycan biosynthesis I (meso-diaminopimelate containing)|g__Collinsella.s__Collinsella_aerofaciens	17.8839541086
PEPTIDOGLYCANSYN-PWY: peptidoglycan biosynthesis I (meso-diaminopimelate containing)|g__Dialister.s__Dialister_invisus	16.1258892098
PEPTIDOGLYCANSYN-PWY: peptidoglycan biosynthesis I (meso-diaminopimelate containing)|g__Dorea.s__Dorea_formicigenerans	14.1768427584
PWY-6387: UDP-N-acetylmuramoyl-pentapeptide biosynthesis I (meso-diaminopimelate containing)	988.4513937455
PWY-6387: UDP-N-acetylmuramoyl-pentapeptide biosynthesis I (meso-diaminopimelate containing)|unclassified	377.3540416645
PWY-6387: UDP-N-acetylmuramoyl-pentapeptide biosynthesis I (meso-diaminopimelate containing)|g__Blautia.s__Blautia_obeum	150.5062275427
PWY-6387: UDP-N-acetylmuramoyl-pentapeptide biosynthesis I (meso-diaminopimelate containing)|g__Holdemanella.s__Holdemanella_biformis	138.5227773349
PWY-6387: UDP-N-acetylmuramoyl-pentapeptide biosynthesis I (meso-diaminopimelate containing)|g__Blautia.s__Blautia_wexlerae	116.7977090272
PWY-6387: UDP-N-acetylmuramoyl-pentapeptide biosynthesis I (meso-diaminopimelate containing)|g__Dorea.s__Dorea_longicatena	30.9989149523
PWY-6387: UDP-N-acetylmuramoyl-pentapeptide biosynthesis I (meso-diaminopimelate containing)|g__Faecalibacterium.s__Faecalibacterium_prausnitzii	21.1382368991
PWY-6387: UDP-N-acetylmuramoyl-pentapeptide biosynthesis I (meso-diaminopimelate containing)|g__Slackia.s__Slackia_isoflavoniconvertens	18.7514513808
PWY-6387: UDP-N-acetylmuramoyl-pentapeptide biosynthesis I (meso-diaminopimelate containing)|g__Collinsella.s__Collinsella_aerofaciens	18.0469347820
PWY-6387: UDP-N-acetylmuramoyl-pentapeptide biosynthesis I (meso-diaminopimelate containing)|g__Dialister.s__Dialister_invisus	15.9471513818
PWY-6387: UDP-N-acetylmuramoyl-pentapeptide biosynthesis I (meso-diaminopimelate containing)|g__Dorea.s__Dorea_formicigenerans	13.7142301416
VALSYN-PWY: L-valine biosynthesis	970.7924046173
VALSYN-PWY: L-valine biosynthesis|unclassified	445.7175737517
VALSYN-PWY: L-valine biosynthesis|g__Blautia.s__Blautia_obeum	207.2233259823
VALSYN-PWY: L-valine biosynthesis|g__Blautia.s__Blautia_wexlerae	75.6374130640
VALSYN-PWY: L-valine biosynthesis|g__Dorea.s__Dorea_longicatena	41.2434864873
VALSYN-PWY: L-valine biosynthesis|g__Faecalibacterium.s__Faecalibacterium_prausnitzii	28.9219532415
VALSYN-PWY: L-valine biosynthesis|g__Ruminococcaceae_unclassified.s__Eubacterium_siraeum	27.9713642705
VALSYN-PWY: L-valine biosynthesis|g__Dorea.s__Dorea_formicigenerans	21.1052285732
VALSYN-PWY: L-valine biosynthesis|g__Ruminococcus.s__Ruminococcus_sp_AF31_8BH	18.6263763723
VALSYN-PWY: L-valine biosynthesis|g__Slackia.s__Slackia_isoflavoniconvertens	17.1275813098
VALSYN-PWY: L-valine biosynthesis|g__Methanobrevibacter.s__Methanobrevibacter_smithii	16.1376384599
VALSYN-PWY: L-valine biosynthesis|g__Asaccharobacter.s__Asaccharobacter_celatus	13.8333423998
VALSYN-PWY: L-valine biosynthesis|g__Bacteroides.s__Bacteroides_vulgatus	9.8493053600
VALSYN-PWY: L-valine biosynthesis|g__Roseburia.s__Roseburia_inulinivorans	5.9493695747
VALSYN-PWY: L-valine biosynthesis|g__Roseburia.s__Roseburia_intestinalis	4.4373686368
VALSYN-PWY: L-valine biosynthesis|g__Roseburia.s__Roseburia_hominis	3.3564173266
PWY-6151: S-adenosyl-L-methionine salvage I	966.1163403961
PWY-6151: S-adenosyl-L-methionine salvage I|unclassified	355.8358730593
PWY-6151: S-adenosyl-L-methionine salvage I|g__Holdemanella.s__Holdemanella_biformis	180.8147666220
PWY-6151: S-adenosyl-L-methionine salvage I|g__Blautia.s__Blautia_wexlerae	141.2927996235
PWY-6151: S-adenosyl-L-methionine salvage I|g__Dorea.s__Dorea_longicatena	36.6784268065
PWY-6151: S-adenosyl-L-methionine salvage I|g__Blautia.s__Blautia_obeum	36.2500068190
PWY-6151: S-adenosyl-L-methionine salvage I|g__Dorea.s__Dorea_formicigenerans	16.1056302371
PWY-6151: S-adenosyl-L-methionine salvage I|g__Faecalibacterium.s__Faecalibacterium_prausnitzii	14.6691196998
PWY-6151: S-adenosyl-L-methionine salvage I|g__Slackia.s__Slackia_isoflavoniconvertens	10.7146598053
PWY-6151: S-adenosyl-L-methionine salvage I|g__Collinsella.s__Collinsella_aerofaciens	10.0882109248
PWY-6151: S-adenosyl-L-methionine salvage I|g__Gemmiger.s__Gemmiger_formicilis	7.8815276061
TRNA-CHARGING-PWY: tRNA charging	960.5175650740
TRNA-CHARGING-PWY: tRNA charging|unclassified	335.3689611649
TRNA-CHARGING-PWY: tRNA charging|g__Holdemanella.s__Holdemanella_biformis	142.5975979351
TRNA-CHARGING-PWY: tRNA charging|g__Faecalibacterium.s__Faecalibacterium_prausnitzii	33.1770274967
TRNA-CHARGING-PWY: tRNA charging|g__Dorea.s__Dorea_longicatena	28.6736313852
TRNA-CHARGING-PWY: tRNA charging|g__Bacteroides.s__Bacteroides_vulgatus	9.3186102270
PWY-7111: pyruvate fermentation to isobutanol (engineered)	956.2964533603
PWY-7111: pyruvate fermentation to isobutanol (engineered)|unclassified	287.8626157808
PWY-7111: pyruvate fermentation to isobutanol (engineered)|g__Blautia.s__Blautia_wexlerae	70.8292802435
PWY-7111: pyruvate fermentation to isobutanol (engineered)|g__Dorea.s__Dorea_longicatena	41.5080343435
PWY-7111: pyruvate fermentation to isobutanol (engineered)|g__Blautia.s__Blautia_obeum	28.7428438989
PWY-7111: pyruvate fermentation to isobutanol (engineered)|g__Faecalibacterium.s__Faecalibacterium_prausnitzii	26.3291463650
PWY-7111: pyruvate fermentation to isobutanol (engineered)|g__Ruminococcaceae_unclassified.s__Eubacterium_siraeum	19.9762374387
PWY-7111: pyruvate fermentation to isobutanol (engineered)|g__Dorea.s__Dorea_formicigenerans	11.9726455381
PWY-7111: pyruvate fermentation to isobutanol (engineered)|g__Roseburia.s__Roseburia_inulinivorans	3.2514446410
PWY-7111: pyruvate fermentation to isobutanol (engineered)|g__Roseburia.s__Roseburia_intestinalis	1.9820398348
PWY-5686: UMP biosynthesis I	954.2197072931
PWY-5686: UMP biosynthesis I|unclassified	321.4894595601
PWY-5686: UMP biosynthesis I|g__Holdemanella.s__Holdemanella_biformis	190.6815023240
PWY-5686: UMP biosynthesis I|g__Blautia.s__Blautia_wexlerae	111.1569289704
PWY-5686: UMP biosynthesis I|g__Blautia.s__Blautia_obeum	88.8745855696
PWY-5686: UMP biosynthesis I|g__Faecalibacterium.s__Faecalibacterium_prausnitzii	21.8133346318
PWY-5686: UMP biosynthesis I|g__Ruminococcaceae_unclassified.s__Eubacterium_siraeum	18.5728253005
PWY-5686: UMP biosynthesis I|g__Dialister.s__Dialister_invisus	17.8861629152
PWY-5686: UMP biosynthesis I|g__Methanobrevibacter.s__Methanobrevibacter_smithii	15.1698810545
PWY-5686: UMP biosynthesis I|g__Collinsella.s__Collinsella_aerofaciens	14.6951400686
PWY-5686: UMP biosynthesis I|g__Bacteroides.s__Bacteroides_vulgatus	12.0516637795
PWY-7790: UMP biosynthesis II	954.2197072931
PWY-7790: UMP biosynthesis II|unclassified	321.4894595601
PWY-7790: UMP biosynthesis II|g__Holdemanella.s__Holdemanella_biformis	190.6815023240
PWY-7790: UMP biosynthesis II|g__Blautia.s__Blautia_wexlerae	111.1569289704
PWY-7790: UMP biosynthesis II|g__Blautia.s__Blautia_obeum	88.8745855696
PWY-7790: UMP biosynthesis II|g__Faecalibacterium.s__Faecalibacterium_prausnitzii	21.8133346318
PWY-7790: UMP biosynthesis II|g__Ruminococcaceae_unclassified.s__Eubacterium_siraeum	18.5728253005
PWY-7790: UMP biosynthesis II|g__Dialister.s__Dialister_invisus	17.8861629152
PWY-7790: UMP biosynthesis II|g__Methanobrevibacter.s__Methanobrevibacter_smithii	15.1698810545
PWY-7790: UMP biosynthesis II|g__Collinsella.s__Collinsella_aerofaciens	14.6951400686
PWY-7790: UMP biosynthesis II|g__Bacteroides.s__Bacteroides_vulgatus	12.0516637795
PWY-7791: UMP biosynthesis III	954.2197072931
PWY-7791: UMP biosynthesis III|unclassified	321.4894595601
PWY-7791: UMP biosynthesis III|g__Holdemanella.s__Holdemanella_biformis	190.6815023240
PWY-7791: UMP biosynthesis III|g__Blautia.s__Blautia_wexlerae	111.1569289704
PWY-7791: UMP biosynthesis III|g__Blautia.s__Blautia_obeum	88.8745855696
PWY-7791: UMP biosynthesis III|g__Faecalibacterium.s__Faecalibacterium_prausnitzii	21.8133346318
PWY-7791: UMP biosynthesis III|g__Ruminococcaceae_unclassified.s__Eubacterium_siraeum	18.5728253005
PWY-7791: UMP biosynthesis III|g__Dialister.s__Dialister_invisus	17.8861629152
PWY-7791: UMP biosynthesis III|g__Methanobrevibacter.s__Methanobrevibacter_smithii	15.1698810545
PWY-7791: UMP biosynthesis III|g__Collinsella.s__Collinsella_aerofaciens	14.6951400686
PWY-7791: UMP biosynthesis III|g__Bacteroides.s__Bacteroides_vulgatus	12.0516637795
NONMEVIPP-PWY: methylerythritol phosphate pathway I	951.2951039296
NONMEVIPP-PWY: methylerythritol phosphate pathway I|unclassified	371.3610929855
NONMEVIPP-PWY: methylerythritol phosphate pathway I|g__Holdemanella.s__Holdemanella_biformis	152.9037621881
NONMEVIPP-PWY: methylerythritol phosphate pathway I|g__Blautia.s__Blautia_obeum	117.2051894088
NONMEVIPP-PWY: methylerythritol phosphate pathway I|g__Blautia.s__Blautia_wexlerae	85.6841719487
NONMEVIPP-PWY: methylerythritol phosphate pathway I|g__Dorea.s__Dorea_longicatena	26.4115057761
NONMEVIPP-PWY: methylerythritol phosphate pathway I|g__Ruminococcaceae_unclassified.s__Eubacterium_siraeum	23.3919220680
NONMEVIPP-PWY: methylerythritol phosphate pathway I|g__Dorea.s__Dorea_formicigenerans	16.0414024564
NONMEVIPP-PWY: methylerythritol phosphate pathway I|g__Collinsella.s__Collinsella_aerofaciens	15.5318506448
COMPLETE-ARO-PWY: superpathway of aromatic amino acid biosynthesis	949.3315179868
COMPLETE-ARO-PWY: superpathway of aromatic amino acid biosynthesis|unclassified	383.3606171007
COMPLETE-ARO-PWY: superpathway of aromatic amino acid biosynthesis|g__Blautia.s__Blautia_obeum	160.8850815172
COMPLETE-ARO-PWY: superpathway of aromatic amino acid biosynthesis|g__Blautia.s__Blautia_wexlerae	89.4211281910
COMPLETE-ARO-PWY: superpathway of aromatic amino acid biosynthesis|g__Ruminococcaceae_unclassified.s__Eubacterium_siraeum	20.6974260660
DTDPRHAMSYN-PWY: dTDP-&beta;-L-rhamnose biosynthesis	945.1695548973
DTDPRHAMSYN-PWY: dTDP-&beta;-L-rhamnose biosynthesis|unclassified	372.8607851903
DTDPRHAMSYN-PWY: dTDP-&beta;-L-rhamnose biosynthesis|g__Holdemanella.s__Holdemanella_biformis	169.6206720673
DTDPRHAMSYN-PWY: dTDP-&beta;-L-rhamnose biosynthesis|g__Blautia.s__Blautia_obeum	165.4070678340
DTDPRHAMSYN-PWY: dTDP-&beta;-L-rhamnose biosynthesis|g__Blautia.s__Blautia_wexlerae	90.3073629627
DTDPRHAMSYN-PWY: dTDP-&beta;-L-rhamnose biosynthesis|g__Faecalibacterium.s__Faecalibacterium_prausnitzii	56.6724200323
DTDPRHAMSYN-PWY: dTDP-&beta;-L-rhamnose biosynthesis|g__Dorea.s__Dorea_longicatena	25.5939181505
DTDPRHAMSYN-PWY: dTDP-&beta;-L-rhamnose biosynthesis|g__Collinsella.s__Collinsella_aerofaciens	21.6460747579
DTDPRHAMSYN-PWY: dTDP-&beta;-L-rhamnose biosynthesis|g__Dorea.s__Dorea_formicigenerans	17.5727231446
DTDPRHAMSYN-PWY: dTDP-&beta;-L-rhamnose biosynthesis|g__Bacteroides.s__Bacteroides_vulgatus	12.0576017127
DTDPRHAMSYN-PWY: dTDP-&beta;-L-rhamnose biosynthesis|g__Ruminococcus.s__Ruminococcus_sp_AF31_8BH	7.6207766541
DTDPRHAMSYN-PWY: dTDP-&beta;-L-rhamnose biosynthesis|g__Bacteroides.s__Bacteroides_cellulosilyticus	5.8093571639
DTDPRHAMSYN-PWY: dTDP-&beta;-L-rhamnose biosynthesis|g__Bacteroides.s__Bacteroides_ovatus	3.7801280002
DTDPRHAMSYN-PWY: dTDP-&beta;-L-rhamnose biosynthesis|g__Bacteroides.s__Bacteroides_fragilis	2.2958940152
PWY-6317: D-galactose degradation I (Leloir pathway)	937.0406876958
PWY-6317: D-galactose degradation I (Leloir pathway)|unclassified	246.4763904017
PWY-6317: D-galactose degradation I (Leloir pathway)|g__Holdemanella.s__Holdemanella_biformis	154.5607466147
PWY-6317: D-galactose degradation I (Leloir pathway)|g__Blautia.s__Blautia_obeum	128.4520067527
PWY-6317: D-galactose degradation I (Leloir pathway)|g__Blautia.s__Blautia_wexlerae	121.4887914316
PWY-6317: D-galactose degradation I (Leloir pathway)|g__Faecalibacterium.s__Faecalibacterium_prausnitzii	29.5144339578
PWY-6317: D-galactose degradation I (Leloir pathway)|g__Dorea.s__Dorea_longicatena	24.5702298457
PWY-6317: D-galactose degradation I (Leloir pathway)|g__Ruminococcaceae_unclassified.s__Eubacterium_siraeum	18.1519829601
PWY-6317: D-galactose degradation I (Leloir pathway)|g__Collinsella.s__Collinsella_aerofaciens	11.4401668392
PWY-6317: D-galactose degradation I (Leloir pathway)|g__Dorea.s__Dorea_formicigenerans	10.0097947103
ILEUSYN-PWY: L-isoleucine biosynthesis I (from threonine)	932.7095784377
ILEUSYN-PWY: L-isoleucine biosynthesis I (from threonine)|unclassified	269.8017102725
ILEUSYN-PWY: L-isoleucine biosynthesis I (from threonine)|g__Blautia.s__Blautia_wexlerae	62.0903241679
ILEUSYN-PWY: L-isoleucine biosynthesis I (from threonine)|g__Blautia.s__Blautia_obeum	48.0160514988
ILEUSYN-PWY: L-isoleucine biosynthesis I (from threonine)|g__Dorea.s__Dorea_longicatena	40.3557825568
ILEUSYN-PWY: L-isoleucine biosynthesis I (from threonine)|g__Ruminococcaceae_unclassified.s__Eubacterium_siraeum	22.4316510832
ILEUSYN-PWY: L-isoleucine biosynthesis I (from threonine)|g__Ruminococcus.s__Ruminococcus_sp_AF31_8BH	18.2639797823
ILEUSYN-PWY: L-isoleucine biosynthesis I (from threonine)|g__Methanobrevibacter.s__Methanobrevibacter_smithii	14.6896840244
ILEUSYN-PWY: L-isoleucine biosynthesis I (from threonine)|g__Dorea.s__Dorea_formicigenerans	14.1617664749
ILEUSYN-PWY: L-isoleucine biosynthesis I (from threonine)|g__Roseburia.s__Roseburia_inulinivorans	4.3207715686
ILEUSYN-PWY: L-isoleucine biosynthesis I (from threonine)|g__Roseburia.s__Roseburia_intestinalis	2.7786569391
ILEUSYN-PWY: L-isoleucine biosynthesis I (from threonine)|g__Roseburia.s__Roseburia_hominis	2.6719698142
CALVIN-PWY: Calvin-Benson-Bassham cycle	927.2289950531
CALVIN-PWY: Calvin-Benson-Bassham cycle|unclassified	329.6015741080
CALVIN-PWY: Calvin-Benson-Bassham cycle|g__Blautia.s__Blautia_wexlerae	165.8606917682
CALVIN-PWY: Calvin-Benson-Bassham cycle|g__Blautia.s__Blautia_obeum	64.3793197224
CALVIN-PWY: Calvin-Benson-Bassham cycle|g__Collinsella.s__Collinsella_aerofaciens	10.6616556670
PWY-8178: pentose phosphate pathway (non-oxidative branch) II	910.5512388992
PWY-8178: pentose phosphate pathway (non-oxidative branch) II|unclassified	332.1574093267
PWY-8178: pentose phosphate pathway (non-oxidative branch) II|g__Blautia.s__Blautia_wexlerae	170.3801366746
PWY-8178: pentose phosphate pathway (non-oxidative branch) II|g__Blautia.s__Blautia_obeum	63.4247384109
PWY-8178: pentose phosphate pathway (non-oxidative branch) II|g__Ruminococcaceae_unclassified.s__Eubacterium_siraeum	32.0279887474
PWY-8178: pentose phosphate pathway (non-oxidative branch) II|g__Collinsella.s__Collinsella_aerofaciens	12.9505212571
HSERMETANA-PWY: L-methionine biosynthesis III	907.2521425122
HSERMETANA-PWY: L-methionine biosynthesis III|unclassified	177.4775471644
HSERMETANA-PWY: L-methionine biosynthesis III|g__Blautia.s__Blautia_wexlerae	141.5535152607
HSERMETANA-PWY: L-methionine biosynthesis III|g__Blautia.s__Blautia_obeum	92.7388703350
HSERMETANA-PWY: L-methionine biosynthesis III|g__Dorea.s__Dorea_longicatena	36.9577595651
PWY-6609: adenine and adenosine salvage III	902.7198047827
PWY-6609: adenine and adenosine salvage III|unclassified	361.1260774198
PWY-6609: adenine and adenosine salvage III|g__Blautia.s__Blautia_wexlerae	98.1857720204
PWY-6609: adenine and adenosine salvage III|g__Blautia.s__Blautia_obeum	94.6477756331
PWY-6609: adenine and adenosine salvage III|g__Dorea.s__Dorea_longicatena	45.6904332220
PWY-6609: adenine and adenosine salvage III|g__Faecalibacterium.s__Faecalibacterium_prausnitzii	42.3957770533
PWY-6609: adenine and adenosine salvage III|g__Ruminococcaceae_unclassified.s__Eubacterium_siraeum	25.0095062492
PWY-6609: adenine and adenosine salvage III|g__Dialister.s__Dialister_invisus	16.9607909924
PWY-6609: adenine and adenosine salvage III|g__Asaccharobacter.s__Asaccharobacter_celatus	8.9676113854
ARGSYNBSUB-PWY: L-arginine biosynthesis II (acetyl cycle)	898.5060434615
ARGSYNBSUB-PWY: L-arginine biosynthesis II (acetyl cycle)|unclassified	364.3550553232
ARGSYNBSUB-PWY: L-arginine biosynthesis II (acetyl cycle)|g__Blautia.s__Blautia_wexlerae	173.6521354478
ARGSYNBSUB-PWY: L-arginine biosynthesis II (acetyl cycle)|g__Blautia.s__Blautia_obeum	67.4383426632
ARGSYNBSUB-PWY: L-arginine biosynthesis II (acetyl cycle)|g__Faecalibacterium.s__Faecalibacterium_prausnitzii	35.3936455996
ARGSYNBSUB-PWY: L-arginine biosynthesis II (acetyl cycle)|g__Dorea.s__Dorea_longicatena	30.1753824009
ARGSYNBSUB-PWY: L-arginine biosynthesis II (acetyl cycle)|g__Ruminococcaceae_unclassified.s__Eubacterium_siraeum	22.1730313337
ARGSYNBSUB-PWY: L-arginine biosynthesis II (acetyl cycle)|g__Collinsella.s__Collinsella_aerofaciens	19.3050435921
ARGSYNBSUB-PWY: L-arginine biosynthesis II (acetyl cycle)|g__Dorea.s__Dorea_formicigenerans	12.4437369770
PWY-6385: peptidoglycan biosynthesis III (mycobacteria)	895.7971238461
PWY-6385: peptidoglycan biosynthesis III (mycobacteria)|unclassified	362.8803136860
PWY-6385: peptidoglycan biosynthesis III (mycobacteria)|g__Blautia.s__Blautia_obeum	145.4781139011
PWY-6385: peptidoglycan biosynthesis III (mycobacteria)|g__Blautia.s__Blautia_wexlerae	98.8054826146
PWY-6385: peptidoglycan biosynthesis III (mycobacteria)|g__Dorea.s__Dorea_longicatena	28.5214536330
PWY-6385: peptidoglycan biosynthesis III (mycobacteria)|g__Collinsella.s__Collinsella_aerofaciens	18.5317008768
PWY-6385: peptidoglycan biosynthesis III (mycobacteria)|g__Dialister.s__Dialister_invisus	16.2033524610
PWY0-1296: purine ribonucleosides degradation	891.1679769901
PWY0-1296: purine ribonucleosides degradation|unclassified	296.2503986674
PWY0-1296: purine ribonucleosides degradation|g__Blautia.s__Blautia_obeum	249.2857584124
PWY0-1296: purine ribonucleosides degradation|g__Blautia.s__Blautia_wexlerae	95.5975609659
PWY0-1296: purine ribonucleosides degradation|g__Dorea.s__Dorea_longicatena	50.6812824570
PWY0-1296: purine ribonucleosides degradation|g__Faecalibacterium.s__Faecalibacterium_prausnitzii	35.5774276577
COA-PWY-1: superpathway of coenzyme A biosynthesis III (mammals)	888.4290604172
COA-PWY-1: superpathway of coenzyme A biosynthesis III (mammals)|unclassified	366.3845689048
COA-PWY-1: superpathway of coenzyme A biosynthesis III (mammals)|g__Holdemanella.s__Holdemanella_biformis	173.0482053733
COA-PWY-1: superpathway of coenzyme A biosynthesis III (mammals)|g__Blautia.s__Blautia_obeum	99.8574578227
COA-PWY-1: superpathway of coenzyme A biosynthesis III (mammals)|g__Blautia.s__Blautia_wexlerae	65.8380969059
COA-PWY-1: superpathway of coenzyme A biosynthesis III (mammals)|g__Faecalibacterium.s__Faecalibacterium_prausnitzii	18.3149995244
COA-PWY-1: superpathway of coenzyme A biosynthesis III (mammals)|g__Dorea.s__Dorea_longicatena	16.9840525511
COA-PWY-1: superpathway of coenzyme A biosynthesis III (mammals)|g__Dialister.s__Dialister_invisus	14.6849449069
BRANCHED-CHAIN-AA-SYN-PWY: superpathway of branched chain amino acid biosynthesis	874.2086692259
BRANCHED-CHAIN-AA-SYN-PWY: superpathway of branched chain amino acid biosynthesis|unclassified	243.8900642076
BRANCHED-CHAIN-AA-SYN-PWY: superpathway of branched chain amino acid biosynthesis|g__Blautia.s__Blautia_wexlerae	59.2377302148
BRANCHED-CHAIN-AA-SYN-PWY: superpathway of branched chain amino acid biosynthesis|g__Blautia.s__Blautia_obeum	53.5836234679
BRANCHED-CHAIN-AA-SYN-PWY: superpathway of branched chain amino acid biosynthesis|g__Dorea.s__Dorea_longicatena	35.5703126764
BRANCHED-CHAIN-AA-SYN-PWY: superpathway of branched chain amino acid biosynthesis|g__Ruminococcaceae_unclassified.s__Eubacterium_siraeum	22.0659313818
BRANCHED-CHAIN-AA-SYN-PWY: superpathway of branched chain amino acid biosynthesis|g__Ruminococcus.s__Ruminococcus_sp_AF31_8BH	16.7988515367
BRANCHED-CHAIN-AA-SYN-PWY: superpathway of branched chain amino acid biosynthesis|g__Dorea.s__Dorea_formicigenerans	14.9552052053
PWY-5103: L-isoleucine biosynthesis III	869.2134842666
PWY-5103: L-isoleucine biosynthesis III|unclassified	214.3900005702
PWY-5103: L-isoleucine biosynthesis III|g__Blautia.s__Blautia_wexlerae	51.8140413208
PWY-5103: L-isoleucine biosynthesis III|g__Dorea.s__Dorea_longicatena	37.8532357855
PWY-5103: L-isoleucine biosynthesis III|g__Blautia.s__Blautia_obeum	32.5024455285
PWY-5103: L-isoleucine biosynthesis III|g__Ruminococcaceae_unclassified.s__Eubacterium_siraeum	19.3219112713
PWY-5103: L-isoleucine biosynthesis III|g__Ruminococcus.s__Ruminococcus_sp_AF31_8BH	17.7984722074
PWY-5103: L-isoleucine biosynthesis III|g__Methanobrevibacter.s__Methanobrevibacter_smithii	13.5958794734
PWY-5103: L-isoleucine biosynthesis III|g__Dorea.s__Dorea_formicigenerans	11.6911802034
PWY-5103: L-isoleucine biosynthesis III|g__Roseburia.s__Roseburia_inulinivorans	3.6440525410
PWY-5103: L-isoleucine biosynthesis III|g__Roseburia.s__Roseburia_intestinalis	2.2375976452
PWY-5103: L-isoleucine biosynthesis III|g__Roseburia.s__Roseburia_hominis	2.1946198703
PWY-7953: UDP-N-acetylmuramoyl-pentapeptide biosynthesis III (meso-diaminopimelate containing)	869.0675117184
PWY-7953: UDP-N-acetylmuramoyl-pentapeptide biosynthesis III (meso-diaminopimelate containing)|unclassified	356.8528211705
PWY-7953: UDP-N-acetylmuramoyl-pentapeptide biosynthesis III (meso-diaminopimelate containing)|g__Blautia.s__Blautia_obeum	143.2517168300
PWY-7953: UDP-N-acetylmuramoyl-pentapeptide biosynthesis III (meso-diaminopimelate containing)|g__Blautia.s__Blautia_wexlerae	92.4282749583
PWY-7953: UDP-N-acetylmuramoyl-pentapeptide biosynthesis III (meso-diaminopimelate containing)|g__Dorea.s__Dorea_longicatena	30.2277569140
PWY-7953: UDP-N-acetylmuramoyl-pentapeptide biosynthesis III (meso-diaminopimelate containing)|g__Dialister.s__Dialister_invisus	11.2761940973
ARGSYN-PWY: L-arginine biosynthesis I (via L-ornithine)	861.8823225274
ARGSYN-PWY: L-arginine biosynthesis I (via L-ornithine)|unclassified	343.7436205739
ARGSYN-PWY: L-arginine biosynthesis I (via L-ornithine)|g__Blautia.s__Blautia_wexlerae	185.0662299592
ARGSYN-PWY: L-arginine biosynthesis I (via L-ornithine)|g__Faecalibacterium.s__Faecalibacterium_prausnitzii	40.8651722746
ARGSYN-PWY: L-arginine biosynthesis I (via L-ornithine)|g__Blautia.s__Blautia_obeum	36.0413877056
ARGSYN-PWY: L-arginine biosynthesis I (via L-ornithine)|g__Dorea.s__Dorea_longicatena	28.6085790135
ARGSYN-PWY: L-arginine biosynthesis I (via L-ornithine)|g__Collinsella.s__Collinsella_aerofaciens	17.5156411743
ARGSYN-PWY: L-arginine biosynthesis I (via L-ornithine)|g__Ruminococcaceae_unclassified.s__Eubacterium_siraeum	17.0265443716
COA-PWY: coenzyme A biosynthesis I (prokaryotic)	855.4108049500
COA-PWY: coenzyme A biosynthesis I (prokaryotic)|unclassified	381.0672014334
COA-PWY: coenzyme A biosynthesis I (prokaryotic)|g__Holdemanella.s__Holdemanella_biformis	174.9327174780
COA-PWY: coenzyme A biosynthesis I (prokaryotic)|g__Blautia.s__Blautia_obeum	118.6671849294
COA-PWY: coenzyme A biosynthesis I (prokaryotic)|g__Blautia.s__Blautia_wexlerae	83.6409955848
COA-PWY: coenzyme A biosynthesis I (prokaryotic)|g__Dorea.s__Dorea_longicatena	20.9125938302
COA-PWY: coenzyme A biosynthesis I (prokaryotic)|g__Faecalibacterium.s__Faecalibacterium_prausnitzii	18.4953032623
COA-PWY: coenzyme A biosynthesis I (prokaryotic)|g__Dialister.s__Dialister_invisus	13.7862450811
COA-PWY: coenzyme A biosynthesis I (prokaryotic)|g__Bacteroides.s__Bacteroides_vulgatus	10.0955269092
COA-PWY: coenzyme A biosynthesis I (prokaryotic)|g__Dorea.s__Dorea_formicigenerans	9.7182177865
COA-PWY: coenzyme A biosynthesis I (prokaryotic)|g__Collinsella.s__Collinsella_aerofaciens	7.7801836640
COA-PWY: coenzyme A biosynthesis I (prokaryotic)|g__Bacteroides.s__Bacteroides_dorei	1.2362905272
PWY-7851: coenzyme A biosynthesis II (eukaryotic)	855.4108049500
PWY-7851: coenzyme A biosynthesis II (eukaryotic)|unclassified	340.7096926059
PWY-7851: coenzyme A biosynthesis II (eukaryotic)|g__Holdemanella.s__Holdemanella_biformis	173.8815624683
PWY-7851: coenzyme A biosynthesis II (eukaryotic)|g__Blautia.s__Blautia_obeum	101.1371649344
PWY-7851: coenzyme A biosynthesis II (eukaryotic)|g__Blautia.s__Blautia_wexlerae	82.4976059595
PWY-7851: coenzyme A biosynthesis II (eukaryotic)|g__Dorea.s__Dorea_longicatena	17.3247969427
PWY-7851: coenzyme A biosynthesis II (eukaryotic)|g__Faecalibacterium.s__Faecalibacterium_prausnitzii	15.2571810306
PWY-7851: coenzyme A biosynthesis II (eukaryotic)|g__Dialister.s__Dialister_invisus	13.7862450811
NONOXIPENT-PWY: pentose phosphate pathway (non-oxidative branch) I	850.8261852695
NONOXIPENT-PWY: pentose phosphate pathway (non-oxidative branch) I|unclassified	314.6651390240
NONOXIPENT-PWY: pentose phosphate pathway (non-oxidative branch) I|g__Blautia.s__Blautia_wexlerae	114.6655181288
NONOXIPENT-PWY: pentose phosphate pathway (non-oxidative branch) I|g__Blautia.s__Blautia_obeum	64.6491091019
NONOXIPENT-PWY: pentose phosphate pathway (non-oxidative branch) I|g__Ruminococcaceae_unclassified.s__Eubacterium_siraeum	35.8709460104
NONOXIPENT-PWY: pentose phosphate pathway (non-oxidative branch) I|g__Collinsella.s__Collinsella_aerofaciens	14.5046258310
NONOXIPENT-PWY: pentose phosphate pathway (non-oxidative branch) I|g__Roseburia.s__Roseburia_faecis	3.4546675188
ANAGLYCOLYSIS-PWY: glycolysis III (from glucose)	836.1888061145
ANAGLYCOLYSIS-PWY: glycolysis III (from glucose)|unclassified	206.9149814247
ANAGLYCOLYSIS-PWY: glycolysis III (from glucose)|g__Blautia.s__Blautia_wexlerae	88.7961644794
ANAGLYCOLYSIS-PWY: glycolysis III (from glucose)|g__Blautia.s__Blautia_obeum	74.6397081577
ANAGLYCOLYSIS-PWY: glycolysis III (from glucose)|g__Dorea.s__Dorea_longicatena	22.9675641670
ANAGLYCOLYSIS-PWY: glycolysis III (from glucose)|g__Collinsella.s__Collinsella_aerofaciens	16.5392702866
PWY-5667: CDP-diacylglycerol biosynthesis I	832.6271535401
PWY-5667: CDP-diacylglycerol biosynthesis I|unclassified	325.0379939461
PWY-5667: CDP-diacylglycerol biosynthesis I|g__Blautia.s__Blautia_obeum	130.2771179235
PWY-5667: CDP-diacylglycerol biosynthesis I|g__Blautia.s__Blautia_wexlerae	55.1444917236
PWY-5667: CDP-diacylglycerol biosynthesis I|g__Dialister.s__Dialister_invisus	19.2114184858
PWY-5667: CDP-diacylglycerol biosynthesis I|g__Dorea.s__Dorea_longicatena	17.9961882462
PWY-5667: CDP-diacylglycerol biosynthesis I|g__Faecalibacterium.s__Faecalibacterium_prausnitzii	15.8920060720
PWY-5667: CDP-diacylglycerol biosynthesis I|g__Bacteroides.s__Bacteroides_vulgatus	15.6418405703
PWY-5667: CDP-diacylglycerol biosynthesis I|g__Dorea.s__Dorea_formicigenerans	13.1744490519
PWY0-1319: CDP-diacylglycerol biosynthesis II	832.6271535401
PWY0-1319: CDP-diacylglycerol biosynthesis II|unclassified	325.0379939461
PWY0-1319: CDP-diacylglycerol biosynthesis II|g__Blautia.s__Blautia_obeum	130.2771179235
PWY0-1319: CDP-diacylglycerol biosynthesis II|g__Blautia.s__Blautia_wexlerae	55.1444917236
PWY0-1319: CDP-diacylglycerol biosynthesis II|g__Dialister.s__Dialister_invisus	19.2114184858
PWY0-1319: CDP-diacylglycerol biosynthesis II|g__Dorea.s__Dorea_longicatena	17.9961882462
PWY0-1319: CDP-diacylglycerol biosynthesis II|g__Faecalibacterium.s__Faecalibacterium_prausnitzii	15.8920060720
PWY0-1319: CDP-diacylglycerol biosynthesis II|g__Bacteroides.s__Bacteroides_vulgatus	15.6418405703
PWY0-1319: CDP-diacylglycerol biosynthesis II|g__Dorea.s__Dorea_formicigenerans	13.1744490519
PWY-5097: L-lysine biosynthesis VI	814.1067407735
PWY-5097: L-lysine biosynthesis VI|unclassified	304.5279534374
PWY-5097: L-lysine biosynthesis VI|g__Blautia.s__Blautia_obeum	157.3360692066
PWY-5097: L-lysine biosynthesis VI|g__Blautia.s__Blautia_wexlerae	109.2619687889
PWY-5097: L-lysine biosynthesis VI|g__Dorea.s__Dorea_longicatena	31.6051233963
PWY-5097: L-lysine biosynthesis VI|g__Faecalibacterium.s__Faecalibacterium_prausnitzii	21.1225588790
PWY-5097: L-lysine biosynthesis VI|g__Ruminococcaceae_unclassified.s__Eubacterium_siraeum	17.2924320050
PWY-5097: L-lysine biosynthesis VI|g__Dialister.s__Dialister_invisus	15.6848804464
PWY-7560: methylerythritol phosphate pathway II	795.1864716108
PWY-7560: methylerythritol phosphate pathway II|unclassified	323.5470881653
PWY-7560: methylerythritol phosphate pathway II|g__Blautia.s__Blautia_obeum	117.2051894088
PWY-7560: methylerythritol phosphate pathway II|g__Blautia.s__Blautia_wexlerae	72.0951020832
PWY-7560: methylerythritol phosphate pathway II|g__Dorea.s__Dorea_longicatena	24.2396363734
PWY-6270: isoprene biosynthesis I	791.9507145352
PWY-6270: isoprene biosynthesis I|unclassified	322.7183667767
PWY-6270: isoprene biosynthesis I|g__Blautia.s__Blautia_wexlerae	77.5169889709
PWY-6270: isoprene biosynthesis I|g__Blautia.s__Blautia_obeum	73.2999960939
PWY-6270: isoprene biosynthesis I|g__Dorea.s__Dorea_longicatena	23.6574850186
PWY-6123: inosine-5'-phosphate biosynthesis I	785.5982762175
PWY-6123: inosine-5'-phosphate biosynthesis I|unclassified	177.5020192291
PWY-6123: inosine-5'-phosphate biosynthesis I|g__Holdemanella.s__Holdemanella_biformis	164.4423393748
PWY-6123: inosine-5'-phosphate biosynthesis I|g__Blautia.s__Blautia_wexlerae	133.2415907007
PWY-6123: inosine-5'-phosphate biosynthesis I|g__Blautia.s__Blautia_obeum	54.5689290339
PWY-6123: inosine-5'-phosphate biosynthesis I|g__Faecalibacterium.s__Faecalibacterium_prausnitzii	26.6206705958
PWY-6123: inosine-5'-phosphate biosynthesis I|g__Dialister.s__Dialister_invisus	22.4747947328
PWY-6123: inosine-5'-phosphate biosynthesis I|g__Ruminococcaceae_unclassified.s__Eubacterium_siraeum	19.8343626144
PWY-6123: inosine-5'-phosphate biosynthesis I|g__Collinsella.s__Collinsella_aerofaciens	15.2838723570
PWY-6123: inosine-5'-phosphate biosynthesis I|g__Slackia.s__Slackia_isoflavoniconvertens	15.0915707050
PWY-6123: inosine-5'-phosphate biosynthesis I|g__Ruminococcus.s__Ruminococcus_sp_AF31_8BH	9.3160613338
PWY-6936: seleno-amino acid biosynthesis (plants)	785.1098671436
PWY-6936: seleno-amino acid biosynthesis (plants)|g__Holdemanella.s__Holdemanella_biformis	157.7401714841
PWY-6936: seleno-amino acid biosynthesis (plants)|unclassified	155.7655192300
PWY-6936: seleno-amino acid biosynthesis (plants)|g__Dorea.s__Dorea_formicigenerans	12.9878784339
PWY-6823: molybdopterin biosynthesis	781.2948953871
PWY-6823: molybdopterin biosynthesis|g__Blautia.s__Blautia_obeum	234.9006446753
PWY-6823: molybdopterin biosynthesis|g__Holdemanella.s__Holdemanella_biformis	198.5366470513
PWY-6823: molybdopterin biosynthesis|unclassified	182.4275229679
PWY-6823: molybdopterin biosynthesis|g__Blautia.s__Blautia_wexlerae	30.2610567372
PWY-6823: molybdopterin biosynthesis|g__Faecalibacterium.s__Faecalibacterium_prausnitzii	26.4642624453
PWY-6823: molybdopterin biosynthesis|g__Slackia.s__Slackia_isoflavoniconvertens	21.8711116545
PWY-6823: molybdopterin biosynthesis|g__Dorea.s__Dorea_formicigenerans	17.2327633243
GLUTORN-PWY: L-ornithine biosynthesis I	778.6769246471
GLUTORN-PWY: L-ornithine biosynthesis I|unclassified	337.6442057720
GLUTORN-PWY: L-ornithine biosynthesis I|g__Blautia.s__Blautia_wexlerae	129.7945419228
GLUTORN-PWY: L-ornithine biosynthesis I|g__Blautia.s__Blautia_obeum	92.9846833270
GLUTORN-PWY: L-ornithine biosynthesis I|g__Faecalibacterium.s__Faecalibacterium_prausnitzii	24.9789849571
GLUTORN-PWY: L-ornithine biosynthesis I|g__Dorea.s__Dorea_longicatena	19.1784782244
GLUTORN-PWY: L-ornithine biosynthesis I|g__Ruminococcaceae_unclassified.s__Eubacterium_siraeum	13.1683218991
GLUTORN-PWY: L-ornithine biosynthesis I|g__Collinsella.s__Collinsella_aerofaciens	12.7585341970
GLUCOSE1PMETAB-PWY: glucose and glucose-1-phosphate degradation	765.3566140986
GLUCOSE1PMETAB-PWY: glucose and glucose-1-phosphate degradation|unclassified	155.1884021577
P41-PWY: pyruvate fermentation to acetate and (S)-lactate I	764.2068892109
P41-PWY: pyruvate fermentation to acetate and (S)-lactate I|unclassified	236.4833612312
P41-PWY: pyruvate fermentation to acetate and (S)-lactate I|g__Holdemanella.s__Holdemanella_biformis	177.2484801383
P41-PWY: pyruvate fermentation to acetate and (S)-lactate I|g__Blautia.s__Blautia_obeum	77.3949597170
P41-PWY: pyruvate fermentation to acetate and (S)-lactate I|g__Blautia.s__Blautia_wexlerae	22.2295505349
P41-PWY: pyruvate fermentation to acetate and (S)-lactate I|g__Ruminococcus.s__Ruminococcus_sp_AF31_8BH	12.8882746585
P41-PWY: pyruvate fermentation to acetate and (S)-lactate I|g__Collinsella.s__Collinsella_aerofaciens	12.2116283104
PWY-5100: pyruvate fermentation to acetate and lactate II	764.2068892109
PWY-5100: pyruvate fermentation to acetate and lactate II|unclassified	236.4833612312
PWY-5100: pyruvate fermentation to acetate and lactate II|g__Holdemanella.s__Holdemanella_biformis	177.2484801383
PWY-5100: pyruvate fermentation to acetate and lactate II|g__Blautia.s__Blautia_obeum	77.3949597170
PWY-5100: pyruvate fermentation to acetate and lactate II|g__Blautia.s__Blautia_wexlerae	22.2295505349
PWY-5100: pyruvate fermentation to acetate and lactate II|g__Ruminococcus.s__Ruminococcus_sp_AF31_8BH	12.8882746585
PWY-5100: pyruvate fermentation to acetate and lactate II|g__Collinsella.s__Collinsella_aerofaciens	12.2116283104
PWY-724: superpathway of L-lysine, L-threonine and L-methionine biosynthesis II	747.0888861810
PWY-724: superpathway of L-lysine, L-threonine and L-methionine biosynthesis II|unclassified	234.4122329961
PWY-724: superpathway of L-lysine, L-threonine and L-methionine biosynthesis II|g__Blautia.s__Blautia_obeum	120.8572367421
PWY-724: superpathway of L-lysine, L-threonine and L-methionine biosynthesis II|g__Dorea.s__Dorea_longicatena	27.9562427004
PWY-724: superpathway of L-lysine, L-threonine and L-methionine biosynthesis II|g__Dialister.s__Dialister_invisus	15.6393564851
PWY-7977: L-methionine biosynthesis IV	745.5887777528
PWY-7977: L-methionine biosynthesis IV|unclassified	221.8176173830
PWY-7977: L-methionine biosynthesis IV|g__Dorea.s__Dorea_longicatena	46.3664876902
PWY-7977: L-methionine biosynthesis IV|g__Collinsella.s__Collinsella_aerofaciens	22.0817142135
PWY-7977: L-methionine biosynthesis IV|g__Ruminococcaceae_unclassified.s__Eubacterium_siraeum	15.9168422673
PWY-7977: L-methionine biosynthesis IV|g__Faecalibacterium.s__Faecalibacterium_prausnitzii	15.7952029487
PWY66-429: fatty acid biosynthesis initiation (mitochondria)	733.9283215011
PWY66-429: fatty acid biosynthesis initiation (mitochondria)|unclassified	314.1814790901
PWY66-429: fatty acid biosynthesis initiation (mitochondria)|g__Blautia.s__Blautia_obeum	119.8534885405
PWY66-429: fatty acid biosynthesis initiation (mitochondria)|g__Blautia.s__Blautia_wexlerae	77.9402762325
PWY66-429: fatty acid biosynthesis initiation (mitochondria)|g__Dorea.s__Dorea_longicatena	25.2677168803
PWY66-429: fatty acid biosynthesis initiation (mitochondria)|g__Dorea.s__Dorea_formicigenerans	15.7902521890
PWY66-429: fatty acid biosynthesis initiation (mitochondria)|g__Ruminococcaceae_unclassified.s__Eubacterium_siraeum	13.4097721929
PWY66-429: fatty acid biosynthesis initiation (mitochondria)|g__Slackia.s__Slackia_isoflavoniconvertens	12.4058112495
PWY66-429: fatty acid biosynthesis initiation (mitochondria)|g__Bacteroides.s__Bacteroides_vulgatus	9.3805757415
PWY66-429: fatty acid biosynthesis initiation (mitochondria)|g__Bacteroides.s__Bacteroides_ovatus	8.2009739258
PWY66-429: fatty acid biosynthesis initiation (mitochondria)|g__Bacteroides.s__Bacteroides_fragilis	1.3218538135
PWY-6124: inosine-5'-phosphate biosynthesis II	729.6617687928
PWY-6124: inosine-5'-phosphate biosynthesis II|unclassified	158.0648257734
PWY-6124: inosine-5'-phosphate biosynthesis II|g__Holdemanella.s__Holdemanella_biformis	153.1852318567
PWY-6124: inosine-5'-phosphate biosynthesis II|g__Blautia.s__Blautia_wexlerae	138.3883586775
PWY-6124: inosine-5'-phosphate biosynthesis II|g__Blautia.s__Blautia_obeum	48.3961193101
PWY-6124: inosine-5'-phosphate biosynthesis II|g__Faecalibacterium.s__Faecalibacterium_prausnitzii	28.6402120383
PWY-6124: inosine-5'-phosphate biosynthesis II|g__Dialister.s__Dialister_invisus	25.1708260420
PWY-6124: inosine-5'-phosphate biosynthesis II|g__Ruminococcaceae_unclassified.s__Eubacterium_siraeum	21.4087896835
PWY-6124: inosine-5'-phosphate biosynthesis II|g__Slackia.s__Slackia_isoflavoniconvertens	16.7125914082
PWY-6124: inosine-5'-phosphate biosynthesis II|g__Collinsella.s__Collinsella_aerofaciens	13.8878600647
PWY-6124: inosine-5'-phosphate biosynthesis II|g__Ruminococcus.s__Ruminococcus_sp_AF31_8BH	7.9966917500
PWY-2942: L-lysine biosynthesis III	727.5157757718
PWY-2942: L-lysine biosynthesis III|unclassified	257.6731397795
PWY-2942: L-lysine biosynthesis III|g__Blautia.s__Blautia_obeum	161.9273875830
PWY-2942: L-lysine biosynthesis III|g__Blautia.s__Blautia_wexlerae	108.4228232060
PWY-2942: L-lysine biosynthesis III|g__Dorea.s__Dorea_longicatena	40.3074391623
PWY-2942: L-lysine biosynthesis III|g__Dialister.s__Dialister_invisus	16.6401838229
PWY-2942: L-lysine biosynthesis III|g__Ruminococcaceae_unclassified.s__Eubacterium_siraeum	16.5079705109
PWY-2942: L-lysine biosynthesis III|g__Dorea.s__Dorea_formicigenerans	14.8308005083
PWY-3841: folate transformations II (plants)	724.0458657181
PWY-3841: folate transformations II (plants)|unclassified	297.0497589496
PWY-3841: folate transformations II (plants)|g__Blautia.s__Blautia_wexlerae	49.8128934380
PWY-3841: folate transformations II (plants)|g__Blautia.s__Blautia_obeum	28.0619581188
PWY-3841: folate transformations II (plants)|g__Ruminococcaceae_unclassified.s__Eubacterium_siraeum	26.6199007123
PWY-3841: folate transformations II (plants)|g__Dorea.s__Dorea_longicatena	14.1100914603
PWY-3841: folate transformations II (plants)|g__Bacteroides.s__Bacteroides_vulgatus	12.1912754248
PWY-3841: folate transformations II (plants)|g__Dorea.s__Dorea_formicigenerans	11.5017740620
1CMET2-PWY: folate transformations III (E. coli)	721.1647493594
1CMET2-PWY: folate transformations III (E. coli)|unclassified	271.6545889848
1CMET2-PWY: folate transformations III (E. coli)|g__Blautia.s__Blautia_obeum	30.4631680069
PANTOSYN-PWY: superpathway of coenzyme A biosynthesis I (bacteria)	698.2141307775
PANTOSYN-PWY: superpathway of coenzyme A biosynthesis I (bacteria)|unclassified	290.7717312223
PANTOSYN-PWY: superpathway of coenzyme A biosynthesis I (bacteria)|g__Blautia.s__Blautia_obeum	84.4960113277
PANTOSYN-PWY: superpathway of coenzyme A biosynthesis I (bacteria)|g__Blautia.s__Blautia_wexlerae	79.7639989777
PANTOSYN-PWY: superpathway of coenzyme A biosynthesis I (bacteria)|g__Dorea.s__Dorea_longicatena	20.4597799853
PWY-6527: stachyose degradation	690.7741834590
PWY-6527: stachyose degradation|unclassified	234.6559714236
PWY-6527: stachyose degradation|g__Blautia.s__Blautia_obeum	185.6170895017
PWY-6527: stachyose degradation|g__Blautia.s__Blautia_wexlerae	124.6906571788
PWY-6527: stachyose degradation|g__Dorea.s__Dorea_longicatena	34.8988540358
PWY-6527: stachyose degradation|g__Ruminococcaceae_unclassified.s__Eubacterium_siraeum	24.4698169347
PWY-6700: queuosine biosynthesis I (de novo)	689.4053675541
PWY-6700: queuosine biosynthesis I (de novo)|unclassified	276.2919642640
PWY-6700: queuosine biosynthesis I (de novo)|g__Blautia.s__Blautia_wexlerae	71.6690582500
PWY-6700: queuosine biosynthesis I (de novo)|g__Blautia.s__Blautia_obeum	60.5870117366
PWY-6700: queuosine biosynthesis I (de novo)|g__Dorea.s__Dorea_longicatena	26.7676480057
PWY-6700: queuosine biosynthesis I (de novo)|g__Dialister.s__Dialister_invisus	24.4368185626
PWY-6700: queuosine biosynthesis I (de novo)|g__Faecalibacterium.s__Faecalibacterium_prausnitzii	18.5444547117
PWY-6700: queuosine biosynthesis I (de novo)|g__Collinsella.s__Collinsella_aerofaciens	16.1998928771
PWY-6700: queuosine biosynthesis I (de novo)|g__Ruminococcaceae_unclassified.s__Eubacterium_siraeum	13.1557945014
PWY-6700: queuosine biosynthesis I (de novo)|g__Slackia.s__Slackia_isoflavoniconvertens	9.7166085010
PWY-6700: queuosine biosynthesis I (de novo)|g__Bacteroides.s__Bacteroides_ovatus	7.1432208846
PWY-3001: superpathway of L-isoleucine biosynthesis I	678.4998685475
PWY-3001: superpathway of L-isoleucine biosynthesis I|unclassified	172.6038586149
PWY-7357: thiamine phosphate formation from pyrithiamine and oxythiamine (yeast)	668.4840888469
PWY-7357: thiamine phosphate formation from pyrithiamine and oxythiamine (yeast)|unclassified	223.2990258194
PWY-7357: thiamine phosphate formation from pyrithiamine and oxythiamine (yeast)|g__Blautia.s__Blautia_obeum	179.8220153633
PWY-7357: thiamine phosphate formation from pyrithiamine and oxythiamine (yeast)|g__Holdemanella.s__Holdemanella_biformis	107.4873096048
PWY-7357: thiamine phosphate formation from pyrithiamine and oxythiamine (yeast)|g__Blautia.s__Blautia_wexlerae	81.9910715895
PWY-7357: thiamine phosphate formation from pyrithiamine and oxythiamine (yeast)|g__Dialister.s__Dialister_invisus	28.9576752099
PWY-7357: thiamine phosphate formation from pyrithiamine and oxythiamine (yeast)|g__Dorea.s__Dorea_longicatena	16.6857653293
PWY-7357: thiamine phosphate formation from pyrithiamine and oxythiamine (yeast)|g__Dorea.s__Dorea_formicigenerans	14.8293781401
PWY-7357: thiamine phosphate formation from pyrithiamine and oxythiamine (yeast)|g__Faecalibacterium.s__Faecalibacterium_prausnitzii	12.9769866768
PWY-7357: thiamine phosphate formation from pyrithiamine and oxythiamine (yeast)|g__Ruminococcaceae_unclassified.s__Eubacterium_siraeum	11.9964739491
HISTSYN-PWY: L-histidine biosynthesis	658.8003841034
HISTSYN-PWY: L-histidine biosynthesis|unclassified	226.0097047198
HISTSYN-PWY: L-histidine biosynthesis|g__Blautia.s__Blautia_obeum	68.6188944637
HISTSYN-PWY: L-histidine biosynthesis|g__Faecalibacterium.s__Faecalibacterium_prausnitzii	38.7889195864
SER-GLYSYN-PWY: superpathway of L-serine and glycine biosynthesis I	647.8841105382
SER-GLYSYN-PWY: superpathway of L-serine and glycine biosynthesis I|unclassified	216.6735359228
SER-GLYSYN-PWY: superpathway of L-serine and glycine biosynthesis I|g__Blautia.s__Blautia_wexlerae	114.3259939775
SER-GLYSYN-PWY: superpathway of L-serine and glycine biosynthesis I|g__Blautia.s__Blautia_obeum	81.1876766445
SER-GLYSYN-PWY: superpathway of L-serine and glycine biosynthesis I|g__Dorea.s__Dorea_longicatena	21.8478638414
SER-GLYSYN-PWY: superpathway of L-serine and glycine biosynthesis I|g__Collinsella.s__Collinsella_aerofaciens	19.4627969144
SER-GLYSYN-PWY: superpathway of L-serine and glycine biosynthesis I|g__Ruminococcaceae_unclassified.s__Eubacterium_siraeum	15.7755216671
SER-GLYSYN-PWY: superpathway of L-serine and glycine biosynthesis I|g__Dialister.s__Dialister_invisus	14.7035876008
SER-GLYSYN-PWY: superpathway of L-serine and glycine biosynthesis I|g__Slackia.s__Slackia_isoflavoniconvertens	11.9910759773
SER-GLYSYN-PWY: superpathway of L-serine and glycine biosynthesis I|g__Dorea.s__Dorea_formicigenerans	10.6894643162
SER-GLYSYN-PWY: superpathway of L-serine and glycine biosynthesis I|g__Ruminococcus.s__Ruminococcus_sp_AF31_8BH	5.3303233059
SER-GLYSYN-PWY: superpathway of L-serine and glycine biosynthesis I|g__Bacteroides.s__Bacteroides_ovatus	4.8036812408
SER-GLYSYN-PWY: superpathway of L-serine and glycine biosynthesis I|g__Bacteroides.s__Bacteroides_cellulosilyticus	2.6758640894
SER-GLYSYN-PWY: superpathway of L-serine and glycine biosynthesis I|g__Bacteroides.s__Bacteroides_vulgatus	2.2703647950
SER-GLYSYN-PWY: superpathway of L-serine and glycine biosynthesis I|g__Bacteroides.s__Bacteroides_fragilis	1.5275350622
PANTO-PWY: phosphopantothenate biosynthesis I	628.2455708411
PANTO-PWY: phosphopantothenate biosynthesis I|unclassified	272.8236041629
PANTO-PWY: phosphopantothenate biosynthesis I|g__Blautia.s__Blautia_obeum	71.4172853535
PANTO-PWY: phosphopantothenate biosynthesis I|g__Blautia.s__Blautia_wexlerae	68.9582360257
PANTO-PWY: phosphopantothenate biosynthesis I|g__Dorea.s__Dorea_longicatena	19.8268415090
PANTO-PWY: phosphopantothenate biosynthesis I|g__Dorea.s__Dorea_formicigenerans	10.6081546357
THRESYN-PWY: superpathway of L-threonine biosynthesis	610.4152169549
THRESYN-PWY: superpathway of L-threonine biosynthesis|g__Holdemanella.s__Holdemanella_biformis	165.0493371951
THRESYN-PWY: superpathway of L-threonine biosynthesis|unclassified	142.5666722122
THRESYN-PWY: superpathway of L-threonine biosynthesis|g__Blautia.s__Blautia_obeum	89.5584116893
THRESYN-PWY: superpathway of L-threonine biosynthesis|g__Collinsella.s__Collinsella_aerofaciens	24.2444930263
THRESYN-PWY: superpathway of L-threonine biosynthesis|g__Dialister.s__Dialister_invisus	15.4062708285
PWY-5695: inosine 5'-phosphate degradation	600.6744124510
PWY-5695: inosine 5'-phosphate degradation|unclassified	216.5834166901
PWY-5695: inosine 5'-phosphate degradation|g__Blautia.s__Blautia_wexlerae	108.4461181052
PWY-5695: inosine 5'-phosphate degradation|g__Blautia.s__Blautia_obeum	50.9515412266
PWY-5695: inosine 5'-phosphate degradation|g__Dialister.s__Dialister_invisus	21.6591825928
PWY-5695: inosine 5'-phosphate degradation|g__Bacteroides.s__Bacteroides_vulgatus	14.8798062477
PYRIDNUCSYN-PWY: NAD de novo biosynthesis I (from aspartate)	573.4326333246
PYRIDNUCSYN-PWY: NAD de novo biosynthesis I (from aspartate)|unclassified	191.4541435132
PYRIDNUCSYN-PWY: NAD de novo biosynthesis I (from aspartate)|g__Blautia.s__Blautia_obeum	50.0375306084
PYRIDNUCSYN-PWY: NAD de novo biosynthesis I (from aspartate)|g__Dorea.s__Dorea_longicatena	16.7407726645
PYRIDNUCSYN-PWY: NAD de novo biosynthesis I (from aspartate)|g__Bacteroides.s__Bacteroides_vulgatus	10.6113221234
RIBOSYN2-PWY: flavin biosynthesis I (bacteria and plants)	560.2019504792
RIBOSYN2-PWY: flavin biosynthesis I (bacteria and plants)|unclassified	117.3181039492
RIBOSYN2-PWY: flavin biosynthesis I (bacteria and plants)|g__Blautia.s__Blautia_obeum	111.4959302189
RIBOSYN2-PWY: flavin biosynthesis I (bacteria and plants)|g__Blautia.s__Blautia_wexlerae	85.3599902062
RIBOSYN2-PWY: flavin biosynthesis I (bacteria and plants)|g__Faecalibacterium.s__Faecalibacterium_prausnitzii	37.0060960640
RIBOSYN2-PWY: flavin biosynthesis I (bacteria and plants)|g__Slackia.s__Slackia_isoflavoniconvertens	11.5278694902
PWY-7237: myo-, chiro- and scyllo-inositol degradation	551.5751598777
PWY-7237: myo-, chiro- and scyllo-inositol degradation|unclassified	272.5932456219
PWY-7237: myo-, chiro- and scyllo-inositol degradation|g__Blautia.s__Blautia_obeum	108.5341761290
PWY-7237: myo-, chiro- and scyllo-inositol degradation|g__Dorea.s__Dorea_longicatena	65.4262246308
PWY-7237: myo-, chiro- and scyllo-inositol degradation|g__Blautia.s__Blautia_wexlerae	57.0042747229
PWY-7237: myo-, chiro- and scyllo-inositol degradation|g__Faecalibacterium.s__Faecalibacterium_prausnitzii	36.7365309162
PWY-7237: myo-, chiro- and scyllo-inositol degradation|g__Agathobaculum.s__Agathobaculum_butyriciproducens	19.9530897027
PWY-7237: myo-, chiro- and scyllo-inositol degradation|g__Roseburia.s__Roseburia_inulinivorans	2.2883295195
PWY-7237: myo-, chiro- and scyllo-inositol degradation|g__Roseburia.s__Roseburia_intestinalis	2.1691973970
PWY-6628: superpathway of L-phenylalanine biosynthesis	496.6454047092
PWY-6628: superpathway of L-phenylalanine biosynthesis|unclassified	69.4394146779
PWY-6897: thiamine diphosphate salvage II	495.8568336633
PWY-6897: thiamine diphosphate salvage II|unclassified	97.9335217722
PWY-6897: thiamine diphosphate salvage II|g__Dialister.s__Dialister_invisus	26.8603816768
PWY-6897: thiamine diphosphate salvage II|g__Blautia.s__Blautia_obeum	16.4008233614
THISYNARA-PWY: superpathway of thiamine diphosphate biosynthesis III (eukaryotes)	491.2435501446
THISYNARA-PWY: superpathway of thiamine diphosphate biosynthesis III (eukaryotes)|g__Holdemanella.s__Holdemanella_biformis	121.0971397964
THISYNARA-PWY: superpathway of thiamine diphosphate biosynthesis III (eukaryotes)|unclassified	99.1833777392
THISYNARA-PWY: superpathway of thiamine diphosphate biosynthesis III (eukaryotes)|g__Blautia.s__Blautia_obeum	18.8595008590
THISYNARA-PWY: superpathway of thiamine diphosphate biosynthesis III (eukaryotes)|g__Faecalibacterium.s__Faecalibacterium_prausnitzii	11.6894407821
PWY-6630: superpathway of L-tyrosine biosynthesis	480.9838232555
PWY-6630: superpathway of L-tyrosine biosynthesis|g__Ruminococcaceae_unclassified.s__Eubacterium_siraeum	19.9213498727
PWY-7199: pyrimidine deoxyribonucleosides salvage	473.6918901055
PWY-7199: pyrimidine deoxyribonucleosides salvage|unclassified	246.3868684363
PWY-7199: pyrimidine deoxyribonucleosides salvage|g__Bacteroides.s__Bacteroides_vulgatus	8.1566438527
OANTIGEN-PWY: O-antigen building blocks biosynthesis (E. coli)	465.2725189986
OANTIGEN-PWY: O-antigen building blocks biosynthesis (E. coli)|unclassified	181.7363857605
OANTIGEN-PWY: O-antigen building blocks biosynthesis (E. coli)|g__Collinsella.s__Collinsella_aerofaciens	24.7700671766
METH-ACETATE-PWY: methanogenesis from acetate	443.9562456248
METH-ACETATE-PWY: methanogenesis from acetate|g__Blautia.s__Blautia_wexlerae	108.7032196371
METH-ACETATE-PWY: methanogenesis from acetate|unclassified	93.6200424176
METH-ACETATE-PWY: methanogenesis from acetate|g__Blautia.s__Blautia_obeum	66.9098510660
METH-ACETATE-PWY: methanogenesis from acetate|g__Ruminococcus.s__Ruminococcus_sp_AF31_8BH	16.9279283541
FERMENTATION-PWY: mixed acid fermentation	423.6692226454
FERMENTATION-PWY: mixed acid fermentation|unclassified	62.4346398505
COBALSYN-PWY: superpathway of adenosylcobalamin salvage from cobinamide I	410.4991086508
COBALSYN-PWY: superpathway of adenosylcobalamin salvage from cobinamide I|unclassified	156.3194133250
COBALSYN-PWY: superpathway of adenosylcobalamin salvage from cobinamide I|g__Blautia.s__Blautia_obeum	85.6638659667
COBALSYN-PWY: superpathway of adenosylcobalamin salvage from cobinamide I|g__Blautia.s__Blautia_wexlerae	52.0639287491
COBALSYN-PWY: superpathway of adenosylcobalamin salvage from cobinamide I|g__Dorea.s__Dorea_longicatena	25.5012933534
COBALSYN-PWY: superpathway of adenosylcobalamin salvage from cobinamide I|g__Faecalibacterium.s__Faecalibacterium_prausnitzii	19.1210850351
ASPASN-PWY: superpathway of L-aspartate and L-asparagine biosynthesis	396.9358647519
ASPASN-PWY: superpathway of L-aspartate and L-asparagine biosynthesis|unclassified	86.7024296097
ASPASN-PWY: superpathway of L-aspartate and L-asparagine biosynthesis|g__Blautia.s__Blautia_obeum	83.4102682763
ASPASN-PWY: superpathway of L-aspartate and L-asparagine biosynthesis|g__Blautia.s__Blautia_wexlerae	19.8621671861
PWY-7400: L-arginine biosynthesis IV (archaebacteria)	390.4153954516
PWY-7400: L-arginine biosynthesis IV (archaebacteria)|unclassified	237.1072489706
PWY-6608: guanosine nucleotides degradation III	388.6718548466
PWY-6608: guanosine nucleotides degradation III|g__Blautia.s__Blautia_wexlerae	103.8134404511
PWY-6608: guanosine nucleotides degradation III|g__Blautia.s__Blautia_obeum	88.8531109689
PWY-6608: guanosine nucleotides degradation III|unclassified	86.5367493068
PWY-6731: starch degradation III	382.7391976553
PWY-6731: starch degradation III|unclassified	132.1592037399
PWY-6731: starch degradation III|g__Blautia.s__Blautia_wexlerae	109.2866788881
PWY-6731: starch degradation III|g__Blautia.s__Blautia_obeum	100.2871919516
PWY-5188: tetrapyrrole biosynthesis I (from glutamate)	367.9174567018
PWY-5188: tetrapyrrole biosynthesis I (from glutamate)|g__Blautia.s__Blautia_wexlerae	89.9480969908
PWY-5188: tetrapyrrole biosynthesis I (from glutamate)|g__Blautia.s__Blautia_obeum	51.9452933906
PWY-5188: tetrapyrrole biosynthesis I (from glutamate)|unclassified	45.2255584015
PWY-5188: tetrapyrrole biosynthesis I (from glutamate)|g__Dialister.s__Dialister_invisus	17.3458147429
PWY-1861: formaldehyde assimilation II (assimilatory RuMP Cycle)	365.6325580780
PWY-1861: formaldehyde assimilation II (assimilatory RuMP Cycle)|unclassified	162.3162984516
PWY-1861: formaldehyde assimilation II (assimilatory RuMP Cycle)|g__Blautia.s__Blautia_obeum	54.7456005355
GLCMANNANAUT-PWY: superpathway of N-acetylglucosamine, N-acetylmannosamine and N-acetylneuraminate degradation	342.5403807446
GLCMANNANAUT-PWY: superpathway of N-acetylglucosamine, N-acetylmannosamine and N-acetylneuraminate degradation|g__Blautia.s__Blautia_wexlerae	62.2471636835
GLCMANNANAUT-PWY: superpathway of N-acetylglucosamine, N-acetylmannosamine and N-acetylneuraminate degradation|unclassified	52.0479131830
GLCMANNANAUT-PWY: superpathway of N-acetylglucosamine, N-acetylmannosamine and N-acetylneuraminate degradation|g__Blautia.s__Blautia_obeum	26.3588440481
GLCMANNANAUT-PWY: superpathway of N-acetylglucosamine, N-acetylmannosamine and N-acetylneuraminate degradation|g__Faecalibacterium.s__Faecalibacterium_prausnitzii	10.1728502472
UDPNAGSYN-PWY: UDP-N-acetyl-D-glucosamine biosynthesis I	331.0424304206
UDPNAGSYN-PWY: UDP-N-acetyl-D-glucosamine biosynthesis I|unclassified	135.6287478527
UDPNAGSYN-PWY: UDP-N-acetyl-D-glucosamine biosynthesis I|g__Dialister.s__Dialister_invisus	30.9869349879
UDPNAGSYN-PWY: UDP-N-acetyl-D-glucosamine biosynthesis I|g__Collinsella.s__Collinsella_aerofaciens	29.0634312400
UDPNAGSYN-PWY: UDP-N-acetyl-D-glucosamine biosynthesis I|g__Ruminococcaceae_unclassified.s__Eubacterium_siraeum	19.8528590259
GLUCONEO-PWY: gluconeogenesis I	313.4795597274
GLUCONEO-PWY: gluconeogenesis I|unclassified	93.3692343642
PWY-7328: superpathway of UDP-glucose-derived O-antigen building blocks biosynthesis	311.7250239660
PWY-7328: superpathway of UDP-glucose-derived O-antigen building blocks biosynthesis|unclassified	165.2319915194
P164-PWY: purine nucleobases degradation I (anaerobic)	299.0726514039
P164-PWY: purine nucleobases degradation I (anaerobic)|unclassified	75.0921523756
PWY-2941: L-lysine biosynthesis II	291.1329226979
PWY-2941: L-lysine biosynthesis II|unclassified	77.5122105065
GLYCOLYSIS: glycolysis I (from glucose 6-phosphate)	271.7095396770
GLYCOLYSIS: glycolysis I (from glucose 6-phosphate)|unclassified	67.1190178503
PWY-8187: L-arginine degradation XIII (reductive Stickland reaction)	265.2992212791
PWY-8187: L-arginine degradation XIII (reductive Stickland reaction)|unclassified	125.1445047442
PWY-8187: L-arginine degradation XIII (reductive Stickland reaction)|g__Collinsella.s__Collinsella_aerofaciens	29.4920861332
PWY-8187: L-arginine degradation XIII (reductive Stickland reaction)|g__Asaccharobacter.s__Asaccharobacter_celatus	12.0929503109
PWY-5659: GDP-mannose biosynthesis	264.0142611031
PWY-5659: GDP-mannose biosynthesis|unclassified	84.6557411238
PWY-5659: GDP-mannose biosynthesis|g__Blautia.s__Blautia_obeum	27.6283568547
PWY-5659: GDP-mannose biosynthesis|g__Ruminococcaceae_unclassified.s__Eubacterium_siraeum	18.0128133009
PWY-5659: GDP-mannose biosynthesis|g__Faecalibacterium.s__Faecalibacterium_prausnitzii	4.6254529015
PWY-6703: preQ0 biosynthesis	246.6414811945
PWY-6703: preQ0 biosynthesis|unclassified	83.3963324891
PWY-6703: preQ0 biosynthesis|g__Blautia.s__Blautia_obeum	67.1649555320
PWY-6703: preQ0 biosynthesis|g__Dialister.s__Dialister_invisus	21.3185733046
COLANSYN-PWY: colanic acid building blocks biosynthesis	224.2017314830
COLANSYN-PWY: colanic acid building blocks biosynthesis|unclassified	76.3307835193
ANAEROFRUCAT-PWY: homolactic fermentation	221.2609663854
ANAEROFRUCAT-PWY: homolactic fermentation|unclassified	45.5561741954
PWY-7229: superpathway of adenosine nucleotides de novo biosynthesis I	208.1745032147
PWY-7229: superpathway of adenosine nucleotides de novo biosynthesis I|unclassified	67.7569010888
PWY-7229: superpathway of adenosine nucleotides de novo biosynthesis I|g__Dialister.s__Dialister_invisus	22.1279046284
PWY-7229: superpathway of adenosine nucleotides de novo biosynthesis I|g__Bacteroides.s__Bacteroides_vulgatus	8.2945696794
PWY-702: L-methionine biosynthesis II	204.7347298113
PWY-702: L-methionine biosynthesis II|unclassified	73.0889938547
PWY-I9: L-cysteine biosynthesis VI (from L-methionine)	198.9805148349
PWY-I9: L-cysteine biosynthesis VI (from L-methionine)|unclassified	106.7574990986
PWY-I9: L-cysteine biosynthesis VI (from L-methionine)|g__Blautia.s__Blautia_obeum	15.5487998024
PWY-841: superpathway of purine nucleotides de novo biosynthesis I	198.6205325324
PWY-841: superpathway of purine nucleotides de novo biosynthesis I|unclassified	64.7008687877
PWY0-1586: peptidoglycan maturation (meso-diaminopimelate containing)	196.7625948428
PWY0-1586: peptidoglycan maturation (meso-diaminopimelate containing)|unclassified	95.4745928942
PWY0-1586: peptidoglycan maturation (meso-diaminopimelate containing)|g__Collinsella.s__Collinsella_aerofaciens	21.4866237089
PWY0-1586: peptidoglycan maturation (meso-diaminopimelate containing)|g__Bacteroides.s__Bacteroides_ovatus	5.3843787156
PWY0-1586: peptidoglycan maturation (meso-diaminopimelate containing)|g__Bacteroides.s__Bacteroides_fragilis	1.1684035875
P441-PWY: superpathway of N-acetylneuraminate degradation	186.4274508882
P441-PWY: superpathway of N-acetylneuraminate degradation|unclassified	51.2682659420
PWY-5484: glycolysis II (from fructose 6-phosphate)	182.5785399883
PWY-5484: glycolysis II (from fructose 6-phosphate)|unclassified	38.0134079801
LACTOSECAT-PWY: lactose and galactose degradation I	166.9472037929
LACTOSECAT-PWY: lactose and galactose degradation I|unclassified	59.1686420774
LACTOSECAT-PWY: lactose and galactose degradation I|g__Collinsella.s__Collinsella_aerofaciens	53.4831512468
PWY-7456: &beta;-(1,4)-mannan degradation	163.3960355537
PWY-7456: &beta;-(1,4)-mannan degradation|unclassified	38.4991072874
PWY-7456: &beta;-(1,4)-mannan degradation|g__Ruminococcaceae_unclassified.s__Eubacterium_siraeum	18.2248344876
PWY-6470: peptidoglycan biosynthesis V (&beta;-lactam resistance)	158.2110560068
PWY-6470: peptidoglycan biosynthesis V (&beta;-lactam resistance)|unclassified	52.5845034348
PWY0-162: superpathway of pyrimidine ribonucleotides de novo biosynthesis	157.7736497143
PWY66-409: superpathway of purine nucleotide salvage	156.2322783941
PWY66-409: superpathway of purine nucleotide salvage|unclassified	68.2484970040
PWY-7208: superpathway of pyrimidine nucleobases salvage	153.2948918251
PWY-7208: superpathway of pyrimidine nucleobases salvage|g__Blautia.s__Blautia_obeum	72.9017330780
PWY-7208: superpathway of pyrimidine nucleobases salvage|unclassified	34.9462930225
PWY-7208: superpathway of pyrimidine nucleobases salvage|g__Ruminococcaceae_unclassified.s__Eubacterium_siraeum	15.4498801554
PWY-7208: superpathway of pyrimidine nucleobases salvage|g__Dialister.s__Dialister_invisus	14.6758565523
PHOSLIPSYN-PWY: superpathway of phospholipid biosynthesis I (bacteria)	148.9344328722
PHOSLIPSYN-PWY: superpathway of phospholipid biosynthesis I (bacteria)|unclassified	110.2199651756
PWY-6353: purine nucleotides degradation II (aerobic)	146.5112411046
PWY-6353: purine nucleotides degradation II (aerobic)|unclassified	91.1741937573
PWY-6353: purine nucleotides degradation II (aerobic)|g__Blautia.s__Blautia_obeum	22.8351602105
PWY-7761: NAD salvage pathway II (PNC IV cycle)	145.3126260102
PWY-7761: NAD salvage pathway II (PNC IV cycle)|unclassified	70.5277357761
PWY-6126: superpathway of adenosine nucleotides de novo biosynthesis II	145.1884940032
PWY-6126: superpathway of adenosine nucleotides de novo biosynthesis II|unclassified	48.9973318031
PWY-6126: superpathway of adenosine nucleotides de novo biosynthesis II|g__Dialister.s__Dialister_invisus	19.4004332770
PWY-6126: superpathway of adenosine nucleotides de novo biosynthesis II|g__Bacteroides.s__Bacteroides_vulgatus	7.8822805099
PWY-7013: (S)-propane-1,2-diol degradation	138.5608467558
PWY-7013: (S)-propane-1,2-diol degradation|unclassified	106.1237643549
PWY-7323: superpathway of GDP-mannose-derived O-antigen building blocks biosynthesis	137.4428037983
PWY-7323: superpathway of GDP-mannose-derived O-antigen building blocks biosynthesis|unclassified	26.8908122171
PWY-6292: superpathway of L-cysteine biosynthesis (mammalian)	136.5965677603
RHAMCAT-PWY: L-rhamnose degradation I	129.4261811163
RHAMCAT-PWY: L-rhamnose degradation I|unclassified	75.9905881020
RHAMCAT-PWY: L-rhamnose degradation I|g__Bacteroides.s__Bacteroides_vulgatus	11.1130355057
PWY-6895: superpathway of thiamine diphosphate biosynthesis II	128.8868616781
PWY-6895: superpathway of thiamine diphosphate biosynthesis II|unclassified	22.3738105053
PWY-7228: superpathway of guanosine nucleotides de novo biosynthesis I	125.7535474645
PWY-7228: superpathway of guanosine nucleotides de novo biosynthesis I|unclassified	42.3696443824
PWY-7228: superpathway of guanosine nucleotides de novo biosynthesis I|g__Dialister.s__Dialister_invisus	15.4001407555
PWY-7228: superpathway of guanosine nucleotides de novo biosynthesis I|g__Bacteroides.s__Bacteroides_vulgatus	8.0172928767
PWY-7228: superpathway of guanosine nucleotides de novo biosynthesis I|g__Bacteroides.s__Bacteroides_cellulosilyticus	2.2739083067
PWY0-1297: superpathway of purine deoxyribonucleosides degradation	107.0258894541
PWY0-1297: superpathway of purine deoxyribonucleosides degradation|unclassified	93.1218246846
PWY-8131: 5'-deoxyadenosine degradation II	105.1486335234
PWY-8131: 5'-deoxyadenosine degradation II|unclassified	52.4978085594
PWY-5973: cis-vaccenate biosynthesis	104.5218221062
PWY-5973: cis-vaccenate biosynthesis|unclassified	59.3585936273
PWY-5973: cis-vaccenate biosynthesis|g__Bacteroides.s__Bacteroides_ovatus	7.0460107015
PWY-5973: cis-vaccenate biosynthesis|g__Bacteroides.s__Bacteroides_fragilis	3.4513147789
PWY-6125: superpathway of guanosine nucleotides de novo biosynthesis II	104.3163339084
PWY-6125: superpathway of guanosine nucleotides de novo biosynthesis II|unclassified	35.7281623364
PWY-6125: superpathway of guanosine nucleotides de novo biosynthesis II|g__Bacteroides.s__Bacteroides_vulgatus	7.6663153453
PWY66-399: gluconeogenesis III	100.3905425429
PWY-6901: superpathway of glucose and xylose degradation	97.8231918839
FUCCAT-PWY: fucose degradation	95.9339930636
FUCCAT-PWY: fucose degradation|unclassified	15.5085948198
FUCCAT-PWY: fucose degradation|g__Ruminococcaceae_unclassified.s__Eubacterium_siraeum	15.2710754233
PWY4FS-7: phosphatidylglycerol biosynthesis I (plastidic)	95.6722629121
PWY4FS-7: phosphatidylglycerol biosynthesis I (plastidic)|unclassified	80.5303045194
PWY4FS-8: phosphatidylglycerol biosynthesis II (non-plastidic)	95.6722629121
PWY4FS-8: phosphatidylglycerol biosynthesis II (non-plastidic)|unclassified	80.5303045194
PWY-7345: superpathway of anaerobic sucrose degradation	93.4695744846
GLUCUROCAT-PWY: superpathway of &beta;-D-glucuronosides degradation	89.8775725136
GLUCUROCAT-PWY: superpathway of &beta;-D-glucuronosides degradation|unclassified	45.9182286955
ARG+POLYAMINE-SYN: superpathway of arginine and polyamine biosynthesis	89.4284103437
PWY-6606: guanosine nucleotides degradation II	86.9669104188
PWY-6606: guanosine nucleotides degradation II|unclassified	54.9124315433
PWY-6606: guanosine nucleotides degradation II|g__Blautia.s__Blautia_obeum	14.2481248199
P185-PWY: formaldehyde assimilation III (dihydroxyacetone cycle)	86.7149347912
P185-PWY: formaldehyde assimilation III (dihydroxyacetone cycle)|unclassified	79.0131978848
PWY-7663: gondoate biosynthesis (anaerobic)	85.8014938167
PWY-7663: gondoate biosynthesis (anaerobic)|unclassified	7.5467607508
PWY-7663: gondoate biosynthesis (anaerobic)|g__Bacteroides.s__Bacteroides_ovatus	6.6007782189
PWY-7663: gondoate biosynthesis (anaerobic)|g__Bacteroides.s__Bacteroides_fragilis	3.4410181427
PWY0-1477: ethanolamine utilization	84.0937104631
PWY0-1477: ethanolamine utilization|unclassified	42.6065745978
PWY0-1477: ethanolamine utilization|g__Blautia.s__Blautia_obeum	24.9254437710
PWY-4041: &gamma;-glutamyl cycle	80.7700903389
PWY-4041: &gamma;-glutamyl cycle|unclassified	60.8587909228
PWY-7198: pyrimidine deoxyribonucleotides de novo biosynthesis IV	80.3146564318
PWY-7198: pyrimidine deoxyribonucleotides de novo biosynthesis IV|g__Dialister.s__Dialister_invisus	15.1103298936
GALACTUROCAT-PWY: D-galacturonate degradation I	79.9473222861
GALACTUROCAT-PWY: D-galacturonate degradation I|unclassified	27.4337328335
PWY-7383: anaerobic energy metabolism (invertebrates, cytosol)	79.6397993350
PWY-7383: anaerobic energy metabolism (invertebrates, cytosol)|unclassified	20.7307717165
SALVADEHYPOX-PWY: adenosine nucleotides degradation II	78.3590303804
SALVADEHYPOX-PWY: adenosine nucleotides degradation II|unclassified	61.7798447556
SALVADEHYPOX-PWY: adenosine nucleotides degradation II|g__Blautia.s__Blautia_obeum	12.4053350058
PWY-7242: D-fructuronate degradation	76.9077368465
PWY-7242: D-fructuronate degradation|unclassified	37.1770402367
GOLPDLCAT-PWY: superpathway of glycerol degradation to 1,3-propanediol	76.8770085567
GOLPDLCAT-PWY: superpathway of glycerol degradation to 1,3-propanediol|unclassified	69.0043750908
P461-PWY: hexitol fermentation to lactate, formate, ethanol and acetate	76.8383010911
P461-PWY: hexitol fermentation to lactate, formate, ethanol and acetate|unclassified	37.4912654145
PWY-6507: 4-deoxy-L-threo-hex-4-enopyranuronate degradation	74.9898704426
PWY-6507: 4-deoxy-L-threo-hex-4-enopyranuronate degradation|unclassified	32.2802660337
PPGPPMET-PWY: ppGpp metabolism	74.1364802038
PPGPPMET-PWY: ppGpp metabolism|unclassified	31.8870975148
PWY-5154: L-arginine biosynthesis III (via N-acetyl-L-citrulline)	72.7772397938
PWY-5154: L-arginine biosynthesis III (via N-acetyl-L-citrulline)|unclassified	67.7282452054
PWY-5505: L-glutamate and L-glutamine biosynthesis	70.5364134806
PWY-7220: adenosine deoxyribonucleotides de novo biosynthesis II	66.8747634167
PWY-7220: adenosine deoxyribonucleotides de novo biosynthesis II|unclassified	22.4997161225
PWY-7220: adenosine deoxyribonucleotides de novo biosynthesis II|g__Dialister.s__Dialister_invisus	14.0554550558
PWY-7220: adenosine deoxyribonucleotides de novo biosynthesis II|g__Bacteroides.s__Bacteroides_vulgatus	7.0175039025
PWY-7220: adenosine deoxyribonucleotides de novo biosynthesis II|g__Bacteroides.s__Bacteroides_cellulosilyticus	1.5620782278
PWY-7222: guanosine deoxyribonucleotides de novo biosynthesis II	66.8747634167
PWY-7222: guanosine deoxyribonucleotides de novo biosynthesis II|unclassified	22.4997161225
PWY-7222: guanosine deoxyribonucleotides de novo biosynthesis II|g__Dialister.s__Dialister_invisus	14.0554550558
PWY-7222: guanosine deoxyribonucleotides de novo biosynthesis II|g__Bacteroides.s__Bacteroides_vulgatus	7.0175039025
PWY-7222: guanosine deoxyribonucleotides de novo biosynthesis II|g__Bacteroides.s__Bacteroides_cellulosilyticus	1.5620782278
PWY-7197: pyrimidine deoxyribonucleotide phosphorylation	66.8597980198
PWY-7197: pyrimidine deoxyribonucleotide phosphorylation|unclassified	24.0062937090
PWY-7197: pyrimidine deoxyribonucleotide phosphorylation|g__Methanobrevibacter.s__Methanobrevibacter_smithii	13.8251910218
PWY-7197: pyrimidine deoxyribonucleotide phosphorylation|g__Dialister.s__Dialister_invisus	12.1546107893
PWY-5121: superpathway of geranylgeranyl diphosphate biosynthesis II (via MEP)	65.3477065121
PWY-5005: biotin biosynthesis II	64.7244503740
PWY-5005: biotin biosynthesis II|unclassified	24.8606879658
PWY-5676: acetyl-CoA fermentation to butanoate II	63.5693068279
PWY-5676: acetyl-CoA fermentation to butanoate II|unclassified	28.7211143512
PWY-5989: stearate biosynthesis II (bacteria and plants)	58.7774208955
PWY-5989: stearate biosynthesis II (bacteria and plants)|unclassified	9.7931016328
PENTOSE-P-PWY: pentose phosphate pathway	57.6168699001
PWY0-1261: anhydromuropeptides recycling I	57.1503162249
PWY0-1261: anhydromuropeptides recycling I|unclassified	23.5763901903
PWY-6147: 6-hydroxymethyl-dihydropterin diphosphate biosynthesis I	55.7842441266
PWY-6147: 6-hydroxymethyl-dihydropterin diphosphate biosynthesis I|g__Dialister.s__Dialister_invisus	17.2395402723
PWY1ZNC-1: assimilatory sulfate reduction IV	55.5663030761
PWY1ZNC-1: assimilatory sulfate reduction IV|unclassified	42.3828245756
PWY4LZ-257: superpathway of fermentation (Chlamydomonas reinhardtii)	55.5518544407
PWY4LZ-257: superpathway of fermentation (Chlamydomonas reinhardtii)|unclassified	45.3729802236
CITRULBIO-PWY: L-citrulline biosynthesis	54.9460717430
DAPLYSINESYN-PWY: L-lysine biosynthesis I	54.5429447783
DAPLYSINESYN-PWY: L-lysine biosynthesis I|unclassified	49.5747791966
PWY-6168: flavin biosynthesis III (fungi)	54.0505902016
PWY-6168: flavin biosynthesis III (fungi)|unclassified	40.5547461468
GLYCOLYSIS-E-D: superpathway of glycolysis and the Entner-Doudoroff pathway	53.0152020460
PWY-5367: petroselinate biosynthesis	52.7543600689
PWY-5367: petroselinate biosynthesis|unclassified	50.3186569807
ARGININE-SYN4-PWY: L-ornithine biosynthesis II	52.1752859434
ARGININE-SYN4-PWY: L-ornithine biosynthesis II|g__Bacteroides.s__Bacteroides_vulgatus	13.0941156665
GALACTARDEG-PWY: D-galactarate degradation I	50.9030437941
GLUCARGALACTSUPER-PWY: superpathway of D-glucarate and D-galactarate degradation	50.9030437941
POLYAMSYN-PWY: superpathway of polyamine biosynthesis I	50.2478841160
PWY-6902: chitin degradation II (Vibrio)	50.0487275101
PWY-6902: chitin degradation II (Vibrio)|unclassified	48.8182652777
PWY-6969: TCA cycle V (2-oxoglutarate synthase)	49.4902753451
PWY-7392: taxadiene biosynthesis (engineered)	48.8010373957
FOLSYN-PWY: superpathway of tetrahydrofolate biosynthesis and salvage	48.4389467516
POLYISOPRENSYN-PWY: polyisoprenoid biosynthesis (E. coli)	47.5619342633
P161-PWY: acetylene degradation (anaerobic)	47.0264207668
P161-PWY: acetylene degradation (anaerobic)|unclassified	42.6065745978
PWY-7315: dTDP-N-acetylthomosamine biosynthesis	44.4698497564
PWY-7315: dTDP-N-acetylthomosamine biosynthesis|unclassified	41.5879601337
PWY-5136: fatty acid &beta;-oxidation II (plant peroxisome)	43.0436968292
PWY-7356: thiamine diphosphate salvage IV (yeast)	42.9997086448
PWY-7356: thiamine diphosphate salvage IV (yeast)|unclassified	36.3080999878
HEXITOLDEGSUPER-PWY: superpathway of hexitol degradation (bacteria)	40.0659023110
PWY-7282: 4-amino-2-methyl-5-diphosphomethylpyrimidine biosynthesis II	37.6318213479
PWY-7282: 4-amino-2-methyl-5-diphosphomethylpyrimidine biosynthesis II|unclassified	32.0018608147
FUC-RHAMCAT-PWY: superpathway of fucose and rhamnose degradation	37.5683389975
GLUCARDEG-PWY: D-glucarate degradation I	36.3423446890
PWY-8004: Entner-Doudoroff pathway I	33.8198131957
PWY-1269: CMP-3-deoxy-D-manno-octulosonate biosynthesis	33.5411198925
PWY-1269: CMP-3-deoxy-D-manno-octulosonate biosynthesis|unclassified	10.8067143294
PWY-6612: superpathway of tetrahydrofolate biosynthesis	32.9210521587
PWY0-1479: tRNA processing	32.4773929539
PWY0-1479: tRNA processing|unclassified	28.3133049017
P42-PWY: incomplete reductive TCA cycle	32.0507891884
PWY-5384: sucrose degradation IV (sucrose phosphorylase)	30.8240258048
PWY-5384: sucrose degradation IV (sucrose phosphorylase)|g__Faecalibacterium.s__Faecalibacterium_prausnitzii	20.8381500111
PWY-621: sucrose degradation III (sucrose invertase)	30.4094897192
PWY-7385: 1,3-propanediol biosynthesis (engineered)	29.6070855517
PWY-7385: 1,3-propanediol biosynthesis (engineered)|unclassified	25.5667894154
PWY-5030: L-histidine degradation III	29.1198862000
PWY-5030: L-histidine degradation III|g__Bacteroides.s__Bacteroides_vulgatus	12.9022628083
GLUDEG-I-PWY: GABA shunt	27.8074600452
HISDEG-PWY: L-histidine degradation I	27.5329098282
HISDEG-PWY: L-histidine degradation I|g__Bacteroides.s__Bacteroides_vulgatus	12.5418485785
RUMP-PWY: formaldehyde oxidation I	27.0349263688
PWY-4984: urea cycle	25.5093810136
PWY-6590: superpathway of Clostridium acetobutylicum acidogenic fermentation	25.2435595788
PWY-6859: all-trans-farnesol biosynthesis	24.8490536368
HEMESYN2-PWY: heme b biosynthesis II (oxygen-independent)	23.5798823005
PWY-6167: flavin biosynthesis II (archaea)	23.3144774571
PWY-6531: mannitol cycle	22.3208743450
PWY-6305: superpathway of putrescine biosynthesis	20.1562809210
NAGLIPASYN-PWY: lipid IVA biosynthesis (E. coli)	20.0207638388
PWY-8073: lipid IVA biosynthesis (P. putida)	20.0207638388
CENTFERM-PWY: pyruvate fermentation to butanoate	19.0974934227
PWY-5209: methyl-coenzyme M oxidation to CO2	18.8114051778
PWY-5209: methyl-coenzyme M oxidation to CO2|g__Methanobrevibacter.s__Methanobrevibacter_smithii	18.8114051778
PWY-5198: factor 420 biosynthesis II (mycobacteria)	16.7590447710
PWY-5198: factor 420 biosynthesis II (mycobacteria)|g__Methanobrevibacter.s__Methanobrevibacter_smithii	16.7590447710
PWY-5971: palmitate biosynthesis (type II fatty acid synthase)	16.6365481615
PWY-6284: superpathway of unsaturated fatty acids biosynthesis (E. coli)	16.4002056484
BIOTIN-BIOSYNTHESIS-PWY: biotin biosynthesis I	15.9447449891
PWY-8112: factor 420 biosynthesis I (archaea)	15.6196435364
PWY-8112: factor 420 biosynthesis I (archaea)|g__Methanobrevibacter.s__Methanobrevibacter_smithii	15.6196435364
PWY-8113: 3PG-factor 420 biosynthesis	15.6196435364
PWY-8113: 3PG-factor 420 biosynthesis|g__Methanobrevibacter.s__Methanobrevibacter_smithii	15.6196435364
PWY-5723: Rubisco shunt	15.4923108837
PWY-5723: Rubisco shunt|unclassified	15.1943334287
PWY-6803: phosphatidylcholine acyl editing	15.2669940489
PWY-6803: phosphatidylcholine acyl editing|unclassified	11.5544814767
GALACTITOLCAT-PWY: galactitol degradation	15.0547870175
PWY0-845: superpathway of pyridoxal 5'-phosphate biosynthesis and salvage	14.8068672241
PWY0-845: superpathway of pyridoxal 5'-phosphate biosynthesis and salvage|unclassified	11.9315987221
PWY-6282: palmitoleate biosynthesis I (from (5Z)-dodec-5-enoate)	14.7970842595
FASYN-ELONG-PWY: fatty acid elongation -- saturated	14.0049064531
PWY-6519: 8-amino-7-oxononanoate biosynthesis I	13.6721411952
PWY-7664: oleate biosynthesis IV (anaerobic)	12.5027276713
PWY0-1298: superpathway of pyrimidine deoxyribonucleosides degradation	12.4258584069
PWY0-1298: superpathway of pyrimidine deoxyribonucleosides degradation|unclassified	12.2303674676
PWY-5497: purine nucleobases degradation II (anaerobic)	12.3826715788
PWY-5497: purine nucleobases degradation II (anaerobic)|unclassified	11.8345812821
PYRIDOXSYN-PWY: pyridoxal 5'-phosphate biosynthesis I	11.2470115346
PYRIDOXSYN-PWY: pyridoxal 5'-phosphate biosynthesis I|unclassified	8.0102136737
PWY0-862: (5Z)-dodecenoate biosynthesis I	10.9383803961
PWY-5189: tetrapyrrole biosynthesis II (from glycine)	9.4783339843
PWY-5189: tetrapyrrole biosynthesis II (from glycine)|unclassified	8.3912148350
PWY66-389: phytol degradation	7.3227252809
PWY66-389: phytol degradation|unclassified	6.7482302785