# Pathway	merged_ESS-15253015Week-4_S109_L002__kneaddata_paired_Abundance
UNMAPPED	294456.2397170127
UNINTEGRATED	681548.4728089877
UNINTEGRATED|g__Lachnospiraceae_unclassified.s__Eubacterium_rectale	173305.9525816597
UNINTEGRATED|unclassified	116333.8978203770
UNINTEGRATED|g__Faecalibacterium.s__Faecalibacterium_prausnitzii	71450.9029894746
UNINTEGRATED|g__Blautia.s__Blautia_obeum	43040.2421921126
UNINTEGRATED|g__Bifidobacterium.s__Bifidobacterium_adolescentis	29369.4901019231
UNINTEGRATED|g__Ruminococcus.s__Ruminococcus_bromii	26580.6877918373
UNINTEGRATED|g__Dorea.s__Dorea_longicatena	26212.2911085641
UNINTEGRATED|g__Catenibacterium.s__Catenibacterium_mitsuokai	23020.6539380586
UNINTEGRATED|g__Gemmiger.s__Gemmiger_formicilis	20787.6527045217
UNINTEGRATED|g__Roseburia.s__Roseburia_inulinivorans	19704.5605355351
UNINTEGRATED|g__Roseburia.s__Roseburia_intestinalis	19592.6793872582
UNINTEGRATED|g__Blautia.s__Blautia_wexlerae	17142.4804835570
UNINTEGRATED|g__Roseburia.s__Roseburia_faecis	16297.0921046097
UNINTEGRATED|g__Roseburia.s__Roseburia_hominis	14096.8182882770
UNINTEGRATED|g__Coprococcus.s__Coprococcus_eutactus	13648.8704994310
UNINTEGRATED|g__Dorea.s__Dorea_formicigenerans	13133.8511157028
UNINTEGRATED|g__Eubacterium.s__Eubacterium_eligens	11340.0568731304
UNINTEGRATED|g__Collinsella.s__Collinsella_aerofaciens	8561.0552050680
UNINTEGRATED|g__Clostridiales_unclassified.s__Clostridiales_bacterium_KLE1615	7679.3783700261
UNINTEGRATED|g__Alistipes.s__Alistipes_putredinis	5194.2734981364
UNINTEGRATED|g__Lactobacillus.s__Lactobacillus_rogosae	3426.0608574884
UNINTEGRATED|g__Firmicutes_unclassified.s__Firmicutes_bacterium_AF16_15	2289.4118644455
UNINTEGRATED|g__Anaerostipes.s__Anaerostipes_hadrus	1409.4722523435
PWY-7238: sucrose biosynthesis II	1062.0743390907
PWY-7238: sucrose biosynthesis II|g__Lachnospiraceae_unclassified.s__Eubacterium_rectale	290.5970252336
PWY-7238: sucrose biosynthesis II|unclassified	194.8284010712
PWY-7238: sucrose biosynthesis II|g__Faecalibacterium.s__Faecalibacterium_prausnitzii	115.9000597633
PWY-7238: sucrose biosynthesis II|g__Ruminococcus.s__Ruminococcus_bromii	60.4769914226
PWY-7238: sucrose biosynthesis II|g__Bifidobacterium.s__Bifidobacterium_adolescentis	55.2541968579
PWY-7238: sucrose biosynthesis II|g__Blautia.s__Blautia_obeum	49.3120163337
PWY-7238: sucrose biosynthesis II|g__Roseburia.s__Roseburia_hominis	47.0417732781
PWY-7238: sucrose biosynthesis II|g__Gemmiger.s__Gemmiger_formicilis	40.0454747102
PWY-7238: sucrose biosynthesis II|g__Catenibacterium.s__Catenibacterium_mitsuokai	36.0594594620
PWY-7238: sucrose biosynthesis II|g__Roseburia.s__Roseburia_faecis	26.3543050090
PWY-7238: sucrose biosynthesis II|g__Blautia.s__Blautia_wexlerae	25.8438691521
PWY-7238: sucrose biosynthesis II|g__Collinsella.s__Collinsella_aerofaciens	25.4473540163
PWY-7238: sucrose biosynthesis II|g__Roseburia.s__Roseburia_intestinalis	22.6293300748
PWY-7238: sucrose biosynthesis II|g__Dorea.s__Dorea_longicatena	20.0875506425
PWY-7238: sucrose biosynthesis II|g__Coprococcus.s__Coprococcus_eutactus	15.2636430142
GLYCOGENSYNTH-PWY: glycogen biosynthesis I (from ADP-D-Glucose)	825.4306596902
GLYCOGENSYNTH-PWY: glycogen biosynthesis I (from ADP-D-Glucose)|unclassified	161.6492035611
GLYCOGENSYNTH-PWY: glycogen biosynthesis I (from ADP-D-Glucose)|g__Lachnospiraceae_unclassified.s__Eubacterium_rectale	160.5875283192
GLYCOGENSYNTH-PWY: glycogen biosynthesis I (from ADP-D-Glucose)|g__Faecalibacterium.s__Faecalibacterium_prausnitzii	88.4670525958
GLYCOGENSYNTH-PWY: glycogen biosynthesis I (from ADP-D-Glucose)|g__Ruminococcus.s__Ruminococcus_bromii	50.5574019702
GLYCOGENSYNTH-PWY: glycogen biosynthesis I (from ADP-D-Glucose)|g__Catenibacterium.s__Catenibacterium_mitsuokai	41.2507278577
GLYCOGENSYNTH-PWY: glycogen biosynthesis I (from ADP-D-Glucose)|g__Blautia.s__Blautia_obeum	39.8899464076
GLYCOGENSYNTH-PWY: glycogen biosynthesis I (from ADP-D-Glucose)|g__Gemmiger.s__Gemmiger_formicilis	39.8460724525
GLYCOGENSYNTH-PWY: glycogen biosynthesis I (from ADP-D-Glucose)|g__Roseburia.s__Roseburia_hominis	34.4961346404
GLYCOGENSYNTH-PWY: glycogen biosynthesis I (from ADP-D-Glucose)|g__Bifidobacterium.s__Bifidobacterium_adolescentis	33.7956813782
GLYCOGENSYNTH-PWY: glycogen biosynthesis I (from ADP-D-Glucose)|g__Blautia.s__Blautia_wexlerae	32.6277295205
GLYCOGENSYNTH-PWY: glycogen biosynthesis I (from ADP-D-Glucose)|g__Dorea.s__Dorea_longicatena	23.0893644915
GLYCOGENSYNTH-PWY: glycogen biosynthesis I (from ADP-D-Glucose)|g__Roseburia.s__Roseburia_faecis	20.7949495082
GLYCOGENSYNTH-PWY: glycogen biosynthesis I (from ADP-D-Glucose)|g__Collinsella.s__Collinsella_aerofaciens	16.5193301884
GLYCOGENSYNTH-PWY: glycogen biosynthesis I (from ADP-D-Glucose)|g__Roseburia.s__Roseburia_intestinalis	16.0557841054
GLYCOGENSYNTH-PWY: glycogen biosynthesis I (from ADP-D-Glucose)|g__Coprococcus.s__Coprococcus_eutactus	16.0535413612
GLYCOGENSYNTH-PWY: glycogen biosynthesis I (from ADP-D-Glucose)|g__Dorea.s__Dorea_formicigenerans	10.1506791227
PWY-5941: glycogen degradation II	810.4657705458
PWY-5941: glycogen degradation II|unclassified	170.7553462841
PWY-5941: glycogen degradation II|g__Faecalibacterium.s__Faecalibacterium_prausnitzii	90.5658134711
PWY-5941: glycogen degradation II|g__Blautia.s__Blautia_obeum	46.6532048973
PWY-5941: glycogen degradation II|g__Bifidobacterium.s__Bifidobacterium_adolescentis	44.6434684695
PWY-5941: glycogen degradation II|g__Roseburia.s__Roseburia_hominis	37.6248252020
PWY-5941: glycogen degradation II|g__Catenibacterium.s__Catenibacterium_mitsuokai	36.2160269690
PWY-5941: glycogen degradation II|g__Blautia.s__Blautia_wexlerae	27.3396156713
PWY-5941: glycogen degradation II|g__Roseburia.s__Roseburia_faecis	24.0292312700
PWY-5941: glycogen degradation II|g__Collinsella.s__Collinsella_aerofaciens	22.0317116310
PWY-5941: glycogen degradation II|g__Roseburia.s__Roseburia_intestinalis	20.5777459463
PWY-5941: glycogen degradation II|g__Dorea.s__Dorea_longicatena	19.2332961895
PWY-1042: glycolysis IV	712.3555500234
PWY-1042: glycolysis IV|g__Lachnospiraceae_unclassified.s__Eubacterium_rectale	185.1941357756
PWY-1042: glycolysis IV|unclassified	124.1891987530
PWY-1042: glycolysis IV|g__Faecalibacterium.s__Faecalibacterium_prausnitzii	68.7565215370
PWY-1042: glycolysis IV|g__Roseburia.s__Roseburia_faecis	23.1909078342
PWY-1042: glycolysis IV|g__Roseburia.s__Roseburia_hominis	20.1135605600
PWY-1042: glycolysis IV|g__Blautia.s__Blautia_wexlerae	18.8368990293
PWY-1042: glycolysis IV|g__Catenibacterium.s__Catenibacterium_mitsuokai	17.6925409613
PWY-1042: glycolysis IV|g__Blautia.s__Blautia_obeum	7.1991095293
VALSYN-PWY: L-valine biosynthesis	688.8028598360
VALSYN-PWY: L-valine biosynthesis|g__Lachnospiraceae_unclassified.s__Eubacterium_rectale	170.8166095216
VALSYN-PWY: L-valine biosynthesis|unclassified	75.0572702202
VALSYN-PWY: L-valine biosynthesis|g__Ruminococcus.s__Ruminococcus_bromii	54.8128085513
VALSYN-PWY: L-valine biosynthesis|g__Faecalibacterium.s__Faecalibacterium_prausnitzii	50.5031918521
VALSYN-PWY: L-valine biosynthesis|g__Blautia.s__Blautia_obeum	44.0668751024
VALSYN-PWY: L-valine biosynthesis|g__Bifidobacterium.s__Bifidobacterium_adolescentis	41.1570637789
VALSYN-PWY: L-valine biosynthesis|g__Gemmiger.s__Gemmiger_formicilis	31.2595415808
VALSYN-PWY: L-valine biosynthesis|g__Catenibacterium.s__Catenibacterium_mitsuokai	29.1308708078
VALSYN-PWY: L-valine biosynthesis|g__Blautia.s__Blautia_wexlerae	21.2505247975
VALSYN-PWY: L-valine biosynthesis|g__Roseburia.s__Roseburia_hominis	20.2916010624
VALSYN-PWY: L-valine biosynthesis|g__Dorea.s__Dorea_longicatena	20.1438528426
VALSYN-PWY: L-valine biosynthesis|g__Roseburia.s__Roseburia_faecis	17.0904477486
VALSYN-PWY: L-valine biosynthesis|g__Coprococcus.s__Coprococcus_eutactus	12.3544935510
VALSYN-PWY: L-valine biosynthesis|g__Roseburia.s__Roseburia_intestinalis	7.4706588070
VALSYN-PWY: L-valine biosynthesis|g__Roseburia.s__Roseburia_inulinivorans	3.1430642311
VALSYN-PWY: L-valine biosynthesis|g__Anaerostipes.s__Anaerostipes_hadrus	2.1003833122
PWY-6163: chorismate biosynthesis from 3-dehydroquinate	683.0153474657
PWY-6163: chorismate biosynthesis from 3-dehydroquinate|g__Lachnospiraceae_unclassified.s__Eubacterium_rectale	182.1032393561
PWY-6163: chorismate biosynthesis from 3-dehydroquinate|unclassified	132.9533615147
PWY-6163: chorismate biosynthesis from 3-dehydroquinate|g__Faecalibacterium.s__Faecalibacterium_prausnitzii	83.6016594992
PWY-6163: chorismate biosynthesis from 3-dehydroquinate|g__Ruminococcus.s__Ruminococcus_bromii	65.9229371888
PWY-6163: chorismate biosynthesis from 3-dehydroquinate|g__Blautia.s__Blautia_obeum	33.0079491470
PWY-6163: chorismate biosynthesis from 3-dehydroquinate|g__Bifidobacterium.s__Bifidobacterium_adolescentis	21.9880229122
PWY-6163: chorismate biosynthesis from 3-dehydroquinate|g__Roseburia.s__Roseburia_hominis	21.4954235715
PWY-6163: chorismate biosynthesis from 3-dehydroquinate|g__Roseburia.s__Roseburia_intestinalis	18.9133393080
PWY-6163: chorismate biosynthesis from 3-dehydroquinate|g__Blautia.s__Blautia_wexlerae	17.3785745191
PWY-6163: chorismate biosynthesis from 3-dehydroquinate|g__Catenibacterium.s__Catenibacterium_mitsuokai	16.9549181505
PWY-6163: chorismate biosynthesis from 3-dehydroquinate|g__Roseburia.s__Roseburia_faecis	11.7753629634
PWY-6163: chorismate biosynthesis from 3-dehydroquinate|g__Coprococcus.s__Coprococcus_eutactus	9.2672473200
ARO-PWY: chorismate biosynthesis I	673.4952360505
ARO-PWY: chorismate biosynthesis I|g__Lachnospiraceae_unclassified.s__Eubacterium_rectale	159.8807429451
ARO-PWY: chorismate biosynthesis I|unclassified	122.6025167634
ARO-PWY: chorismate biosynthesis I|g__Faecalibacterium.s__Faecalibacterium_prausnitzii	89.5267486330
ARO-PWY: chorismate biosynthesis I|g__Ruminococcus.s__Ruminococcus_bromii	63.3866479260
ARO-PWY: chorismate biosynthesis I|g__Blautia.s__Blautia_obeum	29.2324428360
ARO-PWY: chorismate biosynthesis I|g__Bifidobacterium.s__Bifidobacterium_adolescentis	26.3884891962
ARO-PWY: chorismate biosynthesis I|g__Roseburia.s__Roseburia_hominis	22.9953427297
ARO-PWY: chorismate biosynthesis I|g__Catenibacterium.s__Catenibacterium_mitsuokai	19.4501627305
ARO-PWY: chorismate biosynthesis I|g__Roseburia.s__Roseburia_intestinalis	15.1303546729
ARO-PWY: chorismate biosynthesis I|g__Blautia.s__Blautia_wexlerae	14.0768665863
ARO-PWY: chorismate biosynthesis I|g__Roseburia.s__Roseburia_faecis	8.5007401597
PWY-6151: S-adenosyl-L-methionine salvage I	652.3125715491
PWY-6151: S-adenosyl-L-methionine salvage I|g__Lachnospiraceae_unclassified.s__Eubacterium_rectale	179.4469602766
PWY-6151: S-adenosyl-L-methionine salvage I|unclassified	121.3318401989
PWY-6151: S-adenosyl-L-methionine salvage I|g__Faecalibacterium.s__Faecalibacterium_prausnitzii	52.0800082676
PWY-6151: S-adenosyl-L-methionine salvage I|g__Ruminococcus.s__Ruminococcus_bromii	41.7479907337
PWY-6151: S-adenosyl-L-methionine salvage I|g__Gemmiger.s__Gemmiger_formicilis	34.6238449233
PWY-6151: S-adenosyl-L-methionine salvage I|g__Bifidobacterium.s__Bifidobacterium_adolescentis	25.5788274842
PWY-6151: S-adenosyl-L-methionine salvage I|g__Catenibacterium.s__Catenibacterium_mitsuokai	24.5588507225
PWY-6151: S-adenosyl-L-methionine salvage I|g__Roseburia.s__Roseburia_hominis	23.4665053632
PWY-6151: S-adenosyl-L-methionine salvage I|g__Blautia.s__Blautia_obeum	22.2606134217
PWY-6151: S-adenosyl-L-methionine salvage I|g__Blautia.s__Blautia_wexlerae	20.4310193868
PWY-6151: S-adenosyl-L-methionine salvage I|g__Dorea.s__Dorea_longicatena	17.3750558026
PWY-6151: S-adenosyl-L-methionine salvage I|g__Roseburia.s__Roseburia_faecis	14.1267301924
PWY-6151: S-adenosyl-L-methionine salvage I|g__Collinsella.s__Collinsella_aerofaciens	10.5005836603
PWY-6151: S-adenosyl-L-methionine salvage I|g__Coprococcus.s__Coprococcus_eutactus	9.3677483936
PWY-6151: S-adenosyl-L-methionine salvage I|g__Dorea.s__Dorea_formicigenerans	6.0975671020
COMPLETE-ARO-PWY: superpathway of aromatic amino acid biosynthesis	632.6857720658
COMPLETE-ARO-PWY: superpathway of aromatic amino acid biosynthesis|g__Lachnospiraceae_unclassified.s__Eubacterium_rectale	160.3485438023
COMPLETE-ARO-PWY: superpathway of aromatic amino acid biosynthesis|unclassified	116.8764506417
COMPLETE-ARO-PWY: superpathway of aromatic amino acid biosynthesis|g__Blautia.s__Blautia_obeum	24.6819892074
COMPLETE-ARO-PWY: superpathway of aromatic amino acid biosynthesis|g__Catenibacterium.s__Catenibacterium_mitsuokai	19.9551863388
COMPLETE-ARO-PWY: superpathway of aromatic amino acid biosynthesis|g__Roseburia.s__Roseburia_hominis	19.6779486154
COMPLETE-ARO-PWY: superpathway of aromatic amino acid biosynthesis|g__Blautia.s__Blautia_wexlerae	14.7274819030
CALVIN-PWY: Calvin-Benson-Bassham cycle	627.9709249983
CALVIN-PWY: Calvin-Benson-Bassham cycle|g__Lachnospiraceae_unclassified.s__Eubacterium_rectale	176.9224846847
CALVIN-PWY: Calvin-Benson-Bassham cycle|unclassified	92.7008173733
CALVIN-PWY: Calvin-Benson-Bassham cycle|g__Blautia.s__Blautia_wexlerae	34.8106541316
CALVIN-PWY: Calvin-Benson-Bassham cycle|g__Roseburia.s__Roseburia_faecis	26.2383263598
CALVIN-PWY: Calvin-Benson-Bassham cycle|g__Blautia.s__Blautia_obeum	9.9486329360
ARGSYNBSUB-PWY: L-arginine biosynthesis II (acetyl cycle)	623.6648118746
ARGSYNBSUB-PWY: L-arginine biosynthesis II (acetyl cycle)|g__Lachnospiraceae_unclassified.s__Eubacterium_rectale	135.7156493710
ARGSYNBSUB-PWY: L-arginine biosynthesis II (acetyl cycle)|unclassified	133.3388083097
ARGSYNBSUB-PWY: L-arginine biosynthesis II (acetyl cycle)|g__Faecalibacterium.s__Faecalibacterium_prausnitzii	68.2089985813
ARGSYNBSUB-PWY: L-arginine biosynthesis II (acetyl cycle)|g__Ruminococcus.s__Ruminococcus_bromii	54.3054588176
ARGSYNBSUB-PWY: L-arginine biosynthesis II (acetyl cycle)|g__Gemmiger.s__Gemmiger_formicilis	44.0802850686
ARGSYNBSUB-PWY: L-arginine biosynthesis II (acetyl cycle)|g__Catenibacterium.s__Catenibacterium_mitsuokai	30.1960276839
ARGSYNBSUB-PWY: L-arginine biosynthesis II (acetyl cycle)|g__Bifidobacterium.s__Bifidobacterium_adolescentis	25.8718667568
ARGSYNBSUB-PWY: L-arginine biosynthesis II (acetyl cycle)|g__Blautia.s__Blautia_wexlerae	24.6103046104
ARGSYNBSUB-PWY: L-arginine biosynthesis II (acetyl cycle)|g__Roseburia.s__Roseburia_hominis	23.7065543551
ARGSYNBSUB-PWY: L-arginine biosynthesis II (acetyl cycle)|g__Collinsella.s__Collinsella_aerofaciens	15.0918260583
ARGSYNBSUB-PWY: L-arginine biosynthesis II (acetyl cycle)|g__Blautia.s__Blautia_obeum	14.9341002706
ARGSYNBSUB-PWY: L-arginine biosynthesis II (acetyl cycle)|g__Dorea.s__Dorea_longicatena	11.2267551459
ILEUSYN-PWY: L-isoleucine biosynthesis I (from threonine)	622.8647694622
ILEUSYN-PWY: L-isoleucine biosynthesis I (from threonine)|g__Lachnospiraceae_unclassified.s__Eubacterium_rectale	159.7116560202
ILEUSYN-PWY: L-isoleucine biosynthesis I (from threonine)|unclassified	66.5007119883
ILEUSYN-PWY: L-isoleucine biosynthesis I (from threonine)|g__Bifidobacterium.s__Bifidobacterium_adolescentis	36.6395406488
ILEUSYN-PWY: L-isoleucine biosynthesis I (from threonine)|g__Gemmiger.s__Gemmiger_formicilis	30.6173668628
ILEUSYN-PWY: L-isoleucine biosynthesis I (from threonine)|g__Catenibacterium.s__Catenibacterium_mitsuokai	28.5264174945
ILEUSYN-PWY: L-isoleucine biosynthesis I (from threonine)|g__Blautia.s__Blautia_obeum	18.6811989099
ILEUSYN-PWY: L-isoleucine biosynthesis I (from threonine)|g__Dorea.s__Dorea_longicatena	17.9116899987
ILEUSYN-PWY: L-isoleucine biosynthesis I (from threonine)|g__Coprococcus.s__Coprococcus_eutactus	11.6182746316
ILEUSYN-PWY: L-isoleucine biosynthesis I (from threonine)|g__Blautia.s__Blautia_wexlerae	9.4517206261
ILEUSYN-PWY: L-isoleucine biosynthesis I (from threonine)|g__Roseburia.s__Roseburia_intestinalis	5.1104334015
ILEUSYN-PWY: L-isoleucine biosynthesis I (from threonine)|g__Roseburia.s__Roseburia_hominis	3.7951850703
PWY-5686: UMP biosynthesis I	610.0465143604
PWY-5686: UMP biosynthesis I|g__Lachnospiraceae_unclassified.s__Eubacterium_rectale	137.7713221273
PWY-5686: UMP biosynthesis I|unclassified	109.1079983939
PWY-5686: UMP biosynthesis I|g__Faecalibacterium.s__Faecalibacterium_prausnitzii	47.4674335552
PWY-5686: UMP biosynthesis I|g__Bifidobacterium.s__Bifidobacterium_adolescentis	30.3938080524
PWY-5686: UMP biosynthesis I|g__Gemmiger.s__Gemmiger_formicilis	28.9144696143
PWY-5686: UMP biosynthesis I|g__Catenibacterium.s__Catenibacterium_mitsuokai	26.4722444977
PWY-5686: UMP biosynthesis I|g__Collinsella.s__Collinsella_aerofaciens	17.0502542694
PWY-7790: UMP biosynthesis II	610.0465143604
PWY-7790: UMP biosynthesis II|g__Lachnospiraceae_unclassified.s__Eubacterium_rectale	137.7713221273
PWY-7790: UMP biosynthesis II|unclassified	109.1079983939
PWY-7790: UMP biosynthesis II|g__Faecalibacterium.s__Faecalibacterium_prausnitzii	47.4674335552
PWY-7790: UMP biosynthesis II|g__Gemmiger.s__Gemmiger_formicilis	28.9144696143
PWY-7790: UMP biosynthesis II|g__Catenibacterium.s__Catenibacterium_mitsuokai	26.4722444977
PWY-7790: UMP biosynthesis II|g__Collinsella.s__Collinsella_aerofaciens	17.0502542694
PWY-7791: UMP biosynthesis III	610.0465143604
PWY-7791: UMP biosynthesis III|g__Lachnospiraceae_unclassified.s__Eubacterium_rectale	137.7713221273
PWY-7791: UMP biosynthesis III|unclassified	109.1079983939
PWY-7791: UMP biosynthesis III|g__Faecalibacterium.s__Faecalibacterium_prausnitzii	47.4674335552
PWY-7791: UMP biosynthesis III|g__Gemmiger.s__Gemmiger_formicilis	28.9144696143
PWY-7791: UMP biosynthesis III|g__Catenibacterium.s__Catenibacterium_mitsuokai	26.4722444977
PWY-7791: UMP biosynthesis III|g__Collinsella.s__Collinsella_aerofaciens	17.0502542694
PWY-6609: adenine and adenosine salvage III	609.7263547727
PWY-6609: adenine and adenosine salvage III|g__Lachnospiraceae_unclassified.s__Eubacterium_rectale	163.9924566860
PWY-6609: adenine and adenosine salvage III|unclassified	91.3658856323
PWY-6609: adenine and adenosine salvage III|g__Faecalibacterium.s__Faecalibacterium_prausnitzii	55.1073161445
PWY-6609: adenine and adenosine salvage III|g__Dorea.s__Dorea_longicatena	19.4826998189
PWY-6609: adenine and adenosine salvage III|g__Catenibacterium.s__Catenibacterium_mitsuokai	18.0843081909
PWY-6609: adenine and adenosine salvage III|g__Gemmiger.s__Gemmiger_formicilis	17.4442551350
PWY-6609: adenine and adenosine salvage III|g__Roseburia.s__Roseburia_hominis	15.8757489002
PWY-6609: adenine and adenosine salvage III|g__Blautia.s__Blautia_obeum	13.7825752135
PWY-6609: adenine and adenosine salvage III|g__Roseburia.s__Roseburia_faecis	12.6209814984
PWY-6609: adenine and adenosine salvage III|g__Clostridiales_unclassified.s__Clostridiales_bacterium_KLE1615	11.1611589749
PWY-6609: adenine and adenosine salvage III|g__Blautia.s__Blautia_wexlerae	6.2016128007
NONOXIPENT-PWY: pentose phosphate pathway (non-oxidative branch) I	602.4228857995
NONOXIPENT-PWY: pentose phosphate pathway (non-oxidative branch) I|g__Lachnospiraceae_unclassified.s__Eubacterium_rectale	196.3146400061
NONOXIPENT-PWY: pentose phosphate pathway (non-oxidative branch) I|unclassified	113.4773528407
NONOXIPENT-PWY: pentose phosphate pathway (non-oxidative branch) I|g__Catenibacterium.s__Catenibacterium_mitsuokai	40.8203936740
NONOXIPENT-PWY: pentose phosphate pathway (non-oxidative branch) I|g__Collinsella.s__Collinsella_aerofaciens	35.6486596201
NONOXIPENT-PWY: pentose phosphate pathway (non-oxidative branch) I|g__Roseburia.s__Roseburia_faecis	27.0697173766
NONOXIPENT-PWY: pentose phosphate pathway (non-oxidative branch) I|g__Roseburia.s__Roseburia_hominis	24.5751654795
NONOXIPENT-PWY: pentose phosphate pathway (non-oxidative branch) I|g__Coprococcus.s__Coprococcus_eutactus	16.1390207800
NONOXIPENT-PWY: pentose phosphate pathway (non-oxidative branch) I|g__Blautia.s__Blautia_obeum	14.1499305522
BRANCHED-CHAIN-AA-SYN-PWY: superpathway of branched chain amino acid biosynthesis	592.9496552581
BRANCHED-CHAIN-AA-SYN-PWY: superpathway of branched chain amino acid biosynthesis|g__Lachnospiraceae_unclassified.s__Eubacterium_rectale	157.6584242140
BRANCHED-CHAIN-AA-SYN-PWY: superpathway of branched chain amino acid biosynthesis|unclassified	68.3582201259
BRANCHED-CHAIN-AA-SYN-PWY: superpathway of branched chain amino acid biosynthesis|g__Bifidobacterium.s__Bifidobacterium_adolescentis	38.4926018921
BRANCHED-CHAIN-AA-SYN-PWY: superpathway of branched chain amino acid biosynthesis|g__Gemmiger.s__Gemmiger_formicilis	31.9019647820
BRANCHED-CHAIN-AA-SYN-PWY: superpathway of branched chain amino acid biosynthesis|g__Catenibacterium.s__Catenibacterium_mitsuokai	27.8537463636
BRANCHED-CHAIN-AA-SYN-PWY: superpathway of branched chain amino acid biosynthesis|g__Blautia.s__Blautia_obeum	18.0504760633
BRANCHED-CHAIN-AA-SYN-PWY: superpathway of branched chain amino acid biosynthesis|g__Dorea.s__Dorea_longicatena	14.9837118833
BRANCHED-CHAIN-AA-SYN-PWY: superpathway of branched chain amino acid biosynthesis|g__Blautia.s__Blautia_wexlerae	8.3557546399
BRANCHED-CHAIN-AA-SYN-PWY: superpathway of branched chain amino acid biosynthesis|g__Roseburia.s__Roseburia_intestinalis	5.3038471185
BRANCHED-CHAIN-AA-SYN-PWY: superpathway of branched chain amino acid biosynthesis|g__Roseburia.s__Roseburia_hominis	3.2629853992
ANAGLYCOLYSIS-PWY: glycolysis III (from glucose)	591.0007235759
ANAGLYCOLYSIS-PWY: glycolysis III (from glucose)|g__Lachnospiraceae_unclassified.s__Eubacterium_rectale	160.0309968743
ANAGLYCOLYSIS-PWY: glycolysis III (from glucose)|unclassified	67.0340938600
ANAGLYCOLYSIS-PWY: glycolysis III (from glucose)|g__Roseburia.s__Roseburia_faecis	18.9022282847
ANAGLYCOLYSIS-PWY: glycolysis III (from glucose)|g__Catenibacterium.s__Catenibacterium_mitsuokai	16.7742523219
ANAGLYCOLYSIS-PWY: glycolysis III (from glucose)|g__Blautia.s__Blautia_obeum	13.9607626166
ANAGLYCOLYSIS-PWY: glycolysis III (from glucose)|g__Blautia.s__Blautia_wexlerae	11.4502124399
ANAGLYCOLYSIS-PWY: glycolysis III (from glucose)|g__Roseburia.s__Roseburia_hominis	10.9226892297
PWY-6386: UDP-N-acetylmuramoyl-pentapeptide biosynthesis II (lysine-containing)	589.0757146612
PWY-6386: UDP-N-acetylmuramoyl-pentapeptide biosynthesis II (lysine-containing)|g__Lachnospiraceae_unclassified.s__Eubacterium_rectale	142.1593465562
PWY-6386: UDP-N-acetylmuramoyl-pentapeptide biosynthesis II (lysine-containing)|unclassified	96.8381388665
PWY-6386: UDP-N-acetylmuramoyl-pentapeptide biosynthesis II (lysine-containing)|g__Faecalibacterium.s__Faecalibacterium_prausnitzii	36.9134084878
PWY-6386: UDP-N-acetylmuramoyl-pentapeptide biosynthesis II (lysine-containing)|g__Gemmiger.s__Gemmiger_formicilis	31.4572653091
PWY-6386: UDP-N-acetylmuramoyl-pentapeptide biosynthesis II (lysine-containing)|g__Collinsella.s__Collinsella_aerofaciens	19.0585426707
PWY-6386: UDP-N-acetylmuramoyl-pentapeptide biosynthesis II (lysine-containing)|g__Bifidobacterium.s__Bifidobacterium_adolescentis	18.0427289932
PWY-6386: UDP-N-acetylmuramoyl-pentapeptide biosynthesis II (lysine-containing)|g__Roseburia.s__Roseburia_faecis	16.3537773190
PWY-6386: UDP-N-acetylmuramoyl-pentapeptide biosynthesis II (lysine-containing)|g__Blautia.s__Blautia_obeum	15.8022099829
PWY-6386: UDP-N-acetylmuramoyl-pentapeptide biosynthesis II (lysine-containing)|g__Blautia.s__Blautia_wexlerae	14.9354190157
PWY-6386: UDP-N-acetylmuramoyl-pentapeptide biosynthesis II (lysine-containing)|g__Dorea.s__Dorea_longicatena	13.7904016125
PWY-8178: pentose phosphate pathway (non-oxidative branch) II	587.1178704913
PWY-8178: pentose phosphate pathway (non-oxidative branch) II|g__Lachnospiraceae_unclassified.s__Eubacterium_rectale	163.5329781973
PWY-8178: pentose phosphate pathway (non-oxidative branch) II|unclassified	118.3597004598
PWY-8178: pentose phosphate pathway (non-oxidative branch) II|g__Catenibacterium.s__Catenibacterium_mitsuokai	27.3859207114
PWY-8178: pentose phosphate pathway (non-oxidative branch) II|g__Roseburia.s__Roseburia_faecis	24.9584030524
PWY-8178: pentose phosphate pathway (non-oxidative branch) II|g__Roseburia.s__Roseburia_hominis	21.1463100110
PWY-8178: pentose phosphate pathway (non-oxidative branch) II|g__Blautia.s__Blautia_obeum	16.3412449401
PWY-8178: pentose phosphate pathway (non-oxidative branch) II|g__Coprococcus.s__Coprococcus_eutactus	12.4527699285
PWY-8178: pentose phosphate pathway (non-oxidative branch) II|g__Blautia.s__Blautia_wexlerae	10.1461716424
ARGSYN-PWY: L-arginine biosynthesis I (via L-ornithine)	586.8387445403
ARGSYN-PWY: L-arginine biosynthesis I (via L-ornithine)|g__Lachnospiraceae_unclassified.s__Eubacterium_rectale	131.0565978586
ARGSYN-PWY: L-arginine biosynthesis I (via L-ornithine)|unclassified	121.3702664699
ARGSYN-PWY: L-arginine biosynthesis I (via L-ornithine)|g__Faecalibacterium.s__Faecalibacterium_prausnitzii	60.0207089505
ARGSYN-PWY: L-arginine biosynthesis I (via L-ornithine)|g__Gemmiger.s__Gemmiger_formicilis	42.0740660889
ARGSYN-PWY: L-arginine biosynthesis I (via L-ornithine)|g__Catenibacterium.s__Catenibacterium_mitsuokai	28.7007576617
ARGSYN-PWY: L-arginine biosynthesis I (via L-ornithine)|g__Blautia.s__Blautia_wexlerae	24.4977054648
ARGSYN-PWY: L-arginine biosynthesis I (via L-ornithine)|g__Bifidobacterium.s__Bifidobacterium_adolescentis	24.1025331286
ARGSYN-PWY: L-arginine biosynthesis I (via L-ornithine)|g__Roseburia.s__Roseburia_hominis	22.4041894048
ARGSYN-PWY: L-arginine biosynthesis I (via L-ornithine)|g__Blautia.s__Blautia_obeum	6.0300418553
TRNA-CHARGING-PWY: tRNA charging	585.7763054965
TRNA-CHARGING-PWY: tRNA charging|g__Lachnospiraceae_unclassified.s__Eubacterium_rectale	140.4839307261
TRNA-CHARGING-PWY: tRNA charging|unclassified	111.5599179552
TRNA-CHARGING-PWY: tRNA charging|g__Faecalibacterium.s__Faecalibacterium_prausnitzii	51.3851441574
TRNA-CHARGING-PWY: tRNA charging|g__Gemmiger.s__Gemmiger_formicilis	37.6537296645
TRNA-CHARGING-PWY: tRNA charging|g__Catenibacterium.s__Catenibacterium_mitsuokai	21.5397618408
PWY-6122: 5-aminoimidazole ribonucleotide biosynthesis II	585.3854707945
PWY-6122: 5-aminoimidazole ribonucleotide biosynthesis II|g__Lachnospiraceae_unclassified.s__Eubacterium_rectale	133.5789454046
PWY-6122: 5-aminoimidazole ribonucleotide biosynthesis II|unclassified	120.5413296635
PWY-6122: 5-aminoimidazole ribonucleotide biosynthesis II|g__Ruminococcus.s__Ruminococcus_bromii	49.1199232285
PWY-6122: 5-aminoimidazole ribonucleotide biosynthesis II|g__Faecalibacterium.s__Faecalibacterium_prausnitzii	48.9302937389
PWY-6122: 5-aminoimidazole ribonucleotide biosynthesis II|g__Gemmiger.s__Gemmiger_formicilis	30.5778448568
PWY-6122: 5-aminoimidazole ribonucleotide biosynthesis II|g__Catenibacterium.s__Catenibacterium_mitsuokai	28.3058583168
PWY-6122: 5-aminoimidazole ribonucleotide biosynthesis II|g__Blautia.s__Blautia_obeum	25.3552940037
PWY-6122: 5-aminoimidazole ribonucleotide biosynthesis II|g__Bifidobacterium.s__Bifidobacterium_adolescentis	24.5341889349
PWY-6122: 5-aminoimidazole ribonucleotide biosynthesis II|g__Collinsella.s__Collinsella_aerofaciens	18.9821180470
PWY-6122: 5-aminoimidazole ribonucleotide biosynthesis II|g__Roseburia.s__Roseburia_hominis	17.5816751825
PWY-6122: 5-aminoimidazole ribonucleotide biosynthesis II|g__Blautia.s__Blautia_wexlerae	16.1139760723
PWY-6122: 5-aminoimidazole ribonucleotide biosynthesis II|g__Coprococcus.s__Coprococcus_eutactus	15.5558741382
PWY-6122: 5-aminoimidazole ribonucleotide biosynthesis II|g__Dorea.s__Dorea_formicigenerans	10.5607086573
PWY-6277: superpathway of 5-aminoimidazole ribonucleotide biosynthesis	585.3854707945
PWY-6277: superpathway of 5-aminoimidazole ribonucleotide biosynthesis|g__Lachnospiraceae_unclassified.s__Eubacterium_rectale	133.5789454046
PWY-6277: superpathway of 5-aminoimidazole ribonucleotide biosynthesis|unclassified	120.5413296635
PWY-6277: superpathway of 5-aminoimidazole ribonucleotide biosynthesis|g__Ruminococcus.s__Ruminococcus_bromii	49.1199232285
PWY-6277: superpathway of 5-aminoimidazole ribonucleotide biosynthesis|g__Faecalibacterium.s__Faecalibacterium_prausnitzii	48.9302937389
PWY-6277: superpathway of 5-aminoimidazole ribonucleotide biosynthesis|g__Gemmiger.s__Gemmiger_formicilis	30.5778448568
PWY-6277: superpathway of 5-aminoimidazole ribonucleotide biosynthesis|g__Catenibacterium.s__Catenibacterium_mitsuokai	28.3058583168
PWY-6277: superpathway of 5-aminoimidazole ribonucleotide biosynthesis|g__Blautia.s__Blautia_obeum	25.3552940037
PWY-6277: superpathway of 5-aminoimidazole ribonucleotide biosynthesis|g__Bifidobacterium.s__Bifidobacterium_adolescentis	24.5341889349
PWY-6277: superpathway of 5-aminoimidazole ribonucleotide biosynthesis|g__Collinsella.s__Collinsella_aerofaciens	18.9821180470
PWY-6277: superpathway of 5-aminoimidazole ribonucleotide biosynthesis|g__Roseburia.s__Roseburia_hominis	17.5816751825
PWY-6277: superpathway of 5-aminoimidazole ribonucleotide biosynthesis|g__Blautia.s__Blautia_wexlerae	16.1139760723
PWY-6277: superpathway of 5-aminoimidazole ribonucleotide biosynthesis|g__Coprococcus.s__Coprococcus_eutactus	15.5558741382
PWY-6277: superpathway of 5-aminoimidazole ribonucleotide biosynthesis|g__Dorea.s__Dorea_formicigenerans	10.5607086573
PWY-6121: 5-aminoimidazole ribonucleotide biosynthesis I	585.0926389694
PWY-6121: 5-aminoimidazole ribonucleotide biosynthesis I|g__Lachnospiraceae_unclassified.s__Eubacterium_rectale	141.9481496609
PWY-6121: 5-aminoimidazole ribonucleotide biosynthesis I|unclassified	124.0493105188
PWY-6121: 5-aminoimidazole ribonucleotide biosynthesis I|g__Ruminococcus.s__Ruminococcus_bromii	49.8300720488
PWY-6121: 5-aminoimidazole ribonucleotide biosynthesis I|g__Faecalibacterium.s__Faecalibacterium_prausnitzii	44.9160299740
PWY-6121: 5-aminoimidazole ribonucleotide biosynthesis I|g__Gemmiger.s__Gemmiger_formicilis	29.2010966193
PWY-6121: 5-aminoimidazole ribonucleotide biosynthesis I|g__Blautia.s__Blautia_obeum	24.5713460485
PWY-6121: 5-aminoimidazole ribonucleotide biosynthesis I|g__Catenibacterium.s__Catenibacterium_mitsuokai	22.4225006625
PWY-6121: 5-aminoimidazole ribonucleotide biosynthesis I|g__Roseburia.s__Roseburia_hominis	19.9442387077
PWY-6121: 5-aminoimidazole ribonucleotide biosynthesis I|g__Bifidobacterium.s__Bifidobacterium_adolescentis	18.3167379903
PWY-6121: 5-aminoimidazole ribonucleotide biosynthesis I|g__Collinsella.s__Collinsella_aerofaciens	16.7466469911
PWY-6121: 5-aminoimidazole ribonucleotide biosynthesis I|g__Blautia.s__Blautia_wexlerae	15.4835037029
PWY0-1296: purine ribonucleosides degradation	573.9431818738
PWY0-1296: purine ribonucleosides degradation|g__Lachnospiraceae_unclassified.s__Eubacterium_rectale	164.5569565895
PWY0-1296: purine ribonucleosides degradation|unclassified	83.4074568189
PWY0-1296: purine ribonucleosides degradation|g__Faecalibacterium.s__Faecalibacterium_prausnitzii	55.9692017028
PWY0-1296: purine ribonucleosides degradation|g__Blautia.s__Blautia_obeum	50.2734754875
PWY0-1296: purine ribonucleosides degradation|g__Roseburia.s__Roseburia_hominis	34.1213590181
PWY0-1296: purine ribonucleosides degradation|g__Dorea.s__Dorea_longicatena	25.0803940248
PWY0-1296: purine ribonucleosides degradation|g__Gemmiger.s__Gemmiger_formicilis	19.7034055939
PWY0-1296: purine ribonucleosides degradation|g__Catenibacterium.s__Catenibacterium_mitsuokai	19.3140341558
PWY0-1296: purine ribonucleosides degradation|g__Roseburia.s__Roseburia_faecis	18.1352014489
PWY0-1296: purine ribonucleosides degradation|g__Clostridiales_unclassified.s__Clostridiales_bacterium_KLE1615	11.8148687702
PWY0-1296: purine ribonucleosides degradation|g__Blautia.s__Blautia_wexlerae	6.9280985088
NONMEVIPP-PWY: methylerythritol phosphate pathway I	572.9872079304
NONMEVIPP-PWY: methylerythritol phosphate pathway I|unclassified	99.3329255320
NONMEVIPP-PWY: methylerythritol phosphate pathway I|g__Ruminococcus.s__Ruminococcus_bromii	49.1343912544
NONMEVIPP-PWY: methylerythritol phosphate pathway I|g__Bifidobacterium.s__Bifidobacterium_adolescentis	28.8179885293
NONMEVIPP-PWY: methylerythritol phosphate pathway I|g__Blautia.s__Blautia_obeum	24.3887280210
NONMEVIPP-PWY: methylerythritol phosphate pathway I|g__Gemmiger.s__Gemmiger_formicilis	23.3868682693
NONMEVIPP-PWY: methylerythritol phosphate pathway I|g__Catenibacterium.s__Catenibacterium_mitsuokai	21.7234199398
NONMEVIPP-PWY: methylerythritol phosphate pathway I|g__Dorea.s__Dorea_longicatena	17.5121241176
NONMEVIPP-PWY: methylerythritol phosphate pathway I|g__Blautia.s__Blautia_wexlerae	10.8204468928
PWY-5103: L-isoleucine biosynthesis III	572.3960897486
PWY-5103: L-isoleucine biosynthesis III|g__Lachnospiraceae_unclassified.s__Eubacterium_rectale	147.7955355430
PWY-5103: L-isoleucine biosynthesis III|unclassified	59.3506064229
PWY-5103: L-isoleucine biosynthesis III|g__Bifidobacterium.s__Bifidobacterium_adolescentis	33.9103850853
PWY-5103: L-isoleucine biosynthesis III|g__Gemmiger.s__Gemmiger_formicilis	27.8599317774
PWY-5103: L-isoleucine biosynthesis III|g__Catenibacterium.s__Catenibacterium_mitsuokai	27.6925437257
PWY-5103: L-isoleucine biosynthesis III|g__Dorea.s__Dorea_longicatena	16.0489937979
PWY-5103: L-isoleucine biosynthesis III|g__Blautia.s__Blautia_obeum	13.6366491006
PWY-5103: L-isoleucine biosynthesis III|g__Coprococcus.s__Coprococcus_eutactus	11.0146370177
PWY-5103: L-isoleucine biosynthesis III|g__Blautia.s__Blautia_wexlerae	6.9319273248
PWY-5103: L-isoleucine biosynthesis III|g__Roseburia.s__Roseburia_intestinalis	4.0315672370
PWY-5103: L-isoleucine biosynthesis III|g__Roseburia.s__Roseburia_hominis	2.5381135225
PWY-6387: UDP-N-acetylmuramoyl-pentapeptide biosynthesis I (meso-diaminopimelate containing)	571.4013251186
PWY-6387: UDP-N-acetylmuramoyl-pentapeptide biosynthesis I (meso-diaminopimelate containing)|g__Lachnospiraceae_unclassified.s__Eubacterium_rectale	136.3339901270
PWY-6387: UDP-N-acetylmuramoyl-pentapeptide biosynthesis I (meso-diaminopimelate containing)|unclassified	111.4067916985
PWY-6387: UDP-N-acetylmuramoyl-pentapeptide biosynthesis I (meso-diaminopimelate containing)|g__Faecalibacterium.s__Faecalibacterium_prausnitzii	33.0984874664
PWY-6387: UDP-N-acetylmuramoyl-pentapeptide biosynthesis I (meso-diaminopimelate containing)|g__Gemmiger.s__Gemmiger_formicilis	30.6123917580
PWY-6387: UDP-N-acetylmuramoyl-pentapeptide biosynthesis I (meso-diaminopimelate containing)|g__Catenibacterium.s__Catenibacterium_mitsuokai	18.5997113534
PWY-6387: UDP-N-acetylmuramoyl-pentapeptide biosynthesis I (meso-diaminopimelate containing)|g__Bifidobacterium.s__Bifidobacterium_adolescentis	17.7831408110
PWY-6387: UDP-N-acetylmuramoyl-pentapeptide biosynthesis I (meso-diaminopimelate containing)|g__Blautia.s__Blautia_obeum	17.6027343937
PWY-6387: UDP-N-acetylmuramoyl-pentapeptide biosynthesis I (meso-diaminopimelate containing)|g__Roseburia.s__Roseburia_faecis	15.1846434788
PWY-6387: UDP-N-acetylmuramoyl-pentapeptide biosynthesis I (meso-diaminopimelate containing)|g__Blautia.s__Blautia_wexlerae	14.6175982136
PWY-6387: UDP-N-acetylmuramoyl-pentapeptide biosynthesis I (meso-diaminopimelate containing)|g__Dorea.s__Dorea_longicatena	13.1318718489
PWY-7221: guanosine ribonucleotides de novo biosynthesis	551.5649489826
PWY-7221: guanosine ribonucleotides de novo biosynthesis|g__Lachnospiraceae_unclassified.s__Eubacterium_rectale	117.7355542357
PWY-7221: guanosine ribonucleotides de novo biosynthesis|unclassified	85.9835999202
PWY-7221: guanosine ribonucleotides de novo biosynthesis|g__Ruminococcus.s__Ruminococcus_bromii	46.1547314786
PWY-7221: guanosine ribonucleotides de novo biosynthesis|g__Bifidobacterium.s__Bifidobacterium_adolescentis	39.7291853548
PWY-7221: guanosine ribonucleotides de novo biosynthesis|g__Faecalibacterium.s__Faecalibacterium_prausnitzii	38.8566362134
PWY-7221: guanosine ribonucleotides de novo biosynthesis|g__Catenibacterium.s__Catenibacterium_mitsuokai	24.1588465426
PWY-7221: guanosine ribonucleotides de novo biosynthesis|g__Roseburia.s__Roseburia_hominis	23.2518494825
PWY-7221: guanosine ribonucleotides de novo biosynthesis|g__Blautia.s__Blautia_obeum	22.3430327730
PWY-7221: guanosine ribonucleotides de novo biosynthesis|g__Dorea.s__Dorea_longicatena	22.0781823506
PWY-7221: guanosine ribonucleotides de novo biosynthesis|g__Collinsella.s__Collinsella_aerofaciens	17.5038262574
PWY-7221: guanosine ribonucleotides de novo biosynthesis|g__Blautia.s__Blautia_wexlerae	15.2448175592
PWY-7221: guanosine ribonucleotides de novo biosynthesis|g__Roseburia.s__Roseburia_intestinalis	5.3587921869
PWY-7221: guanosine ribonucleotides de novo biosynthesis|g__Dorea.s__Dorea_formicigenerans	3.6511627939
DTDPRHAMSYN-PWY: dTDP-&beta;-L-rhamnose biosynthesis	530.1824606254
DTDPRHAMSYN-PWY: dTDP-&beta;-L-rhamnose biosynthesis|unclassified	138.1969895047
DTDPRHAMSYN-PWY: dTDP-&beta;-L-rhamnose biosynthesis|g__Lachnospiraceae_unclassified.s__Eubacterium_rectale	134.9238367983
DTDPRHAMSYN-PWY: dTDP-&beta;-L-rhamnose biosynthesis|g__Faecalibacterium.s__Faecalibacterium_prausnitzii	65.4673053270
DTDPRHAMSYN-PWY: dTDP-&beta;-L-rhamnose biosynthesis|g__Gemmiger.s__Gemmiger_formicilis	36.9872362374
DTDPRHAMSYN-PWY: dTDP-&beta;-L-rhamnose biosynthesis|g__Blautia.s__Blautia_obeum	34.7465430461
DTDPRHAMSYN-PWY: dTDP-&beta;-L-rhamnose biosynthesis|g__Blautia.s__Blautia_wexlerae	30.1920290472
DTDPRHAMSYN-PWY: dTDP-&beta;-L-rhamnose biosynthesis|g__Dorea.s__Dorea_longicatena	16.5674110403
DTDPRHAMSYN-PWY: dTDP-&beta;-L-rhamnose biosynthesis|g__Roseburia.s__Roseburia_intestinalis	13.4698835296
DTDPRHAMSYN-PWY: dTDP-&beta;-L-rhamnose biosynthesis|g__Firmicutes_unclassified.s__Firmicutes_bacterium_AF16_15	9.3712722763
DTDPRHAMSYN-PWY: dTDP-&beta;-L-rhamnose biosynthesis|g__Lactobacillus.s__Lactobacillus_rogosae	9.0606642759
DTDPRHAMSYN-PWY: dTDP-&beta;-L-rhamnose biosynthesis|g__Dorea.s__Dorea_formicigenerans	8.3599970183
DTDPRHAMSYN-PWY: dTDP-&beta;-L-rhamnose biosynthesis|g__Alistipes.s__Alistipes_putredinis	8.1692478593
DTDPRHAMSYN-PWY: dTDP-&beta;-L-rhamnose biosynthesis|g__Clostridiales_unclassified.s__Clostridiales_bacterium_KLE1615	7.8533687301
DTDPRHAMSYN-PWY: dTDP-&beta;-L-rhamnose biosynthesis|g__Coprococcus.s__Coprococcus_eutactus	3.4257657064
PWY-3841: folate transformations II (plants)	529.3405587676
PWY-3841: folate transformations II (plants)|g__Lachnospiraceae_unclassified.s__Eubacterium_rectale	118.9423748759
PWY-3841: folate transformations II (plants)|unclassified	86.9342041143
PWY-3841: folate transformations II (plants)|g__Catenibacterium.s__Catenibacterium_mitsuokai	34.1086744809
PWY-3841: folate transformations II (plants)|g__Roseburia.s__Roseburia_hominis	31.4294857676
PWY-3841: folate transformations II (plants)|g__Bifidobacterium.s__Bifidobacterium_adolescentis	26.9161203373
PWY-3841: folate transformations II (plants)|g__Roseburia.s__Roseburia_faecis	22.6333533668
PWY-3841: folate transformations II (plants)|g__Blautia.s__Blautia_wexlerae	11.1178196231
PWY-3841: folate transformations II (plants)|g__Blautia.s__Blautia_obeum	4.1903296757
GLUTORN-PWY: L-ornithine biosynthesis I	529.1239476324
GLUTORN-PWY: L-ornithine biosynthesis I|g__Lachnospiraceae_unclassified.s__Eubacterium_rectale	120.6355429918
GLUTORN-PWY: L-ornithine biosynthesis I|unclassified	93.3768867764
GLUTORN-PWY: L-ornithine biosynthesis I|g__Faecalibacterium.s__Faecalibacterium_prausnitzii	54.1915340515
GLUTORN-PWY: L-ornithine biosynthesis I|g__Ruminococcus.s__Ruminococcus_bromii	47.6610223525
GLUTORN-PWY: L-ornithine biosynthesis I|g__Gemmiger.s__Gemmiger_formicilis	25.0565248605
GLUTORN-PWY: L-ornithine biosynthesis I|g__Roseburia.s__Roseburia_hominis	25.0155720343
GLUTORN-PWY: L-ornithine biosynthesis I|g__Bifidobacterium.s__Bifidobacterium_adolescentis	23.8795572849
GLUTORN-PWY: L-ornithine biosynthesis I|g__Blautia.s__Blautia_wexlerae	21.8377722013
GLUTORN-PWY: L-ornithine biosynthesis I|g__Catenibacterium.s__Catenibacterium_mitsuokai	20.7522696982
GLUTORN-PWY: L-ornithine biosynthesis I|g__Blautia.s__Blautia_obeum	13.4728867280
GLUTORN-PWY: L-ornithine biosynthesis I|g__Dorea.s__Dorea_longicatena	12.5332914366
PEPTIDOGLYCANSYN-PWY: peptidoglycan biosynthesis I (meso-diaminopimelate containing)	528.4475570958
PEPTIDOGLYCANSYN-PWY: peptidoglycan biosynthesis I (meso-diaminopimelate containing)|g__Lachnospiraceae_unclassified.s__Eubacterium_rectale	133.5905672472
PEPTIDOGLYCANSYN-PWY: peptidoglycan biosynthesis I (meso-diaminopimelate containing)|unclassified	115.2918056147
PEPTIDOGLYCANSYN-PWY: peptidoglycan biosynthesis I (meso-diaminopimelate containing)|g__Faecalibacterium.s__Faecalibacterium_prausnitzii	35.6295115364
PEPTIDOGLYCANSYN-PWY: peptidoglycan biosynthesis I (meso-diaminopimelate containing)|g__Gemmiger.s__Gemmiger_formicilis	26.9200990387
PEPTIDOGLYCANSYN-PWY: peptidoglycan biosynthesis I (meso-diaminopimelate containing)|g__Bifidobacterium.s__Bifidobacterium_adolescentis	18.6752581913
PEPTIDOGLYCANSYN-PWY: peptidoglycan biosynthesis I (meso-diaminopimelate containing)|g__Blautia.s__Blautia_obeum	16.5060924700
PEPTIDOGLYCANSYN-PWY: peptidoglycan biosynthesis I (meso-diaminopimelate containing)|g__Roseburia.s__Roseburia_faecis	15.0814672400
PEPTIDOGLYCANSYN-PWY: peptidoglycan biosynthesis I (meso-diaminopimelate containing)|g__Blautia.s__Blautia_wexlerae	14.8666123333
PEPTIDOGLYCANSYN-PWY: peptidoglycan biosynthesis I (meso-diaminopimelate containing)|g__Catenibacterium.s__Catenibacterium_mitsuokai	14.7375738237
PEPTIDOGLYCANSYN-PWY: peptidoglycan biosynthesis I (meso-diaminopimelate containing)|g__Dorea.s__Dorea_longicatena	13.6481116530
PWY-6385: peptidoglycan biosynthesis III (mycobacteria)	528.4475570958
PWY-6385: peptidoglycan biosynthesis III (mycobacteria)|g__Lachnospiraceae_unclassified.s__Eubacterium_rectale	133.5905672472
PWY-6385: peptidoglycan biosynthesis III (mycobacteria)|unclassified	96.7504291386
PWY-6385: peptidoglycan biosynthesis III (mycobacteria)|g__Bifidobacterium.s__Bifidobacterium_adolescentis	19.6819446104
PWY-6385: peptidoglycan biosynthesis III (mycobacteria)|g__Catenibacterium.s__Catenibacterium_mitsuokai	15.4293172193
PWY-6385: peptidoglycan biosynthesis III (mycobacteria)|g__Roseburia.s__Roseburia_faecis	15.0814672400
PWY-6385: peptidoglycan biosynthesis III (mycobacteria)|g__Blautia.s__Blautia_obeum	14.4676098625
PWY-6385: peptidoglycan biosynthesis III (mycobacteria)|g__Dorea.s__Dorea_longicatena	12.1746396453
PWY-6385: peptidoglycan biosynthesis III (mycobacteria)|g__Blautia.s__Blautia_wexlerae	9.6727081334
PWY-5097: L-lysine biosynthesis VI	522.7815896434
PWY-5097: L-lysine biosynthesis VI|unclassified	114.3443226440
PWY-5097: L-lysine biosynthesis VI|g__Ruminococcus.s__Ruminococcus_bromii	40.4701906503
PWY-5097: L-lysine biosynthesis VI|g__Bifidobacterium.s__Bifidobacterium_adolescentis	37.1436176423
PWY-5097: L-lysine biosynthesis VI|g__Catenibacterium.s__Catenibacterium_mitsuokai	29.3798486962
PWY-5097: L-lysine biosynthesis VI|g__Roseburia.s__Roseburia_hominis	26.6852843977
PWY-5097: L-lysine biosynthesis VI|g__Gemmiger.s__Gemmiger_formicilis	23.5370071413
PWY-5097: L-lysine biosynthesis VI|g__Dorea.s__Dorea_longicatena	16.5783336662
PWY-5097: L-lysine biosynthesis VI|g__Blautia.s__Blautia_wexlerae	15.7723339524
PWY-5097: L-lysine biosynthesis VI|g__Blautia.s__Blautia_obeum	13.3554517034
PWY-7953: UDP-N-acetylmuramoyl-pentapeptide biosynthesis III (meso-diaminopimelate containing)	505.3286370928
PWY-7953: UDP-N-acetylmuramoyl-pentapeptide biosynthesis III (meso-diaminopimelate containing)|g__Lachnospiraceae_unclassified.s__Eubacterium_rectale	135.7983155094
PWY-7953: UDP-N-acetylmuramoyl-pentapeptide biosynthesis III (meso-diaminopimelate containing)|unclassified	84.1425747348
PWY-7953: UDP-N-acetylmuramoyl-pentapeptide biosynthesis III (meso-diaminopimelate containing)|g__Blautia.s__Blautia_obeum	15.1776962387
PWY-7953: UDP-N-acetylmuramoyl-pentapeptide biosynthesis III (meso-diaminopimelate containing)|g__Roseburia.s__Roseburia_faecis	15.0673429433
PWY-7953: UDP-N-acetylmuramoyl-pentapeptide biosynthesis III (meso-diaminopimelate containing)|g__Dorea.s__Dorea_longicatena	12.3042003351
PWY-7953: UDP-N-acetylmuramoyl-pentapeptide biosynthesis III (meso-diaminopimelate containing)|g__Blautia.s__Blautia_wexlerae	8.5183722114
COA-PWY-1: superpathway of coenzyme A biosynthesis III (mammals)	504.3520284708
COA-PWY-1: superpathway of coenzyme A biosynthesis III (mammals)|g__Lachnospiraceae_unclassified.s__Eubacterium_rectale	109.9562567932
COA-PWY-1: superpathway of coenzyme A biosynthesis III (mammals)|unclassified	87.2920202909
COA-PWY-1: superpathway of coenzyme A biosynthesis III (mammals)|g__Faecalibacterium.s__Faecalibacterium_prausnitzii	57.6597463477
COA-PWY-1: superpathway of coenzyme A biosynthesis III (mammals)|g__Bifidobacterium.s__Bifidobacterium_adolescentis	18.0605774685
COA-PWY-1: superpathway of coenzyme A biosynthesis III (mammals)|g__Gemmiger.s__Gemmiger_formicilis	16.3829801067
COA-PWY-1: superpathway of coenzyme A biosynthesis III (mammals)|g__Catenibacterium.s__Catenibacterium_mitsuokai	15.8771148275
COA-PWY-1: superpathway of coenzyme A biosynthesis III (mammals)|g__Collinsella.s__Collinsella_aerofaciens	13.5568907263
COA-PWY-1: superpathway of coenzyme A biosynthesis III (mammals)|g__Dorea.s__Dorea_longicatena	13.2681442048
COA-PWY-1: superpathway of coenzyme A biosynthesis III (mammals)|g__Roseburia.s__Roseburia_faecis	10.2548358294
COA-PWY-1: superpathway of coenzyme A biosynthesis III (mammals)|g__Blautia.s__Blautia_obeum	9.0544824911
COA-PWY-1: superpathway of coenzyme A biosynthesis III (mammals)|g__Blautia.s__Blautia_wexlerae	7.2265572693
PWY-7357: thiamine phosphate formation from pyrithiamine and oxythiamine (yeast)	483.2122719057
PWY-7357: thiamine phosphate formation from pyrithiamine and oxythiamine (yeast)|g__Lachnospiraceae_unclassified.s__Eubacterium_rectale	123.3644334831
PWY-7357: thiamine phosphate formation from pyrithiamine and oxythiamine (yeast)|unclassified	60.9823116435
PWY-7357: thiamine phosphate formation from pyrithiamine and oxythiamine (yeast)|g__Faecalibacterium.s__Faecalibacterium_prausnitzii	59.4163640693
PWY-7357: thiamine phosphate formation from pyrithiamine and oxythiamine (yeast)|g__Roseburia.s__Roseburia_faecis	25.0412159119
PWY-7357: thiamine phosphate formation from pyrithiamine and oxythiamine (yeast)|g__Dorea.s__Dorea_longicatena	23.0303610297
PWY-7357: thiamine phosphate formation from pyrithiamine and oxythiamine (yeast)|g__Collinsella.s__Collinsella_aerofaciens	22.6638872063
PWY-7357: thiamine phosphate formation from pyrithiamine and oxythiamine (yeast)|g__Bifidobacterium.s__Bifidobacterium_adolescentis	21.3125985103
PWY-7357: thiamine phosphate formation from pyrithiamine and oxythiamine (yeast)|g__Blautia.s__Blautia_obeum	19.7693215568
PWY-7357: thiamine phosphate formation from pyrithiamine and oxythiamine (yeast)|g__Blautia.s__Blautia_wexlerae	9.5020033478
PWY-5667: CDP-diacylglycerol biosynthesis I	482.8947245617
PWY-5667: CDP-diacylglycerol biosynthesis I|g__Lachnospiraceae_unclassified.s__Eubacterium_rectale	135.8309770035
PWY-5667: CDP-diacylglycerol biosynthesis I|unclassified	92.2612138829
PWY-5667: CDP-diacylglycerol biosynthesis I|g__Faecalibacterium.s__Faecalibacterium_prausnitzii	35.9967149252
PWY-5667: CDP-diacylglycerol biosynthesis I|g__Blautia.s__Blautia_wexlerae	23.3484707214
PWY-5667: CDP-diacylglycerol biosynthesis I|g__Roseburia.s__Roseburia_faecis	17.6649406082
PWY-5667: CDP-diacylglycerol biosynthesis I|g__Blautia.s__Blautia_obeum	14.5178246960
PWY-5667: CDP-diacylglycerol biosynthesis I|g__Roseburia.s__Roseburia_intestinalis	8.5133375090
PWY0-1319: CDP-diacylglycerol biosynthesis II	482.8947245617
PWY0-1319: CDP-diacylglycerol biosynthesis II|g__Lachnospiraceae_unclassified.s__Eubacterium_rectale	135.8309770035
PWY0-1319: CDP-diacylglycerol biosynthesis II|unclassified	92.2612138829
PWY0-1319: CDP-diacylglycerol biosynthesis II|g__Faecalibacterium.s__Faecalibacterium_prausnitzii	35.9967149252
PWY0-1319: CDP-diacylglycerol biosynthesis II|g__Blautia.s__Blautia_wexlerae	23.3484707214
PWY0-1319: CDP-diacylglycerol biosynthesis II|g__Roseburia.s__Roseburia_faecis	17.6649406082
PWY0-1319: CDP-diacylglycerol biosynthesis II|g__Blautia.s__Blautia_obeum	14.5178246960
PWY0-1319: CDP-diacylglycerol biosynthesis II|g__Roseburia.s__Roseburia_intestinalis	8.5133375090
PWY-6700: queuosine biosynthesis I (de novo)	479.8829622530
PWY-6700: queuosine biosynthesis I (de novo)|g__Lachnospiraceae_unclassified.s__Eubacterium_rectale	120.3349243931
PWY-6700: queuosine biosynthesis I (de novo)|unclassified	87.0553938758
PWY-6700: queuosine biosynthesis I (de novo)|g__Ruminococcus.s__Ruminococcus_bromii	49.7268737411
PWY-6700: queuosine biosynthesis I (de novo)|g__Faecalibacterium.s__Faecalibacterium_prausnitzii	31.5087120518
PWY-6700: queuosine biosynthesis I (de novo)|g__Catenibacterium.s__Catenibacterium_mitsuokai	22.0964957046
PWY-6700: queuosine biosynthesis I (de novo)|g__Blautia.s__Blautia_obeum	20.2756289828
PWY-6700: queuosine biosynthesis I (de novo)|g__Roseburia.s__Roseburia_hominis	19.1802745078
PWY-6700: queuosine biosynthesis I (de novo)|g__Blautia.s__Blautia_wexlerae	8.2157034800
COA-PWY: coenzyme A biosynthesis I (prokaryotic)	468.1926911556
COA-PWY: coenzyme A biosynthesis I (prokaryotic)|g__Lachnospiraceae_unclassified.s__Eubacterium_rectale	120.7454574048
COA-PWY: coenzyme A biosynthesis I (prokaryotic)|unclassified	98.7562670448
COA-PWY: coenzyme A biosynthesis I (prokaryotic)|g__Faecalibacterium.s__Faecalibacterium_prausnitzii	50.1757961898
COA-PWY: coenzyme A biosynthesis I (prokaryotic)|g__Blautia.s__Blautia_obeum	26.9766313471
COA-PWY: coenzyme A biosynthesis I (prokaryotic)|g__Bifidobacterium.s__Bifidobacterium_adolescentis	24.1645502888
COA-PWY: coenzyme A biosynthesis I (prokaryotic)|g__Dorea.s__Dorea_longicatena	18.8332697009
COA-PWY: coenzyme A biosynthesis I (prokaryotic)|g__Gemmiger.s__Gemmiger_formicilis	17.7499349523
COA-PWY: coenzyme A biosynthesis I (prokaryotic)|g__Catenibacterium.s__Catenibacterium_mitsuokai	17.4108306856
COA-PWY: coenzyme A biosynthesis I (prokaryotic)|g__Roseburia.s__Roseburia_faecis	15.6161750729
COA-PWY: coenzyme A biosynthesis I (prokaryotic)|g__Collinsella.s__Collinsella_aerofaciens	12.5122287603
COA-PWY: coenzyme A biosynthesis I (prokaryotic)|g__Blautia.s__Blautia_wexlerae	12.0803516406
COA-PWY: coenzyme A biosynthesis I (prokaryotic)|g__Roseburia.s__Roseburia_intestinalis	10.2870511963
PWY-7851: coenzyme A biosynthesis II (eukaryotic)	468.1926911556
PWY-7851: coenzyme A biosynthesis II (eukaryotic)|g__Lachnospiraceae_unclassified.s__Eubacterium_rectale	103.2125017728
PWY-7851: coenzyme A biosynthesis II (eukaryotic)|unclassified	76.8014396079
PWY-7851: coenzyme A biosynthesis II (eukaryotic)|g__Faecalibacterium.s__Faecalibacterium_prausnitzii	50.1757961898
PWY-7851: coenzyme A biosynthesis II (eukaryotic)|g__Blautia.s__Blautia_obeum	19.5985423745
PWY-7851: coenzyme A biosynthesis II (eukaryotic)|g__Dorea.s__Dorea_longicatena	17.9463541642
PWY-7851: coenzyme A biosynthesis II (eukaryotic)|g__Bifidobacterium.s__Bifidobacterium_adolescentis	16.1153755072
PWY-7851: coenzyme A biosynthesis II (eukaryotic)|g__Gemmiger.s__Gemmiger_formicilis	14.2477316531
PWY-7851: coenzyme A biosynthesis II (eukaryotic)|g__Catenibacterium.s__Catenibacterium_mitsuokai	13.6623800505
PWY-7851: coenzyme A biosynthesis II (eukaryotic)|g__Collinsella.s__Collinsella_aerofaciens	12.2530314154
PWY-7851: coenzyme A biosynthesis II (eukaryotic)|g__Blautia.s__Blautia_wexlerae	10.1008838581
PWY-7851: coenzyme A biosynthesis II (eukaryotic)|g__Roseburia.s__Roseburia_faecis	9.3303042520
PWY-6317: D-galactose degradation I (Leloir pathway)	463.9353423793
PWY-6317: D-galactose degradation I (Leloir pathway)|unclassified	66.4791512867
PWY-6317: D-galactose degradation I (Leloir pathway)|g__Faecalibacterium.s__Faecalibacterium_prausnitzii	49.8702987507
PWY-6317: D-galactose degradation I (Leloir pathway)|g__Catenibacterium.s__Catenibacterium_mitsuokai	47.1371765021
PWY-6317: D-galactose degradation I (Leloir pathway)|g__Roseburia.s__Roseburia_hominis	38.3815984652
PWY-6317: D-galactose degradation I (Leloir pathway)|g__Blautia.s__Blautia_obeum	24.8534584283
PWY-6317: D-galactose degradation I (Leloir pathway)|g__Blautia.s__Blautia_wexlerae	23.8585724991
PWY-6317: D-galactose degradation I (Leloir pathway)|g__Roseburia.s__Roseburia_intestinalis	17.2041265420
PWY-6317: D-galactose degradation I (Leloir pathway)|g__Collinsella.s__Collinsella_aerofaciens	15.5369397247
PWY-6317: D-galactose degradation I (Leloir pathway)|g__Roseburia.s__Roseburia_faecis	14.4103173183
PWY-6317: D-galactose degradation I (Leloir pathway)|g__Coprococcus.s__Coprococcus_eutactus	13.9247063105
PWY-6527: stachyose degradation	459.4297890505
PWY-6527: stachyose degradation|unclassified	68.4661128891
PWY-6527: stachyose degradation|g__Blautia.s__Blautia_obeum	26.4416047559
PWY-6527: stachyose degradation|g__Catenibacterium.s__Catenibacterium_mitsuokai	23.1654546055
PWY-6527: stachyose degradation|g__Coprococcus.s__Coprococcus_eutactus	22.1009299023
PWY-6527: stachyose degradation|g__Blautia.s__Blautia_wexlerae	19.9674132258
PWY-6527: stachyose degradation|g__Roseburia.s__Roseburia_intestinalis	18.4841279764
PWY-6527: stachyose degradation|g__Roseburia.s__Roseburia_faecis	16.5355956957
HISTSYN-PWY: L-histidine biosynthesis	444.9649452732
HISTSYN-PWY: L-histidine biosynthesis|unclassified	79.4895373291
HISTSYN-PWY: L-histidine biosynthesis|g__Ruminococcus.s__Ruminococcus_bromii	49.9080549310
HISTSYN-PWY: L-histidine biosynthesis|g__Faecalibacterium.s__Faecalibacterium_prausnitzii	31.2065567854
HISTSYN-PWY: L-histidine biosynthesis|g__Roseburia.s__Roseburia_hominis	27.5485802673
HISTSYN-PWY: L-histidine biosynthesis|g__Catenibacterium.s__Catenibacterium_mitsuokai	25.6441166809
RIBOSYN2-PWY: flavin biosynthesis I (bacteria and plants)	439.3861601393
RIBOSYN2-PWY: flavin biosynthesis I (bacteria and plants)|g__Lachnospiraceae_unclassified.s__Eubacterium_rectale	170.9802246112
RIBOSYN2-PWY: flavin biosynthesis I (bacteria and plants)|g__Faecalibacterium.s__Faecalibacterium_prausnitzii	57.9338342546
RIBOSYN2-PWY: flavin biosynthesis I (bacteria and plants)|unclassified	35.9144236617
RIBOSYN2-PWY: flavin biosynthesis I (bacteria and plants)|g__Roseburia.s__Roseburia_faecis	16.7742482096
RIBOSYN2-PWY: flavin biosynthesis I (bacteria and plants)|g__Blautia.s__Blautia_wexlerae	13.0851436950
RIBOSYN2-PWY: flavin biosynthesis I (bacteria and plants)|g__Blautia.s__Blautia_obeum	7.2012892642
1CMET2-PWY: folate transformations III (E. coli)	436.3738934120
1CMET2-PWY: folate transformations III (E. coli)|unclassified	61.8393679284
1CMET2-PWY: folate transformations III (E. coli)|g__Roseburia.s__Roseburia_faecis	20.7624256680
1CMET2-PWY: folate transformations III (E. coli)|g__Catenibacterium.s__Catenibacterium_mitsuokai	9.7362184384
1CMET2-PWY: folate transformations III (E. coli)|g__Blautia.s__Blautia_obeum	4.3084416729
PWY-724: superpathway of L-lysine, L-threonine and L-methionine biosynthesis II	425.7274578028
PWY-724: superpathway of L-lysine, L-threonine and L-methionine biosynthesis II|unclassified	90.3042007911
PWY-724: superpathway of L-lysine, L-threonine and L-methionine biosynthesis II|g__Bifidobacterium.s__Bifidobacterium_adolescentis	30.7857858750
PWY-724: superpathway of L-lysine, L-threonine and L-methionine biosynthesis II|g__Catenibacterium.s__Catenibacterium_mitsuokai	25.9944902930
PWY-724: superpathway of L-lysine, L-threonine and L-methionine biosynthesis II|g__Roseburia.s__Roseburia_hominis	25.8684592017
PWY-724: superpathway of L-lysine, L-threonine and L-methionine biosynthesis II|g__Blautia.s__Blautia_obeum	13.2060847215
PWY66-429: fatty acid biosynthesis initiation (mitochondria)	415.2575686942
PWY66-429: fatty acid biosynthesis initiation (mitochondria)|unclassified	133.2349445450
PWY66-429: fatty acid biosynthesis initiation (mitochondria)|g__Blautia.s__Blautia_obeum	25.7503283097
PWY66-429: fatty acid biosynthesis initiation (mitochondria)|g__Catenibacterium.s__Catenibacterium_mitsuokai	22.9873037158
PWY66-429: fatty acid biosynthesis initiation (mitochondria)|g__Roseburia.s__Roseburia_hominis	20.9924603387
PWY66-429: fatty acid biosynthesis initiation (mitochondria)|g__Blautia.s__Blautia_wexlerae	17.4102664478
PWY66-429: fatty acid biosynthesis initiation (mitochondria)|g__Dorea.s__Dorea_formicigenerans	6.8183552628
PWY-6823: molybdopterin biosynthesis	413.6879448031
PWY-6823: molybdopterin biosynthesis|g__Lachnospiraceae_unclassified.s__Eubacterium_rectale	97.6351122885
PWY-6823: molybdopterin biosynthesis|unclassified	73.7685173875
PWY-6823: molybdopterin biosynthesis|g__Roseburia.s__Roseburia_faecis	41.2109595594
PWY-6823: molybdopterin biosynthesis|g__Faecalibacterium.s__Faecalibacterium_prausnitzii	36.1270343666
PWY-6823: molybdopterin biosynthesis|g__Catenibacterium.s__Catenibacterium_mitsuokai	28.5675872208
PWY-6823: molybdopterin biosynthesis|g__Blautia.s__Blautia_obeum	27.3586934306
PWY-6823: molybdopterin biosynthesis|g__Roseburia.s__Roseburia_intestinalis	18.2659323944
P41-PWY: pyruvate fermentation to acetate and (S)-lactate I	412.8888317058
P41-PWY: pyruvate fermentation to acetate and (S)-lactate I|g__Lachnospiraceae_unclassified.s__Eubacterium_rectale	120.8843712790
P41-PWY: pyruvate fermentation to acetate and (S)-lactate I|unclassified	70.4687246364
P41-PWY: pyruvate fermentation to acetate and (S)-lactate I|g__Bifidobacterium.s__Bifidobacterium_adolescentis	27.0790935987
P41-PWY: pyruvate fermentation to acetate and (S)-lactate I|g__Roseburia.s__Roseburia_faecis	14.6483844793
P41-PWY: pyruvate fermentation to acetate and (S)-lactate I|g__Coprococcus.s__Coprococcus_eutactus	12.8782437673
P41-PWY: pyruvate fermentation to acetate and (S)-lactate I|g__Collinsella.s__Collinsella_aerofaciens	11.3883070220
P41-PWY: pyruvate fermentation to acetate and (S)-lactate I|g__Blautia.s__Blautia_obeum	10.9148886839
P41-PWY: pyruvate fermentation to acetate and (S)-lactate I|g__Blautia.s__Blautia_wexlerae	8.2259159690
PWY-5100: pyruvate fermentation to acetate and lactate II	412.8888317058
PWY-5100: pyruvate fermentation to acetate and lactate II|g__Lachnospiraceae_unclassified.s__Eubacterium_rectale	120.8843712790
PWY-5100: pyruvate fermentation to acetate and lactate II|unclassified	70.4687246364
PWY-5100: pyruvate fermentation to acetate and lactate II|g__Bifidobacterium.s__Bifidobacterium_adolescentis	27.0790935987
PWY-5100: pyruvate fermentation to acetate and lactate II|g__Roseburia.s__Roseburia_faecis	14.6483844793
PWY-5100: pyruvate fermentation to acetate and lactate II|g__Coprococcus.s__Coprococcus_eutactus	14.1998900924
PWY-5100: pyruvate fermentation to acetate and lactate II|g__Collinsella.s__Collinsella_aerofaciens	11.3883070220
PWY-5100: pyruvate fermentation to acetate and lactate II|g__Blautia.s__Blautia_obeum	10.9148886839
PWY-5100: pyruvate fermentation to acetate and lactate II|g__Blautia.s__Blautia_wexlerae	8.2259159690
PWY-5100: pyruvate fermentation to acetate and lactate II|g__Roseburia.s__Roseburia_intestinalis	4.0196281649
PWY-2942: L-lysine biosynthesis III	404.6768003489
PWY-2942: L-lysine biosynthesis III|unclassified	87.7504826334
PWY-2942: L-lysine biosynthesis III|g__Catenibacterium.s__Catenibacterium_mitsuokai	32.9169011824
PWY-2942: L-lysine biosynthesis III|g__Bifidobacterium.s__Bifidobacterium_adolescentis	32.1493765671
PWY-2942: L-lysine biosynthesis III|g__Roseburia.s__Roseburia_hominis	29.7055836227
PWY-2942: L-lysine biosynthesis III|g__Dorea.s__Dorea_longicatena	18.5012066418
PWY-2942: L-lysine biosynthesis III|g__Blautia.s__Blautia_wexlerae	14.2213370191
PWY-2942: L-lysine biosynthesis III|g__Blautia.s__Blautia_obeum	10.9809183704
PWY-3001: superpathway of L-isoleucine biosynthesis I	400.8857037911
PWY-3001: superpathway of L-isoleucine biosynthesis I|unclassified	67.8463747826
PWY-3001: superpathway of L-isoleucine biosynthesis I|g__Catenibacterium.s__Catenibacterium_mitsuokai	19.6541690672
PANTOSYN-PWY: superpathway of coenzyme A biosynthesis I (bacteria)	399.3292893162
PANTOSYN-PWY: superpathway of coenzyme A biosynthesis I (bacteria)|g__Lachnospiraceae_unclassified.s__Eubacterium_rectale	130.0864485987
PANTOSYN-PWY: superpathway of coenzyme A biosynthesis I (bacteria)|unclassified	59.4306046706
PANTOSYN-PWY: superpathway of coenzyme A biosynthesis I (bacteria)|g__Roseburia.s__Roseburia_faecis	12.2443162296
PANTOSYN-PWY: superpathway of coenzyme A biosynthesis I (bacteria)|g__Blautia.s__Blautia_obeum	10.2361734649
PWY-7111: pyruvate fermentation to isobutanol (engineered)	396.1491600312
PWY-7111: pyruvate fermentation to isobutanol (engineered)|unclassified	43.9712941088
PWY-7111: pyruvate fermentation to isobutanol (engineered)|g__Bifidobacterium.s__Bifidobacterium_adolescentis	28.3109982837
PWY-7111: pyruvate fermentation to isobutanol (engineered)|g__Catenibacterium.s__Catenibacterium_mitsuokai	26.0381374368
PWY-7111: pyruvate fermentation to isobutanol (engineered)|g__Faecalibacterium.s__Faecalibacterium_prausnitzii	22.9489226475
PWY-7111: pyruvate fermentation to isobutanol (engineered)|g__Dorea.s__Dorea_longicatena	21.5185294914
PWY-7111: pyruvate fermentation to isobutanol (engineered)|g__Roseburia.s__Roseburia_hominis	20.6463219640
PWY-7111: pyruvate fermentation to isobutanol (engineered)|g__Roseburia.s__Roseburia_faecis	16.5474910937
PWY-7111: pyruvate fermentation to isobutanol (engineered)|g__Coprococcus.s__Coprococcus_eutactus	13.2394110195
PWY-7111: pyruvate fermentation to isobutanol (engineered)|g__Blautia.s__Blautia_wexlerae	12.4109915306
PWY-7111: pyruvate fermentation to isobutanol (engineered)|g__Lachnospiraceae_unclassified.s__Eubacterium_rectale	6.6186106509
PWY-7111: pyruvate fermentation to isobutanol (engineered)|g__Roseburia.s__Roseburia_intestinalis	4.6316109174
PWY-7111: pyruvate fermentation to isobutanol (engineered)|g__Blautia.s__Blautia_obeum	3.9153133948
PWY-7977: L-methionine biosynthesis IV	387.3416742766
PWY-7977: L-methionine biosynthesis IV|unclassified	100.8379957351
PWY-7977: L-methionine biosynthesis IV|g__Catenibacterium.s__Catenibacterium_mitsuokai	31.2609749896
PWY-7977: L-methionine biosynthesis IV|g__Roseburia.s__Roseburia_hominis	21.4391988866
PWY-7977: L-methionine biosynthesis IV|g__Dorea.s__Dorea_longicatena	13.1654751642
PWY-6270: isoprene biosynthesis I	379.6048318217
PWY-6270: isoprene biosynthesis I|unclassified	83.3117351835
PWY-6270: isoprene biosynthesis I|g__Blautia.s__Blautia_obeum	21.4012199547
PWY-6270: isoprene biosynthesis I|g__Blautia.s__Blautia_wexlerae	9.3168863266
PWY-7199: pyrimidine deoxyribonucleosides salvage	371.6288727101
PWY-7199: pyrimidine deoxyribonucleosides salvage|unclassified	81.8030383561
PWY-7199: pyrimidine deoxyribonucleosides salvage|g__Roseburia.s__Roseburia_hominis	31.1077571192
PWY-7199: pyrimidine deoxyribonucleosides salvage|g__Catenibacterium.s__Catenibacterium_mitsuokai	11.0101414302
PWY-7560: methylerythritol phosphate pathway II	367.2819027816
PWY-7560: methylerythritol phosphate pathway II|unclassified	81.3180121633
PWY-7560: methylerythritol phosphate pathway II|g__Blautia.s__Blautia_obeum	24.3887280210
PWY-7560: methylerythritol phosphate pathway II|g__Blautia.s__Blautia_wexlerae	8.5332658866
OANTIGEN-PWY: O-antigen building blocks biosynthesis (E. coli)	363.3559951969
PWY-7237: myo-, chiro- and scyllo-inositol degradation	355.8985759478
PWY-7237: myo-, chiro- and scyllo-inositol degradation|g__Lachnospiraceae_unclassified.s__Eubacterium_rectale	157.6213729818
PWY-7237: myo-, chiro- and scyllo-inositol degradation|g__Faecalibacterium.s__Faecalibacterium_prausnitzii	52.6375457344
PWY-7237: myo-, chiro- and scyllo-inositol degradation|unclassified	40.4880652615
PWY-7237: myo-, chiro- and scyllo-inositol degradation|g__Blautia.s__Blautia_obeum	22.9067895311
PWY-7237: myo-, chiro- and scyllo-inositol degradation|g__Dorea.s__Dorea_longicatena	16.1522060419
PWY-7237: myo-, chiro- and scyllo-inositol degradation|g__Lactobacillus.s__Lactobacillus_rogosae	15.2453982120
PWY-7237: myo-, chiro- and scyllo-inositol degradation|g__Bifidobacterium.s__Bifidobacterium_adolescentis	14.4353816286
PWY-7237: myo-, chiro- and scyllo-inositol degradation|g__Roseburia.s__Roseburia_intestinalis	11.2329982300
PWY-7237: myo-, chiro- and scyllo-inositol degradation|g__Roseburia.s__Roseburia_inulinivorans	9.8015115398
PWY-7237: myo-, chiro- and scyllo-inositol degradation|g__Blautia.s__Blautia_wexlerae	8.4643430309
PWY-7237: myo-, chiro- and scyllo-inositol degradation|g__Roseburia.s__Roseburia_hominis	2.2883295195
PWY-7237: myo-, chiro- and scyllo-inositol degradation|g__Eubacterium.s__Eubacterium_eligens	2.0736138284
PANTO-PWY: phosphopantothenate biosynthesis I	351.0673314505
PANTO-PWY: phosphopantothenate biosynthesis I|g__Lachnospiraceae_unclassified.s__Eubacterium_rectale	158.9679663224
PANTO-PWY: phosphopantothenate biosynthesis I|unclassified	47.0906292576
PANTO-PWY: phosphopantothenate biosynthesis I|g__Dorea.s__Dorea_formicigenerans	17.1249216536
PANTO-PWY: phosphopantothenate biosynthesis I|g__Roseburia.s__Roseburia_faecis	12.4458391672
PANTO-PWY: phosphopantothenate biosynthesis I|g__Dorea.s__Dorea_longicatena	11.0387888955
PANTO-PWY: phosphopantothenate biosynthesis I|g__Blautia.s__Blautia_obeum	7.0326129936
SER-GLYSYN-PWY: superpathway of L-serine and glycine biosynthesis I	347.9973077381
SER-GLYSYN-PWY: superpathway of L-serine and glycine biosynthesis I|unclassified	55.0909294899
SER-GLYSYN-PWY: superpathway of L-serine and glycine biosynthesis I|g__Bifidobacterium.s__Bifidobacterium_adolescentis	32.1740153078
SER-GLYSYN-PWY: superpathway of L-serine and glycine biosynthesis I|g__Blautia.s__Blautia_obeum	20.5666757323
SER-GLYSYN-PWY: superpathway of L-serine and glycine biosynthesis I|g__Roseburia.s__Roseburia_faecis	17.1944218282
SER-GLYSYN-PWY: superpathway of L-serine and glycine biosynthesis I|g__Blautia.s__Blautia_wexlerae	17.1843056752
SER-GLYSYN-PWY: superpathway of L-serine and glycine biosynthesis I|g__Collinsella.s__Collinsella_aerofaciens	15.8241780750
SER-GLYSYN-PWY: superpathway of L-serine and glycine biosynthesis I|g__Roseburia.s__Roseburia_intestinalis	11.6926855588
SER-GLYSYN-PWY: superpathway of L-serine and glycine biosynthesis I|g__Catenibacterium.s__Catenibacterium_mitsuokai	9.9330699669
SER-GLYSYN-PWY: superpathway of L-serine and glycine biosynthesis I|g__Dorea.s__Dorea_longicatena	9.6541282706
THRESYN-PWY: superpathway of L-threonine biosynthesis	341.9919546995
THRESYN-PWY: superpathway of L-threonine biosynthesis|unclassified	76.1395791424
THRESYN-PWY: superpathway of L-threonine biosynthesis|g__Catenibacterium.s__Catenibacterium_mitsuokai	24.0276753579
THRESYN-PWY: superpathway of L-threonine biosynthesis|g__Roseburia.s__Roseburia_hominis	23.5548007573
THRESYN-PWY: superpathway of L-threonine biosynthesis|g__Bifidobacterium.s__Bifidobacterium_adolescentis	21.1980457910
THRESYN-PWY: superpathway of L-threonine biosynthesis|g__Blautia.s__Blautia_obeum	12.2104224611
THRESYN-PWY: superpathway of L-threonine biosynthesis|g__Collinsella.s__Collinsella_aerofaciens	11.2688353726
PWY-6123: inosine-5'-phosphate biosynthesis I	330.3309131556
PWY-6123: inosine-5'-phosphate biosynthesis I|unclassified	83.9616813701
PWY-6123: inosine-5'-phosphate biosynthesis I|g__Faecalibacterium.s__Faecalibacterium_prausnitzii	47.4865372137
PWY-6123: inosine-5'-phosphate biosynthesis I|g__Blautia.s__Blautia_wexlerae	22.9292315490
PWY-6123: inosine-5'-phosphate biosynthesis I|g__Bifidobacterium.s__Bifidobacterium_adolescentis	20.1758642622
PWY-6123: inosine-5'-phosphate biosynthesis I|g__Catenibacterium.s__Catenibacterium_mitsuokai	18.2362033353
PWY-6123: inosine-5'-phosphate biosynthesis I|g__Blautia.s__Blautia_obeum	11.3633623368
PWY-6897: thiamine diphosphate salvage II	323.0342710288
PWY-6897: thiamine diphosphate salvage II|g__Lachnospiraceae_unclassified.s__Eubacterium_rectale	120.8190527035
PWY-6897: thiamine diphosphate salvage II|g__Faecalibacterium.s__Faecalibacterium_prausnitzii	40.4701815883
PWY-6897: thiamine diphosphate salvage II|g__Bifidobacterium.s__Bifidobacterium_adolescentis	20.2310428014
THISYNARA-PWY: superpathway of thiamine diphosphate biosynthesis III (eukaryotes)	311.8257345118
THISYNARA-PWY: superpathway of thiamine diphosphate biosynthesis III (eukaryotes)|g__Lachnospiraceae_unclassified.s__Eubacterium_rectale	139.3855121325
THISYNARA-PWY: superpathway of thiamine diphosphate biosynthesis III (eukaryotes)|g__Faecalibacterium.s__Faecalibacterium_prausnitzii	13.8083588621
PWY-6936: seleno-amino acid biosynthesis (plants)	311.7543826950
PWY-6936: seleno-amino acid biosynthesis (plants)|unclassified	37.7023297121
PWY-6936: seleno-amino acid biosynthesis (plants)|g__Catenibacterium.s__Catenibacterium_mitsuokai	32.6807776770
PWY-6936: seleno-amino acid biosynthesis (plants)|g__Roseburia.s__Roseburia_hominis	17.4473306880
PWY-6936: seleno-amino acid biosynthesis (plants)|g__Coprococcus.s__Coprococcus_eutactus	14.6350486222
HSERMETANA-PWY: L-methionine biosynthesis III	308.9749661197
HSERMETANA-PWY: L-methionine biosynthesis III|unclassified	46.8404255255
HSERMETANA-PWY: L-methionine biosynthesis III|g__Blautia.s__Blautia_wexlerae	23.1753558591
HSERMETANA-PWY: L-methionine biosynthesis III|g__Bifidobacterium.s__Bifidobacterium_adolescentis	22.5107235968
HSERMETANA-PWY: L-methionine biosynthesis III|g__Roseburia.s__Roseburia_hominis	20.2528274879
HSERMETANA-PWY: L-methionine biosynthesis III|g__Dorea.s__Dorea_longicatena	16.9021472480
HSERMETANA-PWY: L-methionine biosynthesis III|g__Roseburia.s__Roseburia_faecis	15.2945336896
HSERMETANA-PWY: L-methionine biosynthesis III|g__Blautia.s__Blautia_obeum	13.2946152088
HSERMETANA-PWY: L-methionine biosynthesis III|g__Coprococcus.s__Coprococcus_eutactus	12.3779071221
HSERMETANA-PWY: L-methionine biosynthesis III|g__Catenibacterium.s__Catenibacterium_mitsuokai	10.7043450703
PWY-6124: inosine-5'-phosphate biosynthesis II	297.0614236451
PWY-6124: inosine-5'-phosphate biosynthesis II|unclassified	74.2656316141
PWY-6124: inosine-5'-phosphate biosynthesis II|g__Faecalibacterium.s__Faecalibacterium_prausnitzii	44.5261732827
PWY-6124: inosine-5'-phosphate biosynthesis II|g__Blautia.s__Blautia_wexlerae	26.1971625710
PWY-6124: inosine-5'-phosphate biosynthesis II|g__Bifidobacterium.s__Bifidobacterium_adolescentis	19.4097356966
PWY-6124: inosine-5'-phosphate biosynthesis II|g__Catenibacterium.s__Catenibacterium_mitsuokai	17.8415749097
PWY-6124: inosine-5'-phosphate biosynthesis II|g__Blautia.s__Blautia_obeum	10.4912897755
PWY0-1061: superpathway of L-alanine biosynthesis	290.6285461624
PWY0-1061: superpathway of L-alanine biosynthesis|g__Lachnospiraceae_unclassified.s__Eubacterium_rectale	119.5085893704
PWY0-1061: superpathway of L-alanine biosynthesis|g__Bifidobacterium.s__Bifidobacterium_adolescentis	26.4391470893
UDPNAGSYN-PWY: UDP-N-acetyl-D-glucosamine biosynthesis I	282.7500840824
UDPNAGSYN-PWY: UDP-N-acetyl-D-glucosamine biosynthesis I|g__Roseburia.s__Roseburia_hominis	33.0283358855
UDPNAGSYN-PWY: UDP-N-acetyl-D-glucosamine biosynthesis I|g__Catenibacterium.s__Catenibacterium_mitsuokai	31.7380061103
UDPNAGSYN-PWY: UDP-N-acetyl-D-glucosamine biosynthesis I|g__Bifidobacterium.s__Bifidobacterium_adolescentis	28.9502936385
UDPNAGSYN-PWY: UDP-N-acetyl-D-glucosamine biosynthesis I|g__Collinsella.s__Collinsella_aerofaciens	22.2885267132
UDPNAGSYN-PWY: UDP-N-acetyl-D-glucosamine biosynthesis I|g__Coprococcus.s__Coprococcus_eutactus	9.2036732460
PYRIDNUCSYN-PWY: NAD de novo biosynthesis I (from aspartate)	272.9791634785
PYRIDNUCSYN-PWY: NAD de novo biosynthesis I (from aspartate)|unclassified	48.6513171366
PYRIDNUCSYN-PWY: NAD de novo biosynthesis I (from aspartate)|g__Blautia.s__Blautia_obeum	12.9493084860
PWY-7400: L-arginine biosynthesis IV (archaebacteria)	261.1975736906
PWY-7400: L-arginine biosynthesis IV (archaebacteria)|unclassified	101.0004265299
PWY0-1586: peptidoglycan maturation (meso-diaminopimelate containing)	260.7956187997
PWY0-1586: peptidoglycan maturation (meso-diaminopimelate containing)|g__Lachnospiraceae_unclassified.s__Eubacterium_rectale	116.6067111986
PWY0-1586: peptidoglycan maturation (meso-diaminopimelate containing)|unclassified	38.3075783258
PWY0-1586: peptidoglycan maturation (meso-diaminopimelate containing)|g__Collinsella.s__Collinsella_aerofaciens	13.9991383602
PWY0-1586: peptidoglycan maturation (meso-diaminopimelate containing)|g__Catenibacterium.s__Catenibacterium_mitsuokai	12.9081326068
COBALSYN-PWY: superpathway of adenosylcobalamin salvage from cobinamide I	246.2121735881
COBALSYN-PWY: superpathway of adenosylcobalamin salvage from cobinamide I|unclassified	52.7665580559
COBALSYN-PWY: superpathway of adenosylcobalamin salvage from cobinamide I|g__Blautia.s__Blautia_obeum	14.6796780736
COBALSYN-PWY: superpathway of adenosylcobalamin salvage from cobinamide I|g__Dorea.s__Dorea_longicatena	14.4918335795
PWY-5695: inosine 5'-phosphate degradation	214.0989738001
PWY-5695: inosine 5'-phosphate degradation|unclassified	49.4875026841
PWY-5695: inosine 5'-phosphate degradation|g__Blautia.s__Blautia_obeum	23.3293054288
PWY-5695: inosine 5'-phosphate degradation|g__Roseburia.s__Roseburia_faecis	9.5769988320
PWY-5695: inosine 5'-phosphate degradation|g__Dorea.s__Dorea_longicatena	9.1473037196
PWY-5695: inosine 5'-phosphate degradation|g__Clostridiales_unclassified.s__Clostridiales_bacterium_KLE1615	8.8614274875
PWY-5695: inosine 5'-phosphate degradation|g__Blautia.s__Blautia_wexlerae	7.5832193822
PWY-5659: GDP-mannose biosynthesis	179.3110481925
PWY-5659: GDP-mannose biosynthesis|g__Lachnospiraceae_unclassified.s__Eubacterium_rectale	80.5004244272
PWY-5659: GDP-mannose biosynthesis|g__Blautia.s__Blautia_obeum	18.7111111513
PWY-5659: GDP-mannose biosynthesis|g__Faecalibacterium.s__Faecalibacterium_prausnitzii	9.5914666508
PWY-5659: GDP-mannose biosynthesis|g__Roseburia.s__Roseburia_hominis	2.3342871565
PWY-5188: tetrapyrrole biosynthesis I (from glutamate)	177.8952266016
PWY-5188: tetrapyrrole biosynthesis I (from glutamate)|g__Ruminococcus.s__Ruminococcus_bromii	50.4725157448
PWY-5188: tetrapyrrole biosynthesis I (from glutamate)|unclassified	15.6797475156
PWY-5188: tetrapyrrole biosynthesis I (from glutamate)|g__Blautia.s__Blautia_wexlerae	15.2103503546
PWY-5188: tetrapyrrole biosynthesis I (from glutamate)|g__Coprococcus.s__Coprococcus_eutactus	11.5123845194
PWY-5188: tetrapyrrole biosynthesis I (from glutamate)|g__Blautia.s__Blautia_obeum	9.6463211476
GLCMANNANAUT-PWY: superpathway of N-acetylglucosamine, N-acetylmannosamine and N-acetylneuraminate degradation	177.5405686571
GLCMANNANAUT-PWY: superpathway of N-acetylglucosamine, N-acetylmannosamine and N-acetylneuraminate degradation|unclassified	30.3422666649
GLCMANNANAUT-PWY: superpathway of N-acetylglucosamine, N-acetylmannosamine and N-acetylneuraminate degradation|g__Blautia.s__Blautia_obeum	13.1021638410
COLANSYN-PWY: colanic acid building blocks biosynthesis	172.4658991395
PWY-7229: superpathway of adenosine nucleotides de novo biosynthesis I	167.2823243215
PWY-2941: L-lysine biosynthesis II	165.1202444166
PWY-2941: L-lysine biosynthesis II|g__Catenibacterium.s__Catenibacterium_mitsuokai	29.0050003367
PWY-2941: L-lysine biosynthesis II|g__Roseburia.s__Roseburia_hominis	26.7551877091
PWY-6470: peptidoglycan biosynthesis V (&beta;-lactam resistance)	160.2746797340
PWY-6731: starch degradation III	158.7112001432
PWY-6731: starch degradation III|unclassified	83.1066538132
PWY-6731: starch degradation III|g__Blautia.s__Blautia_obeum	30.8997864403
PWY-6731: starch degradation III|g__Blautia.s__Blautia_wexlerae	13.5504574258
PWY-841: superpathway of purine nucleotides de novo biosynthesis I	151.2020015587
PWY-6628: superpathway of L-phenylalanine biosynthesis	150.2013549595
PWY-7323: superpathway of GDP-mannose-derived O-antigen building blocks biosynthesis	146.1811642626
PWY-7328: superpathway of UDP-glucose-derived O-antigen building blocks biosynthesis	140.6067010412
PWY-7328: superpathway of UDP-glucose-derived O-antigen building blocks biosynthesis|unclassified	36.5495142276
GLYCOLYSIS: glycolysis I (from glucose 6-phosphate)	137.3330980293
METH-ACETATE-PWY: methanogenesis from acetate	137.0981387410
METH-ACETATE-PWY: methanogenesis from acetate|unclassified	29.2928005755
METH-ACETATE-PWY: methanogenesis from acetate|g__Blautia.s__Blautia_wexlerae	24.9597423743
METH-ACETATE-PWY: methanogenesis from acetate|g__Blautia.s__Blautia_obeum	11.1693267568
RHAMCAT-PWY: L-rhamnose degradation I	132.5218970950
RHAMCAT-PWY: L-rhamnose degradation I|unclassified	30.8766533488
ASPASN-PWY: superpathway of L-aspartate and L-asparagine biosynthesis	132.2484670594
ASPASN-PWY: superpathway of L-aspartate and L-asparagine biosynthesis|unclassified	34.1705363275
ASPASN-PWY: superpathway of L-aspartate and L-asparagine biosynthesis|g__Blautia.s__Blautia_obeum	13.9675835430
ASPASN-PWY: superpathway of L-aspartate and L-asparagine biosynthesis|g__Catenibacterium.s__Catenibacterium_mitsuokai	8.4769620171
ASPASN-PWY: superpathway of L-aspartate and L-asparagine biosynthesis|g__Blautia.s__Blautia_wexlerae	8.3963261566
ANAEROFRUCAT-PWY: homolactic fermentation	131.4540972829
PWY-6126: superpathway of adenosine nucleotides de novo biosynthesis II	118.4837931959
PHOSLIPSYN-PWY: superpathway of phospholipid biosynthesis I (bacteria)	115.6775247314
PHOSLIPSYN-PWY: superpathway of phospholipid biosynthesis I (bacteria)|unclassified	62.7878120321
PWY-5484: glycolysis II (from fructose 6-phosphate)	105.7477379837
PWY66-409: superpathway of purine nucleotide salvage	103.1724496351
PWY-7228: superpathway of guanosine nucleotides de novo biosynthesis I	100.7911673327
PWY-6901: superpathway of glucose and xylose degradation	97.7016529921
DAPLYSINESYN-PWY: L-lysine biosynthesis I	96.8978686340
DAPLYSINESYN-PWY: L-lysine biosynthesis I|g__Bifidobacterium.s__Bifidobacterium_adolescentis	31.6118405754
PWY-6630: superpathway of L-tyrosine biosynthesis	91.3785126884
LACTOSECAT-PWY: lactose and galactose degradation I	88.6260511294
LACTOSECAT-PWY: lactose and galactose degradation I|g__Collinsella.s__Collinsella_aerofaciens	29.3819695690
LACTOSECAT-PWY: lactose and galactose degradation I|unclassified	22.1105324232
P441-PWY: superpathway of N-acetylneuraminate degradation	87.0506652705
PWY0-162: superpathway of pyrimidine ribonucleotides de novo biosynthesis	86.4553804714
PWY-7234: inosine-5'-phosphate biosynthesis III	85.5195922936
PWY-4041: &gamma;-glutamyl cycle	84.9547660244
PWY-4041: &gamma;-glutamyl cycle|unclassified	18.6001843145
PWY-6125: superpathway of guanosine nucleotides de novo biosynthesis II	84.6010104742
GLUCUROCAT-PWY: superpathway of &beta;-D-glucuronosides degradation	81.0000350244
GLUCUROCAT-PWY: superpathway of &beta;-D-glucuronosides degradation|unclassified	23.2621402925
PWY-7208: superpathway of pyrimidine nucleobases salvage	80.8711805820
PWY-7208: superpathway of pyrimidine nucleobases salvage|g__Blautia.s__Blautia_obeum	13.1120083056
PWY-7761: NAD salvage pathway II (PNC IV cycle)	80.8684916723
PWY-7761: NAD salvage pathway II (PNC IV cycle)|g__Blautia.s__Blautia_obeum	8.8174502934
PWY-7242: D-fructuronate degradation	80.7262844955
PWY-7242: D-fructuronate degradation|unclassified	19.7715036597
P124-PWY: Bifidobacterium shunt	79.4826892710
GLUCONEO-PWY: gluconeogenesis I	78.5563477367
PWY4FS-7: phosphatidylglycerol biosynthesis I (plastidic)	75.9731693026
PWY4FS-7: phosphatidylglycerol biosynthesis I (plastidic)|unclassified	51.9998579241
PWY4FS-7: phosphatidylglycerol biosynthesis I (plastidic)|g__Roseburia.s__Roseburia_intestinalis	10.7413630214
PWY4FS-8: phosphatidylglycerol biosynthesis II (non-plastidic)	75.9731693026
PWY4FS-8: phosphatidylglycerol biosynthesis II (non-plastidic)|unclassified	51.9998579241
PWY4FS-8: phosphatidylglycerol biosynthesis II (non-plastidic)|g__Roseburia.s__Roseburia_intestinalis	10.7413630214
PWY-5384: sucrose degradation IV (sucrose phosphorylase)	75.7026648249
PWY-5384: sucrose degradation IV (sucrose phosphorylase)|g__Bifidobacterium.s__Bifidobacterium_adolescentis	34.4469400029
PWY-5384: sucrose degradation IV (sucrose phosphorylase)|g__Faecalibacterium.s__Faecalibacterium_prausnitzii	21.6035053277
PENTOSE-P-PWY: pentose phosphate pathway	74.0511586332
GLYCOCAT-PWY: glycogen degradation I	72.2821828672
PWY-6703: preQ0 biosynthesis	69.0092816006
PWY-6703: preQ0 biosynthesis|unclassified	31.2979524746
PWY-6703: preQ0 biosynthesis|g__Coprococcus.s__Coprococcus_eutactus	9.6042180678
PWY-7345: superpathway of anaerobic sucrose degradation	62.7169097718
PWY0-1297: superpathway of purine deoxyribonucleosides degradation	61.6156585911
PWY0-1297: superpathway of purine deoxyribonucleosides degradation|unclassified	45.5841610077
PWY-6608: guanosine nucleotides degradation III	59.7739537696
PWY-6608: guanosine nucleotides degradation III|unclassified	27.8063242505
PWY-6608: guanosine nucleotides degradation III|g__Blautia.s__Blautia_obeum	18.3827629260
PWY-6608: guanosine nucleotides degradation III|g__Blautia.s__Blautia_wexlerae	5.3965340492
FERMENTATION-PWY: mixed acid fermentation	58.8996489890
FERMENTATION-PWY: mixed acid fermentation|unclassified	38.2166704415
P164-PWY: purine nucleobases degradation I (anaerobic)	57.4393589594
P164-PWY: purine nucleobases degradation I (anaerobic)|unclassified	15.5473224651
PWY-6549: L-glutamine biosynthesis III	56.7321305431
PWY-8187: L-arginine degradation XIII (reductive Stickland reaction)	56.5292106661
PWY-8187: L-arginine degradation XIII (reductive Stickland reaction)|unclassified	48.3767107701
PWY-7220: adenosine deoxyribonucleotides de novo biosynthesis II	55.2714690837
PWY-7222: guanosine deoxyribonucleotides de novo biosynthesis II	55.2714690837
PWY-7663: gondoate biosynthesis (anaerobic)	54.5558899803
PWY-7456: &beta;-(1,4)-mannan degradation	54.1525800464
PWY-7197: pyrimidine deoxyribonucleotide phosphorylation	54.0934189422
PWY-7197: pyrimidine deoxyribonucleotide phosphorylation|g__Collinsella.s__Collinsella_aerofaciens	16.3402223193
PWY-6353: purine nucleotides degradation II (aerobic)	53.2598209308
PWY-6353: purine nucleotides degradation II (aerobic)|unclassified	32.9312180890
GLYCOLYSIS-E-D: superpathway of glycolysis and the Entner-Doudoroff pathway	49.4313751653
PWY-7383: anaerobic energy metabolism (invertebrates, cytosol)	49.4191202570
PWY-8004: Entner-Doudoroff pathway I	49.2392378103
PWY-5154: L-arginine biosynthesis III (via N-acetyl-L-citrulline)	47.9457601627
PWY-5154: L-arginine biosynthesis III (via N-acetyl-L-citrulline)|unclassified	41.0313740143
PWY-7198: pyrimidine deoxyribonucleotides de novo biosynthesis IV	46.9692745220
PWY-7013: (S)-propane-1,2-diol degradation	46.6351761281
PWY-7013: (S)-propane-1,2-diol degradation|unclassified	27.0163564262
PWY-241: C4 photosynthetic carbon assimilation cycle, NADP-ME type	44.1895738496
PWY-7117: C4 photosynthetic carbon assimilation cycle, PEPCK type	42.1574181804
PWY-1861: formaldehyde assimilation II (assimilatory RuMP Cycle)	41.9289071081
PWY-621: sucrose degradation III (sucrose invertase)	41.1439637801
PWY-5505: L-glutamate and L-glutamine biosynthesis	37.6884797908
PWY-5913: partial TCA cycle (obligate autotrophs)	33.3743901597
SALVADEHYPOX-PWY: adenosine nucleotides degradation II	31.7846532808
SALVADEHYPOX-PWY: adenosine nucleotides degradation II|unclassified	26.4376825895
PWY1ZNC-1: assimilatory sulfate reduction IV	30.2931027177
PWY1ZNC-1: assimilatory sulfate reduction IV|unclassified	22.8348879909
PWY66-399: gluconeogenesis III	30.0675490787
PWY-702: L-methionine biosynthesis II	30.0050359010
PWY-5676: acetyl-CoA fermentation to butanoate II	29.1858229102
PWY-5676: acetyl-CoA fermentation to butanoate II|unclassified	13.6552215507
PWY-6606: guanosine nucleotides degradation II	28.7283875087
PWY-6606: guanosine nucleotides degradation II|unclassified	20.3697265742
ARGININE-SYN4-PWY: L-ornithine biosynthesis II	27.3363053377
ARGININE-SYN4-PWY: L-ornithine biosynthesis II|g__Catenibacterium.s__Catenibacterium_mitsuokai	6.8132205429
PWY-I9: L-cysteine biosynthesis VI (from L-methionine)	27.0861170716
PWY-8131: 5'-deoxyadenosine degradation II	26.9144711880
PWY-8131: 5'-deoxyadenosine degradation II|unclassified	10.5921831900
PWY-7115: C4 photosynthetic carbon assimilation cycle, NAD-ME type	26.7780042476
PWY0-1298: superpathway of pyrimidine deoxyribonucleosides degradation	26.2397885690
PWY-7209: superpathway of pyrimidine ribonucleosides degradation	24.9076291005
FUC-RHAMCAT-PWY: superpathway of fucose and rhamnose degradation	23.7877266260
GOLPDLCAT-PWY: superpathway of glycerol degradation to 1,3-propanediol	23.5725820647
GOLPDLCAT-PWY: superpathway of glycerol degradation to 1,3-propanediol|unclassified	19.3776363991
PWY-6590: superpathway of Clostridium acetobutylicum acidogenic fermentation	23.3896588900
FUCCAT-PWY: fucose degradation	23.1269903387
FUCCAT-PWY: fucose degradation|unclassified	7.6481844209
PWY-5989: stearate biosynthesis II (bacteria and plants)	19.3862031759
PWY-5973: cis-vaccenate biosynthesis	18.5306576873
PWY-5973: cis-vaccenate biosynthesis|unclassified	17.0204862262
CENTFERM-PWY: pyruvate fermentation to butanoate	17.7939689007
P185-PWY: formaldehyde assimilation III (dihydroxyacetone cycle)	17.7908928868
P185-PWY: formaldehyde assimilation III (dihydroxyacetone cycle)|unclassified	16.8004569916
PWY-6969: TCA cycle V (2-oxoglutarate synthase)	15.7165255750
PWY-5367: petroselinate biosynthesis	14.9333579534
PWY-5367: petroselinate biosynthesis|unclassified	14.3357960477
PWY-5005: biotin biosynthesis II	14.3645804441
PWY-5005: biotin biosynthesis II|unclassified	12.8004917581
P461-PWY: hexitol fermentation to lactate, formate, ethanol and acetate	11.5226725679
P461-PWY: hexitol fermentation to lactate, formate, ethanol and acetate|unclassified	10.2363816632
PWY0-1261: anhydromuropeptides recycling I	11.3548611782
PWY-5130: 2-oxobutanoate degradation I	11.3401106885
PWY-5130: 2-oxobutanoate degradation I|g__Alistipes.s__Alistipes_putredinis	10.4228803673
PPGPPMET-PWY: ppGpp metabolism	9.1922236682
PPGPPMET-PWY: ppGpp metabolism|unclassified	8.2151016496
PWY-6507: 4-deoxy-L-threo-hex-4-enopyranuronate degradation	8.5308685233
PWY-6507: 4-deoxy-L-threo-hex-4-enopyranuronate degradation|unclassified	7.1533590465