# Pathway	merged_MEG-15291103Week-0_S100_L002__kneaddata_paired_Abundance
UNMAPPED	350268.6874936339
UNINTEGRATED	884332.3266346301
UNINTEGRATED|unclassified	272978.2025946296
UNINTEGRATED|g__Blautia.s__Blautia_obeum	151173.2647730095
UNINTEGRATED|g__Lachnospiraceae_unclassified.s__Eubacterium_rectale	62104.7710752769
UNINTEGRATED|g__Blautia.s__Blautia_wexlerae	60953.5989220499
UNINTEGRATED|g__Dorea.s__Dorea_longicatena	60321.7531885218
UNINTEGRATED|g__Faecalibacterium.s__Faecalibacterium_prausnitzii	39786.6970001742
UNINTEGRATED|g__Anaerostipes.s__Anaerostipes_hadrus	38376.8014120075
UNINTEGRATED|g__Eubacterium.s__Eubacterium_ramulus	24604.7504176831
UNINTEGRATED|g__Bacteroides.s__Bacteroides_vulgatus	18528.2180580239
UNINTEGRATED|g__Bacteroides.s__Bacteroides_ovatus	16878.3638318674
UNINTEGRATED|g__Eggerthella.s__Eggerthella_lenta	9422.4187371618
UNINTEGRATED|g__Blautia.s__Blautia_sp_AF19_10LB	9046.1407455212
UNINTEGRATED|g__Dialister.s__Dialister_invisus	8945.7685471242
UNINTEGRATED|g__Blautia.s__Blautia_sp_N6H1_15	7347.7906036870
UNINTEGRATED|g__Hungatella.s__Hungatella_hathewayi	7119.2045380178
UNINTEGRATED|g__Flavonifractor.s__Flavonifractor_plautii	6862.1266502762
UNINTEGRATED|g__Lachnoclostridium.s__Clostridium_scindens	6774.7959569346
UNINTEGRATED|g__Erysipelatoclostridium.s__Erysipelatoclostridium_ramosum	6707.1403573403
UNINTEGRATED|g__Agathobaculum.s__Agathobaculum_butyriciproducens	6323.5708377886
UNINTEGRATED|g__Bacteroides.s__Bacteroides_dorei	4930.9095582505
UNINTEGRATED|g__Senegalimassilia.s__Senegalimassilia_anaerobia	4744.6671008945
UNINTEGRATED|g__Bacteroides.s__Bacteroides_caccae	4646.1993920014
UNINTEGRATED|g__Intestinibacter.s__Intestinibacter_bartlettii	3158.9174941946
UNINTEGRATED|g__Bacteroides.s__Bacteroides_thetaiotaomicron	1868.1899041512
PWY-7238: sucrose biosynthesis II	1247.9636777775
PWY-7238: sucrose biosynthesis II|unclassified	485.3172269227
PWY-7238: sucrose biosynthesis II|g__Blautia.s__Blautia_obeum	243.8335023435
PWY-7238: sucrose biosynthesis II|g__Blautia.s__Blautia_wexlerae	121.4093419219
PWY-7238: sucrose biosynthesis II|g__Dorea.s__Dorea_longicatena	81.3144069168
PWY-7238: sucrose biosynthesis II|g__Lachnospiraceae_unclassified.s__Eubacterium_rectale	80.4984947555
PWY-7238: sucrose biosynthesis II|g__Faecalibacterium.s__Faecalibacterium_prausnitzii	47.9074690026
PWY-7238: sucrose biosynthesis II|g__Anaerostipes.s__Anaerostipes_hadrus	40.5243426103
PWY-7238: sucrose biosynthesis II|g__Eubacterium.s__Eubacterium_ramulus	32.6251773854
PWY-7238: sucrose biosynthesis II|g__Intestinibacter.s__Intestinibacter_bartlettii	11.4850482946
PWY-7238: sucrose biosynthesis II|g__Blautia.s__Blautia_sp_N6H1_15	10.4080409227
PWY-5941: glycogen degradation II	1052.5404571594
PWY-5941: glycogen degradation II|unclassified	415.1010135027
PWY-5941: glycogen degradation II|g__Blautia.s__Blautia_obeum	182.7070227697
PWY-5941: glycogen degradation II|g__Blautia.s__Blautia_wexlerae	120.3891987044
PWY-5941: glycogen degradation II|g__Dorea.s__Dorea_longicatena	68.7723993309
PWY-5941: glycogen degradation II|g__Anaerostipes.s__Anaerostipes_hadrus	43.1604671776
PWY-5941: glycogen degradation II|g__Faecalibacterium.s__Faecalibacterium_prausnitzii	39.9890207119
PWY-5941: glycogen degradation II|g__Eubacterium.s__Eubacterium_ramulus	34.0744005579
GLYCOGENSYNTH-PWY: glycogen biosynthesis I (from ADP-D-Glucose)	954.1181726191
GLYCOGENSYNTH-PWY: glycogen biosynthesis I (from ADP-D-Glucose)|unclassified	397.8251935922
GLYCOGENSYNTH-PWY: glycogen biosynthesis I (from ADP-D-Glucose)|g__Blautia.s__Blautia_obeum	151.2101628482
GLYCOGENSYNTH-PWY: glycogen biosynthesis I (from ADP-D-Glucose)|g__Blautia.s__Blautia_wexlerae	103.3931283123
GLYCOGENSYNTH-PWY: glycogen biosynthesis I (from ADP-D-Glucose)|g__Dorea.s__Dorea_longicatena	59.4983890953
GLYCOGENSYNTH-PWY: glycogen biosynthesis I (from ADP-D-Glucose)|g__Anaerostipes.s__Anaerostipes_hadrus	51.4631655398
GLYCOGENSYNTH-PWY: glycogen biosynthesis I (from ADP-D-Glucose)|g__Lachnospiraceae_unclassified.s__Eubacterium_rectale	40.2717063652
GLYCOGENSYNTH-PWY: glycogen biosynthesis I (from ADP-D-Glucose)|g__Eubacterium.s__Eubacterium_ramulus	35.8467174526
GLYCOGENSYNTH-PWY: glycogen biosynthesis I (from ADP-D-Glucose)|g__Faecalibacterium.s__Faecalibacterium_prausnitzii	35.4453795967
GLYCOGENSYNTH-PWY: glycogen biosynthesis I (from ADP-D-Glucose)|g__Blautia.s__Blautia_sp_AF19_10LB	11.3586450688
PWY0-1296: purine ribonucleosides degradation	865.7524511874
PWY0-1296: purine ribonucleosides degradation|unclassified	385.2100044550
PWY0-1296: purine ribonucleosides degradation|g__Blautia.s__Blautia_obeum	196.4041106240
PWY0-1296: purine ribonucleosides degradation|g__Lachnospiraceae_unclassified.s__Eubacterium_rectale	49.7087046580
PWY0-1296: purine ribonucleosides degradation|g__Blautia.s__Blautia_wexlerae	42.3188294491
PWY0-1296: purine ribonucleosides degradation|g__Dorea.s__Dorea_longicatena	41.5817164766
PWY0-1296: purine ribonucleosides degradation|g__Anaerostipes.s__Anaerostipes_hadrus	40.7704601953
PWY0-1296: purine ribonucleosides degradation|g__Eubacterium.s__Eubacterium_ramulus	23.7056372780
PWY0-1296: purine ribonucleosides degradation|g__Erysipelatoclostridium.s__Erysipelatoclostridium_ramosum	12.4139088843
PWY-6609: adenine and adenosine salvage III	827.8014559853
PWY-6609: adenine and adenosine salvage III|unclassified	369.4710486084
PWY-6609: adenine and adenosine salvage III|g__Blautia.s__Blautia_obeum	108.0316893574
PWY-6609: adenine and adenosine salvage III|g__Lachnospiraceae_unclassified.s__Eubacterium_rectale	59.1262753220
PWY-6609: adenine and adenosine salvage III|g__Blautia.s__Blautia_wexlerae	44.6864988725
PWY-6609: adenine and adenosine salvage III|g__Dorea.s__Dorea_longicatena	36.3056027315
PWY-6609: adenine and adenosine salvage III|g__Anaerostipes.s__Anaerostipes_hadrus	34.3426822763
PWY-6609: adenine and adenosine salvage III|g__Eubacterium.s__Eubacterium_ramulus	32.7349690648
PWY-6609: adenine and adenosine salvage III|g__Bacteroides.s__Bacteroides_vulgatus	12.8398118831
PWY-1042: glycolysis IV	819.6859658466
PWY-1042: glycolysis IV|unclassified	284.9165358997
PWY-1042: glycolysis IV|g__Blautia.s__Blautia_wexlerae	79.1053532724
PWY-1042: glycolysis IV|g__Anaerostipes.s__Anaerostipes_hadrus	67.8621400382
PWY-1042: glycolysis IV|g__Dorea.s__Dorea_longicatena	38.7060490218
PWY-1042: glycolysis IV|g__Blautia.s__Blautia_obeum	37.9734316829
PWY-1042: glycolysis IV|g__Lachnospiraceae_unclassified.s__Eubacterium_rectale	33.1795295435
PWY-1042: glycolysis IV|g__Faecalibacterium.s__Faecalibacterium_prausnitzii	32.5339978067
PWY-8178: pentose phosphate pathway (non-oxidative branch) II	741.4890880270
PWY-8178: pentose phosphate pathway (non-oxidative branch) II|unclassified	367.8698260654
PWY-8178: pentose phosphate pathway (non-oxidative branch) II|g__Blautia.s__Blautia_obeum	77.6573292297
PWY-8178: pentose phosphate pathway (non-oxidative branch) II|g__Blautia.s__Blautia_wexlerae	61.6719884015
PWY-8178: pentose phosphate pathway (non-oxidative branch) II|g__Lachnospiraceae_unclassified.s__Eubacterium_rectale	40.9589525104
PWY-8178: pentose phosphate pathway (non-oxidative branch) II|g__Anaerostipes.s__Anaerostipes_hadrus	32.8261915550
PWY-7221: guanosine ribonucleotides de novo biosynthesis	738.7651567429
PWY-7221: guanosine ribonucleotides de novo biosynthesis|unclassified	266.2965172375
PWY-7221: guanosine ribonucleotides de novo biosynthesis|g__Blautia.s__Blautia_wexlerae	83.1313793127
PWY-7221: guanosine ribonucleotides de novo biosynthesis|g__Blautia.s__Blautia_obeum	72.0437233742
PWY-7221: guanosine ribonucleotides de novo biosynthesis|g__Dorea.s__Dorea_longicatena	45.5639976394
PWY-7221: guanosine ribonucleotides de novo biosynthesis|g__Lachnospiraceae_unclassified.s__Eubacterium_rectale	30.7921557219
PWY-7221: guanosine ribonucleotides de novo biosynthesis|g__Anaerostipes.s__Anaerostipes_hadrus	28.2598279316
PWY-7221: guanosine ribonucleotides de novo biosynthesis|g__Faecalibacterium.s__Faecalibacterium_prausnitzii	26.4672307541
PWY-7221: guanosine ribonucleotides de novo biosynthesis|g__Eubacterium.s__Eubacterium_ramulus	14.3140279184
PWY-7221: guanosine ribonucleotides de novo biosynthesis|g__Bacteroides.s__Bacteroides_vulgatus	13.5981695749
PWY-7221: guanosine ribonucleotides de novo biosynthesis|g__Bacteroides.s__Bacteroides_ovatus	11.2989972863
PWY-7221: guanosine ribonucleotides de novo biosynthesis|g__Eggerthella.s__Eggerthella_lenta	7.9594708918
PWY-7221: guanosine ribonucleotides de novo biosynthesis|g__Bacteroides.s__Bacteroides_caccae	1.1102996646
PWY-6163: chorismate biosynthesis from 3-dehydroquinate	736.6076303867
PWY-6163: chorismate biosynthesis from 3-dehydroquinate|unclassified	314.8671120563
PWY-6163: chorismate biosynthesis from 3-dehydroquinate|g__Blautia.s__Blautia_obeum	135.6840663170
PWY-6163: chorismate biosynthesis from 3-dehydroquinate|g__Blautia.s__Blautia_wexlerae	59.6511117245
PWY-6163: chorismate biosynthesis from 3-dehydroquinate|g__Lachnospiraceae_unclassified.s__Eubacterium_rectale	48.1590470250
PWY-6163: chorismate biosynthesis from 3-dehydroquinate|g__Anaerostipes.s__Anaerostipes_hadrus	34.4728309348
PWY-6163: chorismate biosynthesis from 3-dehydroquinate|g__Faecalibacterium.s__Faecalibacterium_prausnitzii	29.9778635010
PWY-6163: chorismate biosynthesis from 3-dehydroquinate|g__Bacteroides.s__Bacteroides_vulgatus	22.0486973633
PWY-6163: chorismate biosynthesis from 3-dehydroquinate|g__Dorea.s__Dorea_longicatena	19.5536212501
PWY-6163: chorismate biosynthesis from 3-dehydroquinate|g__Blautia.s__Blautia_sp_AF19_10LB	8.3317628029
CALVIN-PWY: Calvin-Benson-Bassham cycle	735.8850963290
CALVIN-PWY: Calvin-Benson-Bassham cycle|unclassified	285.2562193949
CALVIN-PWY: Calvin-Benson-Bassham cycle|g__Blautia.s__Blautia_wexlerae	99.7592427976
CALVIN-PWY: Calvin-Benson-Bassham cycle|g__Blautia.s__Blautia_obeum	48.2239777590
CALVIN-PWY: Calvin-Benson-Bassham cycle|g__Lachnospiraceae_unclassified.s__Eubacterium_rectale	43.0257294301
CALVIN-PWY: Calvin-Benson-Bassham cycle|g__Anaerostipes.s__Anaerostipes_hadrus	33.2200031748
PWY-6386: UDP-N-acetylmuramoyl-pentapeptide biosynthesis II (lysine-containing)	730.3342273595
PWY-6386: UDP-N-acetylmuramoyl-pentapeptide biosynthesis II (lysine-containing)|unclassified	322.8592833348
PWY-6386: UDP-N-acetylmuramoyl-pentapeptide biosynthesis II (lysine-containing)|g__Blautia.s__Blautia_obeum	116.5453545526
PWY-6386: UDP-N-acetylmuramoyl-pentapeptide biosynthesis II (lysine-containing)|g__Blautia.s__Blautia_wexlerae	69.7314778319
PWY-6386: UDP-N-acetylmuramoyl-pentapeptide biosynthesis II (lysine-containing)|g__Anaerostipes.s__Anaerostipes_hadrus	34.4737862356
PWY-6386: UDP-N-acetylmuramoyl-pentapeptide biosynthesis II (lysine-containing)|g__Dorea.s__Dorea_longicatena	34.3844641222
PWY-6386: UDP-N-acetylmuramoyl-pentapeptide biosynthesis II (lysine-containing)|g__Lachnospiraceae_unclassified.s__Eubacterium_rectale	26.7461053601
PWY-6386: UDP-N-acetylmuramoyl-pentapeptide biosynthesis II (lysine-containing)|g__Eubacterium.s__Eubacterium_ramulus	17.0549838324
PWY66-429: fatty acid biosynthesis initiation (mitochondria)	715.2545900554
PWY66-429: fatty acid biosynthesis initiation (mitochondria)|unclassified	332.8918295943
PWY66-429: fatty acid biosynthesis initiation (mitochondria)|g__Blautia.s__Blautia_obeum	90.6586077633
PWY66-429: fatty acid biosynthesis initiation (mitochondria)|g__Blautia.s__Blautia_wexlerae	38.8055107502
PWY66-429: fatty acid biosynthesis initiation (mitochondria)|g__Dorea.s__Dorea_longicatena	32.3708098916
PWY66-429: fatty acid biosynthesis initiation (mitochondria)|g__Anaerostipes.s__Anaerostipes_hadrus	31.4322810318
PWY66-429: fatty acid biosynthesis initiation (mitochondria)|g__Eubacterium.s__Eubacterium_ramulus	12.8086652172
PWY66-429: fatty acid biosynthesis initiation (mitochondria)|g__Bacteroides.s__Bacteroides_vulgatus	9.3383639624
PWY66-429: fatty acid biosynthesis initiation (mitochondria)|g__Bacteroides.s__Bacteroides_dorei	6.6496762298
PWY66-429: fatty acid biosynthesis initiation (mitochondria)|g__Bacteroides.s__Bacteroides_caccae	4.3514229457
PWY66-429: fatty acid biosynthesis initiation (mitochondria)|g__Bacteroides.s__Bacteroides_ovatus	2.2534407098
ARO-PWY: chorismate biosynthesis I	712.5763682819
ARO-PWY: chorismate biosynthesis I|unclassified	298.4660873086
ARO-PWY: chorismate biosynthesis I|g__Blautia.s__Blautia_obeum	132.7076713918
ARO-PWY: chorismate biosynthesis I|g__Blautia.s__Blautia_wexlerae	44.7033605439
ARO-PWY: chorismate biosynthesis I|g__Lachnospiraceae_unclassified.s__Eubacterium_rectale	42.5750121065
ARO-PWY: chorismate biosynthesis I|g__Anaerostipes.s__Anaerostipes_hadrus	34.1971511171
ARO-PWY: chorismate biosynthesis I|g__Faecalibacterium.s__Faecalibacterium_prausnitzii	31.5755048320
ARO-PWY: chorismate biosynthesis I|g__Dorea.s__Dorea_longicatena	24.2460784989
PWY-6387: UDP-N-acetylmuramoyl-pentapeptide biosynthesis I (meso-diaminopimelate containing)	709.5371063728
PWY-6387: UDP-N-acetylmuramoyl-pentapeptide biosynthesis I (meso-diaminopimelate containing)|unclassified	322.1503204888
PWY-6387: UDP-N-acetylmuramoyl-pentapeptide biosynthesis I (meso-diaminopimelate containing)|g__Blautia.s__Blautia_obeum	117.3400210085
PWY-6387: UDP-N-acetylmuramoyl-pentapeptide biosynthesis I (meso-diaminopimelate containing)|g__Blautia.s__Blautia_wexlerae	64.3679282195
PWY-6387: UDP-N-acetylmuramoyl-pentapeptide biosynthesis I (meso-diaminopimelate containing)|g__Dorea.s__Dorea_longicatena	39.4221231776
PWY-6387: UDP-N-acetylmuramoyl-pentapeptide biosynthesis I (meso-diaminopimelate containing)|g__Anaerostipes.s__Anaerostipes_hadrus	31.0255076623
PWY-6387: UDP-N-acetylmuramoyl-pentapeptide biosynthesis I (meso-diaminopimelate containing)|g__Lachnospiraceae_unclassified.s__Eubacterium_rectale	30.8725555139
PWY-6387: UDP-N-acetylmuramoyl-pentapeptide biosynthesis I (meso-diaminopimelate containing)|g__Eubacterium.s__Eubacterium_ramulus	16.7841667385
PWY-6122: 5-aminoimidazole ribonucleotide biosynthesis II	708.8717320932
PWY-6122: 5-aminoimidazole ribonucleotide biosynthesis II|unclassified	327.6925346759
PWY-6122: 5-aminoimidazole ribonucleotide biosynthesis II|g__Blautia.s__Blautia_obeum	124.1971982960
PWY-6122: 5-aminoimidazole ribonucleotide biosynthesis II|g__Blautia.s__Blautia_wexlerae	57.7176440780
PWY-6122: 5-aminoimidazole ribonucleotide biosynthesis II|g__Lachnospiraceae_unclassified.s__Eubacterium_rectale	38.2499518240
PWY-6122: 5-aminoimidazole ribonucleotide biosynthesis II|g__Dorea.s__Dorea_longicatena	24.2469055849
PWY-6122: 5-aminoimidazole ribonucleotide biosynthesis II|g__Anaerostipes.s__Anaerostipes_hadrus	23.7667356324
PWY-6122: 5-aminoimidazole ribonucleotide biosynthesis II|g__Faecalibacterium.s__Faecalibacterium_prausnitzii	21.5991424767
PWY-6122: 5-aminoimidazole ribonucleotide biosynthesis II|g__Eubacterium.s__Eubacterium_ramulus	15.5576870453
PWY-6122: 5-aminoimidazole ribonucleotide biosynthesis II|g__Dialister.s__Dialister_invisus	14.5419794910
PWY-6122: 5-aminoimidazole ribonucleotide biosynthesis II|g__Blautia.s__Blautia_sp_AF19_10LB	6.9389513364
PWY-6122: 5-aminoimidazole ribonucleotide biosynthesis II|g__Bacteroides.s__Bacteroides_ovatus	5.5010681642
PWY-6122: 5-aminoimidazole ribonucleotide biosynthesis II|g__Bacteroides.s__Bacteroides_caccae	2.8065243213
PWY-6277: superpathway of 5-aminoimidazole ribonucleotide biosynthesis	708.8717320932
PWY-6277: superpathway of 5-aminoimidazole ribonucleotide biosynthesis|unclassified	327.6925346759
PWY-6277: superpathway of 5-aminoimidazole ribonucleotide biosynthesis|g__Blautia.s__Blautia_obeum	124.1971982960
PWY-6277: superpathway of 5-aminoimidazole ribonucleotide biosynthesis|g__Blautia.s__Blautia_wexlerae	57.7176440780
PWY-6277: superpathway of 5-aminoimidazole ribonucleotide biosynthesis|g__Lachnospiraceae_unclassified.s__Eubacterium_rectale	38.2499518240
PWY-6277: superpathway of 5-aminoimidazole ribonucleotide biosynthesis|g__Dorea.s__Dorea_longicatena	24.2469055849
PWY-6277: superpathway of 5-aminoimidazole ribonucleotide biosynthesis|g__Anaerostipes.s__Anaerostipes_hadrus	23.7667356324
PWY-6277: superpathway of 5-aminoimidazole ribonucleotide biosynthesis|g__Faecalibacterium.s__Faecalibacterium_prausnitzii	21.5991424767
PWY-6277: superpathway of 5-aminoimidazole ribonucleotide biosynthesis|g__Eubacterium.s__Eubacterium_ramulus	15.5576870453
PWY-6277: superpathway of 5-aminoimidazole ribonucleotide biosynthesis|g__Dialister.s__Dialister_invisus	14.5419794910
PWY-6277: superpathway of 5-aminoimidazole ribonucleotide biosynthesis|g__Blautia.s__Blautia_sp_AF19_10LB	6.9389513364
PWY-6277: superpathway of 5-aminoimidazole ribonucleotide biosynthesis|g__Bacteroides.s__Bacteroides_ovatus	5.5010681642
PWY-6277: superpathway of 5-aminoimidazole ribonucleotide biosynthesis|g__Bacteroides.s__Bacteroides_caccae	2.8065243213
PWY-7953: UDP-N-acetylmuramoyl-pentapeptide biosynthesis III (meso-diaminopimelate containing)	707.2251304884
PWY-7953: UDP-N-acetylmuramoyl-pentapeptide biosynthesis III (meso-diaminopimelate containing)|unclassified	320.6619701660
PWY-7953: UDP-N-acetylmuramoyl-pentapeptide biosynthesis III (meso-diaminopimelate containing)|g__Blautia.s__Blautia_obeum	115.2201325695
PWY-7953: UDP-N-acetylmuramoyl-pentapeptide biosynthesis III (meso-diaminopimelate containing)|g__Blautia.s__Blautia_wexlerae	57.4200105589
PWY-7953: UDP-N-acetylmuramoyl-pentapeptide biosynthesis III (meso-diaminopimelate containing)|g__Anaerostipes.s__Anaerostipes_hadrus	30.5749979186
PWY-7953: UDP-N-acetylmuramoyl-pentapeptide biosynthesis III (meso-diaminopimelate containing)|g__Dorea.s__Dorea_longicatena	30.5742098349
PWY-7953: UDP-N-acetylmuramoyl-pentapeptide biosynthesis III (meso-diaminopimelate containing)|g__Lachnospiraceae_unclassified.s__Eubacterium_rectale	27.5458363811
PWY-7953: UDP-N-acetylmuramoyl-pentapeptide biosynthesis III (meso-diaminopimelate containing)|g__Eubacterium.s__Eubacterium_ramulus	16.3028261908
ARGSYNBSUB-PWY: L-arginine biosynthesis II (acetyl cycle)	705.6213492740
ARGSYNBSUB-PWY: L-arginine biosynthesis II (acetyl cycle)|unclassified	321.3513239886
ARGSYNBSUB-PWY: L-arginine biosynthesis II (acetyl cycle)|g__Blautia.s__Blautia_wexlerae	107.3268548339
ARGSYNBSUB-PWY: L-arginine biosynthesis II (acetyl cycle)|g__Blautia.s__Blautia_obeum	68.6324966819
ARGSYNBSUB-PWY: L-arginine biosynthesis II (acetyl cycle)|g__Dorea.s__Dorea_longicatena	34.4832113938
ARGSYNBSUB-PWY: L-arginine biosynthesis II (acetyl cycle)|g__Lachnospiraceae_unclassified.s__Eubacterium_rectale	32.2172891406
ARGSYNBSUB-PWY: L-arginine biosynthesis II (acetyl cycle)|g__Faecalibacterium.s__Faecalibacterium_prausnitzii	27.1861689027
ARGSYNBSUB-PWY: L-arginine biosynthesis II (acetyl cycle)|g__Anaerostipes.s__Anaerostipes_hadrus	25.1173072831
ARGSYNBSUB-PWY: L-arginine biosynthesis II (acetyl cycle)|g__Blautia.s__Blautia_sp_AF19_10LB	16.2757275914
ANAGLYCOLYSIS-PWY: glycolysis III (from glucose)	701.8375465372
ANAGLYCOLYSIS-PWY: glycolysis III (from glucose)|unclassified	266.9921674782
ANAGLYCOLYSIS-PWY: glycolysis III (from glucose)|g__Blautia.s__Blautia_obeum	57.5654479629
ANAGLYCOLYSIS-PWY: glycolysis III (from glucose)|g__Blautia.s__Blautia_wexlerae	51.0596423858
ANAGLYCOLYSIS-PWY: glycolysis III (from glucose)|g__Anaerostipes.s__Anaerostipes_hadrus	47.1053261640
ANAGLYCOLYSIS-PWY: glycolysis III (from glucose)|g__Dorea.s__Dorea_longicatena	29.9288722746
ANAGLYCOLYSIS-PWY: glycolysis III (from glucose)|g__Lachnospiraceae_unclassified.s__Eubacterium_rectale	28.7045678260
PEPTIDOGLYCANSYN-PWY: peptidoglycan biosynthesis I (meso-diaminopimelate containing)	698.9899339961
PEPTIDOGLYCANSYN-PWY: peptidoglycan biosynthesis I (meso-diaminopimelate containing)|unclassified	313.6728471065
PEPTIDOGLYCANSYN-PWY: peptidoglycan biosynthesis I (meso-diaminopimelate containing)|g__Blautia.s__Blautia_obeum	115.2546318881
PEPTIDOGLYCANSYN-PWY: peptidoglycan biosynthesis I (meso-diaminopimelate containing)|g__Blautia.s__Blautia_wexlerae	61.5842750648
PEPTIDOGLYCANSYN-PWY: peptidoglycan biosynthesis I (meso-diaminopimelate containing)|g__Dorea.s__Dorea_longicatena	36.3325193959
PEPTIDOGLYCANSYN-PWY: peptidoglycan biosynthesis I (meso-diaminopimelate containing)|g__Anaerostipes.s__Anaerostipes_hadrus	33.3713293946
PEPTIDOGLYCANSYN-PWY: peptidoglycan biosynthesis I (meso-diaminopimelate containing)|g__Lachnospiraceae_unclassified.s__Eubacterium_rectale	28.2566217314
PEPTIDOGLYCANSYN-PWY: peptidoglycan biosynthesis I (meso-diaminopimelate containing)|g__Eubacterium.s__Eubacterium_ramulus	17.4476385746
PWY-6385: peptidoglycan biosynthesis III (mycobacteria)	698.9899339961
PWY-6385: peptidoglycan biosynthesis III (mycobacteria)|unclassified	313.6728471065
PWY-6385: peptidoglycan biosynthesis III (mycobacteria)|g__Blautia.s__Blautia_obeum	109.8434383029
PWY-6385: peptidoglycan biosynthesis III (mycobacteria)|g__Blautia.s__Blautia_wexlerae	54.9790018871
PWY-6385: peptidoglycan biosynthesis III (mycobacteria)|g__Anaerostipes.s__Anaerostipes_hadrus	32.6806431530
PWY-6385: peptidoglycan biosynthesis III (mycobacteria)|g__Dorea.s__Dorea_longicatena	32.3068052762
PWY-6385: peptidoglycan biosynthesis III (mycobacteria)|g__Lachnospiraceae_unclassified.s__Eubacterium_rectale	28.2566217314
PWY-6385: peptidoglycan biosynthesis III (mycobacteria)|g__Eubacterium.s__Eubacterium_ramulus	17.3501322161
NONOXIPENT-PWY: pentose phosphate pathway (non-oxidative branch) I	698.1147182319
NONOXIPENT-PWY: pentose phosphate pathway (non-oxidative branch) I|unclassified	352.1651429188
NONOXIPENT-PWY: pentose phosphate pathway (non-oxidative branch) I|g__Blautia.s__Blautia_obeum	75.0976059727
NONOXIPENT-PWY: pentose phosphate pathway (non-oxidative branch) I|g__Lachnospiraceae_unclassified.s__Eubacterium_rectale	46.0870084013
NONOXIPENT-PWY: pentose phosphate pathway (non-oxidative branch) I|g__Anaerostipes.s__Anaerostipes_hadrus	30.5775161657
NONOXIPENT-PWY: pentose phosphate pathway (non-oxidative branch) I|g__Blautia.s__Blautia_wexlerae	27.1835762021
PWY-5686: UMP biosynthesis I	697.1577544585
PWY-5686: UMP biosynthesis I|unclassified	272.9915536400
PWY-5686: UMP biosynthesis I|g__Blautia.s__Blautia_wexlerae	76.9667034411
PWY-5686: UMP biosynthesis I|g__Blautia.s__Blautia_obeum	62.0772828281
PWY-5686: UMP biosynthesis I|g__Lachnospiraceae_unclassified.s__Eubacterium_rectale	36.4786712983
PWY-5686: UMP biosynthesis I|g__Anaerostipes.s__Anaerostipes_hadrus	29.4355820983
PWY-5686: UMP biosynthesis I|g__Faecalibacterium.s__Faecalibacterium_prausnitzii	24.1513313472
PWY-5686: UMP biosynthesis I|g__Eubacterium.s__Eubacterium_ramulus	19.0582081636
PWY-5686: UMP biosynthesis I|g__Dorea.s__Dorea_longicatena	14.7764319966
PWY-7790: UMP biosynthesis II	697.1577544585
PWY-7790: UMP biosynthesis II|unclassified	272.9915536400
PWY-7790: UMP biosynthesis II|g__Blautia.s__Blautia_wexlerae	76.9667034411
PWY-7790: UMP biosynthesis II|g__Blautia.s__Blautia_obeum	62.0772828281
PWY-7790: UMP biosynthesis II|g__Lachnospiraceae_unclassified.s__Eubacterium_rectale	36.4786712983
PWY-7790: UMP biosynthesis II|g__Anaerostipes.s__Anaerostipes_hadrus	29.4355820983
PWY-7790: UMP biosynthesis II|g__Faecalibacterium.s__Faecalibacterium_prausnitzii	24.1513313472
PWY-7790: UMP biosynthesis II|g__Eubacterium.s__Eubacterium_ramulus	19.0582081636
PWY-7790: UMP biosynthesis II|g__Dorea.s__Dorea_longicatena	14.7764319966
PWY-7790: UMP biosynthesis II|g__Bacteroides.s__Bacteroides_ovatus	11.8641060768
PWY-7791: UMP biosynthesis III	697.1577544585
PWY-7791: UMP biosynthesis III|unclassified	272.9915536400
PWY-7791: UMP biosynthesis III|g__Blautia.s__Blautia_wexlerae	76.9667034411
PWY-7791: UMP biosynthesis III|g__Blautia.s__Blautia_obeum	62.0772828281
PWY-7791: UMP biosynthesis III|g__Lachnospiraceae_unclassified.s__Eubacterium_rectale	36.4786712983
PWY-7791: UMP biosynthesis III|g__Anaerostipes.s__Anaerostipes_hadrus	29.4355820983
PWY-7791: UMP biosynthesis III|g__Faecalibacterium.s__Faecalibacterium_prausnitzii	24.1513313472
PWY-7791: UMP biosynthesis III|g__Eubacterium.s__Eubacterium_ramulus	19.0582081636
PWY-7791: UMP biosynthesis III|g__Dorea.s__Dorea_longicatena	14.7764319966
PWY-7791: UMP biosynthesis III|g__Bacteroides.s__Bacteroides_vulgatus	9.0868806747
VALSYN-PWY: L-valine biosynthesis	696.5870858980
VALSYN-PWY: L-valine biosynthesis|unclassified	220.7461469682
VALSYN-PWY: L-valine biosynthesis|g__Blautia.s__Blautia_obeum	160.2816598728
VALSYN-PWY: L-valine biosynthesis|g__Lachnospiraceae_unclassified.s__Eubacterium_rectale	47.3678677765
VALSYN-PWY: L-valine biosynthesis|g__Blautia.s__Blautia_wexlerae	46.8671644527
VALSYN-PWY: L-valine biosynthesis|g__Dorea.s__Dorea_longicatena	37.5372745500
VALSYN-PWY: L-valine biosynthesis|g__Anaerostipes.s__Anaerostipes_hadrus	29.8466237101
VALSYN-PWY: L-valine biosynthesis|g__Eubacterium.s__Eubacterium_ramulus	25.1537552610
VALSYN-PWY: L-valine biosynthesis|g__Blautia.s__Blautia_sp_AF19_10LB	22.5424277723
VALSYN-PWY: L-valine biosynthesis|g__Bacteroides.s__Bacteroides_vulgatus	9.8788335450
VALSYN-PWY: L-valine biosynthesis|g__Bacteroides.s__Bacteroides_ovatus	9.3761120077
VALSYN-PWY: L-valine biosynthesis|g__Erysipelatoclostridium.s__Erysipelatoclostridium_ramosum	6.7948579005
VALSYN-PWY: L-valine biosynthesis|g__Bacteroides.s__Bacteroides_caccae	4.8683931420
PWY-5097: L-lysine biosynthesis VI	694.9986137478
PWY-5097: L-lysine biosynthesis VI|unclassified	269.4196622347
PWY-5097: L-lysine biosynthesis VI|g__Blautia.s__Blautia_obeum	121.8171745450
PWY-5097: L-lysine biosynthesis VI|g__Blautia.s__Blautia_wexlerae	57.1197257565
PWY-5097: L-lysine biosynthesis VI|g__Dorea.s__Dorea_longicatena	37.4321719464
PWY-5097: L-lysine biosynthesis VI|g__Anaerostipes.s__Anaerostipes_hadrus	19.5880442165
PWY-5097: L-lysine biosynthesis VI|g__Dialister.s__Dialister_invisus	12.3607201238
PWY-5097: L-lysine biosynthesis VI|g__Bacteroides.s__Bacteroides_vulgatus	10.7331340370
PWY-2942: L-lysine biosynthesis III	686.0875524256
PWY-2942: L-lysine biosynthesis III|unclassified	246.2236883450
PWY-2942: L-lysine biosynthesis III|g__Blautia.s__Blautia_obeum	158.5552386196
PWY-2942: L-lysine biosynthesis III|g__Blautia.s__Blautia_wexlerae	57.0051752520
PWY-2942: L-lysine biosynthesis III|g__Dorea.s__Dorea_longicatena	46.7507074662
PWY-2942: L-lysine biosynthesis III|g__Anaerostipes.s__Anaerostipes_hadrus	28.1898840669
PWY-2942: L-lysine biosynthesis III|g__Dialister.s__Dialister_invisus	12.3430672534
PWY-2942: L-lysine biosynthesis III|g__Blautia.s__Blautia_sp_AF19_10LB	8.6532487870
COMPLETE-ARO-PWY: superpathway of aromatic amino acid biosynthesis	685.4278934292
COMPLETE-ARO-PWY: superpathway of aromatic amino acid biosynthesis|unclassified	292.3250852916
COMPLETE-ARO-PWY: superpathway of aromatic amino acid biosynthesis|g__Blautia.s__Blautia_obeum	135.4147502605
COMPLETE-ARO-PWY: superpathway of aromatic amino acid biosynthesis|g__Lachnospiraceae_unclassified.s__Eubacterium_rectale	40.4990131812
COMPLETE-ARO-PWY: superpathway of aromatic amino acid biosynthesis|g__Blautia.s__Blautia_wexlerae	40.3922781005
COMPLETE-ARO-PWY: superpathway of aromatic amino acid biosynthesis|g__Anaerostipes.s__Anaerostipes_hadrus	33.9232338916
NONMEVIPP-PWY: methylerythritol phosphate pathway I	680.5783110922
NONMEVIPP-PWY: methylerythritol phosphate pathway I|unclassified	300.6723163324
NONMEVIPP-PWY: methylerythritol phosphate pathway I|g__Blautia.s__Blautia_obeum	95.2413816126
NONMEVIPP-PWY: methylerythritol phosphate pathway I|g__Blautia.s__Blautia_wexlerae	53.1014806406
NONMEVIPP-PWY: methylerythritol phosphate pathway I|g__Dorea.s__Dorea_longicatena	35.7316981846
NONMEVIPP-PWY: methylerythritol phosphate pathway I|g__Anaerostipes.s__Anaerostipes_hadrus	31.7691348061
NONMEVIPP-PWY: methylerythritol phosphate pathway I|g__Eubacterium.s__Eubacterium_ramulus	21.1798414091
PWY-6121: 5-aminoimidazole ribonucleotide biosynthesis I	663.8195281910
PWY-6121: 5-aminoimidazole ribonucleotide biosynthesis I|unclassified	308.5429892393
PWY-6121: 5-aminoimidazole ribonucleotide biosynthesis I|g__Blautia.s__Blautia_obeum	129.7667309965
PWY-6121: 5-aminoimidazole ribonucleotide biosynthesis I|g__Blautia.s__Blautia_wexlerae	50.6689025458
PWY-6121: 5-aminoimidazole ribonucleotide biosynthesis I|g__Lachnospiraceae_unclassified.s__Eubacterium_rectale	39.1090645073
PWY-6121: 5-aminoimidazole ribonucleotide biosynthesis I|g__Dorea.s__Dorea_longicatena	24.9858987626
PWY-6121: 5-aminoimidazole ribonucleotide biosynthesis I|g__Anaerostipes.s__Anaerostipes_hadrus	22.9326670982
PWY-6121: 5-aminoimidazole ribonucleotide biosynthesis I|g__Faecalibacterium.s__Faecalibacterium_prausnitzii	16.0058636714
PWY-6121: 5-aminoimidazole ribonucleotide biosynthesis I|g__Dialister.s__Dialister_invisus	14.5066901861
PWY-6121: 5-aminoimidazole ribonucleotide biosynthesis I|g__Eubacterium.s__Eubacterium_ramulus	13.6491180433
PWY-6121: 5-aminoimidazole ribonucleotide biosynthesis I|g__Blautia.s__Blautia_sp_AF19_10LB	3.1013983130
DTDPRHAMSYN-PWY: dTDP-&beta;-L-rhamnose biosynthesis	661.5490833916
DTDPRHAMSYN-PWY: dTDP-&beta;-L-rhamnose biosynthesis|unclassified	279.4888528344
DTDPRHAMSYN-PWY: dTDP-&beta;-L-rhamnose biosynthesis|g__Blautia.s__Blautia_obeum	122.7465234486
DTDPRHAMSYN-PWY: dTDP-&beta;-L-rhamnose biosynthesis|g__Blautia.s__Blautia_wexlerae	56.0621829519
DTDPRHAMSYN-PWY: dTDP-&beta;-L-rhamnose biosynthesis|g__Lachnospiraceae_unclassified.s__Eubacterium_rectale	35.9187158301
DTDPRHAMSYN-PWY: dTDP-&beta;-L-rhamnose biosynthesis|g__Faecalibacterium.s__Faecalibacterium_prausnitzii	25.1451067667
DTDPRHAMSYN-PWY: dTDP-&beta;-L-rhamnose biosynthesis|g__Anaerostipes.s__Anaerostipes_hadrus	20.8921074755
DTDPRHAMSYN-PWY: dTDP-&beta;-L-rhamnose biosynthesis|g__Bacteroides.s__Bacteroides_vulgatus	17.8810614503
DTDPRHAMSYN-PWY: dTDP-&beta;-L-rhamnose biosynthesis|g__Dorea.s__Dorea_longicatena	17.2566185391
DTDPRHAMSYN-PWY: dTDP-&beta;-L-rhamnose biosynthesis|g__Blautia.s__Blautia_sp_N6H1_15	11.0658305692
DTDPRHAMSYN-PWY: dTDP-&beta;-L-rhamnose biosynthesis|g__Blautia.s__Blautia_sp_AF19_10LB	9.3626640810
DTDPRHAMSYN-PWY: dTDP-&beta;-L-rhamnose biosynthesis|g__Bacteroides.s__Bacteroides_ovatus	8.3479134369
DTDPRHAMSYN-PWY: dTDP-&beta;-L-rhamnose biosynthesis|g__Lachnoclostridium.s__Clostridium_scindens	6.7264762959
DTDPRHAMSYN-PWY: dTDP-&beta;-L-rhamnose biosynthesis|g__Hungatella.s__Hungatella_hathewayi	1.7663305726
ARGSYN-PWY: L-arginine biosynthesis I (via L-ornithine)	659.6080837937
ARGSYN-PWY: L-arginine biosynthesis I (via L-ornithine)|unclassified	298.8059382482
ARGSYN-PWY: L-arginine biosynthesis I (via L-ornithine)|g__Blautia.s__Blautia_wexlerae	114.2487740557
ARGSYN-PWY: L-arginine biosynthesis I (via L-ornithine)|g__Lachnospiraceae_unclassified.s__Eubacterium_rectale	30.9023217766
ARGSYN-PWY: L-arginine biosynthesis I (via L-ornithine)|g__Dorea.s__Dorea_longicatena	30.8485193113
ARGSYN-PWY: L-arginine biosynthesis I (via L-ornithine)|g__Blautia.s__Blautia_obeum	28.6853654050
ARGSYN-PWY: L-arginine biosynthesis I (via L-ornithine)|g__Anaerostipes.s__Anaerostipes_hadrus	25.8055407603
ARGSYN-PWY: L-arginine biosynthesis I (via L-ornithine)|g__Faecalibacterium.s__Faecalibacterium_prausnitzii	25.7739390643
ILEUSYN-PWY: L-isoleucine biosynthesis I (from threonine)	658.6889199505
ILEUSYN-PWY: L-isoleucine biosynthesis I (from threonine)|unclassified	193.3871769959
ILEUSYN-PWY: L-isoleucine biosynthesis I (from threonine)|g__Lachnospiraceae_unclassified.s__Eubacterium_rectale	42.4112201682
ILEUSYN-PWY: L-isoleucine biosynthesis I (from threonine)|g__Blautia.s__Blautia_wexlerae	39.4424481141
ILEUSYN-PWY: L-isoleucine biosynthesis I (from threonine)|g__Blautia.s__Blautia_obeum	35.6779907488
ILEUSYN-PWY: L-isoleucine biosynthesis I (from threonine)|g__Dorea.s__Dorea_longicatena	35.4052609365
ILEUSYN-PWY: L-isoleucine biosynthesis I (from threonine)|g__Anaerostipes.s__Anaerostipes_hadrus	29.0388047477
ILEUSYN-PWY: L-isoleucine biosynthesis I (from threonine)|g__Blautia.s__Blautia_sp_AF19_10LB	18.3107912238
ILEUSYN-PWY: L-isoleucine biosynthesis I (from threonine)|g__Bacteroides.s__Bacteroides_ovatus	8.2248386016
ILEUSYN-PWY: L-isoleucine biosynthesis I (from threonine)|g__Bacteroides.s__Bacteroides_caccae	4.4933230122
PWY-6317: D-galactose degradation I (Leloir pathway)	636.4673185522
PWY-6317: D-galactose degradation I (Leloir pathway)|unclassified	276.7922676565
PWY-6317: D-galactose degradation I (Leloir pathway)|g__Blautia.s__Blautia_obeum	77.6437145385
PWY-6317: D-galactose degradation I (Leloir pathway)|g__Blautia.s__Blautia_wexlerae	71.9177114957
PWY-6317: D-galactose degradation I (Leloir pathway)|g__Anaerostipes.s__Anaerostipes_hadrus	50.0948488958
PWY-6317: D-galactose degradation I (Leloir pathway)|g__Dorea.s__Dorea_longicatena	37.8514222889
PWY-6317: D-galactose degradation I (Leloir pathway)|g__Faecalibacterium.s__Faecalibacterium_prausnitzii	24.7632174598
PWY-6823: molybdopterin biosynthesis	635.2549267621
PWY-6823: molybdopterin biosynthesis|unclassified	294.7023880061
PWY-6823: molybdopterin biosynthesis|g__Blautia.s__Blautia_obeum	154.8930374686
PWY-6823: molybdopterin biosynthesis|g__Lachnospiraceae_unclassified.s__Eubacterium_rectale	38.2981297013
PWY-6823: molybdopterin biosynthesis|g__Faecalibacterium.s__Faecalibacterium_prausnitzii	28.4446036906
PWY-6823: molybdopterin biosynthesis|g__Blautia.s__Blautia_wexlerae	18.3410466099
COA-PWY: coenzyme A biosynthesis I (prokaryotic)	629.9015140140
COA-PWY: coenzyme A biosynthesis I (prokaryotic)|unclassified	278.8172116848
COA-PWY: coenzyme A biosynthesis I (prokaryotic)|g__Blautia.s__Blautia_obeum	83.8771469358
COA-PWY: coenzyme A biosynthesis I (prokaryotic)|g__Blautia.s__Blautia_wexlerae	36.0924990206
COA-PWY: coenzyme A biosynthesis I (prokaryotic)|g__Anaerostipes.s__Anaerostipes_hadrus	33.5775930195
COA-PWY: coenzyme A biosynthesis I (prokaryotic)|g__Lachnospiraceae_unclassified.s__Eubacterium_rectale	33.4782242049
COA-PWY: coenzyme A biosynthesis I (prokaryotic)|g__Dorea.s__Dorea_longicatena	33.3010287240
COA-PWY: coenzyme A biosynthesis I (prokaryotic)|g__Senegalimassilia.s__Senegalimassilia_anaerobia	15.2085178190
COA-PWY: coenzyme A biosynthesis I (prokaryotic)|g__Bacteroides.s__Bacteroides_vulgatus	13.8814470639
COA-PWY: coenzyme A biosynthesis I (prokaryotic)|g__Eubacterium.s__Eubacterium_ramulus	12.8921722314
COA-PWY: coenzyme A biosynthesis I (prokaryotic)|g__Faecalibacterium.s__Faecalibacterium_prausnitzii	12.2660346439
COA-PWY: coenzyme A biosynthesis I (prokaryotic)|g__Bacteroides.s__Bacteroides_ovatus	11.9044155118
COA-PWY: coenzyme A biosynthesis I (prokaryotic)|g__Hungatella.s__Hungatella_hathewayi	4.0226855039
COA-PWY: coenzyme A biosynthesis I (prokaryotic)|g__Bacteroides.s__Bacteroides_dorei	1.0610079576
BRANCHED-CHAIN-AA-SYN-PWY: superpathway of branched chain amino acid biosynthesis	628.7904171439
BRANCHED-CHAIN-AA-SYN-PWY: superpathway of branched chain amino acid biosynthesis|unclassified	191.4050928360
BRANCHED-CHAIN-AA-SYN-PWY: superpathway of branched chain amino acid biosynthesis|g__Lachnospiraceae_unclassified.s__Eubacterium_rectale	41.1718134840
BRANCHED-CHAIN-AA-SYN-PWY: superpathway of branched chain amino acid biosynthesis|g__Blautia.s__Blautia_obeum	40.6246385401
BRANCHED-CHAIN-AA-SYN-PWY: superpathway of branched chain amino acid biosynthesis|g__Blautia.s__Blautia_wexlerae	37.9643176017
BRANCHED-CHAIN-AA-SYN-PWY: superpathway of branched chain amino acid biosynthesis|g__Dorea.s__Dorea_longicatena	34.8186649956
BRANCHED-CHAIN-AA-SYN-PWY: superpathway of branched chain amino acid biosynthesis|g__Anaerostipes.s__Anaerostipes_hadrus	27.6078723785
BRANCHED-CHAIN-AA-SYN-PWY: superpathway of branched chain amino acid biosynthesis|g__Blautia.s__Blautia_sp_AF19_10LB	16.8268617804
BRANCHED-CHAIN-AA-SYN-PWY: superpathway of branched chain amino acid biosynthesis|g__Bacteroides.s__Bacteroides_ovatus	8.6132980625
BRANCHED-CHAIN-AA-SYN-PWY: superpathway of branched chain amino acid biosynthesis|g__Bacteroides.s__Bacteroides_caccae	4.4323398431
PWY-6151: S-adenosyl-L-methionine salvage I	626.5957957542
PWY-6151: S-adenosyl-L-methionine salvage I|unclassified	270.4507872216
PWY-6151: S-adenosyl-L-methionine salvage I|g__Dorea.s__Dorea_longicatena	68.9990421084
PWY-6151: S-adenosyl-L-methionine salvage I|g__Blautia.s__Blautia_wexlerae	60.9350289899
PWY-6151: S-adenosyl-L-methionine salvage I|g__Blautia.s__Blautia_obeum	60.0109481489
PWY-6151: S-adenosyl-L-methionine salvage I|g__Anaerostipes.s__Anaerostipes_hadrus	49.5897412854
PWY-6151: S-adenosyl-L-methionine salvage I|g__Lachnospiraceae_unclassified.s__Eubacterium_rectale	46.1718424046
PWY-6151: S-adenosyl-L-methionine salvage I|g__Intestinibacter.s__Intestinibacter_bartlettii	11.0423172790
GLUTORN-PWY: L-ornithine biosynthesis I	623.5842111520
GLUTORN-PWY: L-ornithine biosynthesis I|unclassified	285.7094793115
GLUTORN-PWY: L-ornithine biosynthesis I|g__Blautia.s__Blautia_wexlerae	79.8146243197
GLUTORN-PWY: L-ornithine biosynthesis I|g__Blautia.s__Blautia_obeum	65.4906917523
GLUTORN-PWY: L-ornithine biosynthesis I|g__Dorea.s__Dorea_longicatena	28.9898441305
GLUTORN-PWY: L-ornithine biosynthesis I|g__Lachnospiraceae_unclassified.s__Eubacterium_rectale	27.6353833440
GLUTORN-PWY: L-ornithine biosynthesis I|g__Anaerostipes.s__Anaerostipes_hadrus	22.7653197138
GLUTORN-PWY: L-ornithine biosynthesis I|g__Faecalibacterium.s__Faecalibacterium_prausnitzii	19.9781856867
PWY-5667: CDP-diacylglycerol biosynthesis I	621.3966541880
PWY-5667: CDP-diacylglycerol biosynthesis I|unclassified	246.5026172816
PWY-5667: CDP-diacylglycerol biosynthesis I|g__Blautia.s__Blautia_obeum	97.3836811165
PWY-5667: CDP-diacylglycerol biosynthesis I|g__Blautia.s__Blautia_wexlerae	49.5766801224
PWY-5667: CDP-diacylglycerol biosynthesis I|g__Lachnospiraceae_unclassified.s__Eubacterium_rectale	34.6013896694
PWY-5667: CDP-diacylglycerol biosynthesis I|g__Faecalibacterium.s__Faecalibacterium_prausnitzii	29.3711808821
PWY-5667: CDP-diacylglycerol biosynthesis I|g__Dorea.s__Dorea_longicatena	25.9635493898
PWY-5667: CDP-diacylglycerol biosynthesis I|g__Eubacterium.s__Eubacterium_ramulus	13.2471032965
PWY-5667: CDP-diacylglycerol biosynthesis I|g__Dialister.s__Dialister_invisus	12.1225176671
PWY-5667: CDP-diacylglycerol biosynthesis I|g__Bacteroides.s__Bacteroides_vulgatus	7.3525671535
PWY0-1319: CDP-diacylglycerol biosynthesis II	621.3966541880
PWY0-1319: CDP-diacylglycerol biosynthesis II|unclassified	246.5026172816
PWY0-1319: CDP-diacylglycerol biosynthesis II|g__Blautia.s__Blautia_obeum	97.3836811165
PWY0-1319: CDP-diacylglycerol biosynthesis II|g__Blautia.s__Blautia_wexlerae	49.5766801224
PWY0-1319: CDP-diacylglycerol biosynthesis II|g__Lachnospiraceae_unclassified.s__Eubacterium_rectale	34.6013896694
PWY0-1319: CDP-diacylglycerol biosynthesis II|g__Faecalibacterium.s__Faecalibacterium_prausnitzii	29.3711808821
PWY0-1319: CDP-diacylglycerol biosynthesis II|g__Dorea.s__Dorea_longicatena	25.9635493898
PWY0-1319: CDP-diacylglycerol biosynthesis II|g__Eubacterium.s__Eubacterium_ramulus	13.2471032965
PWY0-1319: CDP-diacylglycerol biosynthesis II|g__Dialister.s__Dialister_invisus	12.1225176671
PWY0-1319: CDP-diacylglycerol biosynthesis II|g__Bacteroides.s__Bacteroides_vulgatus	7.3525671535
TRNA-CHARGING-PWY: tRNA charging	618.3955234487
TRNA-CHARGING-PWY: tRNA charging|unclassified	262.8394547339
TRNA-CHARGING-PWY: tRNA charging|g__Lachnospiraceae_unclassified.s__Eubacterium_rectale	36.7531489498
TRNA-CHARGING-PWY: tRNA charging|g__Anaerostipes.s__Anaerostipes_hadrus	25.3313232580
TRNA-CHARGING-PWY: tRNA charging|g__Faecalibacterium.s__Faecalibacterium_prausnitzii	20.0761918217
TRNA-CHARGING-PWY: tRNA charging|g__Eubacterium.s__Eubacterium_ramulus	16.8822048492
TRNA-CHARGING-PWY: tRNA charging|g__Dorea.s__Dorea_longicatena	9.3431761588
PWY-5103: L-isoleucine biosynthesis III	611.8657444000
PWY-5103: L-isoleucine biosynthesis III|unclassified	167.3239227074
PWY-5103: L-isoleucine biosynthesis III|g__Lachnospiraceae_unclassified.s__Eubacterium_rectale	37.8390528493
PWY-5103: L-isoleucine biosynthesis III|g__Blautia.s__Blautia_wexlerae	33.7243286254
PWY-5103: L-isoleucine biosynthesis III|g__Dorea.s__Dorea_longicatena	32.5780524034
PWY-5103: L-isoleucine biosynthesis III|g__Anaerostipes.s__Anaerostipes_hadrus	26.8313372992
PWY-5103: L-isoleucine biosynthesis III|g__Blautia.s__Blautia_obeum	24.0415996445
PWY-5103: L-isoleucine biosynthesis III|g__Blautia.s__Blautia_sp_AF19_10LB	15.8536353961
PWY-5103: L-isoleucine biosynthesis III|g__Bacteroides.s__Bacteroides_ovatus	7.5136945851
PWY-5103: L-isoleucine biosynthesis III|g__Bacteroides.s__Bacteroides_caccae	4.2086051077
PWY-6527: stachyose degradation	609.0569787237
PWY-6527: stachyose degradation|unclassified	292.3155463935
PWY-6527: stachyose degradation|g__Blautia.s__Blautia_obeum	83.4139506063
PWY-6527: stachyose degradation|g__Blautia.s__Blautia_wexlerae	57.9791260994
PWY-6527: stachyose degradation|g__Dorea.s__Dorea_longicatena	24.6992571622
COA-PWY-1: superpathway of coenzyme A biosynthesis III (mammals)	606.5805106412
COA-PWY-1: superpathway of coenzyme A biosynthesis III (mammals)|unclassified	252.5049184815
COA-PWY-1: superpathway of coenzyme A biosynthesis III (mammals)|g__Blautia.s__Blautia_obeum	77.8977759913
COA-PWY-1: superpathway of coenzyme A biosynthesis III (mammals)|g__Anaerostipes.s__Anaerostipes_hadrus	35.5542494730
COA-PWY-1: superpathway of coenzyme A biosynthesis III (mammals)|g__Lachnospiraceae_unclassified.s__Eubacterium_rectale	35.2406618196
COA-PWY-1: superpathway of coenzyme A biosynthesis III (mammals)|g__Blautia.s__Blautia_wexlerae	29.1673442444
COA-PWY-1: superpathway of coenzyme A biosynthesis III (mammals)|g__Dorea.s__Dorea_longicatena	20.1399220909
PWY-7851: coenzyme A biosynthesis II (eukaryotic)	576.8106699143
PWY-7851: coenzyme A biosynthesis II (eukaryotic)|unclassified	227.2724636858
PWY-7851: coenzyme A biosynthesis II (eukaryotic)|g__Blautia.s__Blautia_obeum	83.8771469358
PWY-7851: coenzyme A biosynthesis II (eukaryotic)|g__Anaerostipes.s__Anaerostipes_hadrus	33.5775930195
PWY-7851: coenzyme A biosynthesis II (eukaryotic)|g__Lachnospiraceae_unclassified.s__Eubacterium_rectale	33.4782242049
PWY-7851: coenzyme A biosynthesis II (eukaryotic)|g__Blautia.s__Blautia_wexlerae	28.6013478226
PWY-7851: coenzyme A biosynthesis II (eukaryotic)|g__Dorea.s__Dorea_longicatena	20.9262533728
PWY-7851: coenzyme A biosynthesis II (eukaryotic)|g__Bacteroides.s__Bacteroides_vulgatus	13.8814470639
PWY-3841: folate transformations II (plants)	572.4953464318
PWY-3841: folate transformations II (plants)|unclassified	252.0981049696
PWY-3841: folate transformations II (plants)|g__Blautia.s__Blautia_wexlerae	29.8258843372
PWY-3841: folate transformations II (plants)|g__Blautia.s__Blautia_obeum	28.3875145580
PWY-3841: folate transformations II (plants)|g__Anaerostipes.s__Anaerostipes_hadrus	26.6320884659
PWY-3841: folate transformations II (plants)|g__Lachnospiraceae_unclassified.s__Eubacterium_rectale	25.5996191915
PWY-3841: folate transformations II (plants)|g__Eubacterium.s__Eubacterium_ramulus	17.7320171315
PWY-3841: folate transformations II (plants)|g__Dialister.s__Dialister_invisus	16.5614369755
PWY-3841: folate transformations II (plants)|g__Bacteroides.s__Bacteroides_vulgatus	16.0312734632
PWY-3841: folate transformations II (plants)|g__Dorea.s__Dorea_longicatena	14.1232628442
PWY-3841: folate transformations II (plants)|g__Bacteroides.s__Bacteroides_ovatus	6.3607216814
1CMET2-PWY: folate transformations III (E. coli)	563.2509513474
1CMET2-PWY: folate transformations III (E. coli)|unclassified	234.8939059634
1CMET2-PWY: folate transformations III (E. coli)|g__Blautia.s__Blautia_obeum	30.8497540009
1CMET2-PWY: folate transformations III (E. coli)|g__Anaerostipes.s__Anaerostipes_hadrus	25.3050044561
1CMET2-PWY: folate transformations III (E. coli)|g__Blautia.s__Blautia_wexlerae	9.6187295505
PWY-6270: isoprene biosynthesis I	550.8815086379
PWY-6270: isoprene biosynthesis I|unclassified	190.1407945940
PWY-6270: isoprene biosynthesis I|g__Blautia.s__Blautia_obeum	59.3954229468
PWY-6270: isoprene biosynthesis I|g__Blautia.s__Blautia_wexlerae	34.0584025908
PWY-6270: isoprene biosynthesis I|g__Dorea.s__Dorea_longicatena	30.1106385166
PWY-6270: isoprene biosynthesis I|g__Anaerostipes.s__Anaerostipes_hadrus	29.4004203975
PWY-7560: methylerythritol phosphate pathway II	545.2529616626
PWY-7560: methylerythritol phosphate pathway II|unclassified	181.8594955556
PWY-7560: methylerythritol phosphate pathway II|g__Blautia.s__Blautia_obeum	63.8168719919
PWY-7560: methylerythritol phosphate pathway II|g__Anaerostipes.s__Anaerostipes_hadrus	31.7691348061
PWY-7560: methylerythritol phosphate pathway II|g__Blautia.s__Blautia_wexlerae	31.2540354864
PWY-7560: methylerythritol phosphate pathway II|g__Dorea.s__Dorea_longicatena	29.7223011371
PWY-724: superpathway of L-lysine, L-threonine and L-methionine biosynthesis II	543.2981743400
PWY-724: superpathway of L-lysine, L-threonine and L-methionine biosynthesis II|unclassified	217.8495759571
PWY-724: superpathway of L-lysine, L-threonine and L-methionine biosynthesis II|g__Blautia.s__Blautia_obeum	75.0784077568
PWY-724: superpathway of L-lysine, L-threonine and L-methionine biosynthesis II|g__Dorea.s__Dorea_longicatena	33.7495552605
PWY-724: superpathway of L-lysine, L-threonine and L-methionine biosynthesis II|g__Anaerostipes.s__Anaerostipes_hadrus	18.9178078186
PWY-7357: thiamine phosphate formation from pyrithiamine and oxythiamine (yeast)	529.4256285184
PWY-7357: thiamine phosphate formation from pyrithiamine and oxythiamine (yeast)|unclassified	154.5345448401
PWY-7357: thiamine phosphate formation from pyrithiamine and oxythiamine (yeast)|g__Blautia.s__Blautia_obeum	84.0061925402
PWY-7357: thiamine phosphate formation from pyrithiamine and oxythiamine (yeast)|g__Dorea.s__Dorea_longicatena	51.0366319805
PWY-7357: thiamine phosphate formation from pyrithiamine and oxythiamine (yeast)|g__Blautia.s__Blautia_wexlerae	48.8668337017
PWY-7357: thiamine phosphate formation from pyrithiamine and oxythiamine (yeast)|g__Lachnospiraceae_unclassified.s__Eubacterium_rectale	32.7726281239
PWY-7357: thiamine phosphate formation from pyrithiamine and oxythiamine (yeast)|g__Faecalibacterium.s__Faecalibacterium_prausnitzii	23.9395787787
PWY-7357: thiamine phosphate formation from pyrithiamine and oxythiamine (yeast)|g__Anaerostipes.s__Anaerostipes_hadrus	21.3017037593
PWY-7357: thiamine phosphate formation from pyrithiamine and oxythiamine (yeast)|g__Blautia.s__Blautia_sp_N6H1_15	7.4502962730
PWY-7111: pyruvate fermentation to isobutanol (engineered)	489.3744129291
PWY-7111: pyruvate fermentation to isobutanol (engineered)|unclassified	149.5897209753
PWY-7111: pyruvate fermentation to isobutanol (engineered)|g__Blautia.s__Blautia_wexlerae	45.0104888419
PWY-7111: pyruvate fermentation to isobutanol (engineered)|g__Dorea.s__Dorea_longicatena	35.1462422376
PWY-7111: pyruvate fermentation to isobutanol (engineered)|g__Anaerostipes.s__Anaerostipes_hadrus	30.8480590978
PWY-7111: pyruvate fermentation to isobutanol (engineered)|g__Blautia.s__Blautia_obeum	17.7565291403
PANTOSYN-PWY: superpathway of coenzyme A biosynthesis I (bacteria)	487.5405258026
PANTOSYN-PWY: superpathway of coenzyme A biosynthesis I (bacteria)|unclassified	98.6136645433
PANTOSYN-PWY: superpathway of coenzyme A biosynthesis I (bacteria)|g__Blautia.s__Blautia_obeum	70.5441154927
PANTOSYN-PWY: superpathway of coenzyme A biosynthesis I (bacteria)|g__Blautia.s__Blautia_wexlerae	38.2669373568
PANTOSYN-PWY: superpathway of coenzyme A biosynthesis I (bacteria)|g__Anaerostipes.s__Anaerostipes_hadrus	35.6570520894
PANTOSYN-PWY: superpathway of coenzyme A biosynthesis I (bacteria)|g__Lachnospiraceae_unclassified.s__Eubacterium_rectale	29.7305953044
PANTOSYN-PWY: superpathway of coenzyme A biosynthesis I (bacteria)|g__Dorea.s__Dorea_longicatena	21.1497959144
PANTO-PWY: phosphopantothenate biosynthesis I	480.8073906074
PANTO-PWY: phosphopantothenate biosynthesis I|unclassified	90.0633709755
PANTO-PWY: phosphopantothenate biosynthesis I|g__Blautia.s__Blautia_obeum	68.3325640328
PANTO-PWY: phosphopantothenate biosynthesis I|g__Anaerostipes.s__Anaerostipes_hadrus	43.4505736750
PANTO-PWY: phosphopantothenate biosynthesis I|g__Blautia.s__Blautia_wexlerae	42.8264871880
PANTO-PWY: phosphopantothenate biosynthesis I|g__Lachnospiraceae_unclassified.s__Eubacterium_rectale	25.5483673624
PANTO-PWY: phosphopantothenate biosynthesis I|g__Dorea.s__Dorea_longicatena	24.4037463634
PANTO-PWY: phosphopantothenate biosynthesis I|g__Eubacterium.s__Eubacterium_ramulus	16.4233738652
PANTO-PWY: phosphopantothenate biosynthesis I|g__Bacteroides.s__Bacteroides_ovatus	9.8269729893
PANTO-PWY: phosphopantothenate biosynthesis I|g__Bacteroides.s__Bacteroides_caccae	2.0812341775
PWY-6700: queuosine biosynthesis I (de novo)	480.7879786578
PWY-6700: queuosine biosynthesis I (de novo)|unclassified	196.6274658732
PWY-6700: queuosine biosynthesis I (de novo)|g__Blautia.s__Blautia_obeum	64.7124115831
PWY-6700: queuosine biosynthesis I (de novo)|g__Blautia.s__Blautia_wexlerae	30.8141131906
PWY-6700: queuosine biosynthesis I (de novo)|g__Anaerostipes.s__Anaerostipes_hadrus	28.3590041616
PWY-6700: queuosine biosynthesis I (de novo)|g__Dorea.s__Dorea_longicatena	26.8639108037
PWY-6700: queuosine biosynthesis I (de novo)|g__Lachnospiraceae_unclassified.s__Eubacterium_rectale	26.2460214425
PWY-6700: queuosine biosynthesis I (de novo)|g__Eubacterium.s__Eubacterium_ramulus	19.8808696567
PWY-6700: queuosine biosynthesis I (de novo)|g__Faecalibacterium.s__Faecalibacterium_prausnitzii	12.6334787035
PWY-6700: queuosine biosynthesis I (de novo)|g__Blautia.s__Blautia_sp_AF19_10LB	1.6216699302
PWY-5100: pyruvate fermentation to acetate and lactate II	476.8016034659
PWY-5100: pyruvate fermentation to acetate and lactate II|unclassified	215.3605235729
PWY-5100: pyruvate fermentation to acetate and lactate II|g__Blautia.s__Blautia_obeum	62.3801927644
PWY-5100: pyruvate fermentation to acetate and lactate II|g__Anaerostipes.s__Anaerostipes_hadrus	45.8475758730
PWY-5100: pyruvate fermentation to acetate and lactate II|g__Blautia.s__Blautia_wexlerae	39.7606191113
PWY-5100: pyruvate fermentation to acetate and lactate II|g__Lachnospiraceae_unclassified.s__Eubacterium_rectale	35.2116775553
PWY-5100: pyruvate fermentation to acetate and lactate II|g__Blautia.s__Blautia_sp_AF19_10LB	17.1744558721
P41-PWY: pyruvate fermentation to acetate and (S)-lactate I	476.8016034659
P41-PWY: pyruvate fermentation to acetate and (S)-lactate I|unclassified	215.3605235729
P41-PWY: pyruvate fermentation to acetate and (S)-lactate I|g__Blautia.s__Blautia_obeum	62.3801927644
P41-PWY: pyruvate fermentation to acetate and (S)-lactate I|g__Blautia.s__Blautia_wexlerae	39.7606191113
P41-PWY: pyruvate fermentation to acetate and (S)-lactate I|g__Lachnospiraceae_unclassified.s__Eubacterium_rectale	35.2116775553
P41-PWY: pyruvate fermentation to acetate and (S)-lactate I|g__Anaerostipes.s__Anaerostipes_hadrus	32.8520810637
P41-PWY: pyruvate fermentation to acetate and (S)-lactate I|g__Blautia.s__Blautia_sp_AF19_10LB	17.1744558721
HSERMETANA-PWY: L-methionine biosynthesis III	474.5237903285
HSERMETANA-PWY: L-methionine biosynthesis III|unclassified	198.8496982308
HSERMETANA-PWY: L-methionine biosynthesis III|g__Blautia.s__Blautia_wexlerae	55.4266783643
HSERMETANA-PWY: L-methionine biosynthesis III|g__Blautia.s__Blautia_obeum	42.6448965009
HSERMETANA-PWY: L-methionine biosynthesis III|g__Anaerostipes.s__Anaerostipes_hadrus	32.3119917013
HSERMETANA-PWY: L-methionine biosynthesis III|g__Dorea.s__Dorea_longicatena	31.8516316380
PWY-6123: inosine-5'-phosphate biosynthesis I	473.9247974393
PWY-6123: inosine-5'-phosphate biosynthesis I|unclassified	161.6554566628
PWY-6123: inosine-5'-phosphate biosynthesis I|g__Blautia.s__Blautia_wexlerae	66.6212980607
PWY-6123: inosine-5'-phosphate biosynthesis I|g__Blautia.s__Blautia_obeum	41.3011403294
PWY-6123: inosine-5'-phosphate biosynthesis I|g__Faecalibacterium.s__Faecalibacterium_prausnitzii	26.4002088557
PWY-6123: inosine-5'-phosphate biosynthesis I|g__Anaerostipes.s__Anaerostipes_hadrus	22.1361688768
PWY-6123: inosine-5'-phosphate biosynthesis I|g__Dialister.s__Dialister_invisus	14.6900255106
PWY-6123: inosine-5'-phosphate biosynthesis I|g__Bacteroides.s__Bacteroides_vulgatus	9.7095971757
PWY-6123: inosine-5'-phosphate biosynthesis I|g__Blautia.s__Blautia_sp_AF19_10LB	7.2797017421
PWY-6123: inosine-5'-phosphate biosynthesis I|g__Bacteroides.s__Bacteroides_caccae	2.5456843802
PWY-7977: L-methionine biosynthesis IV	467.1116762837
PWY-7977: L-methionine biosynthesis IV|unclassified	217.3860251943
PWY-7977: L-methionine biosynthesis IV|g__Dorea.s__Dorea_longicatena	41.5497771325
PWY-7977: L-methionine biosynthesis IV|g__Anaerostipes.s__Anaerostipes_hadrus	28.0775134191
PWY-7977: L-methionine biosynthesis IV|g__Bacteroides.s__Bacteroides_vulgatus	9.8361424839
PWY-7977: L-methionine biosynthesis IV|g__Bacteroides.s__Bacteroides_ovatus	8.4282839848
PWY-7237: myo-, chiro- and scyllo-inositol degradation	460.3079653687
PWY-7237: myo-, chiro- and scyllo-inositol degradation|g__Blautia.s__Blautia_wexlerae	121.8407570256
PWY-7237: myo-, chiro- and scyllo-inositol degradation|unclassified	107.5192464391
PWY-7237: myo-, chiro- and scyllo-inositol degradation|g__Blautia.s__Blautia_obeum	80.0507160485
PWY-7237: myo-, chiro- and scyllo-inositol degradation|g__Anaerostipes.s__Anaerostipes_hadrus	64.8751163954
PWY-7237: myo-, chiro- and scyllo-inositol degradation|g__Dorea.s__Dorea_longicatena	64.1685204055
PWY-7237: myo-, chiro- and scyllo-inositol degradation|g__Lachnospiraceae_unclassified.s__Eubacterium_rectale	49.3194094376
PWY-7237: myo-, chiro- and scyllo-inositol degradation|g__Faecalibacterium.s__Faecalibacterium_prausnitzii	17.2127597319
PWY-7237: myo-, chiro- and scyllo-inositol degradation|g__Bacteroides.s__Bacteroides_ovatus	13.7784090798
PWY-7237: myo-, chiro- and scyllo-inositol degradation|g__Agathobaculum.s__Agathobaculum_butyriciproducens	9.0580216631
PWY-3001: superpathway of L-isoleucine biosynthesis I	451.9714769875
PWY-3001: superpathway of L-isoleucine biosynthesis I|unclassified	147.4503082059
HISTSYN-PWY: L-histidine biosynthesis	441.1117272512
HISTSYN-PWY: L-histidine biosynthesis|unclassified	181.2943786840
HISTSYN-PWY: L-histidine biosynthesis|g__Blautia.s__Blautia_obeum	55.5703279898
PWY-6124: inosine-5'-phosphate biosynthesis II	434.2394033541
PWY-6124: inosine-5'-phosphate biosynthesis II|unclassified	142.8485156028
PWY-6124: inosine-5'-phosphate biosynthesis II|g__Blautia.s__Blautia_wexlerae	82.9096090745
PWY-6124: inosine-5'-phosphate biosynthesis II|g__Blautia.s__Blautia_obeum	39.6573858647
PWY-6124: inosine-5'-phosphate biosynthesis II|g__Faecalibacterium.s__Faecalibacterium_prausnitzii	27.1751029314
PWY-6124: inosine-5'-phosphate biosynthesis II|g__Anaerostipes.s__Anaerostipes_hadrus	25.3999802248
PWY-6124: inosine-5'-phosphate biosynthesis II|g__Dialister.s__Dialister_invisus	13.5435973236
PWY-6124: inosine-5'-phosphate biosynthesis II|g__Bacteroides.s__Bacteroides_vulgatus	8.5792837363
PWY-6124: inosine-5'-phosphate biosynthesis II|g__Blautia.s__Blautia_sp_AF19_10LB	6.7926959109
PWY-6124: inosine-5'-phosphate biosynthesis II|g__Bacteroides.s__Bacteroides_caccae	2.5063535502
THRESYN-PWY: superpathway of L-threonine biosynthesis	419.8484791811
THRESYN-PWY: superpathway of L-threonine biosynthesis|unclassified	139.1567372868
THRESYN-PWY: superpathway of L-threonine biosynthesis|g__Blautia.s__Blautia_obeum	51.9369055900
THRESYN-PWY: superpathway of L-threonine biosynthesis|g__Anaerostipes.s__Anaerostipes_hadrus	25.2674195191
SER-GLYSYN-PWY: superpathway of L-serine and glycine biosynthesis I	411.4229144515
SER-GLYSYN-PWY: superpathway of L-serine and glycine biosynthesis I|unclassified	87.1765858022
SER-GLYSYN-PWY: superpathway of L-serine and glycine biosynthesis I|g__Blautia.s__Blautia_wexlerae	68.4272486640
SER-GLYSYN-PWY: superpathway of L-serine and glycine biosynthesis I|g__Blautia.s__Blautia_obeum	43.0781632619
SER-GLYSYN-PWY: superpathway of L-serine and glycine biosynthesis I|g__Dorea.s__Dorea_longicatena	40.3092334410
SER-GLYSYN-PWY: superpathway of L-serine and glycine biosynthesis I|g__Anaerostipes.s__Anaerostipes_hadrus	35.2225611040
SER-GLYSYN-PWY: superpathway of L-serine and glycine biosynthesis I|g__Blautia.s__Blautia_sp_AF19_10LB	18.2304649727
SER-GLYSYN-PWY: superpathway of L-serine and glycine biosynthesis I|g__Bacteroides.s__Bacteroides_thetaiotaomicron	1.8015062801
PYRIDNUCSYN-PWY: NAD de novo biosynthesis I (from aspartate)	407.4893331596
PYRIDNUCSYN-PWY: NAD de novo biosynthesis I (from aspartate)|unclassified	153.9382108450
PYRIDNUCSYN-PWY: NAD de novo biosynthesis I (from aspartate)|g__Blautia.s__Blautia_obeum	31.6330472790
PYRIDNUCSYN-PWY: NAD de novo biosynthesis I (from aspartate)|g__Anaerostipes.s__Anaerostipes_hadrus	31.6318063183
PWY-5695: inosine 5'-phosphate degradation	406.8957383458
PWY-5695: inosine 5'-phosphate degradation|unclassified	135.5848420444
PWY-5695: inosine 5'-phosphate degradation|g__Blautia.s__Blautia_obeum	54.8795817084
PWY-5695: inosine 5'-phosphate degradation|g__Blautia.s__Blautia_wexlerae	53.4095595806
PWY-5695: inosine 5'-phosphate degradation|g__Anaerostipes.s__Anaerostipes_hadrus	35.0976478281
PWY-5695: inosine 5'-phosphate degradation|g__Dorea.s__Dorea_longicatena	22.0562445374
PWY-5695: inosine 5'-phosphate degradation|g__Bacteroides.s__Bacteroides_vulgatus	10.2790528202
PWY-7199: pyrimidine deoxyribonucleosides salvage	388.7559560540
PWY-7199: pyrimidine deoxyribonucleosides salvage|unclassified	214.1383440812
PWY-7199: pyrimidine deoxyribonucleosides salvage|g__Bacteroides.s__Bacteroides_vulgatus	17.9559436739
PWY-6936: seleno-amino acid biosynthesis (plants)	381.2530518161
PWY-6936: seleno-amino acid biosynthesis (plants)|unclassified	169.4947406816
PWY-6936: seleno-amino acid biosynthesis (plants)|g__Anaerostipes.s__Anaerostipes_hadrus	46.0498622213
RIBOSYN2-PWY: flavin biosynthesis I (bacteria and plants)	372.8219413866
RIBOSYN2-PWY: flavin biosynthesis I (bacteria and plants)|g__Blautia.s__Blautia_obeum	71.7418733292
RIBOSYN2-PWY: flavin biosynthesis I (bacteria and plants)|g__Blautia.s__Blautia_wexlerae	50.0006364031
RIBOSYN2-PWY: flavin biosynthesis I (bacteria and plants)|unclassified	42.7048462274
RIBOSYN2-PWY: flavin biosynthesis I (bacteria and plants)|g__Lachnospiraceae_unclassified.s__Eubacterium_rectale	36.4503751434
RIBOSYN2-PWY: flavin biosynthesis I (bacteria and plants)|g__Faecalibacterium.s__Faecalibacterium_prausnitzii	19.3308761829
PWY-6731: starch degradation III	363.2973785447
PWY-6731: starch degradation III|unclassified	182.3562422980
PWY-6731: starch degradation III|g__Blautia.s__Blautia_obeum	86.5419698628
PWY-6731: starch degradation III|g__Blautia.s__Blautia_wexlerae	35.6196467552
PWY-6731: starch degradation III|g__Eubacterium.s__Eubacterium_ramulus	25.6908584766
COBALSYN-PWY: superpathway of adenosylcobalamin salvage from cobinamide I	355.7069788554
COBALSYN-PWY: superpathway of adenosylcobalamin salvage from cobinamide I|unclassified	145.3833810523
COBALSYN-PWY: superpathway of adenosylcobalamin salvage from cobinamide I|g__Blautia.s__Blautia_obeum	78.5038383758
COBALSYN-PWY: superpathway of adenosylcobalamin salvage from cobinamide I|g__Dorea.s__Dorea_longicatena	43.1972931266
COBALSYN-PWY: superpathway of adenosylcobalamin salvage from cobinamide I|g__Blautia.s__Blautia_wexlerae	31.6670302035
COBALSYN-PWY: superpathway of adenosylcobalamin salvage from cobinamide I|g__Faecalibacterium.s__Faecalibacterium_prausnitzii	8.4312411497
METH-ACETATE-PWY: methanogenesis from acetate	323.8672228976
METH-ACETATE-PWY: methanogenesis from acetate|unclassified	93.3456713816
METH-ACETATE-PWY: methanogenesis from acetate|g__Blautia.s__Blautia_obeum	58.5990903777
METH-ACETATE-PWY: methanogenesis from acetate|g__Blautia.s__Blautia_wexlerae	46.1647458729
METH-ACETATE-PWY: methanogenesis from acetate|g__Blautia.s__Blautia_sp_AF19_10LB	18.9403922197
PWY-5188: tetrapyrrole biosynthesis I (from glutamate)	322.7988472902
PWY-5188: tetrapyrrole biosynthesis I (from glutamate)|unclassified	112.6592263978
PWY-5188: tetrapyrrole biosynthesis I (from glutamate)|g__Blautia.s__Blautia_obeum	56.1349589586
PWY-5188: tetrapyrrole biosynthesis I (from glutamate)|g__Blautia.s__Blautia_wexlerae	42.2201994473
PWY-5188: tetrapyrrole biosynthesis I (from glutamate)|g__Anaerostipes.s__Anaerostipes_hadrus	20.4300028137
PHOSLIPSYN-PWY: superpathway of phospholipid biosynthesis I (bacteria)	305.8993075778
PHOSLIPSYN-PWY: superpathway of phospholipid biosynthesis I (bacteria)|unclassified	157.0976608567
ASPASN-PWY: superpathway of L-aspartate and L-asparagine biosynthesis	282.8093916770
ASPASN-PWY: superpathway of L-aspartate and L-asparagine biosynthesis|unclassified	83.1508548448
ASPASN-PWY: superpathway of L-aspartate and L-asparagine biosynthesis|g__Blautia.s__Blautia_obeum	58.8324862528
ASPASN-PWY: superpathway of L-aspartate and L-asparagine biosynthesis|g__Bacteroides.s__Bacteroides_vulgatus	12.0877212600
ASPASN-PWY: superpathway of L-aspartate and L-asparagine biosynthesis|g__Blautia.s__Blautia_wexlerae	7.3355146297
PWY-6608: guanosine nucleotides degradation III	275.9944983107
PWY-6608: guanosine nucleotides degradation III|unclassified	74.0118312717
PWY-6608: guanosine nucleotides degradation III|g__Blautia.s__Blautia_obeum	62.4701725251
PWY-6608: guanosine nucleotides degradation III|g__Blautia.s__Blautia_wexlerae	39.8161677125
PWY-6608: guanosine nucleotides degradation III|g__Anaerostipes.s__Anaerostipes_hadrus	35.0976478281
PWY-7208: superpathway of pyrimidine nucleobases salvage	250.2607859523
PWY-7208: superpathway of pyrimidine nucleobases salvage|g__Blautia.s__Blautia_obeum	59.8154780464
PWY-7208: superpathway of pyrimidine nucleobases salvage|unclassified	39.0408950498
PWY-7208: superpathway of pyrimidine nucleobases salvage|g__Senegalimassilia.s__Senegalimassilia_anaerobia	7.9720710628
PWY0-1586: peptidoglycan maturation (meso-diaminopimelate containing)	239.0015587654
PWY0-1586: peptidoglycan maturation (meso-diaminopimelate containing)|unclassified	65.3745386387
PWY0-1586: peptidoglycan maturation (meso-diaminopimelate containing)|g__Anaerostipes.s__Anaerostipes_hadrus	49.8676590806
PWY0-1586: peptidoglycan maturation (meso-diaminopimelate containing)|g__Eubacterium.s__Eubacterium_ramulus	25.0402619423
PWY0-1586: peptidoglycan maturation (meso-diaminopimelate containing)|g__Bacteroides.s__Bacteroides_vulgatus	17.6586015909
PWY0-1586: peptidoglycan maturation (meso-diaminopimelate containing)|g__Bacteroides.s__Bacteroides_ovatus	8.8024671194
GLUCONEO-PWY: gluconeogenesis I	232.6724477322
PWY-6703: preQ0 biosynthesis	223.3011485531
PWY-6703: preQ0 biosynthesis|unclassified	59.1531061219
PWY-6703: preQ0 biosynthesis|g__Blautia.s__Blautia_obeum	49.2658918345
PWY-6703: preQ0 biosynthesis|g__Anaerostipes.s__Anaerostipes_hadrus	24.2818181032
PWY-6703: preQ0 biosynthesis|g__Senegalimassilia.s__Senegalimassilia_anaerobia	19.9005764995
PWY-6703: preQ0 biosynthesis|g__Bacteroides.s__Bacteroides_vulgatus	12.7298436687
PWY-6703: preQ0 biosynthesis|g__Intestinibacter.s__Intestinibacter_bartlettii	9.5581483277
PWY4FS-7: phosphatidylglycerol biosynthesis I (plastidic)	221.9129334644
PWY4FS-7: phosphatidylglycerol biosynthesis I (plastidic)|unclassified	141.1109988290
PWY4FS-8: phosphatidylglycerol biosynthesis II (non-plastidic)	221.9129334644
PWY4FS-8: phosphatidylglycerol biosynthesis II (non-plastidic)|unclassified	141.1109988290
PWY-5659: GDP-mannose biosynthesis	218.0324050285
PWY-5659: GDP-mannose biosynthesis|unclassified	94.0040405058
PWY-5659: GDP-mannose biosynthesis|g__Blautia.s__Blautia_obeum	20.6336343515
PWY-5659: GDP-mannose biosynthesis|g__Lachnospiraceae_unclassified.s__Eubacterium_rectale	18.5813504677
PWY-5659: GDP-mannose biosynthesis|g__Faecalibacterium.s__Faecalibacterium_prausnitzii	17.1444869755
PWY-1861: formaldehyde assimilation II (assimilatory RuMP Cycle)	214.1965734206
PWY-1861: formaldehyde assimilation II (assimilatory RuMP Cycle)|unclassified	94.6588010842
PWY-1861: formaldehyde assimilation II (assimilatory RuMP Cycle)|g__Anaerostipes.s__Anaerostipes_hadrus	37.4283173731
PWY-1861: formaldehyde assimilation II (assimilatory RuMP Cycle)|g__Blautia.s__Blautia_obeum	24.1912272903
THISYNARA-PWY: superpathway of thiamine diphosphate biosynthesis III (eukaryotes)	213.3865605683
THISYNARA-PWY: superpathway of thiamine diphosphate biosynthesis III (eukaryotes)|unclassified	93.9189419671
THISYNARA-PWY: superpathway of thiamine diphosphate biosynthesis III (eukaryotes)|g__Lachnospiraceae_unclassified.s__Eubacterium_rectale	26.1770793326
OANTIGEN-PWY: O-antigen building blocks biosynthesis (E. coli)	211.8239218880
OANTIGEN-PWY: O-antigen building blocks biosynthesis (E. coli)|unclassified	104.2183145079
PWY-6897: thiamine diphosphate salvage II	210.1089171397
PWY-6897: thiamine diphosphate salvage II|unclassified	90.7509575391
PWY-6897: thiamine diphosphate salvage II|g__Lachnospiraceae_unclassified.s__Eubacterium_rectale	24.8872027573
PWY-6897: thiamine diphosphate salvage II|g__Faecalibacterium.s__Faecalibacterium_prausnitzii	16.9053741049
PWY-7229: superpathway of adenosine nucleotides de novo biosynthesis I	199.1629086945
PWY-7229: superpathway of adenosine nucleotides de novo biosynthesis I|unclassified	97.0217071022
P164-PWY: purine nucleobases degradation I (anaerobic)	197.0073611797
P164-PWY: purine nucleobases degradation I (anaerobic)|unclassified	37.0353965797
COLANSYN-PWY: colanic acid building blocks biosynthesis	195.1773910129
COLANSYN-PWY: colanic acid building blocks biosynthesis|unclassified	75.3089478675
P461-PWY: hexitol fermentation to lactate, formate, ethanol and acetate	183.4540171946
P461-PWY: hexitol fermentation to lactate, formate, ethanol and acetate|g__Anaerostipes.s__Anaerostipes_hadrus	68.9100777650
P461-PWY: hexitol fermentation to lactate, formate, ethanol and acetate|unclassified	29.3151776837
PWY-841: superpathway of purine nucleotides de novo biosynthesis I	171.6332860615
PWY-841: superpathway of purine nucleotides de novo biosynthesis I|unclassified	80.1883534270
RHAMCAT-PWY: L-rhamnose degradation I	168.2420808564
RHAMCAT-PWY: L-rhamnose degradation I|unclassified	61.2782322874
GLYCOLYSIS: glycolysis I (from glucose 6-phosphate)	161.0776878305
GLYCOLYSIS: glycolysis I (from glucose 6-phosphate)|unclassified	40.1029879370
PWY-6901: superpathway of glucose and xylose degradation	158.3939714228
PWY-6901: superpathway of glucose and xylose degradation|unclassified	46.4887410205
PWY-7323: superpathway of GDP-mannose-derived O-antigen building blocks biosynthesis	158.2257097504
PWY-7323: superpathway of GDP-mannose-derived O-antigen building blocks biosynthesis|unclassified	51.0265525699
PWY-7400: L-arginine biosynthesis IV (archaebacteria)	153.1800972373
PWY-7400: L-arginine biosynthesis IV (archaebacteria)|unclassified	120.8769280676
GLCMANNANAUT-PWY: superpathway of N-acetylglucosamine, N-acetylmannosamine and N-acetylneuraminate degradation	151.4908776432
GLCMANNANAUT-PWY: superpathway of N-acetylglucosamine, N-acetylmannosamine and N-acetylneuraminate degradation|unclassified	38.4447000568
GLCMANNANAUT-PWY: superpathway of N-acetylglucosamine, N-acetylmannosamine and N-acetylneuraminate degradation|g__Blautia.s__Blautia_obeum	18.9700088355
PWY0-162: superpathway of pyrimidine ribonucleotides de novo biosynthesis	146.3990089837
PWY-6902: chitin degradation II (Vibrio)	142.4311615562
PWY-6902: chitin degradation II (Vibrio)|unclassified	105.1917772415
PENTOSE-P-PWY: pentose phosphate pathway	133.9915295961
PENTOSE-P-PWY: pentose phosphate pathway|unclassified	76.0543898817
ANAEROFRUCAT-PWY: homolactic fermentation	133.6227775884
ANAEROFRUCAT-PWY: homolactic fermentation|unclassified	29.5364116540
PWY-6126: superpathway of adenosine nucleotides de novo biosynthesis II	130.9529977054
PWY-6126: superpathway of adenosine nucleotides de novo biosynthesis II|unclassified	63.7294151100
UDPNAGSYN-PWY: UDP-N-acetyl-D-glucosamine biosynthesis I	129.0516244741
UDPNAGSYN-PWY: UDP-N-acetyl-D-glucosamine biosynthesis I|unclassified	66.1542308566
UDPNAGSYN-PWY: UDP-N-acetyl-D-glucosamine biosynthesis I|g__Dialister.s__Dialister_invisus	13.5284972272
PWY-7328: superpathway of UDP-glucose-derived O-antigen building blocks biosynthesis	128.4728904615
PWY-7328: superpathway of UDP-glucose-derived O-antigen building blocks biosynthesis|unclassified	68.3428517615
PWY-I9: L-cysteine biosynthesis VI (from L-methionine)	127.9783923109
PWY-I9: L-cysteine biosynthesis VI (from L-methionine)|unclassified	62.0035793264
PWY-I9: L-cysteine biosynthesis VI (from L-methionine)|g__Anaerostipes.s__Anaerostipes_hadrus	33.7134631706
DAPLYSINESYN-PWY: L-lysine biosynthesis I	120.2550040031
DAPLYSINESYN-PWY: L-lysine biosynthesis I|unclassified	63.4014533842
PWY-6628: superpathway of L-phenylalanine biosynthesis	117.8609952949
PWY-702: L-methionine biosynthesis II	116.2935423223
PWY-702: L-methionine biosynthesis II|unclassified	53.8180685912
PWY-6353: purine nucleotides degradation II (aerobic)	114.5063759671
PWY-6353: purine nucleotides degradation II (aerobic)|unclassified	14.5043600364
PWY-2941: L-lysine biosynthesis II	113.7449127629
PWY-2941: L-lysine biosynthesis II|unclassified	51.0434371671
PWY-7228: superpathway of guanosine nucleotides de novo biosynthesis I	113.3924953920
PWY-7228: superpathway of guanosine nucleotides de novo biosynthesis I|unclassified	54.5848540592
PWY-7228: superpathway of guanosine nucleotides de novo biosynthesis I|g__Eggerthella.s__Eggerthella_lenta	9.0588470766
FERMENTATION-PWY: mixed acid fermentation	112.1120518408
PWY-5384: sucrose degradation IV (sucrose phosphorylase)	110.7265303394
PWY-5384: sucrose degradation IV (sucrose phosphorylase)|g__Anaerostipes.s__Anaerostipes_hadrus	39.5467447136
PWY-5384: sucrose degradation IV (sucrose phosphorylase)|g__Faecalibacterium.s__Faecalibacterium_prausnitzii	14.2350457961
PWY-5384: sucrose degradation IV (sucrose phosphorylase)|g__Bacteroides.s__Bacteroides_ovatus	8.5063941226
PWY-621: sucrose degradation III (sucrose invertase)	110.3398662711
PWY-621: sucrose degradation III (sucrose invertase)|g__Anaerostipes.s__Anaerostipes_hadrus	39.5360861988
PWY-621: sucrose degradation III (sucrose invertase)|g__Bacteroides.s__Bacteroides_ovatus	10.7007680769
GOLPDLCAT-PWY: superpathway of glycerol degradation to 1,3-propanediol	106.3440674705
GOLPDLCAT-PWY: superpathway of glycerol degradation to 1,3-propanediol|unclassified	29.6262075931
GOLPDLCAT-PWY: superpathway of glycerol degradation to 1,3-propanediol|g__Anaerostipes.s__Anaerostipes_hadrus	20.8439689619
PWY-5484: glycolysis II (from fructose 6-phosphate)	105.8491580528
PWY-5484: glycolysis II (from fructose 6-phosphate)|unclassified	22.8190551275
P441-PWY: superpathway of N-acetylneuraminate degradation	102.6447647760
P441-PWY: superpathway of N-acetylneuraminate degradation|unclassified	24.2225181719
PWY-5121: superpathway of geranylgeranyl diphosphate biosynthesis II (via MEP)	101.1504080372
PWY-5121: superpathway of geranylgeranyl diphosphate biosynthesis II (via MEP)|unclassified	41.4756546189
PWY-6895: superpathway of thiamine diphosphate biosynthesis II	97.5953663080
PWY-8187: L-arginine degradation XIII (reductive Stickland reaction)	96.8399062370
PWY-8187: L-arginine degradation XIII (reductive Stickland reaction)|g__Eubacterium.s__Eubacterium_ramulus	18.0638208600
PWY-8187: L-arginine degradation XIII (reductive Stickland reaction)|unclassified	15.0455473622
PWY-6470: peptidoglycan biosynthesis V (&beta;-lactam resistance)	94.6612325307
PWY0-1261: anhydromuropeptides recycling I	93.8843420884
PWY0-1261: anhydromuropeptides recycling I|unclassified	34.0066815690
PWY-5676: acetyl-CoA fermentation to butanoate II	92.6291580761
PWY-5676: acetyl-CoA fermentation to butanoate II|g__Anaerostipes.s__Anaerostipes_hadrus	38.7170623001
PWY-6125: superpathway of guanosine nucleotides de novo biosynthesis II	91.8132042847
PWY-6125: superpathway of guanosine nucleotides de novo biosynthesis II|unclassified	44.3267577351
PWY-7345: superpathway of anaerobic sucrose degradation	90.5359626509
PPGPPMET-PWY: ppGpp metabolism	87.1107203658
PWY-8131: 5'-deoxyadenosine degradation II	80.7146274019
PWY-8131: 5'-deoxyadenosine degradation II|unclassified	40.6021920716
P185-PWY: formaldehyde assimilation III (dihydroxyacetone cycle)	80.4993408312
P185-PWY: formaldehyde assimilation III (dihydroxyacetone cycle)|unclassified	38.0813745246
PWY-7013: (S)-propane-1,2-diol degradation	79.7096476440
PWY-7013: (S)-propane-1,2-diol degradation|unclassified	63.1769714670
GLYCOLYSIS-E-D: superpathway of glycolysis and the Entner-Doudoroff pathway	79.2934017353
PWY0-1479: tRNA processing	76.6192303223
PWY-8004: Entner-Doudoroff pathway I	74.7206977536
PWY-8004: Entner-Doudoroff pathway I|unclassified	18.1846561238
GLUCUROCAT-PWY: superpathway of &beta;-D-glucuronosides degradation	72.9619985342
GLUCUROCAT-PWY: superpathway of &beta;-D-glucuronosides degradation|unclassified	20.5616341903
PWY0-1061: superpathway of L-alanine biosynthesis	71.8469523579
PWY0-1061: superpathway of L-alanine biosynthesis|g__Lachnospiraceae_unclassified.s__Eubacterium_rectale	35.1311585522
PWY-6630: superpathway of L-tyrosine biosynthesis	70.4765258418
PWY-6606: guanosine nucleotides degradation II	67.9293480923
PWY-6606: guanosine nucleotides degradation II|unclassified	8.1041627137
PWY-7198: pyrimidine deoxyribonucleotides de novo biosynthesis IV	67.6761010133
PWY-7198: pyrimidine deoxyribonucleotides de novo biosynthesis IV|unclassified	25.1471023322
FUCCAT-PWY: fucose degradation	66.0669799434
SALVADEHYPOX-PWY: adenosine nucleotides degradation II	62.3156234229
SALVADEHYPOX-PWY: adenosine nucleotides degradation II|g__Anaerostipes.s__Anaerostipes_hadrus	35.1502470957
SALVADEHYPOX-PWY: adenosine nucleotides degradation II|unclassified	7.0779531579
MET-SAM-PWY: superpathway of S-adenosyl-L-methionine biosynthesis	62.2351207869
PWY-5347: superpathway of L-methionine biosynthesis (transsulfuration)	61.7272938372
PWY-7220: adenosine deoxyribonucleotides de novo biosynthesis II	61.0991492715
PWY-7220: adenosine deoxyribonucleotides de novo biosynthesis II|unclassified	30.0835114637
PWY-7220: adenosine deoxyribonucleotides de novo biosynthesis II|g__Eggerthella.s__Eggerthella_lenta	12.0322490068
PWY-7222: guanosine deoxyribonucleotides de novo biosynthesis II	61.0991492715
PWY-7222: guanosine deoxyribonucleotides de novo biosynthesis II|unclassified	30.0835114637
PWY-7222: guanosine deoxyribonucleotides de novo biosynthesis II|g__Eggerthella.s__Eggerthella_lenta	12.0322490068
PWY-6292: superpathway of L-cysteine biosynthesis (mammalian)	60.3129769217
PWY-7242: D-fructuronate degradation	57.8754272255
PWY-7242: D-fructuronate degradation|unclassified	14.5634294544
FUC-RHAMCAT-PWY: superpathway of fucose and rhamnose degradation	57.7510941362
PWY-5973: cis-vaccenate biosynthesis	55.8612494299
PWY-5973: cis-vaccenate biosynthesis|unclassified	22.5424973364
PWY-5973: cis-vaccenate biosynthesis|g__Bacteroides.s__Bacteroides_ovatus	3.4001939876
RUMP-PWY: formaldehyde oxidation I	55.5618968411
METSYN-PWY: superpathway of L-homoserine and L-methionine biosynthesis	55.2775357468
PWY-5154: L-arginine biosynthesis III (via N-acetyl-L-citrulline)	55.0774277801
PWY-5154: L-arginine biosynthesis III (via N-acetyl-L-citrulline)|unclassified	21.0716507417
PWY-7392: taxadiene biosynthesis (engineered)	54.3369162977
LACTOSECAT-PWY: lactose and galactose degradation I	52.9339839481
LACTOSECAT-PWY: lactose and galactose degradation I|unclassified	38.8688984284
LACTOSECAT-PWY: lactose and galactose degradation I|g__Anaerostipes.s__Anaerostipes_hadrus	25.0576336054
PWY-7197: pyrimidine deoxyribonucleotide phosphorylation	52.4401994209
PWY-7197: pyrimidine deoxyribonucleotide phosphorylation|unclassified	24.7477584700
PWY-7197: pyrimidine deoxyribonucleotide phosphorylation|g__Senegalimassilia.s__Senegalimassilia_anaerobia	9.2531004857
PWY0-781: aspartate superpathway	50.9600307865
PWY-5505: L-glutamate and L-glutamine biosynthesis	49.7933501056
PWY-5505: L-glutamate and L-glutamine biosynthesis|unclassified	12.7213773564
P4-PWY: superpathway of L-lysine, L-threonine and L-methionine biosynthesis I	48.3907326247
PWY0-1297: superpathway of purine deoxyribonucleosides degradation	47.6589530727
PWY0-1297: superpathway of purine deoxyribonucleosides degradation|unclassified	11.9988463744
PWY0-1298: superpathway of pyrimidine deoxyribonucleosides degradation	45.9073650340
PWY0-1298: superpathway of pyrimidine deoxyribonucleosides degradation|unclassified	12.1845563002
POLYISOPRENSYN-PWY: polyisoprenoid biosynthesis (E. coli)	45.5659517681
PWY-7663: gondoate biosynthesis (anaerobic)	45.3623928981
PWY-7663: gondoate biosynthesis (anaerobic)|unclassified	18.2649913331
PWY-7663: gondoate biosynthesis (anaerobic)|g__Bacteroides.s__Bacteroides_ovatus	7.0718450553
PWY-7761: NAD salvage pathway II (PNC IV cycle)	40.1323021857
PWY-7761: NAD salvage pathway II (PNC IV cycle)|unclassified	35.4285071783
PWY4LZ-257: superpathway of fermentation (Chlamydomonas reinhardtii)	38.3522789449
PWY4LZ-257: superpathway of fermentation (Chlamydomonas reinhardtii)|unclassified	9.1990651180
ARGININE-SYN4-PWY: L-ornithine biosynthesis II	37.1462933729
ARGININE-SYN4-PWY: L-ornithine biosynthesis II|g__Bacteroides.s__Bacteroides_vulgatus	11.3406178330
PWY-6969: TCA cycle V (2-oxoglutarate synthase)	34.8522636819
HOMOSER-METSYN-PWY: L-methionine biosynthesis I	32.9326241766
PWY-5005: biotin biosynthesis II	32.2713115945
P161-PWY: acetylene degradation (anaerobic)	31.4661301561
P161-PWY: acetylene degradation (anaerobic)|unclassified	7.8527515989
PWY0-1477: ethanolamine utilization	31.4661301561
PWY0-1477: ethanolamine utilization|unclassified	14.0084497197
PWY0-1477: ethanolamine utilization|g__Flavonifractor.s__Flavonifractor_plautii	6.4056207214
PWY-5497: purine nucleobases degradation II (anaerobic)	30.5832722385
PWY-4041: &gamma;-glutamyl cycle	27.3215344898
CITRULBIO-PWY: L-citrulline biosynthesis	26.5951166452
PWY1ZNC-1: assimilatory sulfate reduction IV	26.3806906134
PWY-6859: all-trans-farnesol biosynthesis	24.1724290206
PWY-1269: CMP-3-deoxy-D-manno-octulosonate biosynthesis	21.9073535090
PWY-7456: &beta;-(1,4)-mannan degradation	20.8786811564
PWY-7456: &beta;-(1,4)-mannan degradation|unclassified	19.0181876453
PWY-5030: L-histidine degradation III	20.0121105161
PWY-6147: 6-hydroxymethyl-dihydropterin diphosphate biosynthesis I	18.9685989811
GALACTUROCAT-PWY: D-galacturonate degradation I	18.6165773979
GALACTUROCAT-PWY: D-galacturonate degradation I|unclassified	16.4291508304
PWY-6531: mannitol cycle	18.1058333330
PWY-6507: 4-deoxy-L-threo-hex-4-enopyranuronate degradation	15.4501549876
PWY-6507: 4-deoxy-L-threo-hex-4-enopyranuronate degradation|unclassified	14.1985231052
NAGLIPASYN-PWY: lipid IVA biosynthesis (E. coli)	13.0537730012
PWY-8073: lipid IVA biosynthesis (P. putida)	13.0537730012
GLYOXYLATE-BYPASS: glyoxylate cycle	12.5650449483
HEMESYN2-PWY: heme b biosynthesis II (oxygen-independent)	12.5384004687
HEMESYN2-PWY: heme b biosynthesis II (oxygen-independent)|unclassified	11.7712057173
HISDEG-PWY: L-histidine degradation I	7.6254423159