# Pathway	merged_AMO-15171205Week-4_S142_L002__kneaddata_paired_Abundance
UNMAPPED	1141587.9054410390
UNINTEGRATED	5647399.3034929791
UNINTEGRATED|g__Lachnospiraceae_unclassified.s__Eubacterium_rectale	2591588.9857993252
UNINTEGRATED|g__Blautia.s__Blautia_obeum	811432.2756631835
UNINTEGRATED|g__Blautia.s__Blautia_wexlerae	649349.5129499377
UNINTEGRATED|unclassified	588752.6501551300
UNINTEGRATED|g__Dorea.s__Dorea_longicatena	394331.7035644553
UNINTEGRATED|g__Anaerostipes.s__Anaerostipes_hadrus	335016.8469420165
UNINTEGRATED|g__Bifidobacterium.s__Bifidobacterium_bifidum	225386.5998883614
UNINTEGRATED|g__Roseburia.s__Roseburia_faecis	67499.9177839144
UNINTEGRATED|g__Bifidobacterium.s__Bifidobacterium_breve	38053.8491823519
UNINTEGRATED|g__Eggerthella.s__Eggerthella_lenta	35461.6416019274
UNINTEGRATED|g__Lachnoclostridium.s__Clostridium_scindens	34344.2195698981
UNINTEGRATED|g__Agathobaculum.s__Agathobaculum_butyriciproducens	22985.6471640395
PWY-7238: sucrose biosynthesis II	8673.1985278438
PWY-7238: sucrose biosynthesis II|g__Lachnospiraceae_unclassified.s__Eubacterium_rectale	3675.6859170307
PWY-7238: sucrose biosynthesis II|g__Blautia.s__Blautia_obeum	1853.8681535647
PWY-7238: sucrose biosynthesis II|g__Blautia.s__Blautia_wexlerae	816.7249800471
PWY-7238: sucrose biosynthesis II|unclassified	799.9136545360
PWY-7238: sucrose biosynthesis II|g__Dorea.s__Dorea_longicatena	520.9167636557
PWY-7238: sucrose biosynthesis II|g__Anaerostipes.s__Anaerostipes_hadrus	402.5781201335
PWY-7238: sucrose biosynthesis II|g__Bifidobacterium.s__Bifidobacterium_bifidum	237.6776969219
PWY-7238: sucrose biosynthesis II|g__Bifidobacterium.s__Bifidobacterium_breve	52.8763745622
PWY-7238: sucrose biosynthesis II|g__Roseburia.s__Roseburia_faecis	39.3563362999
PWY-7238: sucrose biosynthesis II|g__Agathobaculum.s__Agathobaculum_butyriciproducens	23.7716364228
PWY-7238: sucrose biosynthesis II|g__Lachnoclostridium.s__Clostridium_scindens	11.5738561074
GLYCOGENSYNTH-PWY: glycogen biosynthesis I (from ADP-D-Glucose)	7721.0291489614
GLYCOGENSYNTH-PWY: glycogen biosynthesis I (from ADP-D-Glucose)|g__Lachnospiraceae_unclassified.s__Eubacterium_rectale	2495.0020595135
GLYCOGENSYNTH-PWY: glycogen biosynthesis I (from ADP-D-Glucose)|g__Blautia.s__Blautia_wexlerae	1493.8540512111
GLYCOGENSYNTH-PWY: glycogen biosynthesis I (from ADP-D-Glucose)|g__Blautia.s__Blautia_obeum	1088.3456104570
GLYCOGENSYNTH-PWY: glycogen biosynthesis I (from ADP-D-Glucose)|unclassified	657.7183589397
GLYCOGENSYNTH-PWY: glycogen biosynthesis I (from ADP-D-Glucose)|g__Anaerostipes.s__Anaerostipes_hadrus	535.6255433782
GLYCOGENSYNTH-PWY: glycogen biosynthesis I (from ADP-D-Glucose)|g__Dorea.s__Dorea_longicatena	477.1726845996
GLYCOGENSYNTH-PWY: glycogen biosynthesis I (from ADP-D-Glucose)|g__Bifidobacterium.s__Bifidobacterium_bifidum	191.3705260788
GLYCOGENSYNTH-PWY: glycogen biosynthesis I (from ADP-D-Glucose)|g__Bifidobacterium.s__Bifidobacterium_breve	31.0376626383
GLYCOGENSYNTH-PWY: glycogen biosynthesis I (from ADP-D-Glucose)|g__Agathobaculum.s__Agathobaculum_butyriciproducens	28.5231797742
GLYCOGENSYNTH-PWY: glycogen biosynthesis I (from ADP-D-Glucose)|g__Roseburia.s__Roseburia_faecis	27.2642432942
GLYCOGENSYNTH-PWY: glycogen biosynthesis I (from ADP-D-Glucose)|g__Lachnoclostridium.s__Clostridium_scindens	22.5274558131
PWY-5941: glycogen degradation II	6802.3756264662
PWY-5941: glycogen degradation II|g__Blautia.s__Blautia_obeum	1373.1720032994
PWY-5941: glycogen degradation II|g__Blautia.s__Blautia_wexlerae	925.0595526104
PWY-5941: glycogen degradation II|unclassified	656.1351101519
PWY-5941: glycogen degradation II|g__Dorea.s__Dorea_longicatena	455.2406183830
PWY-5941: glycogen degradation II|g__Anaerostipes.s__Anaerostipes_hadrus	417.4826985131
PWY-5941: glycogen degradation II|g__Bifidobacterium.s__Bifidobacterium_bifidum	232.3628547327
PWY-5941: glycogen degradation II|g__Bifidobacterium.s__Bifidobacterium_breve	56.5573447356
PWY-5941: glycogen degradation II|g__Roseburia.s__Roseburia_faecis	32.3585361852
PWY-5941: glycogen degradation II|g__Agathobaculum.s__Agathobaculum_butyriciproducens	24.4122828021
PWY-1042: glycolysis IV	6226.9996189801
PWY-1042: glycolysis IV|g__Lachnospiraceae_unclassified.s__Eubacterium_rectale	2350.7275304881
PWY-1042: glycolysis IV|g__Blautia.s__Blautia_wexlerae	949.2695745051
PWY-1042: glycolysis IV|unclassified	602.5944544084
PWY-1042: glycolysis IV|g__Anaerostipes.s__Anaerostipes_hadrus	577.4204806976
PWY-1042: glycolysis IV|g__Dorea.s__Dorea_longicatena	310.0883795192
PWY-1042: glycolysis IV|g__Blautia.s__Blautia_obeum	58.4219535633
PWY-1042: glycolysis IV|g__Roseburia.s__Roseburia_faecis	29.2372898061
PWY-1042: glycolysis IV|g__Lachnoclostridium.s__Clostridium_scindens	29.2063971702
PWY-1042: glycolysis IV|g__Eggerthella.s__Eggerthella_lenta	27.3706811765
PWY-1042: glycolysis IV|g__Agathobaculum.s__Agathobaculum_butyriciproducens	24.4636306011
PWY-8178: pentose phosphate pathway (non-oxidative branch) II	5757.9596291264
PWY-8178: pentose phosphate pathway (non-oxidative branch) II|g__Lachnospiraceae_unclassified.s__Eubacterium_rectale	2348.5350134615
PWY-8178: pentose phosphate pathway (non-oxidative branch) II|g__Blautia.s__Blautia_wexlerae	827.1053584969
PWY-8178: pentose phosphate pathway (non-oxidative branch) II|unclassified	579.9385419260
PWY-8178: pentose phosphate pathway (non-oxidative branch) II|g__Anaerostipes.s__Anaerostipes_hadrus	359.4533525821
PWY-8178: pentose phosphate pathway (non-oxidative branch) II|g__Blautia.s__Blautia_obeum	273.9809216696
PWY-8178: pentose phosphate pathway (non-oxidative branch) II|g__Bifidobacterium.s__Bifidobacterium_bifidum	66.9769328431
PWY-8178: pentose phosphate pathway (non-oxidative branch) II|g__Roseburia.s__Roseburia_faecis	29.8780887880
PWY-8178: pentose phosphate pathway (non-oxidative branch) II|g__Agathobaculum.s__Agathobaculum_butyriciproducens	20.6456906078
CALVIN-PWY: Calvin-Benson-Bassham cycle	5694.9082629432
CALVIN-PWY: Calvin-Benson-Bassham cycle|g__Lachnospiraceae_unclassified.s__Eubacterium_rectale	2260.3252115536
CALVIN-PWY: Calvin-Benson-Bassham cycle|g__Blautia.s__Blautia_wexlerae	1175.0860817912
CALVIN-PWY: Calvin-Benson-Bassham cycle|unclassified	550.6902987896
CALVIN-PWY: Calvin-Benson-Bassham cycle|g__Anaerostipes.s__Anaerostipes_hadrus	292.1573183660
CALVIN-PWY: Calvin-Benson-Bassham cycle|g__Blautia.s__Blautia_obeum	91.2202232312
CALVIN-PWY: Calvin-Benson-Bassham cycle|g__Roseburia.s__Roseburia_faecis	23.4544104780
NONOXIPENT-PWY: pentose phosphate pathway (non-oxidative branch) I	5493.3191792493
NONOXIPENT-PWY: pentose phosphate pathway (non-oxidative branch) I|g__Lachnospiraceae_unclassified.s__Eubacterium_rectale	2417.7086794275
NONOXIPENT-PWY: pentose phosphate pathway (non-oxidative branch) I|unclassified	457.1676887426
NONOXIPENT-PWY: pentose phosphate pathway (non-oxidative branch) I|g__Blautia.s__Blautia_wexlerae	438.5112864328
NONOXIPENT-PWY: pentose phosphate pathway (non-oxidative branch) I|g__Anaerostipes.s__Anaerostipes_hadrus	297.6936411690
NONOXIPENT-PWY: pentose phosphate pathway (non-oxidative branch) I|g__Blautia.s__Blautia_obeum	260.8486111107
NONOXIPENT-PWY: pentose phosphate pathway (non-oxidative branch) I|g__Bifidobacterium.s__Bifidobacterium_bifidum	73.8173550108
NONOXIPENT-PWY: pentose phosphate pathway (non-oxidative branch) I|g__Roseburia.s__Roseburia_faecis	30.6988901958
NONOXIPENT-PWY: pentose phosphate pathway (non-oxidative branch) I|g__Agathobaculum.s__Agathobaculum_butyriciproducens	21.0329741839
PWY-7237: myo-, chiro- and scyllo-inositol degradation	5320.6125743430
PWY-7237: myo-, chiro- and scyllo-inositol degradation|g__Lachnospiraceae_unclassified.s__Eubacterium_rectale	1980.6417717097
PWY-7237: myo-, chiro- and scyllo-inositol degradation|g__Blautia.s__Blautia_obeum	1286.2999117649
PWY-7237: myo-, chiro- and scyllo-inositol degradation|g__Dorea.s__Dorea_longicatena	1027.6578918887
PWY-7237: myo-, chiro- and scyllo-inositol degradation|unclassified	598.0397816357
PWY-7237: myo-, chiro- and scyllo-inositol degradation|g__Anaerostipes.s__Anaerostipes_hadrus	512.4777788965
PWY-7237: myo-, chiro- and scyllo-inositol degradation|g__Blautia.s__Blautia_wexlerae	477.5352955687
PWY-7237: myo-, chiro- and scyllo-inositol degradation|g__Agathobaculum.s__Agathobaculum_butyriciproducens	134.5549759395
VALSYN-PWY: L-valine biosynthesis	5250.1298650438
VALSYN-PWY: L-valine biosynthesis|g__Lachnospiraceae_unclassified.s__Eubacterium_rectale	2205.1464636571
VALSYN-PWY: L-valine biosynthesis|g__Blautia.s__Blautia_obeum	987.5196190765
VALSYN-PWY: L-valine biosynthesis|g__Blautia.s__Blautia_wexlerae	650.0931886301
VALSYN-PWY: L-valine biosynthesis|unclassified	398.1778844378
VALSYN-PWY: L-valine biosynthesis|g__Dorea.s__Dorea_longicatena	288.8799395218
VALSYN-PWY: L-valine biosynthesis|g__Anaerostipes.s__Anaerostipes_hadrus	286.3874492622
VALSYN-PWY: L-valine biosynthesis|g__Bifidobacterium.s__Bifidobacterium_bifidum	240.8381102879
VALSYN-PWY: L-valine biosynthesis|g__Bifidobacterium.s__Bifidobacterium_breve	34.0301127666
VALSYN-PWY: L-valine biosynthesis|g__Eggerthella.s__Eggerthella_lenta	26.0059406402
VALSYN-PWY: L-valine biosynthesis|g__Roseburia.s__Roseburia_faecis	20.7195878323
VALSYN-PWY: L-valine biosynthesis|g__Agathobaculum.s__Agathobaculum_butyriciproducens	16.6354752107
VALSYN-PWY: L-valine biosynthesis|g__Lachnoclostridium.s__Clostridium_scindens	12.0756391352
PWY-6163: chorismate biosynthesis from 3-dehydroquinate	5140.7110032303
PWY-6163: chorismate biosynthesis from 3-dehydroquinate|g__Lachnospiraceae_unclassified.s__Eubacterium_rectale	2326.3864853386
PWY-6163: chorismate biosynthesis from 3-dehydroquinate|g__Blautia.s__Blautia_obeum	995.6881513305
PWY-6163: chorismate biosynthesis from 3-dehydroquinate|unclassified	510.7639714485
PWY-6163: chorismate biosynthesis from 3-dehydroquinate|g__Blautia.s__Blautia_wexlerae	503.1439814664
PWY-6163: chorismate biosynthesis from 3-dehydroquinate|g__Anaerostipes.s__Anaerostipes_hadrus	356.9759212283
PWY-6163: chorismate biosynthesis from 3-dehydroquinate|g__Bifidobacterium.s__Bifidobacterium_bifidum	167.2143162803
PWY-6163: chorismate biosynthesis from 3-dehydroquinate|g__Dorea.s__Dorea_longicatena	126.0014759332
PWY-6163: chorismate biosynthesis from 3-dehydroquinate|g__Eggerthella.s__Eggerthella_lenta	26.6898026005
PWY-6163: chorismate biosynthesis from 3-dehydroquinate|g__Roseburia.s__Roseburia_faecis	22.1506696671
PWY-6163: chorismate biosynthesis from 3-dehydroquinate|g__Agathobaculum.s__Agathobaculum_butyriciproducens	20.9967969628
PWY-6163: chorismate biosynthesis from 3-dehydroquinate|g__Lachnoclostridium.s__Clostridium_scindens	15.7372337181
PWY-6163: chorismate biosynthesis from 3-dehydroquinate|g__Bifidobacterium.s__Bifidobacterium_breve	9.2227942009
ANAGLYCOLYSIS-PWY: glycolysis III (from glucose)	5048.4525854435
ANAGLYCOLYSIS-PWY: glycolysis III (from glucose)|g__Lachnospiraceae_unclassified.s__Eubacterium_rectale	2025.8190132881
ANAGLYCOLYSIS-PWY: glycolysis III (from glucose)|g__Blautia.s__Blautia_wexlerae	660.3180001780
ANAGLYCOLYSIS-PWY: glycolysis III (from glucose)|g__Anaerostipes.s__Anaerostipes_hadrus	428.3857363863
ANAGLYCOLYSIS-PWY: glycolysis III (from glucose)|unclassified	357.6702934505
ANAGLYCOLYSIS-PWY: glycolysis III (from glucose)|g__Dorea.s__Dorea_longicatena	247.0821007214
ANAGLYCOLYSIS-PWY: glycolysis III (from glucose)|g__Blautia.s__Blautia_obeum	116.5772776758
ANAGLYCOLYSIS-PWY: glycolysis III (from glucose)|g__Roseburia.s__Roseburia_faecis	28.2445767568
ILEUSYN-PWY: L-isoleucine biosynthesis I (from threonine)	4963.8819042325
ILEUSYN-PWY: L-isoleucine biosynthesis I (from threonine)|g__Lachnospiraceae_unclassified.s__Eubacterium_rectale	2159.8634145666
ILEUSYN-PWY: L-isoleucine biosynthesis I (from threonine)|g__Blautia.s__Blautia_wexlerae	491.5912299916
ILEUSYN-PWY: L-isoleucine biosynthesis I (from threonine)|unclassified	378.1302096792
ILEUSYN-PWY: L-isoleucine biosynthesis I (from threonine)|g__Anaerostipes.s__Anaerostipes_hadrus	271.7455715148
ILEUSYN-PWY: L-isoleucine biosynthesis I (from threonine)|g__Dorea.s__Dorea_longicatena	265.4442445618
ILEUSYN-PWY: L-isoleucine biosynthesis I (from threonine)|g__Bifidobacterium.s__Bifidobacterium_bifidum	235.0394099897
ILEUSYN-PWY: L-isoleucine biosynthesis I (from threonine)|g__Blautia.s__Blautia_obeum	38.0496112640
ILEUSYN-PWY: L-isoleucine biosynthesis I (from threonine)|g__Bifidobacterium.s__Bifidobacterium_breve	28.2126818013
ILEUSYN-PWY: L-isoleucine biosynthesis I (from threonine)|g__Eggerthella.s__Eggerthella_lenta	22.7961518151
ILEUSYN-PWY: L-isoleucine biosynthesis I (from threonine)|g__Agathobaculum.s__Agathobaculum_butyriciproducens	14.7158598147
ARO-PWY: chorismate biosynthesis I	4955.0912874853
ARO-PWY: chorismate biosynthesis I|g__Lachnospiraceae_unclassified.s__Eubacterium_rectale	2056.9156855868
ARO-PWY: chorismate biosynthesis I|g__Blautia.s__Blautia_obeum	1015.5305443477
ARO-PWY: chorismate biosynthesis I|g__Blautia.s__Blautia_wexlerae	478.5200826258
ARO-PWY: chorismate biosynthesis I|unclassified	437.6906533352
ARO-PWY: chorismate biosynthesis I|g__Anaerostipes.s__Anaerostipes_hadrus	338.2745907532
ARO-PWY: chorismate biosynthesis I|g__Bifidobacterium.s__Bifidobacterium_bifidum	172.3437655812
ARO-PWY: chorismate biosynthesis I|g__Dorea.s__Dorea_longicatena	156.5369570049
ARO-PWY: chorismate biosynthesis I|g__Eggerthella.s__Eggerthella_lenta	28.4787547145
ARO-PWY: chorismate biosynthesis I|g__Roseburia.s__Roseburia_faecis	22.1278385064
ARO-PWY: chorismate biosynthesis I|g__Agathobaculum.s__Agathobaculum_butyriciproducens	20.7544036629
ARO-PWY: chorismate biosynthesis I|g__Lachnoclostridium.s__Clostridium_scindens	15.7313028639
ARO-PWY: chorismate biosynthesis I|g__Bifidobacterium.s__Bifidobacterium_breve	9.4078155078
PWY-6386: UDP-N-acetylmuramoyl-pentapeptide biosynthesis II (lysine-containing)	4856.1793703162
PWY-6386: UDP-N-acetylmuramoyl-pentapeptide biosynthesis II (lysine-containing)|g__Lachnospiraceae_unclassified.s__Eubacterium_rectale	1835.0446853256
PWY-6386: UDP-N-acetylmuramoyl-pentapeptide biosynthesis II (lysine-containing)|g__Blautia.s__Blautia_wexlerae	786.3276063985
PWY-6386: UDP-N-acetylmuramoyl-pentapeptide biosynthesis II (lysine-containing)|g__Blautia.s__Blautia_obeum	674.0296710368
PWY-6386: UDP-N-acetylmuramoyl-pentapeptide biosynthesis II (lysine-containing)|unclassified	413.1280895673
PWY-6386: UDP-N-acetylmuramoyl-pentapeptide biosynthesis II (lysine-containing)|g__Anaerostipes.s__Anaerostipes_hadrus	322.2434822845
PWY-6386: UDP-N-acetylmuramoyl-pentapeptide biosynthesis II (lysine-containing)|g__Dorea.s__Dorea_longicatena	291.2028473782
PWY-6386: UDP-N-acetylmuramoyl-pentapeptide biosynthesis II (lysine-containing)|g__Bifidobacterium.s__Bifidobacterium_bifidum	221.5957340649
PWY-6386: UDP-N-acetylmuramoyl-pentapeptide biosynthesis II (lysine-containing)|g__Eggerthella.s__Eggerthella_lenta	29.5119210194
PWY-6386: UDP-N-acetylmuramoyl-pentapeptide biosynthesis II (lysine-containing)|g__Lachnoclostridium.s__Clostridium_scindens	22.9711677066
PWY-6386: UDP-N-acetylmuramoyl-pentapeptide biosynthesis II (lysine-containing)|g__Roseburia.s__Roseburia_faecis	15.1173549554
PWY-6386: UDP-N-acetylmuramoyl-pentapeptide biosynthesis II (lysine-containing)|g__Bifidobacterium.s__Bifidobacterium_breve	15.0264272667
PWY-7221: guanosine ribonucleotides de novo biosynthesis	4826.0471684819
PWY-7221: guanosine ribonucleotides de novo biosynthesis|g__Lachnospiraceae_unclassified.s__Eubacterium_rectale	1702.5545538994
PWY-7221: guanosine ribonucleotides de novo biosynthesis|g__Blautia.s__Blautia_wexlerae	997.2407432326
PWY-7221: guanosine ribonucleotides de novo biosynthesis|unclassified	332.1164635155
PWY-7221: guanosine ribonucleotides de novo biosynthesis|g__Blautia.s__Blautia_obeum	273.2468668070
PWY-7221: guanosine ribonucleotides de novo biosynthesis|g__Dorea.s__Dorea_longicatena	253.0146366199
PWY-7221: guanosine ribonucleotides de novo biosynthesis|g__Anaerostipes.s__Anaerostipes_hadrus	234.9618282331
PWY-7221: guanosine ribonucleotides de novo biosynthesis|g__Bifidobacterium.s__Bifidobacterium_bifidum	174.3736007805
PWY-7221: guanosine ribonucleotides de novo biosynthesis|g__Eggerthella.s__Eggerthella_lenta	43.2351369624
PWY-7221: guanosine ribonucleotides de novo biosynthesis|g__Bifidobacterium.s__Bifidobacterium_breve	24.8775368875
PWY-7221: guanosine ribonucleotides de novo biosynthesis|g__Lachnoclostridium.s__Clostridium_scindens	18.8112278678
PWY-7221: guanosine ribonucleotides de novo biosynthesis|g__Agathobaculum.s__Agathobaculum_butyriciproducens	18.2720845025
PWY-7221: guanosine ribonucleotides de novo biosynthesis|g__Roseburia.s__Roseburia_faecis	11.4595580976
COMPLETE-ARO-PWY: superpathway of aromatic amino acid biosynthesis	4812.3592017487
COMPLETE-ARO-PWY: superpathway of aromatic amino acid biosynthesis|g__Lachnospiraceae_unclassified.s__Eubacterium_rectale	2044.6753850093
COMPLETE-ARO-PWY: superpathway of aromatic amino acid biosynthesis|g__Blautia.s__Blautia_obeum	730.2597102960
COMPLETE-ARO-PWY: superpathway of aromatic amino acid biosynthesis|g__Blautia.s__Blautia_wexlerae	467.5296209307
COMPLETE-ARO-PWY: superpathway of aromatic amino acid biosynthesis|unclassified	405.1652640746
COMPLETE-ARO-PWY: superpathway of aromatic amino acid biosynthesis|g__Anaerostipes.s__Anaerostipes_hadrus	330.6497880797
COMPLETE-ARO-PWY: superpathway of aromatic amino acid biosynthesis|g__Roseburia.s__Roseburia_faecis	21.9365238599
COMPLETE-ARO-PWY: superpathway of aromatic amino acid biosynthesis|g__Agathobaculum.s__Agathobaculum_butyriciproducens	20.7815726212
DTDPRHAMSYN-PWY: dTDP-&beta;-L-rhamnose biosynthesis	4807.4041567921
DTDPRHAMSYN-PWY: dTDP-&beta;-L-rhamnose biosynthesis|g__Lachnospiraceae_unclassified.s__Eubacterium_rectale	1915.4012432692
DTDPRHAMSYN-PWY: dTDP-&beta;-L-rhamnose biosynthesis|g__Blautia.s__Blautia_obeum	889.4707621948
DTDPRHAMSYN-PWY: dTDP-&beta;-L-rhamnose biosynthesis|unclassified	564.9930631882
DTDPRHAMSYN-PWY: dTDP-&beta;-L-rhamnose biosynthesis|g__Blautia.s__Blautia_wexlerae	528.2986307076
DTDPRHAMSYN-PWY: dTDP-&beta;-L-rhamnose biosynthesis|g__Anaerostipes.s__Anaerostipes_hadrus	270.2229503004
DTDPRHAMSYN-PWY: dTDP-&beta;-L-rhamnose biosynthesis|g__Dorea.s__Dorea_longicatena	215.7850103816
DTDPRHAMSYN-PWY: dTDP-&beta;-L-rhamnose biosynthesis|g__Eggerthella.s__Eggerthella_lenta	29.9882562089
DTDPRHAMSYN-PWY: dTDP-&beta;-L-rhamnose biosynthesis|g__Bifidobacterium.s__Bifidobacterium_breve	19.6179735066
DTDPRHAMSYN-PWY: dTDP-&beta;-L-rhamnose biosynthesis|g__Lachnoclostridium.s__Clostridium_scindens	13.3979066683
PWY-6527: stachyose degradation	4784.5771215031
PWY-6527: stachyose degradation|g__Blautia.s__Blautia_wexlerae	1066.4961322587
PWY-6527: stachyose degradation|g__Blautia.s__Blautia_obeum	1008.4916519271
PWY-6527: stachyose degradation|unclassified	347.7321162957
PWY-6527: stachyose degradation|g__Bifidobacterium.s__Bifidobacterium_bifidum	43.0923194818
PWY-6527: stachyose degradation|g__Roseburia.s__Roseburia_faecis	23.9556104322
PWY0-1296: purine ribonucleosides degradation	4767.7080326712
PWY0-1296: purine ribonucleosides degradation|g__Lachnospiraceae_unclassified.s__Eubacterium_rectale	1816.1739452724
PWY0-1296: purine ribonucleosides degradation|g__Blautia.s__Blautia_obeum	953.0457879611
PWY0-1296: purine ribonucleosides degradation|g__Blautia.s__Blautia_wexlerae	734.6196246976
PWY0-1296: purine ribonucleosides degradation|g__Dorea.s__Dorea_longicatena	384.2244969089
PWY0-1296: purine ribonucleosides degradation|g__Anaerostipes.s__Anaerostipes_hadrus	355.1446721943
PWY0-1296: purine ribonucleosides degradation|unclassified	244.5992468841
PWY0-1296: purine ribonucleosides degradation|g__Lachnoclostridium.s__Clostridium_scindens	25.8878582141
BRANCHED-CHAIN-AA-SYN-PWY: superpathway of branched chain amino acid biosynthesis	4744.9115846023
BRANCHED-CHAIN-AA-SYN-PWY: superpathway of branched chain amino acid biosynthesis|g__Lachnospiraceae_unclassified.s__Eubacterium_rectale	2084.9955150021
BRANCHED-CHAIN-AA-SYN-PWY: superpathway of branched chain amino acid biosynthesis|g__Blautia.s__Blautia_wexlerae	459.0170446068
BRANCHED-CHAIN-AA-SYN-PWY: superpathway of branched chain amino acid biosynthesis|unclassified	362.5530964370
BRANCHED-CHAIN-AA-SYN-PWY: superpathway of branched chain amino acid biosynthesis|g__Anaerostipes.s__Anaerostipes_hadrus	270.3644910630
BRANCHED-CHAIN-AA-SYN-PWY: superpathway of branched chain amino acid biosynthesis|g__Dorea.s__Dorea_longicatena	243.3729954848
BRANCHED-CHAIN-AA-SYN-PWY: superpathway of branched chain amino acid biosynthesis|g__Bifidobacterium.s__Bifidobacterium_bifidum	228.2532272947
BRANCHED-CHAIN-AA-SYN-PWY: superpathway of branched chain amino acid biosynthesis|g__Blautia.s__Blautia_obeum	46.0092047722
BRANCHED-CHAIN-AA-SYN-PWY: superpathway of branched chain amino acid biosynthesis|g__Bifidobacterium.s__Bifidobacterium_breve	26.8803178017
BRANCHED-CHAIN-AA-SYN-PWY: superpathway of branched chain amino acid biosynthesis|g__Eggerthella.s__Eggerthella_lenta	23.4046641223
BRANCHED-CHAIN-AA-SYN-PWY: superpathway of branched chain amino acid biosynthesis|g__Agathobaculum.s__Agathobaculum_butyriciproducens	15.1591569190
PWY-6387: UDP-N-acetylmuramoyl-pentapeptide biosynthesis I (meso-diaminopimelate containing)	4682.3151214579
PWY-6387: UDP-N-acetylmuramoyl-pentapeptide biosynthesis I (meso-diaminopimelate containing)|g__Lachnospiraceae_unclassified.s__Eubacterium_rectale	1812.3185309760
PWY-6387: UDP-N-acetylmuramoyl-pentapeptide biosynthesis I (meso-diaminopimelate containing)|g__Blautia.s__Blautia_wexlerae	773.2153514838
PWY-6387: UDP-N-acetylmuramoyl-pentapeptide biosynthesis I (meso-diaminopimelate containing)|g__Blautia.s__Blautia_obeum	672.7404459095
PWY-6387: UDP-N-acetylmuramoyl-pentapeptide biosynthesis I (meso-diaminopimelate containing)|unclassified	402.5050955195
PWY-6387: UDP-N-acetylmuramoyl-pentapeptide biosynthesis I (meso-diaminopimelate containing)|g__Anaerostipes.s__Anaerostipes_hadrus	289.7304757500
PWY-6387: UDP-N-acetylmuramoyl-pentapeptide biosynthesis I (meso-diaminopimelate containing)|g__Dorea.s__Dorea_longicatena	283.7029129781
PWY-6387: UDP-N-acetylmuramoyl-pentapeptide biosynthesis I (meso-diaminopimelate containing)|g__Bifidobacterium.s__Bifidobacterium_bifidum	210.6939018936
PWY-6387: UDP-N-acetylmuramoyl-pentapeptide biosynthesis I (meso-diaminopimelate containing)|g__Eggerthella.s__Eggerthella_lenta	34.0853011520
PWY-6387: UDP-N-acetylmuramoyl-pentapeptide biosynthesis I (meso-diaminopimelate containing)|g__Lachnoclostridium.s__Clostridium_scindens	24.0513125094
PWY-6387: UDP-N-acetylmuramoyl-pentapeptide biosynthesis I (meso-diaminopimelate containing)|g__Agathobaculum.s__Agathobaculum_butyriciproducens	17.8960039916
PWY-6387: UDP-N-acetylmuramoyl-pentapeptide biosynthesis I (meso-diaminopimelate containing)|g__Roseburia.s__Roseburia_faecis	15.5548314249
PWY-6387: UDP-N-acetylmuramoyl-pentapeptide biosynthesis I (meso-diaminopimelate containing)|g__Bifidobacterium.s__Bifidobacterium_breve	14.4447484904
PWY-6609: adenine and adenosine salvage III	4668.5300055116
PWY-6609: adenine and adenosine salvage III|g__Lachnospiraceae_unclassified.s__Eubacterium_rectale	1725.9790852567
PWY-6609: adenine and adenosine salvage III|g__Blautia.s__Blautia_wexlerae	790.0075131248
PWY-6609: adenine and adenosine salvage III|g__Anaerostipes.s__Anaerostipes_hadrus	470.1532853301
PWY-6609: adenine and adenosine salvage III|g__Blautia.s__Blautia_obeum	328.3049423917
PWY-6609: adenine and adenosine salvage III|g__Dorea.s__Dorea_longicatena	313.9544172232
PWY-6609: adenine and adenosine salvage III|unclassified	287.1503833106
PWY-6609: adenine and adenosine salvage III|g__Lachnoclostridium.s__Clostridium_scindens	27.3930996320
PWY-6609: adenine and adenosine salvage III|g__Eggerthella.s__Eggerthella_lenta	26.7915019374
PWY-6609: adenine and adenosine salvage III|g__Agathobaculum.s__Agathobaculum_butyriciproducens	17.8833876771
ARGSYNBSUB-PWY: L-arginine biosynthesis II (acetyl cycle)	4622.3967749350
ARGSYNBSUB-PWY: L-arginine biosynthesis II (acetyl cycle)|g__Lachnospiraceae_unclassified.s__Eubacterium_rectale	1812.7660285475
ARGSYNBSUB-PWY: L-arginine biosynthesis II (acetyl cycle)|g__Blautia.s__Blautia_wexlerae	1130.8577720830
ARGSYNBSUB-PWY: L-arginine biosynthesis II (acetyl cycle)|unclassified	334.8157954857
ARGSYNBSUB-PWY: L-arginine biosynthesis II (acetyl cycle)|g__Blautia.s__Blautia_obeum	317.9815621441
ARGSYNBSUB-PWY: L-arginine biosynthesis II (acetyl cycle)|g__Dorea.s__Dorea_longicatena	246.6198551937
ARGSYNBSUB-PWY: L-arginine biosynthesis II (acetyl cycle)|g__Anaerostipes.s__Anaerostipes_hadrus	230.6742280994
ARGSYNBSUB-PWY: L-arginine biosynthesis II (acetyl cycle)|g__Bifidobacterium.s__Bifidobacterium_bifidum	185.7584458894
ARGSYNBSUB-PWY: L-arginine biosynthesis II (acetyl cycle)|g__Eggerthella.s__Eggerthella_lenta	41.7742426186
ARGSYNBSUB-PWY: L-arginine biosynthesis II (acetyl cycle)|g__Lachnoclostridium.s__Clostridium_scindens	19.2781409606
ARGSYNBSUB-PWY: L-arginine biosynthesis II (acetyl cycle)|g__Roseburia.s__Roseburia_faecis	17.4680369857
ARGSYNBSUB-PWY: L-arginine biosynthesis II (acetyl cycle)|g__Agathobaculum.s__Agathobaculum_butyriciproducens	16.7541219588
ARGSYNBSUB-PWY: L-arginine biosynthesis II (acetyl cycle)|g__Bifidobacterium.s__Bifidobacterium_breve	15.1959155138
PWY-5103: L-isoleucine biosynthesis III	4617.0692419999
PWY-5103: L-isoleucine biosynthesis III|g__Lachnospiraceae_unclassified.s__Eubacterium_rectale	2043.5261621774
PWY-5103: L-isoleucine biosynthesis III|g__Blautia.s__Blautia_wexlerae	407.1792589637
PWY-5103: L-isoleucine biosynthesis III|unclassified	339.8055415684
PWY-5103: L-isoleucine biosynthesis III|g__Anaerostipes.s__Anaerostipes_hadrus	249.9777918591
PWY-5103: L-isoleucine biosynthesis III|g__Dorea.s__Dorea_longicatena	237.5924810451
PWY-5103: L-isoleucine biosynthesis III|g__Bifidobacterium.s__Bifidobacterium_bifidum	217.6276612012
PWY-5103: L-isoleucine biosynthesis III|g__Blautia.s__Blautia_obeum	24.0828814051
PWY-5103: L-isoleucine biosynthesis III|g__Bifidobacterium.s__Bifidobacterium_breve	23.5091767786
PWY-5103: L-isoleucine biosynthesis III|g__Eggerthella.s__Eggerthella_lenta	21.1338178642
PWY-5103: L-isoleucine biosynthesis III|g__Agathobaculum.s__Agathobaculum_butyriciproducens	13.1151915732
PWY-6151: S-adenosyl-L-methionine salvage I	4616.3159135175
PWY-6151: S-adenosyl-L-methionine salvage I|g__Lachnospiraceae_unclassified.s__Eubacterium_rectale	1973.5143010275
PWY-6151: S-adenosyl-L-methionine salvage I|g__Blautia.s__Blautia_wexlerae	710.0916446578
PWY-6151: S-adenosyl-L-methionine salvage I|g__Dorea.s__Dorea_longicatena	464.6231192068
PWY-6151: S-adenosyl-L-methionine salvage I|g__Anaerostipes.s__Anaerostipes_hadrus	450.3728116755
PWY-6151: S-adenosyl-L-methionine salvage I|unclassified	336.4132351530
PWY-6151: S-adenosyl-L-methionine salvage I|g__Blautia.s__Blautia_obeum	298.5707482292
PWY-6151: S-adenosyl-L-methionine salvage I|g__Bifidobacterium.s__Bifidobacterium_bifidum	202.8945032498
PWY-6151: S-adenosyl-L-methionine salvage I|g__Bifidobacterium.s__Bifidobacterium_breve	21.1328357261
PWY-6151: S-adenosyl-L-methionine salvage I|g__Roseburia.s__Roseburia_faecis	20.9282300738
PWY-5686: UMP biosynthesis I	4599.1300708715
PWY-5686: UMP biosynthesis I|g__Lachnospiraceae_unclassified.s__Eubacterium_rectale	1989.1242426369
PWY-5686: UMP biosynthesis I|g__Blautia.s__Blautia_wexlerae	843.6266610953
PWY-5686: UMP biosynthesis I|unclassified	378.5841409610
PWY-5686: UMP biosynthesis I|g__Anaerostipes.s__Anaerostipes_hadrus	260.2729052563
PWY-5686: UMP biosynthesis I|g__Blautia.s__Blautia_obeum	232.2024569309
PWY-5686: UMP biosynthesis I|g__Bifidobacterium.s__Bifidobacterium_bifidum	218.5414373461
PWY-5686: UMP biosynthesis I|g__Dorea.s__Dorea_longicatena	59.2633055487
PWY-5686: UMP biosynthesis I|g__Eggerthella.s__Eggerthella_lenta	24.6722993652
PWY-5686: UMP biosynthesis I|g__Bifidobacterium.s__Bifidobacterium_breve	19.5924854538
PWY-5686: UMP biosynthesis I|g__Roseburia.s__Roseburia_faecis	17.7107054002
PWY-7790: UMP biosynthesis II	4599.1300708715
PWY-7790: UMP biosynthesis II|g__Lachnospiraceae_unclassified.s__Eubacterium_rectale	1989.1242426369
PWY-7790: UMP biosynthesis II|g__Blautia.s__Blautia_wexlerae	843.6266610953
PWY-7790: UMP biosynthesis II|unclassified	378.5841409610
PWY-7790: UMP biosynthesis II|g__Anaerostipes.s__Anaerostipes_hadrus	260.2729052563
PWY-7790: UMP biosynthesis II|g__Blautia.s__Blautia_obeum	232.2024569309
PWY-7790: UMP biosynthesis II|g__Bifidobacterium.s__Bifidobacterium_bifidum	197.7410728222
PWY-7790: UMP biosynthesis II|g__Dorea.s__Dorea_longicatena	59.2633055487
PWY-7790: UMP biosynthesis II|g__Eggerthella.s__Eggerthella_lenta	24.6722993652
PWY-7790: UMP biosynthesis II|g__Roseburia.s__Roseburia_faecis	17.7107054002
PWY-7791: UMP biosynthesis III	4599.1300708715
PWY-7791: UMP biosynthesis III|g__Lachnospiraceae_unclassified.s__Eubacterium_rectale	1989.1242426369
PWY-7791: UMP biosynthesis III|g__Blautia.s__Blautia_wexlerae	843.6266610953
PWY-7791: UMP biosynthesis III|unclassified	378.5841409610
PWY-7791: UMP biosynthesis III|g__Anaerostipes.s__Anaerostipes_hadrus	260.2729052563
PWY-7791: UMP biosynthesis III|g__Blautia.s__Blautia_obeum	232.2024569309
PWY-7791: UMP biosynthesis III|g__Bifidobacterium.s__Bifidobacterium_bifidum	197.7410728222
PWY-7791: UMP biosynthesis III|g__Dorea.s__Dorea_longicatena	59.2633055487
PWY-7791: UMP biosynthesis III|g__Eggerthella.s__Eggerthella_lenta	24.6722993652
PWY-7791: UMP biosynthesis III|g__Roseburia.s__Roseburia_faecis	17.7107054002
PWY-6122: 5-aminoimidazole ribonucleotide biosynthesis II	4549.9827726446
PWY-6122: 5-aminoimidazole ribonucleotide biosynthesis II|g__Lachnospiraceae_unclassified.s__Eubacterium_rectale	1712.1067034203
PWY-6122: 5-aminoimidazole ribonucleotide biosynthesis II|g__Blautia.s__Blautia_obeum	892.1696404238
PWY-6122: 5-aminoimidazole ribonucleotide biosynthesis II|g__Blautia.s__Blautia_wexlerae	497.5898119005
PWY-6122: 5-aminoimidazole ribonucleotide biosynthesis II|unclassified	398.7300666715
PWY-6122: 5-aminoimidazole ribonucleotide biosynthesis II|g__Dorea.s__Dorea_longicatena	252.2189304190
PWY-6122: 5-aminoimidazole ribonucleotide biosynthesis II|g__Anaerostipes.s__Anaerostipes_hadrus	251.3909051768
PWY-6122: 5-aminoimidazole ribonucleotide biosynthesis II|g__Bifidobacterium.s__Bifidobacterium_bifidum	187.0046153724
PWY-6122: 5-aminoimidazole ribonucleotide biosynthesis II|g__Eggerthella.s__Eggerthella_lenta	33.5204396989
PWY-6122: 5-aminoimidazole ribonucleotide biosynthesis II|g__Lachnoclostridium.s__Clostridium_scindens	28.5217809355
PWY-6122: 5-aminoimidazole ribonucleotide biosynthesis II|g__Bifidobacterium.s__Bifidobacterium_breve	26.5236361458
PWY-6122: 5-aminoimidazole ribonucleotide biosynthesis II|g__Agathobaculum.s__Agathobaculum_butyriciproducens	22.4290065016
PWY-6122: 5-aminoimidazole ribonucleotide biosynthesis II|g__Roseburia.s__Roseburia_faecis	17.3754920812
PWY-6277: superpathway of 5-aminoimidazole ribonucleotide biosynthesis	4549.9827726446
PWY-6277: superpathway of 5-aminoimidazole ribonucleotide biosynthesis|g__Lachnospiraceae_unclassified.s__Eubacterium_rectale	1712.1067034203
PWY-6277: superpathway of 5-aminoimidazole ribonucleotide biosynthesis|g__Blautia.s__Blautia_obeum	892.1696404238
PWY-6277: superpathway of 5-aminoimidazole ribonucleotide biosynthesis|g__Blautia.s__Blautia_wexlerae	497.5898119005
PWY-6277: superpathway of 5-aminoimidazole ribonucleotide biosynthesis|unclassified	398.7300666715
PWY-6277: superpathway of 5-aminoimidazole ribonucleotide biosynthesis|g__Dorea.s__Dorea_longicatena	252.2189304190
PWY-6277: superpathway of 5-aminoimidazole ribonucleotide biosynthesis|g__Anaerostipes.s__Anaerostipes_hadrus	251.3909051768
PWY-6277: superpathway of 5-aminoimidazole ribonucleotide biosynthesis|g__Bifidobacterium.s__Bifidobacterium_bifidum	187.0046153724
PWY-6277: superpathway of 5-aminoimidazole ribonucleotide biosynthesis|g__Eggerthella.s__Eggerthella_lenta	33.5204396989
PWY-6277: superpathway of 5-aminoimidazole ribonucleotide biosynthesis|g__Lachnoclostridium.s__Clostridium_scindens	28.5217809355
PWY-6277: superpathway of 5-aminoimidazole ribonucleotide biosynthesis|g__Bifidobacterium.s__Bifidobacterium_breve	26.5236361458
PWY-6277: superpathway of 5-aminoimidazole ribonucleotide biosynthesis|g__Agathobaculum.s__Agathobaculum_butyriciproducens	22.4290065016
PWY-6277: superpathway of 5-aminoimidazole ribonucleotide biosynthesis|g__Roseburia.s__Roseburia_faecis	17.3754920812
PWY-7357: thiamine phosphate formation from pyrithiamine and oxythiamine (yeast)	4521.4065893771
PWY-7357: thiamine phosphate formation from pyrithiamine and oxythiamine (yeast)|g__Lachnospiraceae_unclassified.s__Eubacterium_rectale	1760.0173858677
PWY-7357: thiamine phosphate formation from pyrithiamine and oxythiamine (yeast)|g__Blautia.s__Blautia_obeum	940.7196096600
PWY-7357: thiamine phosphate formation from pyrithiamine and oxythiamine (yeast)|unclassified	367.1998129490
PWY-7357: thiamine phosphate formation from pyrithiamine and oxythiamine (yeast)|g__Anaerostipes.s__Anaerostipes_hadrus	285.9868471078
PWY-7357: thiamine phosphate formation from pyrithiamine and oxythiamine (yeast)|g__Dorea.s__Dorea_longicatena	277.6676824230
PWY-7357: thiamine phosphate formation from pyrithiamine and oxythiamine (yeast)|g__Bifidobacterium.s__Bifidobacterium_bifidum	179.3193249060
PWY-7357: thiamine phosphate formation from pyrithiamine and oxythiamine (yeast)|g__Blautia.s__Blautia_wexlerae	49.5697024903
PWY-7357: thiamine phosphate formation from pyrithiamine and oxythiamine (yeast)|g__Eggerthella.s__Eggerthella_lenta	28.5950691299
PWY-7357: thiamine phosphate formation from pyrithiamine and oxythiamine (yeast)|g__Lachnoclostridium.s__Clostridium_scindens	19.6607452273
PWY-7357: thiamine phosphate formation from pyrithiamine and oxythiamine (yeast)|g__Roseburia.s__Roseburia_faecis	19.4019853740
PWY-7357: thiamine phosphate formation from pyrithiamine and oxythiamine (yeast)|g__Agathobaculum.s__Agathobaculum_butyriciproducens	14.7254171379
PEPTIDOGLYCANSYN-PWY: peptidoglycan biosynthesis I (meso-diaminopimelate containing)	4485.9966898540
PEPTIDOGLYCANSYN-PWY: peptidoglycan biosynthesis I (meso-diaminopimelate containing)|g__Lachnospiraceae_unclassified.s__Eubacterium_rectale	1740.4068868658
PEPTIDOGLYCANSYN-PWY: peptidoglycan biosynthesis I (meso-diaminopimelate containing)|g__Blautia.s__Blautia_wexlerae	743.5368414436
PEPTIDOGLYCANSYN-PWY: peptidoglycan biosynthesis I (meso-diaminopimelate containing)|g__Blautia.s__Blautia_obeum	684.1767988897
PEPTIDOGLYCANSYN-PWY: peptidoglycan biosynthesis I (meso-diaminopimelate containing)|unclassified	391.0292405518
PEPTIDOGLYCANSYN-PWY: peptidoglycan biosynthesis I (meso-diaminopimelate containing)|g__Anaerostipes.s__Anaerostipes_hadrus	306.1944303891
PEPTIDOGLYCANSYN-PWY: peptidoglycan biosynthesis I (meso-diaminopimelate containing)|g__Dorea.s__Dorea_longicatena	275.7262588982
PEPTIDOGLYCANSYN-PWY: peptidoglycan biosynthesis I (meso-diaminopimelate containing)|g__Bifidobacterium.s__Bifidobacterium_bifidum	206.4116919812
PEPTIDOGLYCANSYN-PWY: peptidoglycan biosynthesis I (meso-diaminopimelate containing)|g__Eggerthella.s__Eggerthella_lenta	28.8028205644
PEPTIDOGLYCANSYN-PWY: peptidoglycan biosynthesis I (meso-diaminopimelate containing)|g__Lachnoclostridium.s__Clostridium_scindens	20.4909767441
PEPTIDOGLYCANSYN-PWY: peptidoglycan biosynthesis I (meso-diaminopimelate containing)|g__Roseburia.s__Roseburia_faecis	14.9761440995
PEPTIDOGLYCANSYN-PWY: peptidoglycan biosynthesis I (meso-diaminopimelate containing)|g__Agathobaculum.s__Agathobaculum_butyriciproducens	14.7321816238
PEPTIDOGLYCANSYN-PWY: peptidoglycan biosynthesis I (meso-diaminopimelate containing)|g__Bifidobacterium.s__Bifidobacterium_breve	11.8919204842
PWY-6385: peptidoglycan biosynthesis III (mycobacteria)	4485.9966898540
PWY-6385: peptidoglycan biosynthesis III (mycobacteria)|g__Lachnospiraceae_unclassified.s__Eubacterium_rectale	1790.6192678045
PWY-6385: peptidoglycan biosynthesis III (mycobacteria)|g__Blautia.s__Blautia_wexlerae	686.5623775487
PWY-6385: peptidoglycan biosynthesis III (mycobacteria)|g__Blautia.s__Blautia_obeum	665.6907951781
PWY-6385: peptidoglycan biosynthesis III (mycobacteria)|unclassified	377.4289907994
PWY-6385: peptidoglycan biosynthesis III (mycobacteria)|g__Anaerostipes.s__Anaerostipes_hadrus	301.0850036024
PWY-6385: peptidoglycan biosynthesis III (mycobacteria)|g__Dorea.s__Dorea_longicatena	275.7262588982
PWY-6385: peptidoglycan biosynthesis III (mycobacteria)|g__Bifidobacterium.s__Bifidobacterium_bifidum	133.8391463295
PWY-6385: peptidoglycan biosynthesis III (mycobacteria)|g__Eggerthella.s__Eggerthella_lenta	31.6781820260
PWY-6385: peptidoglycan biosynthesis III (mycobacteria)|g__Lachnoclostridium.s__Clostridium_scindens	20.4909767441
PWY-6385: peptidoglycan biosynthesis III (mycobacteria)|g__Agathobaculum.s__Agathobaculum_butyriciproducens	13.4097289367
PWY-6385: peptidoglycan biosynthesis III (mycobacteria)|g__Bifidobacterium.s__Bifidobacterium_breve	12.9771988519
PWY-7953: UDP-N-acetylmuramoyl-pentapeptide biosynthesis III (meso-diaminopimelate containing)	4474.8901638654
PWY-7953: UDP-N-acetylmuramoyl-pentapeptide biosynthesis III (meso-diaminopimelate containing)|g__Lachnospiraceae_unclassified.s__Eubacterium_rectale	1732.5917924424
PWY-7953: UDP-N-acetylmuramoyl-pentapeptide biosynthesis III (meso-diaminopimelate containing)|g__Blautia.s__Blautia_wexlerae	716.7867019246
PWY-7953: UDP-N-acetylmuramoyl-pentapeptide biosynthesis III (meso-diaminopimelate containing)|g__Blautia.s__Blautia_obeum	686.9706696667
PWY-7953: UDP-N-acetylmuramoyl-pentapeptide biosynthesis III (meso-diaminopimelate containing)|unclassified	377.9698116444
PWY-7953: UDP-N-acetylmuramoyl-pentapeptide biosynthesis III (meso-diaminopimelate containing)|g__Dorea.s__Dorea_longicatena	273.9673057608
PWY-7953: UDP-N-acetylmuramoyl-pentapeptide biosynthesis III (meso-diaminopimelate containing)|g__Anaerostipes.s__Anaerostipes_hadrus	268.3440832694
PWY-7953: UDP-N-acetylmuramoyl-pentapeptide biosynthesis III (meso-diaminopimelate containing)|g__Bifidobacterium.s__Bifidobacterium_bifidum	120.7193911577
PWY-7953: UDP-N-acetylmuramoyl-pentapeptide biosynthesis III (meso-diaminopimelate containing)|g__Eggerthella.s__Eggerthella_lenta	30.0655509919
PWY-7953: UDP-N-acetylmuramoyl-pentapeptide biosynthesis III (meso-diaminopimelate containing)|g__Lachnoclostridium.s__Clostridium_scindens	23.8890859638
PWY-7953: UDP-N-acetylmuramoyl-pentapeptide biosynthesis III (meso-diaminopimelate containing)|g__Roseburia.s__Roseburia_faecis	15.5364316169
PWY-6121: 5-aminoimidazole ribonucleotide biosynthesis I	4453.8871401935
PWY-6121: 5-aminoimidazole ribonucleotide biosynthesis I|g__Lachnospiraceae_unclassified.s__Eubacterium_rectale	1764.2249420602
PWY-6121: 5-aminoimidazole ribonucleotide biosynthesis I|g__Blautia.s__Blautia_obeum	914.3426410252
PWY-6121: 5-aminoimidazole ribonucleotide biosynthesis I|g__Blautia.s__Blautia_wexlerae	473.5571062362
PWY-6121: 5-aminoimidazole ribonucleotide biosynthesis I|unclassified	408.0272454940
PWY-6121: 5-aminoimidazole ribonucleotide biosynthesis I|g__Anaerostipes.s__Anaerostipes_hadrus	254.2822915327
PWY-6121: 5-aminoimidazole ribonucleotide biosynthesis I|g__Dorea.s__Dorea_longicatena	221.0301031576
PWY-6121: 5-aminoimidazole ribonucleotide biosynthesis I|g__Bifidobacterium.s__Bifidobacterium_bifidum	151.7336447229
PWY-6121: 5-aminoimidazole ribonucleotide biosynthesis I|g__Eggerthella.s__Eggerthella_lenta	34.9727184336
PWY-6121: 5-aminoimidazole ribonucleotide biosynthesis I|g__Lachnoclostridium.s__Clostridium_scindens	24.7572614369
PWY-6121: 5-aminoimidazole ribonucleotide biosynthesis I|g__Agathobaculum.s__Agathobaculum_butyriciproducens	21.5958497032
PWY-6121: 5-aminoimidazole ribonucleotide biosynthesis I|g__Roseburia.s__Roseburia_faecis	18.1336331551
PWY-6121: 5-aminoimidazole ribonucleotide biosynthesis I|g__Bifidobacterium.s__Bifidobacterium_breve	16.2893299625
ARGSYN-PWY: L-arginine biosynthesis I (via L-ornithine)	4313.1911531218
ARGSYN-PWY: L-arginine biosynthesis I (via L-ornithine)|g__Lachnospiraceae_unclassified.s__Eubacterium_rectale	1728.5675946142
ARGSYN-PWY: L-arginine biosynthesis I (via L-ornithine)|g__Blautia.s__Blautia_wexlerae	1053.9234931748
ARGSYN-PWY: L-arginine biosynthesis I (via L-ornithine)|unclassified	316.7477292468
ARGSYN-PWY: L-arginine biosynthesis I (via L-ornithine)|g__Dorea.s__Dorea_longicatena	254.7744451028
ARGSYN-PWY: L-arginine biosynthesis I (via L-ornithine)|g__Anaerostipes.s__Anaerostipes_hadrus	234.1847635513
ARGSYN-PWY: L-arginine biosynthesis I (via L-ornithine)|g__Bifidobacterium.s__Bifidobacterium_bifidum	185.2126536634
ARGSYN-PWY: L-arginine biosynthesis I (via L-ornithine)|g__Lachnoclostridium.s__Clostridium_scindens	17.8620438242
ARGSYN-PWY: L-arginine biosynthesis I (via L-ornithine)|g__Roseburia.s__Roseburia_faecis	16.8016998447
ARGSYN-PWY: L-arginine biosynthesis I (via L-ornithine)|g__Bifidobacterium.s__Bifidobacterium_breve	12.7744650519
ARGSYN-PWY: L-arginine biosynthesis I (via L-ornithine)|g__Blautia.s__Blautia_obeum	10.6214774933
NONMEVIPP-PWY: methylerythritol phosphate pathway I	4243.3159953949
NONMEVIPP-PWY: methylerythritol phosphate pathway I|g__Blautia.s__Blautia_obeum	529.0290943351
NONMEVIPP-PWY: methylerythritol phosphate pathway I|g__Blautia.s__Blautia_wexlerae	495.3040244394
NONMEVIPP-PWY: methylerythritol phosphate pathway I|unclassified	392.9241784746
NONMEVIPP-PWY: methylerythritol phosphate pathway I|g__Anaerostipes.s__Anaerostipes_hadrus	273.8266278693
NONMEVIPP-PWY: methylerythritol phosphate pathway I|g__Dorea.s__Dorea_longicatena	263.2444808530
NONMEVIPP-PWY: methylerythritol phosphate pathway I|g__Bifidobacterium.s__Bifidobacterium_bifidum	214.0904369995
NONMEVIPP-PWY: methylerythritol phosphate pathway I|g__Eggerthella.s__Eggerthella_lenta	27.7022032753
NONMEVIPP-PWY: methylerythritol phosphate pathway I|g__Roseburia.s__Roseburia_faecis	25.1253043581
PWY-6823: molybdopterin biosynthesis	4189.5863114035
PWY-6823: molybdopterin biosynthesis|g__Lachnospiraceae_unclassified.s__Eubacterium_rectale	1711.9382439137
PWY-6823: molybdopterin biosynthesis|g__Blautia.s__Blautia_obeum	1177.9695179534
PWY-6823: molybdopterin biosynthesis|unclassified	540.2425363788
PWY-6823: molybdopterin biosynthesis|g__Anaerostipes.s__Anaerostipes_hadrus	195.3196987108
PWY-6823: molybdopterin biosynthesis|g__Blautia.s__Blautia_wexlerae	60.7729054569
PWY-6823: molybdopterin biosynthesis|g__Eggerthella.s__Eggerthella_lenta	27.7477140247
PWY-6823: molybdopterin biosynthesis|g__Roseburia.s__Roseburia_faecis	23.4570090703
PWY-6823: molybdopterin biosynthesis|g__Agathobaculum.s__Agathobaculum_butyriciproducens	20.4223781887
PWY-6823: molybdopterin biosynthesis|g__Lachnoclostridium.s__Clostridium_scindens	12.4840551058
GLUTORN-PWY: L-ornithine biosynthesis I	4182.8341297175
GLUTORN-PWY: L-ornithine biosynthesis I|g__Lachnospiraceae_unclassified.s__Eubacterium_rectale	1619.3294468601
GLUTORN-PWY: L-ornithine biosynthesis I|g__Blautia.s__Blautia_wexlerae	664.9503091790
GLUTORN-PWY: L-ornithine biosynthesis I|g__Blautia.s__Blautia_obeum	389.4702253567
GLUTORN-PWY: L-ornithine biosynthesis I|unclassified	303.6628529020
GLUTORN-PWY: L-ornithine biosynthesis I|g__Dorea.s__Dorea_longicatena	215.9177328676
GLUTORN-PWY: L-ornithine biosynthesis I|g__Anaerostipes.s__Anaerostipes_hadrus	184.2748746070
GLUTORN-PWY: L-ornithine biosynthesis I|g__Bifidobacterium.s__Bifidobacterium_bifidum	165.7661758562
GLUTORN-PWY: L-ornithine biosynthesis I|g__Roseburia.s__Roseburia_faecis	14.9997284448
GLUTORN-PWY: L-ornithine biosynthesis I|g__Lachnoclostridium.s__Clostridium_scindens	14.0929594245
GLUTORN-PWY: L-ornithine biosynthesis I|g__Bifidobacterium.s__Bifidobacterium_breve	9.8220724987
1CMET2-PWY: folate transformations III (E. coli)	4174.2069849937
1CMET2-PWY: folate transformations III (E. coli)|unclassified	357.7800832898
1CMET2-PWY: folate transformations III (E. coli)|g__Blautia.s__Blautia_wexlerae	354.1425886650
1CMET2-PWY: folate transformations III (E. coli)|g__Blautia.s__Blautia_obeum	303.2562647090
1CMET2-PWY: folate transformations III (E. coli)|g__Anaerostipes.s__Anaerostipes_hadrus	231.2215859409
1CMET2-PWY: folate transformations III (E. coli)|g__Roseburia.s__Roseburia_faecis	19.8946647448
PWY-3841: folate transformations II (plants)	4111.5650752894
PWY-3841: folate transformations II (plants)|g__Lachnospiraceae_unclassified.s__Eubacterium_rectale	1760.9414551008
PWY-3841: folate transformations II (plants)|g__Blautia.s__Blautia_wexlerae	541.5371184209
PWY-3841: folate transformations II (plants)|unclassified	374.9234284739
PWY-3841: folate transformations II (plants)|g__Blautia.s__Blautia_obeum	292.1264323888
PWY-3841: folate transformations II (plants)|g__Anaerostipes.s__Anaerostipes_hadrus	236.2134993284
PWY-3841: folate transformations II (plants)|g__Dorea.s__Dorea_longicatena	114.9765929149
PWY-3841: folate transformations II (plants)|g__Lachnoclostridium.s__Clostridium_scindens	18.6374055395
PWY-3841: folate transformations II (plants)|g__Roseburia.s__Roseburia_faecis	18.6042822569
PWY-7111: pyruvate fermentation to isobutanol (engineered)	4076.5427464419
PWY-7111: pyruvate fermentation to isobutanol (engineered)|g__Blautia.s__Blautia_wexlerae	576.5842084378
PWY-7111: pyruvate fermentation to isobutanol (engineered)|g__Lachnospiraceae_unclassified.s__Eubacterium_rectale	540.1450051418
PWY-7111: pyruvate fermentation to isobutanol (engineered)|unclassified	327.1106847487
PWY-7111: pyruvate fermentation to isobutanol (engineered)|g__Dorea.s__Dorea_longicatena	317.8210579190
PWY-7111: pyruvate fermentation to isobutanol (engineered)|g__Anaerostipes.s__Anaerostipes_hadrus	288.3183591330
PWY-7111: pyruvate fermentation to isobutanol (engineered)|g__Bifidobacterium.s__Bifidobacterium_bifidum	215.1117276092
PWY-7111: pyruvate fermentation to isobutanol (engineered)|g__Bifidobacterium.s__Bifidobacterium_breve	34.8405219620
PWY-7111: pyruvate fermentation to isobutanol (engineered)|g__Blautia.s__Blautia_obeum	23.8532803320
PWY-7111: pyruvate fermentation to isobutanol (engineered)|g__Roseburia.s__Roseburia_faecis	21.9219358976
PWY-7111: pyruvate fermentation to isobutanol (engineered)|g__Agathobaculum.s__Agathobaculum_butyriciproducens	14.6389107296
PWY-5097: L-lysine biosynthesis VI	4036.8965597554
PWY-5097: L-lysine biosynthesis VI|g__Blautia.s__Blautia_obeum	718.9750850019
PWY-5097: L-lysine biosynthesis VI|g__Blautia.s__Blautia_wexlerae	632.0172510982
PWY-5097: L-lysine biosynthesis VI|unclassified	398.0033012856
PWY-5097: L-lysine biosynthesis VI|g__Dorea.s__Dorea_longicatena	278.4875372522
PWY-5097: L-lysine biosynthesis VI|g__Anaerostipes.s__Anaerostipes_hadrus	249.5367573764
PWY-5097: L-lysine biosynthesis VI|g__Bifidobacterium.s__Bifidobacterium_bifidum	216.0829150893
PWY-5097: L-lysine biosynthesis VI|g__Bifidobacterium.s__Bifidobacterium_breve	23.8984766818
PWY-5097: L-lysine biosynthesis VI|g__Agathobaculum.s__Agathobaculum_butyriciproducens	15.7917166242
PWY-5667: CDP-diacylglycerol biosynthesis I	4029.6240376652
PWY-5667: CDP-diacylglycerol biosynthesis I|g__Lachnospiraceae_unclassified.s__Eubacterium_rectale	1602.4155805351
PWY-5667: CDP-diacylglycerol biosynthesis I|g__Blautia.s__Blautia_wexlerae	546.4403387391
PWY-5667: CDP-diacylglycerol biosynthesis I|g__Blautia.s__Blautia_obeum	527.6941485794
PWY-5667: CDP-diacylglycerol biosynthesis I|unclassified	319.9132708785
PWY-5667: CDP-diacylglycerol biosynthesis I|g__Dorea.s__Dorea_longicatena	218.2862057456
PWY-5667: CDP-diacylglycerol biosynthesis I|g__Anaerostipes.s__Anaerostipes_hadrus	213.8655476582
PWY-5667: CDP-diacylglycerol biosynthesis I|g__Lachnoclostridium.s__Clostridium_scindens	15.3551788976
PWY0-1319: CDP-diacylglycerol biosynthesis II	4029.6240376652
PWY0-1319: CDP-diacylglycerol biosynthesis II|g__Lachnospiraceae_unclassified.s__Eubacterium_rectale	1602.4155805351
PWY0-1319: CDP-diacylglycerol biosynthesis II|g__Blautia.s__Blautia_wexlerae	546.4403387391
PWY0-1319: CDP-diacylglycerol biosynthesis II|g__Blautia.s__Blautia_obeum	527.6941485794
PWY0-1319: CDP-diacylglycerol biosynthesis II|unclassified	319.9132708785
PWY0-1319: CDP-diacylglycerol biosynthesis II|g__Dorea.s__Dorea_longicatena	218.2862057456
PWY0-1319: CDP-diacylglycerol biosynthesis II|g__Anaerostipes.s__Anaerostipes_hadrus	213.8655476582
PWY0-1319: CDP-diacylglycerol biosynthesis II|g__Lachnoclostridium.s__Clostridium_scindens	15.3551788976
PWY-6317: D-galactose degradation I (Leloir pathway)	3912.4027081902
PWY-6317: D-galactose degradation I (Leloir pathway)|g__Blautia.s__Blautia_wexlerae	822.8433363678
PWY-6317: D-galactose degradation I (Leloir pathway)|g__Blautia.s__Blautia_obeum	581.6724682938
PWY-6317: D-galactose degradation I (Leloir pathway)|unclassified	433.3998436956
PWY-6317: D-galactose degradation I (Leloir pathway)|g__Anaerostipes.s__Anaerostipes_hadrus	327.4869767194
PWY-6317: D-galactose degradation I (Leloir pathway)|g__Dorea.s__Dorea_longicatena	247.1430498884
PWY-6317: D-galactose degradation I (Leloir pathway)|g__Bifidobacterium.s__Bifidobacterium_bifidum	37.3694291727
PWY-6317: D-galactose degradation I (Leloir pathway)|g__Roseburia.s__Roseburia_faecis	17.0262409790
PWY-6317: D-galactose degradation I (Leloir pathway)|g__Lachnoclostridium.s__Clostridium_scindens	13.8076182283
TRNA-CHARGING-PWY: tRNA charging	3901.4439779420
TRNA-CHARGING-PWY: tRNA charging|g__Lachnospiraceae_unclassified.s__Eubacterium_rectale	1820.7328000458
TRNA-CHARGING-PWY: tRNA charging|unclassified	339.9416379662
TRNA-CHARGING-PWY: tRNA charging|g__Anaerostipes.s__Anaerostipes_hadrus	250.5109314452
TRNA-CHARGING-PWY: tRNA charging|g__Agathobaculum.s__Agathobaculum_butyriciproducens	19.0139113706
PWY66-429: fatty acid biosynthesis initiation (mitochondria)	3875.5815691434
PWY66-429: fatty acid biosynthesis initiation (mitochondria)|g__Blautia.s__Blautia_obeum	864.4435375792
PWY66-429: fatty acid biosynthesis initiation (mitochondria)|unclassified	363.5934905461
PWY66-429: fatty acid biosynthesis initiation (mitochondria)|g__Anaerostipes.s__Anaerostipes_hadrus	327.1168986105
PWY66-429: fatty acid biosynthesis initiation (mitochondria)|g__Blautia.s__Blautia_wexlerae	289.9478708299
PWY66-429: fatty acid biosynthesis initiation (mitochondria)|g__Dorea.s__Dorea_longicatena	266.5726744676
PWY66-429: fatty acid biosynthesis initiation (mitochondria)|g__Eggerthella.s__Eggerthella_lenta	37.3527971239
PWY66-429: fatty acid biosynthesis initiation (mitochondria)|g__Agathobaculum.s__Agathobaculum_butyriciproducens	30.8044355407
PWY66-429: fatty acid biosynthesis initiation (mitochondria)|g__Lachnoclostridium.s__Clostridium_scindens	19.5363517138
P41-PWY: pyruvate fermentation to acetate and (S)-lactate I	3799.9321339744
P41-PWY: pyruvate fermentation to acetate and (S)-lactate I|g__Lachnospiraceae_unclassified.s__Eubacterium_rectale	1686.1908307306
P41-PWY: pyruvate fermentation to acetate and (S)-lactate I|unclassified	317.1148698586
P41-PWY: pyruvate fermentation to acetate and (S)-lactate I|g__Anaerostipes.s__Anaerostipes_hadrus	296.8725419380
P41-PWY: pyruvate fermentation to acetate and (S)-lactate I|g__Blautia.s__Blautia_obeum	219.1807130632
P41-PWY: pyruvate fermentation to acetate and (S)-lactate I|g__Blautia.s__Blautia_wexlerae	60.7598457529
P41-PWY: pyruvate fermentation to acetate and (S)-lactate I|g__Bifidobacterium.s__Bifidobacterium_bifidum	34.1119499467
P41-PWY: pyruvate fermentation to acetate and (S)-lactate I|g__Agathobaculum.s__Agathobaculum_butyriciproducens	25.4625542071
P41-PWY: pyruvate fermentation to acetate and (S)-lactate I|g__Bifidobacterium.s__Bifidobacterium_breve	24.2890930119
P41-PWY: pyruvate fermentation to acetate and (S)-lactate I|g__Eggerthella.s__Eggerthella_lenta	22.4579649551
P41-PWY: pyruvate fermentation to acetate and (S)-lactate I|g__Roseburia.s__Roseburia_faecis	20.3609325822
PWY-5100: pyruvate fermentation to acetate and lactate II	3799.9321339744
PWY-5100: pyruvate fermentation to acetate and lactate II|g__Lachnospiraceae_unclassified.s__Eubacterium_rectale	1686.1908307306
PWY-5100: pyruvate fermentation to acetate and lactate II|g__Anaerostipes.s__Anaerostipes_hadrus	357.0450196004
PWY-5100: pyruvate fermentation to acetate and lactate II|unclassified	317.1148698586
PWY-5100: pyruvate fermentation to acetate and lactate II|g__Blautia.s__Blautia_obeum	219.1807130632
PWY-5100: pyruvate fermentation to acetate and lactate II|g__Blautia.s__Blautia_wexlerae	60.7598457529
PWY-5100: pyruvate fermentation to acetate and lactate II|g__Bifidobacterium.s__Bifidobacterium_bifidum	34.1119499467
PWY-5100: pyruvate fermentation to acetate and lactate II|g__Eggerthella.s__Eggerthella_lenta	28.7680505754
PWY-5100: pyruvate fermentation to acetate and lactate II|g__Agathobaculum.s__Agathobaculum_butyriciproducens	25.4625542071
PWY-5100: pyruvate fermentation to acetate and lactate II|g__Bifidobacterium.s__Bifidobacterium_breve	24.2890930119
PWY-5100: pyruvate fermentation to acetate and lactate II|g__Roseburia.s__Roseburia_faecis	20.3609325822
COA-PWY-1: superpathway of coenzyme A biosynthesis III (mammals)	3739.6289650077
COA-PWY-1: superpathway of coenzyme A biosynthesis III (mammals)|g__Lachnospiraceae_unclassified.s__Eubacterium_rectale	1573.5199687952
COA-PWY-1: superpathway of coenzyme A biosynthesis III (mammals)|g__Blautia.s__Blautia_obeum	612.6744928690
COA-PWY-1: superpathway of coenzyme A biosynthesis III (mammals)|g__Blautia.s__Blautia_wexlerae	424.5818129103
COA-PWY-1: superpathway of coenzyme A biosynthesis III (mammals)|unclassified	282.9811057475
COA-PWY-1: superpathway of coenzyme A biosynthesis III (mammals)|g__Anaerostipes.s__Anaerostipes_hadrus	255.8828559796
COA-PWY-1: superpathway of coenzyme A biosynthesis III (mammals)|g__Dorea.s__Dorea_longicatena	120.1072023444
COA-PWY-1: superpathway of coenzyme A biosynthesis III (mammals)|g__Eggerthella.s__Eggerthella_lenta	29.2238047533
COA-PWY-1: superpathway of coenzyme A biosynthesis III (mammals)|g__Roseburia.s__Roseburia_faecis	23.1822499995
COA-PWY-1: superpathway of coenzyme A biosynthesis III (mammals)|g__Agathobaculum.s__Agathobaculum_butyriciproducens	21.7696269156
COA-PWY-1: superpathway of coenzyme A biosynthesis III (mammals)|g__Lachnoclostridium.s__Clostridium_scindens	13.5078253631
HSERMETANA-PWY: L-methionine biosynthesis III	3673.0799729597
HSERMETANA-PWY: L-methionine biosynthesis III|g__Blautia.s__Blautia_wexlerae	905.0400600814
HSERMETANA-PWY: L-methionine biosynthesis III|g__Dorea.s__Dorea_longicatena	367.1226139119
HSERMETANA-PWY: L-methionine biosynthesis III|g__Anaerostipes.s__Anaerostipes_hadrus	305.8328553284
HSERMETANA-PWY: L-methionine biosynthesis III|g__Blautia.s__Blautia_obeum	291.2510698180
HSERMETANA-PWY: L-methionine biosynthesis III|g__Bifidobacterium.s__Bifidobacterium_bifidum	201.1300524109
HSERMETANA-PWY: L-methionine biosynthesis III|unclassified	87.2293554021
HSERMETANA-PWY: L-methionine biosynthesis III|g__Roseburia.s__Roseburia_faecis	20.8322598782
RIBOSYN2-PWY: flavin biosynthesis I (bacteria and plants)	3635.9517950195
RIBOSYN2-PWY: flavin biosynthesis I (bacteria and plants)|g__Lachnospiraceae_unclassified.s__Eubacterium_rectale	1915.3326218401
RIBOSYN2-PWY: flavin biosynthesis I (bacteria and plants)|g__Blautia.s__Blautia_wexlerae	476.2905135308
RIBOSYN2-PWY: flavin biosynthesis I (bacteria and plants)|g__Blautia.s__Blautia_obeum	418.1829868839
RIBOSYN2-PWY: flavin biosynthesis I (bacteria and plants)|g__Anaerostipes.s__Anaerostipes_hadrus	190.9869378607
RIBOSYN2-PWY: flavin biosynthesis I (bacteria and plants)|unclassified	142.9187248357
RIBOSYN2-PWY: flavin biosynthesis I (bacteria and plants)|g__Dorea.s__Dorea_longicatena	84.8980781937
COA-PWY: coenzyme A biosynthesis I (prokaryotic)	3595.4606104337
COA-PWY: coenzyme A biosynthesis I (prokaryotic)|g__Lachnospiraceae_unclassified.s__Eubacterium_rectale	1649.1655306104
COA-PWY: coenzyme A biosynthesis I (prokaryotic)|g__Blautia.s__Blautia_obeum	651.2597484156
COA-PWY: coenzyme A biosynthesis I (prokaryotic)|g__Blautia.s__Blautia_wexlerae	503.6684985002
COA-PWY: coenzyme A biosynthesis I (prokaryotic)|unclassified	249.1760673543
COA-PWY: coenzyme A biosynthesis I (prokaryotic)|g__Anaerostipes.s__Anaerostipes_hadrus	224.7205370769
COA-PWY: coenzyme A biosynthesis I (prokaryotic)|g__Dorea.s__Dorea_longicatena	204.9426253338
COA-PWY: coenzyme A biosynthesis I (prokaryotic)|g__Roseburia.s__Roseburia_faecis	26.6036056296
COA-PWY: coenzyme A biosynthesis I (prokaryotic)|g__Eggerthella.s__Eggerthella_lenta	25.5578172422
COA-PWY: coenzyme A biosynthesis I (prokaryotic)|g__Agathobaculum.s__Agathobaculum_butyriciproducens	19.1834213261
COA-PWY: coenzyme A biosynthesis I (prokaryotic)|g__Lachnoclostridium.s__Clostridium_scindens	13.1119725401
PWY-7851: coenzyme A biosynthesis II (eukaryotic)	3595.4606104337
PWY-7851: coenzyme A biosynthesis II (eukaryotic)|g__Lachnospiraceae_unclassified.s__Eubacterium_rectale	1581.4724501448
PWY-7851: coenzyme A biosynthesis II (eukaryotic)|g__Blautia.s__Blautia_obeum	600.8997887046
PWY-7851: coenzyme A biosynthesis II (eukaryotic)|g__Blautia.s__Blautia_wexlerae	405.5898809048
PWY-7851: coenzyme A biosynthesis II (eukaryotic)|unclassified	249.1760673543
PWY-7851: coenzyme A biosynthesis II (eukaryotic)|g__Anaerostipes.s__Anaerostipes_hadrus	223.8195955719
PWY-7851: coenzyme A biosynthesis II (eukaryotic)|g__Dorea.s__Dorea_longicatena	121.6088659246
PWY-7851: coenzyme A biosynthesis II (eukaryotic)|g__Eggerthella.s__Eggerthella_lenta	25.5578172422
PWY-7851: coenzyme A biosynthesis II (eukaryotic)|g__Roseburia.s__Roseburia_faecis	23.1341540298
PWY-7851: coenzyme A biosynthesis II (eukaryotic)|g__Agathobaculum.s__Agathobaculum_butyriciproducens	19.1834213261
PWY-7851: coenzyme A biosynthesis II (eukaryotic)|g__Lachnoclostridium.s__Clostridium_scindens	12.1930014417
PWY0-1586: peptidoglycan maturation (meso-diaminopimelate containing)	3570.4319740012
PWY0-1586: peptidoglycan maturation (meso-diaminopimelate containing)|g__Lachnospiraceae_unclassified.s__Eubacterium_rectale	2184.5008292625
PWY0-1586: peptidoglycan maturation (meso-diaminopimelate containing)|g__Anaerostipes.s__Anaerostipes_hadrus	425.0243473386
PWY0-1586: peptidoglycan maturation (meso-diaminopimelate containing)|unclassified	180.2249091848
PWY0-1586: peptidoglycan maturation (meso-diaminopimelate containing)|g__Eggerthella.s__Eggerthella_lenta	30.8050401064
PWY0-1586: peptidoglycan maturation (meso-diaminopimelate containing)|g__Agathobaculum.s__Agathobaculum_butyriciproducens	10.9568672388
PWY-6700: queuosine biosynthesis I (de novo)	3512.6649160522
PWY-6700: queuosine biosynthesis I (de novo)|g__Lachnospiraceae_unclassified.s__Eubacterium_rectale	1566.1231032461
PWY-6700: queuosine biosynthesis I (de novo)|g__Blautia.s__Blautia_wexlerae	459.5616121240
PWY-6700: queuosine biosynthesis I (de novo)|g__Blautia.s__Blautia_obeum	329.6926281792
PWY-6700: queuosine biosynthesis I (de novo)|unclassified	284.8796987952
PWY-6700: queuosine biosynthesis I (de novo)|g__Anaerostipes.s__Anaerostipes_hadrus	263.7234199134
PWY-6700: queuosine biosynthesis I (de novo)|g__Dorea.s__Dorea_longicatena	217.6669719352
PWY-6700: queuosine biosynthesis I (de novo)|g__Agathobaculum.s__Agathobaculum_butyriciproducens	28.2111208546
PWY-6700: queuosine biosynthesis I (de novo)|g__Eggerthella.s__Eggerthella_lenta	26.7946688989
PWY-1861: formaldehyde assimilation II (assimilatory RuMP Cycle)	3439.7358735477
PWY-1861: formaldehyde assimilation II (assimilatory RuMP Cycle)|unclassified	350.7895011091
PWY-1861: formaldehyde assimilation II (assimilatory RuMP Cycle)|g__Anaerostipes.s__Anaerostipes_hadrus	347.8260692788
PWY-1861: formaldehyde assimilation II (assimilatory RuMP Cycle)|g__Blautia.s__Blautia_obeum	53.5632335549
SER-GLYSYN-PWY: superpathway of L-serine and glycine biosynthesis I	3428.9963103505
SER-GLYSYN-PWY: superpathway of L-serine and glycine biosynthesis I|g__Blautia.s__Blautia_obeum	928.6947214687
SER-GLYSYN-PWY: superpathway of L-serine and glycine biosynthesis I|g__Blautia.s__Blautia_wexlerae	762.0580448719
SER-GLYSYN-PWY: superpathway of L-serine and glycine biosynthesis I|unclassified	255.2707630539
SER-GLYSYN-PWY: superpathway of L-serine and glycine biosynthesis I|g__Anaerostipes.s__Anaerostipes_hadrus	199.1694335822
SER-GLYSYN-PWY: superpathway of L-serine and glycine biosynthesis I|g__Dorea.s__Dorea_longicatena	178.4688855032
SER-GLYSYN-PWY: superpathway of L-serine and glycine biosynthesis I|g__Eggerthella.s__Eggerthella_lenta	26.6636872809
SER-GLYSYN-PWY: superpathway of L-serine and glycine biosynthesis I|g__Roseburia.s__Roseburia_faecis	24.0763391428
PANTOSYN-PWY: superpathway of coenzyme A biosynthesis I (bacteria)	3364.1940646148
PANTOSYN-PWY: superpathway of coenzyme A biosynthesis I (bacteria)|g__Lachnospiraceae_unclassified.s__Eubacterium_rectale	1673.0450253135
PANTOSYN-PWY: superpathway of coenzyme A biosynthesis I (bacteria)|g__Blautia.s__Blautia_wexlerae	513.9575081864
PANTOSYN-PWY: superpathway of coenzyme A biosynthesis I (bacteria)|g__Blautia.s__Blautia_obeum	422.7221230014
PANTOSYN-PWY: superpathway of coenzyme A biosynthesis I (bacteria)|g__Anaerostipes.s__Anaerostipes_hadrus	280.8200598965
PANTOSYN-PWY: superpathway of coenzyme A biosynthesis I (bacteria)|unclassified	167.1510227333
PANTOSYN-PWY: superpathway of coenzyme A biosynthesis I (bacteria)|g__Dorea.s__Dorea_longicatena	154.4033254628
PANTOSYN-PWY: superpathway of coenzyme A biosynthesis I (bacteria)|g__Eggerthella.s__Eggerthella_lenta	32.9334272417
PANTOSYN-PWY: superpathway of coenzyme A biosynthesis I (bacteria)|g__Agathobaculum.s__Agathobaculum_butyriciproducens	22.3321809108
PWY-2942: L-lysine biosynthesis III	3308.4069513419
PWY-2942: L-lysine biosynthesis III|g__Blautia.s__Blautia_obeum	770.5377997080
PWY-2942: L-lysine biosynthesis III|g__Blautia.s__Blautia_wexlerae	562.0670079648
PWY-2942: L-lysine biosynthesis III|unclassified	388.3181698116
PWY-2942: L-lysine biosynthesis III|g__Dorea.s__Dorea_longicatena	286.4514690477
PWY-2942: L-lysine biosynthesis III|g__Anaerostipes.s__Anaerostipes_hadrus	255.4611294088
PWY-2942: L-lysine biosynthesis III|g__Bifidobacterium.s__Bifidobacterium_bifidum	220.2032806117
PWY-2942: L-lysine biosynthesis III|g__Eggerthella.s__Eggerthella_lenta	34.6347134148
PWY-2942: L-lysine biosynthesis III|g__Bifidobacterium.s__Bifidobacterium_breve	26.3642245025
PWY-2942: L-lysine biosynthesis III|g__Lachnoclostridium.s__Clostridium_scindens	18.3520140141
PWY-6270: isoprene biosynthesis I	3206.0231500723
PWY-6270: isoprene biosynthesis I|unclassified	367.7951655089
PWY-6270: isoprene biosynthesis I|g__Anaerostipes.s__Anaerostipes_hadrus	251.1292931502
PWY-6270: isoprene biosynthesis I|g__Dorea.s__Dorea_longicatena	247.9907789334
PWY-7560: methylerythritol phosphate pathway II	3106.7880743109
PWY-7560: methylerythritol phosphate pathway II|unclassified	381.1786932712
PWY-7560: methylerythritol phosphate pathway II|g__Anaerostipes.s__Anaerostipes_hadrus	259.2128721959
PWY-7560: methylerythritol phosphate pathway II|g__Dorea.s__Dorea_longicatena	258.3921729418
PWY-7560: methylerythritol phosphate pathway II|g__Bifidobacterium.s__Bifidobacterium_bifidum	59.0838077432
PYRIDNUCSYN-PWY: NAD de novo biosynthesis I (from aspartate)	3030.2703383337
PYRIDNUCSYN-PWY: NAD de novo biosynthesis I (from aspartate)|unclassified	295.0814814746
PYRIDNUCSYN-PWY: NAD de novo biosynthesis I (from aspartate)|g__Anaerostipes.s__Anaerostipes_hadrus	275.9204097442
PYRIDNUCSYN-PWY: NAD de novo biosynthesis I (from aspartate)|g__Bifidobacterium.s__Bifidobacterium_bifidum	183.9684495254
PYRIDNUCSYN-PWY: NAD de novo biosynthesis I (from aspartate)|g__Dorea.s__Dorea_longicatena	176.0024137936
PYRIDNUCSYN-PWY: NAD de novo biosynthesis I (from aspartate)|g__Bifidobacterium.s__Bifidobacterium_breve	16.7576282433
PANTO-PWY: phosphopantothenate biosynthesis I	3011.7139627746
PANTO-PWY: phosphopantothenate biosynthesis I|g__Lachnospiraceae_unclassified.s__Eubacterium_rectale	1659.1700435236
PANTO-PWY: phosphopantothenate biosynthesis I|g__Blautia.s__Blautia_wexlerae	613.2190249420
PANTO-PWY: phosphopantothenate biosynthesis I|g__Anaerostipes.s__Anaerostipes_hadrus	359.7989389490
PANTO-PWY: phosphopantothenate biosynthesis I|g__Blautia.s__Blautia_obeum	356.8207281837
PANTO-PWY: phosphopantothenate biosynthesis I|unclassified	170.5449792880
PANTO-PWY: phosphopantothenate biosynthesis I|g__Dorea.s__Dorea_longicatena	154.5028533111
PANTO-PWY: phosphopantothenate biosynthesis I|g__Eggerthella.s__Eggerthella_lenta	54.5507327158
PANTO-PWY: phosphopantothenate biosynthesis I|g__Agathobaculum.s__Agathobaculum_butyriciproducens	26.9232380009
PWY-6123: inosine-5'-phosphate biosynthesis I	2916.1842625905
PWY-6123: inosine-5'-phosphate biosynthesis I|g__Blautia.s__Blautia_wexlerae	907.4902192205
PWY-6123: inosine-5'-phosphate biosynthesis I|g__Anaerostipes.s__Anaerostipes_hadrus	226.2215137050
PWY-6123: inosine-5'-phosphate biosynthesis I|g__Blautia.s__Blautia_obeum	203.5280664703
PWY-6123: inosine-5'-phosphate biosynthesis I|unclassified	167.0498758998
PWY-6123: inosine-5'-phosphate biosynthesis I|g__Bifidobacterium.s__Bifidobacterium_bifidum	161.2640807391
PWY-6123: inosine-5'-phosphate biosynthesis I|g__Eggerthella.s__Eggerthella_lenta	39.5246502923
HISTSYN-PWY: L-histidine biosynthesis	2906.1215789063
HISTSYN-PWY: L-histidine biosynthesis|g__Blautia.s__Blautia_obeum	257.2307189165
HISTSYN-PWY: L-histidine biosynthesis|g__Bifidobacterium.s__Bifidobacterium_bifidum	167.8857471357
HISTSYN-PWY: L-histidine biosynthesis|unclassified	144.7970618468
HISTSYN-PWY: L-histidine biosynthesis|g__Lachnoclostridium.s__Clostridium_scindens	28.4067428785
HISTSYN-PWY: L-histidine biosynthesis|g__Eggerthella.s__Eggerthella_lenta	17.9624532750
HISTSYN-PWY: L-histidine biosynthesis|g__Agathobaculum.s__Agathobaculum_butyriciproducens	13.1405580333
PWY0-1061: superpathway of L-alanine biosynthesis	2896.3293503985
PWY0-1061: superpathway of L-alanine biosynthesis|g__Lachnospiraceae_unclassified.s__Eubacterium_rectale	1802.1826883068
PWY0-1061: superpathway of L-alanine biosynthesis|g__Bifidobacterium.s__Bifidobacterium_bifidum	165.8580340147
PWY0-1061: superpathway of L-alanine biosynthesis|g__Bifidobacterium.s__Bifidobacterium_breve	12.3171662717
THISYNARA-PWY: superpathway of thiamine diphosphate biosynthesis III (eukaryotes)	2853.8113540876
THISYNARA-PWY: superpathway of thiamine diphosphate biosynthesis III (eukaryotes)|g__Lachnospiraceae_unclassified.s__Eubacterium_rectale	1500.2709947867
THISYNARA-PWY: superpathway of thiamine diphosphate biosynthesis III (eukaryotes)|g__Bifidobacterium.s__Bifidobacterium_bifidum	172.6097396474
THISYNARA-PWY: superpathway of thiamine diphosphate biosynthesis III (eukaryotes)|unclassified	161.0336377299
THISYNARA-PWY: superpathway of thiamine diphosphate biosynthesis III (eukaryotes)|g__Roseburia.s__Roseburia_faecis	23.3243640451
THISYNARA-PWY: superpathway of thiamine diphosphate biosynthesis III (eukaryotes)|g__Lachnoclostridium.s__Clostridium_scindens	22.1752613090
COBALSYN-PWY: superpathway of adenosylcobalamin salvage from cobinamide I	2825.1246180551
COBALSYN-PWY: superpathway of adenosylcobalamin salvage from cobinamide I|g__Blautia.s__Blautia_wexlerae	509.2858014199
COBALSYN-PWY: superpathway of adenosylcobalamin salvage from cobinamide I|g__Blautia.s__Blautia_obeum	294.7586670009
COBALSYN-PWY: superpathway of adenosylcobalamin salvage from cobinamide I|g__Dorea.s__Dorea_longicatena	263.1949311555
COBALSYN-PWY: superpathway of adenosylcobalamin salvage from cobinamide I|unclassified	218.7899423017
PWY-6897: thiamine diphosphate salvage II	2800.6080971530
PWY-6897: thiamine diphosphate salvage II|g__Lachnospiraceae_unclassified.s__Eubacterium_rectale	1675.7668695284
PWY-6897: thiamine diphosphate salvage II|unclassified	147.1834677561
PWY-6897: thiamine diphosphate salvage II|g__Agathobaculum.s__Agathobaculum_butyriciproducens	12.5421913393
PWY-6124: inosine-5'-phosphate biosynthesis II	2683.8625872997
PWY-6124: inosine-5'-phosphate biosynthesis II|g__Blautia.s__Blautia_wexlerae	1002.5417655579
PWY-6124: inosine-5'-phosphate biosynthesis II|g__Anaerostipes.s__Anaerostipes_hadrus	219.4481887438
PWY-6124: inosine-5'-phosphate biosynthesis II|g__Blautia.s__Blautia_obeum	184.0161211065
PWY-6124: inosine-5'-phosphate biosynthesis II|unclassified	142.2800253748
PWY-6124: inosine-5'-phosphate biosynthesis II|g__Eggerthella.s__Eggerthella_lenta	39.6919482560
PWY-724: superpathway of L-lysine, L-threonine and L-methionine biosynthesis II	2669.6766802090
PWY-724: superpathway of L-lysine, L-threonine and L-methionine biosynthesis II|g__Blautia.s__Blautia_obeum	463.3663914274
PWY-724: superpathway of L-lysine, L-threonine and L-methionine biosynthesis II|unclassified	336.5156111642
PWY-724: superpathway of L-lysine, L-threonine and L-methionine biosynthesis II|g__Dorea.s__Dorea_longicatena	249.2853516850
PWY-724: superpathway of L-lysine, L-threonine and L-methionine biosynthesis II|g__Anaerostipes.s__Anaerostipes_hadrus	248.8394916048
PWY-724: superpathway of L-lysine, L-threonine and L-methionine biosynthesis II|g__Bifidobacterium.s__Bifidobacterium_bifidum	193.0737627583
PWY-724: superpathway of L-lysine, L-threonine and L-methionine biosynthesis II|g__Agathobaculum.s__Agathobaculum_butyriciproducens	18.1332306332
PWY-5695: inosine 5'-phosphate degradation	2634.9279067066
PWY-5695: inosine 5'-phosphate degradation|g__Blautia.s__Blautia_wexlerae	801.4574074874
PWY-5695: inosine 5'-phosphate degradation|g__Anaerostipes.s__Anaerostipes_hadrus	333.1194168439
PWY-5695: inosine 5'-phosphate degradation|unclassified	241.4173841967
PWY-5695: inosine 5'-phosphate degradation|g__Dorea.s__Dorea_longicatena	219.7392805398
PWY-5695: inosine 5'-phosphate degradation|g__Blautia.s__Blautia_obeum	204.4372367973
PWY-5695: inosine 5'-phosphate degradation|g__Lachnoclostridium.s__Clostridium_scindens	20.5682190474
PWY-5695: inosine 5'-phosphate degradation|g__Agathobaculum.s__Agathobaculum_butyriciproducens	19.1715919396
PWY-7315: dTDP-N-acetylthomosamine biosynthesis	2613.5667114726
PWY-7315: dTDP-N-acetylthomosamine biosynthesis|g__Lachnospiraceae_unclassified.s__Eubacterium_rectale	2036.7300299912
ASPASN-PWY: superpathway of L-aspartate and L-asparagine biosynthesis	2575.2332166644
ASPASN-PWY: superpathway of L-aspartate and L-asparagine biosynthesis|g__Blautia.s__Blautia_obeum	306.3923107878
ASPASN-PWY: superpathway of L-aspartate and L-asparagine biosynthesis|unclassified	142.8614227477
ASPASN-PWY: superpathway of L-aspartate and L-asparagine biosynthesis|g__Blautia.s__Blautia_wexlerae	52.7726767272
PWY-3001: superpathway of L-isoleucine biosynthesis I	2393.2266025408
PWY-3001: superpathway of L-isoleucine biosynthesis I|unclassified	312.7831809528
PWY-3001: superpathway of L-isoleucine biosynthesis I|g__Bifidobacterium.s__Bifidobacterium_bifidum	210.7917071089
PWY-6608: guanosine nucleotides degradation III	2191.8432650338
PWY-6608: guanosine nucleotides degradation III|g__Blautia.s__Blautia_wexlerae	721.6057296048
PWY-6608: guanosine nucleotides degradation III|g__Anaerostipes.s__Anaerostipes_hadrus	416.6060382490
PWY-6608: guanosine nucleotides degradation III|g__Blautia.s__Blautia_obeum	249.9871390233
PWY-6608: guanosine nucleotides degradation III|unclassified	229.2522104628
THRESYN-PWY: superpathway of L-threonine biosynthesis	2115.0447319790
THRESYN-PWY: superpathway of L-threonine biosynthesis|g__Blautia.s__Blautia_obeum	351.8892785833
THRESYN-PWY: superpathway of L-threonine biosynthesis|unclassified	290.9112613754
THRESYN-PWY: superpathway of L-threonine biosynthesis|g__Anaerostipes.s__Anaerostipes_hadrus	219.1641145854
THRESYN-PWY: superpathway of L-threonine biosynthesis|g__Bifidobacterium.s__Bifidobacterium_bifidum	199.7461979463
THRESYN-PWY: superpathway of L-threonine biosynthesis|g__Bifidobacterium.s__Bifidobacterium_breve	22.9426548182
PWY-6936: seleno-amino acid biosynthesis (plants)	1953.7727476322
PWY-6936: seleno-amino acid biosynthesis (plants)|g__Anaerostipes.s__Anaerostipes_hadrus	341.0080927496
PWY-6936: seleno-amino acid biosynthesis (plants)|unclassified	58.0494330725
PWY-6936: seleno-amino acid biosynthesis (plants)|g__Roseburia.s__Roseburia_faecis	17.6992045240
GLCMANNANAUT-PWY: superpathway of N-acetylglucosamine, N-acetylmannosamine and N-acetylneuraminate degradation	1853.4552132310
GLCMANNANAUT-PWY: superpathway of N-acetylglucosamine, N-acetylmannosamine and N-acetylneuraminate degradation|unclassified	153.5960752500
METH-ACETATE-PWY: methanogenesis from acetate	1813.1929044920
METH-ACETATE-PWY: methanogenesis from acetate|g__Blautia.s__Blautia_wexlerae	541.4508199686
METH-ACETATE-PWY: methanogenesis from acetate|unclassified	185.9841180909
METH-ACETATE-PWY: methanogenesis from acetate|g__Blautia.s__Blautia_obeum	163.8679181089
PWY-5188: tetrapyrrole biosynthesis I (from glutamate)	1791.6913460534
PWY-5188: tetrapyrrole biosynthesis I (from glutamate)|g__Blautia.s__Blautia_wexlerae	504.1108259373
PWY-5188: tetrapyrrole biosynthesis I (from glutamate)|g__Blautia.s__Blautia_obeum	296.4224206084
PWY-5188: tetrapyrrole biosynthesis I (from glutamate)|unclassified	221.7780821193
PWY-5188: tetrapyrrole biosynthesis I (from glutamate)|g__Anaerostipes.s__Anaerostipes_hadrus	190.9081594805
PWY-7977: L-methionine biosynthesis IV	1777.4055632990
PWY-7977: L-methionine biosynthesis IV|unclassified	366.9374779033
PWY-7977: L-methionine biosynthesis IV|g__Dorea.s__Dorea_longicatena	266.8180768759
PWY-7977: L-methionine biosynthesis IV|g__Anaerostipes.s__Anaerostipes_hadrus	248.7617567349
PWY-5659: GDP-mannose biosynthesis	1667.1696923781
PWY-5659: GDP-mannose biosynthesis|unclassified	478.4770970093
PWY-5659: GDP-mannose biosynthesis|g__Blautia.s__Blautia_obeum	261.0756280239
PWY-5659: GDP-mannose biosynthesis|g__Lachnospiraceae_unclassified.s__Eubacterium_rectale	81.0993067176
PWY-5659: GDP-mannose biosynthesis|g__Roseburia.s__Roseburia_faecis	21.1835357766
PWY-6731: starch degradation III	1548.3513091646
PWY-6731: starch degradation III|g__Blautia.s__Blautia_wexlerae	619.0934725014
PWY-6731: starch degradation III|g__Blautia.s__Blautia_obeum	528.5397474803
PWY-6731: starch degradation III|unclassified	218.2213271548
COLANSYN-PWY: colanic acid building blocks biosynthesis	1371.3251379740
COLANSYN-PWY: colanic acid building blocks biosynthesis|unclassified	267.3802517839
P164-PWY: purine nucleobases degradation I (anaerobic)	1345.5914290409
P164-PWY: purine nucleobases degradation I (anaerobic)|unclassified	191.5179450468
GLUCONEO-PWY: gluconeogenesis I	1270.5039731507
PWY-621: sucrose degradation III (sucrose invertase)	1239.0655894204
PWY-621: sucrose degradation III (sucrose invertase)|g__Anaerostipes.s__Anaerostipes_hadrus	605.5117171200
PWY-621: sucrose degradation III (sucrose invertase)|g__Bifidobacterium.s__Bifidobacterium_bifidum	167.7129857356
PWY-621: sucrose degradation III (sucrose invertase)|g__Roseburia.s__Roseburia_faecis	26.9026160563
PWY-7323: superpathway of GDP-mannose-derived O-antigen building blocks biosynthesis	1222.3861103766
GLYCOLYSIS: glycolysis I (from glucose 6-phosphate)	1221.1446415403
GLYCOLYSIS: glycolysis I (from glucose 6-phosphate)|unclassified	111.1297590789
PWY-5384: sucrose degradation IV (sucrose phosphorylase)	1202.2216283672
PWY-5384: sucrose degradation IV (sucrose phosphorylase)|g__Anaerostipes.s__Anaerostipes_hadrus	405.0068408290
PWY-5384: sucrose degradation IV (sucrose phosphorylase)|g__Bifidobacterium.s__Bifidobacterium_bifidum	248.4952813431
PWY-5384: sucrose degradation IV (sucrose phosphorylase)|g__Bifidobacterium.s__Bifidobacterium_breve	29.7350771432
PWY-5384: sucrose degradation IV (sucrose phosphorylase)|g__Blautia.s__Blautia_wexlerae	23.9248090257
PWY-5384: sucrose degradation IV (sucrose phosphorylase)|g__Roseburia.s__Roseburia_faecis	19.6363998310
PWY-7208: superpathway of pyrimidine nucleobases salvage	1175.5993663904
PWY-7208: superpathway of pyrimidine nucleobases salvage|g__Blautia.s__Blautia_obeum	250.3453047099
PWY-7208: superpathway of pyrimidine nucleobases salvage|g__Eggerthella.s__Eggerthella_lenta	38.3864351062
PWY-7208: superpathway of pyrimidine nucleobases salvage|unclassified	34.5805725794
OANTIGEN-PWY: O-antigen building blocks biosynthesis (E. coli)	1091.8604452516
OANTIGEN-PWY: O-antigen building blocks biosynthesis (E. coli)|unclassified	182.1485655629
OANTIGEN-PWY: O-antigen building blocks biosynthesis (E. coli)|g__Eggerthella.s__Eggerthella_lenta	29.6125323764
ANAEROFRUCAT-PWY: homolactic fermentation	1084.8167411641
ANAEROFRUCAT-PWY: homolactic fermentation|unclassified	79.7684426658
PWY-6353: purine nucleotides degradation II (aerobic)	1039.3481172118
PWY-6353: purine nucleotides degradation II (aerobic)|g__Anaerostipes.s__Anaerostipes_hadrus	331.5831367742
PWY-6353: purine nucleotides degradation II (aerobic)|unclassified	64.0242362455
P461-PWY: hexitol fermentation to lactate, formate, ethanol and acetate	961.5972617571
P461-PWY: hexitol fermentation to lactate, formate, ethanol and acetate|g__Anaerostipes.s__Anaerostipes_hadrus	486.1958815972
P461-PWY: hexitol fermentation to lactate, formate, ethanol and acetate|unclassified	203.1439826252
PWY-622: starch biosynthesis	921.1967490631
PWY-5676: acetyl-CoA fermentation to butanoate II	895.8257118756
PWY-5676: acetyl-CoA fermentation to butanoate II|g__Anaerostipes.s__Anaerostipes_hadrus	369.9300211477
PWY-5484: glycolysis II (from fructose 6-phosphate)	860.1608920245
PWY-5484: glycolysis II (from fructose 6-phosphate)|unclassified	65.0629017548
PWY0-162: superpathway of pyrimidine ribonucleotides de novo biosynthesis	836.9519772556
PWY-I9: L-cysteine biosynthesis VI (from L-methionine)	821.5693039586
PWY-I9: L-cysteine biosynthesis VI (from L-methionine)|g__Anaerostipes.s__Anaerostipes_hadrus	281.9158128207
PWY-I9: L-cysteine biosynthesis VI (from L-methionine)|unclassified	178.4417360436
PWY-6630: superpathway of L-tyrosine biosynthesis	796.7024548134
DAPLYSINESYN-PWY: L-lysine biosynthesis I	793.9000234517
PWY-6901: superpathway of glucose and xylose degradation	773.0547472390
P185-PWY: formaldehyde assimilation III (dihydroxyacetone cycle)	711.6845314986
P185-PWY: formaldehyde assimilation III (dihydroxyacetone cycle)|unclassified	140.6454352748
PENTOSE-P-PWY: pentose phosphate pathway	677.3633126854
PENTOSE-P-PWY: pentose phosphate pathway|g__Bifidobacterium.s__Bifidobacterium_bifidum	102.1900662982
PWY-6606: guanosine nucleotides degradation II	654.0717291097
PWY-6606: guanosine nucleotides degradation II|g__Anaerostipes.s__Anaerostipes_hadrus	293.2108409696
PWY-6606: guanosine nucleotides degradation II|unclassified	39.4524592636
UDPNAGSYN-PWY: UDP-N-acetyl-D-glucosamine biosynthesis I	634.2023240592
UDPNAGSYN-PWY: UDP-N-acetyl-D-glucosamine biosynthesis I|g__Bifidobacterium.s__Bifidobacterium_bifidum	181.2780129534
UDPNAGSYN-PWY: UDP-N-acetyl-D-glucosamine biosynthesis I|unclassified	111.8424728221
UDPNAGSYN-PWY: UDP-N-acetyl-D-glucosamine biosynthesis I|g__Eggerthella.s__Eggerthella_lenta	33.9410555060
UDPNAGSYN-PWY: UDP-N-acetyl-D-glucosamine biosynthesis I|g__Bifidobacterium.s__Bifidobacterium_breve	22.4359091982
UDPNAGSYN-PWY: UDP-N-acetyl-D-glucosamine biosynthesis I|g__Agathobaculum.s__Agathobaculum_butyriciproducens	13.5294992517
PWY-7117: C4 photosynthetic carbon assimilation cycle, PEPCK type	630.1036189388
PWY-6703: preQ0 biosynthesis	614.1799942618
PWY-6703: preQ0 biosynthesis|g__Blautia.s__Blautia_obeum	261.7598745786
PWY-6703: preQ0 biosynthesis|g__Anaerostipes.s__Anaerostipes_hadrus	194.1650590114
PWY-6703: preQ0 biosynthesis|unclassified	110.7058872474
PWY-241: C4 photosynthetic carbon assimilation cycle, NADP-ME type	612.4569725058
PWY-702: L-methionine biosynthesis II	609.2471882904
PWY-702: L-methionine biosynthesis II|unclassified	65.3937236584
PWY-7115: C4 photosynthetic carbon assimilation cycle, NAD-ME type	604.1843891053
SALVADEHYPOX-PWY: adenosine nucleotides degradation II	601.2827736311
SALVADEHYPOX-PWY: adenosine nucleotides degradation II|g__Anaerostipes.s__Anaerostipes_hadrus	329.2694902499
SALVADEHYPOX-PWY: adenosine nucleotides degradation II|unclassified	34.0400911168
PWY-6628: superpathway of L-phenylalanine biosynthesis	558.3146180318
PWY-7234: inosine-5'-phosphate biosynthesis III	544.0129346030
GOLPDLCAT-PWY: superpathway of glycerol degradation to 1,3-propanediol	540.1647856543
GOLPDLCAT-PWY: superpathway of glycerol degradation to 1,3-propanediol|g__Anaerostipes.s__Anaerostipes_hadrus	227.4002090865
GOLPDLCAT-PWY: superpathway of glycerol degradation to 1,3-propanediol|unclassified	112.4274450796
PWY-4041: &gamma;-glutamyl cycle	534.6401418394
PWY-4041: &gamma;-glutamyl cycle|unclassified	66.5319213707
PWY-4041: &gamma;-glutamyl cycle|g__Bifidobacterium.s__Bifidobacterium_breve	19.4614829285
PWY-4041: &gamma;-glutamyl cycle|g__Bifidobacterium.s__Bifidobacterium_bifidum	17.3330449699
PWY-7400: L-arginine biosynthesis IV (archaebacteria)	495.0636551902
PWY-7400: L-arginine biosynthesis IV (archaebacteria)|unclassified	208.2362394682
PWY3O-4107: NAD salvage pathway V (PNC V cycle)	433.7046116388
PWY3O-4107: NAD salvage pathway V (PNC V cycle)|g__Bifidobacterium.s__Bifidobacterium_bifidum	184.7474620049
GALACTITOLCAT-PWY: galactitol degradation	428.3389142026
GALACTITOLCAT-PWY: galactitol degradation|g__Anaerostipes.s__Anaerostipes_hadrus	369.2072150688
PWY-7199: pyrimidine deoxyribonucleosides salvage	406.5650014362
PWY-7199: pyrimidine deoxyribonucleosides salvage|unclassified	222.1736056041
RUMP-PWY: formaldehyde oxidation I	406.0292402038
PPGPPMET-PWY: ppGpp metabolism	361.6226229061
PWY-7328: superpathway of UDP-glucose-derived O-antigen building blocks biosynthesis	349.6034715396
PWY-7328: superpathway of UDP-glucose-derived O-antigen building blocks biosynthesis|unclassified	196.6044390989
PWY-7013: (S)-propane-1,2-diol degradation	324.9745315808
PWY-7013: (S)-propane-1,2-diol degradation|unclassified	200.3498949858
PWY-7209: superpathway of pyrimidine ribonucleosides degradation	313.1437900144
PWY-7229: superpathway of adenosine nucleotides de novo biosynthesis I	310.6815931309
PWY-7229: superpathway of adenosine nucleotides de novo biosynthesis I|unclassified	89.0568592061
PWY-7229: superpathway of adenosine nucleotides de novo biosynthesis I|g__Eggerthella.s__Eggerthella_lenta	23.4024737661
LACTOSECAT-PWY: lactose and galactose degradation I	300.2802433411
LACTOSECAT-PWY: lactose and galactose degradation I|g__Anaerostipes.s__Anaerostipes_hadrus	269.9690280176
LACTOSECAT-PWY: lactose and galactose degradation I|unclassified	149.6663148074
PWY-841: superpathway of purine nucleotides de novo biosynthesis I	277.4675644834
PWY-841: superpathway of purine nucleotides de novo biosynthesis I|unclassified	74.5605005274
PWY-841: superpathway of purine nucleotides de novo biosynthesis I|g__Eggerthella.s__Eggerthella_lenta	31.8147405672
PWY1ZNC-1: assimilatory sulfate reduction IV	275.2920691950
PWY1ZNC-1: assimilatory sulfate reduction IV|unclassified	50.9790009266
PWY-8004: Entner-Doudoroff pathway I	246.2450955540
P441-PWY: superpathway of N-acetylneuraminate degradation	218.5851210941
PWY-8187: L-arginine degradation XIII (reductive Stickland reaction)	218.2791736450
PWY-8187: L-arginine degradation XIII (reductive Stickland reaction)|unclassified	54.5031822970
PWY-8187: L-arginine degradation XIII (reductive Stickland reaction)|g__Eggerthella.s__Eggerthella_lenta	25.8886274556
RHAMCAT-PWY: L-rhamnose degradation I	212.1247638161
RHAMCAT-PWY: L-rhamnose degradation I|unclassified	144.0476867746
RHAMCAT-PWY: L-rhamnose degradation I|g__Roseburia.s__Roseburia_faecis	15.9650777360
FUCCAT-PWY: fucose degradation	198.0604267459
PWY-6126: superpathway of adenosine nucleotides de novo biosynthesis II	190.8422864183
PWY-6126: superpathway of adenosine nucleotides de novo biosynthesis II|unclassified	57.1739354173
PWY-6126: superpathway of adenosine nucleotides de novo biosynthesis II|g__Eggerthella.s__Eggerthella_lenta	24.8445363874
PWY-7228: superpathway of guanosine nucleotides de novo biosynthesis I	163.9816139335
PWY-7228: superpathway of guanosine nucleotides de novo biosynthesis I|unclassified	48.7610064560
PWY-7228: superpathway of guanosine nucleotides de novo biosynthesis I|g__Eggerthella.s__Eggerthella_lenta	44.1715805675
PWY-6549: L-glutamine biosynthesis III	154.7921869948
PWY-6125: superpathway of guanosine nucleotides de novo biosynthesis II	129.7339142212
PWY-6125: superpathway of guanosine nucleotides de novo biosynthesis II|unclassified	39.3015848105
PWY-6125: superpathway of guanosine nucleotides de novo biosynthesis II|g__Eggerthella.s__Eggerthella_lenta	35.8989794009
PWY-7198: pyrimidine deoxyribonucleotides de novo biosynthesis IV	121.1278199022
PWY-7198: pyrimidine deoxyribonucleotides de novo biosynthesis IV|unclassified	30.5759938004
PWY-7356: thiamine diphosphate salvage IV (yeast)	120.7873177492
PWY-7356: thiamine diphosphate salvage IV (yeast)|g__Agathobaculum.s__Agathobaculum_butyriciproducens	11.6114272012
PWY-7456: &beta;-(1,4)-mannan degradation	108.6551356312
PWY-7456: &beta;-(1,4)-mannan degradation|g__Roseburia.s__Roseburia_faecis	22.0425225742
PWY-7211: superpathway of pyrimidine deoxyribonucleotides de novo biosynthesis	99.8839507863
PYRIDNUCSAL-PWY: NAD salvage pathway I (PNC VI cycle)	94.3480125741
PWY-5121: superpathway of geranylgeranyl diphosphate biosynthesis II (via MEP)	94.3291041158
PWY-5121: superpathway of geranylgeranyl diphosphate biosynthesis II (via MEP)|unclassified	78.1441762828
PHOSLIPSYN-PWY: superpathway of phospholipid biosynthesis I (bacteria)	92.5852914106
PHOSLIPSYN-PWY: superpathway of phospholipid biosynthesis I (bacteria)|unclassified	76.0559549879
PWY-7220: adenosine deoxyribonucleotides de novo biosynthesis II	83.3580518795
PWY-7220: adenosine deoxyribonucleotides de novo biosynthesis II|g__Eggerthella.s__Eggerthella_lenta	43.6773178419
PWY-7220: adenosine deoxyribonucleotides de novo biosynthesis II|unclassified	26.1694784071
PWY-7222: guanosine deoxyribonucleotides de novo biosynthesis II	83.3580518795
PWY-7222: guanosine deoxyribonucleotides de novo biosynthesis II|g__Eggerthella.s__Eggerthella_lenta	43.6773178419
PWY-7222: guanosine deoxyribonucleotides de novo biosynthesis II|unclassified	26.1694784071
PWY-8131: 5'-deoxyadenosine degradation II	77.0635336165
PWY-8131: 5'-deoxyadenosine degradation II|g__Blautia.s__Blautia_obeum	16.0052762243
PWY-8131: 5'-deoxyadenosine degradation II|unclassified	13.6075483867
PWY66-409: superpathway of purine nucleotide salvage	76.0465091699
PWY-7197: pyrimidine deoxyribonucleotide phosphorylation	75.2352343006
PWY-7197: pyrimidine deoxyribonucleotide phosphorylation|g__Eggerthella.s__Eggerthella_lenta	30.5284400594
PWY-7197: pyrimidine deoxyribonucleotide phosphorylation|unclassified	23.1380277928
PWY-7761: NAD salvage pathway II (PNC IV cycle)	72.7301846023
GLYCOCAT-PWY: glycogen degradation I	67.9413503871
GLYCOCAT-PWY: glycogen degradation I|g__Bifidobacterium.s__Bifidobacterium_bifidum	37.5286874483
PWY0-1298: superpathway of pyrimidine deoxyribonucleosides degradation	62.2219065588
PWY0-1298: superpathway of pyrimidine deoxyribonucleosides degradation|unclassified	45.5156457539
PWY-5154: L-arginine biosynthesis III (via N-acetyl-L-citrulline)	61.5051811934
PWY-5154: L-arginine biosynthesis III (via N-acetyl-L-citrulline)|unclassified	55.3103549676
PWY0-1477: ethanolamine utilization	59.3423870491
PWY0-1477: ethanolamine utilization|unclassified	53.2893805138
PWY0-1297: superpathway of purine deoxyribonucleosides degradation	57.8578931241
PWY0-1297: superpathway of purine deoxyribonucleosides degradation|unclassified	51.2068854364
PWY-7184: pyrimidine deoxyribonucleotides de novo biosynthesis I	57.6560434082
PWY-7184: pyrimidine deoxyribonucleotides de novo biosynthesis I|unclassified	31.1942819785
PWY-6545: pyrimidine deoxyribonucleotides de novo biosynthesis III	57.5775750547
PWY-6545: pyrimidine deoxyribonucleotides de novo biosynthesis III|unclassified	30.7198748716
PWY-7210: pyrimidine deoxyribonucleotides biosynthesis from CTP	57.3832306385
PWY-7210: pyrimidine deoxyribonucleotides biosynthesis from CTP|unclassified	34.4383080492
PWY-5345: superpathway of L-methionine biosynthesis (by sulfhydrylation)	56.6376523883
PWY-5345: superpathway of L-methionine biosynthesis (by sulfhydrylation)|unclassified	44.4372513065
PWY4FS-7: phosphatidylglycerol biosynthesis I (plastidic)	55.9775897571
PWY4FS-7: phosphatidylglycerol biosynthesis I (plastidic)|unclassified	50.4529987688
PWY4FS-8: phosphatidylglycerol biosynthesis II (non-plastidic)	55.9775897571
PWY4FS-8: phosphatidylglycerol biosynthesis II (non-plastidic)|unclassified	50.4529987688
PWY-6292: superpathway of L-cysteine biosynthesis (mammalian)	51.8944516806
PWY-6902: chitin degradation II (Vibrio)	50.3288674758
PWY-6902: chitin degradation II (Vibrio)|g__Bifidobacterium.s__Bifidobacterium_bifidum	33.9752166479
PWY4LZ-257: superpathway of fermentation (Chlamydomonas reinhardtii)	48.0458925589
PWY4LZ-257: superpathway of fermentation (Chlamydomonas reinhardtii)|unclassified	42.6679382829
SULFATE-CYS-PWY: superpathway of sulfate assimilation and cysteine biosynthesis	46.5218469646
SULFATE-CYS-PWY: superpathway of sulfate assimilation and cysteine biosynthesis|unclassified	40.7312048201
FERMENTATION-PWY: mixed acid fermentation	43.7907524457
FERMENTATION-PWY: mixed acid fermentation|unclassified	28.5171832659
P161-PWY: acetylene degradation (anaerobic)	38.6554164678
P161-PWY: acetylene degradation (anaerobic)|unclassified	35.9923270865
PWY-5913: partial TCA cycle (obligate autotrophs)	33.5433364178
PWY-2941: L-lysine biosynthesis II	28.6758506913
PWY-2941: L-lysine biosynthesis II|unclassified	27.3688894064
PWY-6969: TCA cycle V (2-oxoglutarate synthase)	22.6936584060
HEMESYN2-PWY: heme b biosynthesis II (oxygen-independent)	21.2904214108
PWY-8134: bile acid 7&beta;-dehydroxylation	20.9897662668
PWY-8134: bile acid 7&beta;-dehydroxylation|g__Lachnoclostridium.s__Clostridium_scindens	18.4705255963
PWY-7754: bile acid 7&alpha;-dehydroxylation	20.8587270129
SO4ASSIM-PWY: assimilatory sulfate reduction I	20.8523394379
SO4ASSIM-PWY: assimilatory sulfate reduction I|unclassified	19.8980113276
PWY-5690: TCA cycle II (plants and fungi)	20.5804219863
GALACTARDEG-PWY: D-galactarate degradation I	15.7197547413
GLUCARGALACTSUPER-PWY: superpathway of D-glucarate and D-galactarate degradation	15.7197547413
FASYN-INITIAL-PWY: superpathway of fatty acid biosynthesis initiation (E. coli)	10.3211448575
FASYN-INITIAL-PWY: superpathway of fatty acid biosynthesis initiation (E. coli)|unclassified	10.1400733752
PWY-5973: cis-vaccenate biosynthesis	8.6077359577
PWY-5973: cis-vaccenate biosynthesis|unclassified	8.5073206142
FASYN-ELONG-PWY: fatty acid elongation -- saturated	6.8890449738
FASYN-ELONG-PWY: fatty acid elongation -- saturated|unclassified	6.8371285148
PWY-7663: gondoate biosynthesis (anaerobic)	6.8890449738
PWY-7663: gondoate biosynthesis (anaerobic)|unclassified	6.8371285148
PWY-7664: oleate biosynthesis IV (anaerobic)	6.8887863746
PWY-7664: oleate biosynthesis IV (anaerobic)|unclassified	6.8329529839
PWY0-862: (5Z)-dodecenoate biosynthesis I	6.8884416059
PWY0-862: (5Z)-dodecenoate biosynthesis I|unclassified	6.8273935363
PWY-5989: stearate biosynthesis II (bacteria and plants)	6.8877333404
PWY-5989: stearate biosynthesis II (bacteria and plants)|unclassified	6.7879408834
PWY-6282: palmitoleate biosynthesis I (from (5Z)-dodec-5-enoate)	6.2008141601
PWY-6282: palmitoleate biosynthesis I (from (5Z)-dodec-5-enoate)|unclassified	6.1633697738