# Pathway	merged_CIC-15216918Week-4_S238_L002__kneaddata_paired_Abundance
UNMAPPED	525706.4904989888
UNINTEGRATED	1668783.1892619804
UNINTEGRATED|unclassified	509417.1415306404
UNINTEGRATED|g__Blautia.s__Blautia_obeum	277850.9441416147
UNINTEGRATED|g__Anaerostipes.s__Anaerostipes_hadrus	174845.2862909153
UNINTEGRATED|g__Dorea.s__Dorea_longicatena	163952.6437884342
UNINTEGRATED|g__Blautia.s__Blautia_wexlerae	70781.6353884561
UNINTEGRATED|g__Firmicutes_unclassified.s__Firmicutes_bacterium_AM10_47	66777.3451417129
UNINTEGRATED|g__Firmicutes_unclassified.s__Firmicutes_bacterium_AF16_15	61185.1610979133
UNINTEGRATED|g__Faecalibacterium.s__Faecalibacterium_prausnitzii	57428.4958505309
UNINTEGRATED|g__Collinsella.s__Collinsella_aerofaciens	45814.2894306595
UNINTEGRATED|g__Roseburia.s__Roseburia_inulinivorans	42703.7696729352
UNINTEGRATED|g__Roseburia.s__Roseburia_intestinalis	31283.6847037948
UNINTEGRATED|g__Eggerthella.s__Eggerthella_lenta	28016.2992928521
UNINTEGRATED|g__Ruminococcus.s__Ruminococcus_lactaris	24108.0095617962
UNINTEGRATED|g__Eubacterium.s__Eubacterium_ramulus	22515.0053189617
UNINTEGRATED|g__Agathobaculum.s__Agathobaculum_butyriciproducens	13216.5283493116
UNINTEGRATED|g__Roseburia.s__Roseburia_hominis	9692.0135541784
UNINTEGRATED|g__Streptococcus.s__Streptococcus_salivarius	7952.2539646763
UNINTEGRATED|g__Erysipelatoclostridium.s__Clostridium_spiroforme	6966.6616314026
UNINTEGRATED|g__Streptococcus.s__Streptococcus_equinus	2698.0781289324
UNINTEGRATED|g__Streptococcus.s__Streptococcus_pneumoniae	2675.0122877134
UNINTEGRATED|g__Asaccharobacter.s__Asaccharobacter_celatus	2058.1781858076
UNINTEGRATED|g__Actinomyces.s__Actinomyces_sp_ICM47	0.0000000000
PWY-7238: sucrose biosynthesis II	2525.9098339652
PWY-7238: sucrose biosynthesis II|unclassified	997.8705974358
PWY-7238: sucrose biosynthesis II|g__Blautia.s__Blautia_obeum	406.0307048737
PWY-7238: sucrose biosynthesis II|g__Anaerostipes.s__Anaerostipes_hadrus	261.1723097966
PWY-7238: sucrose biosynthesis II|g__Dorea.s__Dorea_longicatena	203.3516784721
PWY-7238: sucrose biosynthesis II|g__Firmicutes_unclassified.s__Firmicutes_bacterium_AM10_47	117.0611367094
PWY-7238: sucrose biosynthesis II|g__Collinsella.s__Collinsella_aerofaciens	115.9855530936
PWY-7238: sucrose biosynthesis II|g__Firmicutes_unclassified.s__Firmicutes_bacterium_AF16_15	90.5735379656
PWY-7238: sucrose biosynthesis II|g__Blautia.s__Blautia_wexlerae	86.8935520273
PWY-7238: sucrose biosynthesis II|g__Faecalibacterium.s__Faecalibacterium_prausnitzii	78.2890788382
PWY-7238: sucrose biosynthesis II|g__Ruminococcus.s__Ruminococcus_lactaris	20.2122115184
PWY-7238: sucrose biosynthesis II|g__Roseburia.s__Roseburia_intestinalis	15.3047400760
PWY-7238: sucrose biosynthesis II|g__Roseburia.s__Roseburia_inulinivorans	14.5067253718
PWY-7238: sucrose biosynthesis II|g__Eubacterium.s__Eubacterium_ramulus	12.3163352550
PWY-7238: sucrose biosynthesis II|g__Agathobaculum.s__Agathobaculum_butyriciproducens	11.2510615478
PWY-5941: glycogen degradation II	2233.7032831391
PWY-5941: glycogen degradation II|unclassified	788.6999621640
PWY-5941: glycogen degradation II|g__Blautia.s__Blautia_obeum	332.3285710612
PWY-5941: glycogen degradation II|g__Anaerostipes.s__Anaerostipes_hadrus	255.2365839160
PWY-5941: glycogen degradation II|g__Dorea.s__Dorea_longicatena	186.4272201858
PWY-5941: glycogen degradation II|g__Firmicutes_unclassified.s__Firmicutes_bacterium_AM10_47	122.9344648735
PWY-5941: glycogen degradation II|g__Collinsella.s__Collinsella_aerofaciens	113.8153594473
PWY-5941: glycogen degradation II|g__Blautia.s__Blautia_wexlerae	97.4869617461
PWY-5941: glycogen degradation II|g__Faecalibacterium.s__Faecalibacterium_prausnitzii	67.4962380635
PWY-5941: glycogen degradation II|g__Ruminococcus.s__Ruminococcus_lactaris	21.6289073008
PWY-5941: glycogen degradation II|g__Roseburia.s__Roseburia_intestinalis	15.5771533463
PWY-5941: glycogen degradation II|g__Roseburia.s__Roseburia_inulinivorans	14.3321911006
PWY-5941: glycogen degradation II|g__Eubacterium.s__Eubacterium_ramulus	12.1659185668
PWY-5941: glycogen degradation II|g__Agathobaculum.s__Agathobaculum_butyriciproducens	10.7359927153
PWY-1042: glycolysis IV	2082.4843217430
PWY-1042: glycolysis IV|unclassified	684.5946305144
PWY-1042: glycolysis IV|g__Anaerostipes.s__Anaerostipes_hadrus	320.5096662828
PWY-1042: glycolysis IV|g__Dorea.s__Dorea_longicatena	96.7183003323
PWY-1042: glycolysis IV|g__Firmicutes_unclassified.s__Firmicutes_bacterium_AM10_47	95.4477661663
PWY-1042: glycolysis IV|g__Blautia.s__Blautia_obeum	84.4075518462
PWY-1042: glycolysis IV|g__Blautia.s__Blautia_wexlerae	76.4257625540
PWY-1042: glycolysis IV|g__Collinsella.s__Collinsella_aerofaciens	70.4336684402
PWY-1042: glycolysis IV|g__Faecalibacterium.s__Faecalibacterium_prausnitzii	50.4652546438
PWY-1042: glycolysis IV|g__Ruminococcus.s__Ruminococcus_lactaris	19.5930338198
PWY-1042: glycolysis IV|g__Agathobaculum.s__Agathobaculum_butyriciproducens	17.8289003156
PWY-1042: glycolysis IV|g__Roseburia.s__Roseburia_inulinivorans	13.7209685597
GLYCOGENSYNTH-PWY: glycogen biosynthesis I (from ADP-D-Glucose)	2030.8228873013
GLYCOGENSYNTH-PWY: glycogen biosynthesis I (from ADP-D-Glucose)|unclassified	820.6640185483
GLYCOGENSYNTH-PWY: glycogen biosynthesis I (from ADP-D-Glucose)|g__Blautia.s__Blautia_obeum	297.5287131288
GLYCOGENSYNTH-PWY: glycogen biosynthesis I (from ADP-D-Glucose)|g__Anaerostipes.s__Anaerostipes_hadrus	281.1441235537
GLYCOGENSYNTH-PWY: glycogen biosynthesis I (from ADP-D-Glucose)|g__Dorea.s__Dorea_longicatena	183.9280771057
GLYCOGENSYNTH-PWY: glycogen biosynthesis I (from ADP-D-Glucose)|g__Blautia.s__Blautia_wexlerae	108.0773971298
GLYCOGENSYNTH-PWY: glycogen biosynthesis I (from ADP-D-Glucose)|g__Firmicutes_unclassified.s__Firmicutes_bacterium_AM10_47	89.0779263511
GLYCOGENSYNTH-PWY: glycogen biosynthesis I (from ADP-D-Glucose)|g__Collinsella.s__Collinsella_aerofaciens	70.0427502789
GLYCOGENSYNTH-PWY: glycogen biosynthesis I (from ADP-D-Glucose)|g__Firmicutes_unclassified.s__Firmicutes_bacterium_AF16_15	66.0940041123
GLYCOGENSYNTH-PWY: glycogen biosynthesis I (from ADP-D-Glucose)|g__Faecalibacterium.s__Faecalibacterium_prausnitzii	61.6723297126
GLYCOGENSYNTH-PWY: glycogen biosynthesis I (from ADP-D-Glucose)|g__Roseburia.s__Roseburia_intestinalis	17.2467806370
GLYCOGENSYNTH-PWY: glycogen biosynthesis I (from ADP-D-Glucose)|g__Agathobaculum.s__Agathobaculum_butyriciproducens	16.6038045280
GLYCOGENSYNTH-PWY: glycogen biosynthesis I (from ADP-D-Glucose)|g__Roseburia.s__Roseburia_inulinivorans	16.3405225549
GLYCOGENSYNTH-PWY: glycogen biosynthesis I (from ADP-D-Glucose)|g__Erysipelatoclostridium.s__Clostridium_spiroforme	16.2806665845
GLYCOGENSYNTH-PWY: glycogen biosynthesis I (from ADP-D-Glucose)|g__Ruminococcus.s__Ruminococcus_lactaris	15.8447298291
GLYCOGENSYNTH-PWY: glycogen biosynthesis I (from ADP-D-Glucose)|g__Eubacterium.s__Eubacterium_ramulus	13.3693908949
PWY-8178: pentose phosphate pathway (non-oxidative branch) II	1650.0640498464
PWY-8178: pentose phosphate pathway (non-oxidative branch) II|unclassified	603.2220304540
PWY-8178: pentose phosphate pathway (non-oxidative branch) II|g__Anaerostipes.s__Anaerostipes_hadrus	368.7571514444
PWY-8178: pentose phosphate pathway (non-oxidative branch) II|g__Blautia.s__Blautia_obeum	124.0944466862
PWY-8178: pentose phosphate pathway (non-oxidative branch) II|g__Collinsella.s__Collinsella_aerofaciens	77.5718361531
PWY-8178: pentose phosphate pathway (non-oxidative branch) II|g__Blautia.s__Blautia_wexlerae	67.1014434416
PWY-8178: pentose phosphate pathway (non-oxidative branch) II|g__Agathobaculum.s__Agathobaculum_butyriciproducens	21.1614234034
PWY-8178: pentose phosphate pathway (non-oxidative branch) II|g__Erysipelatoclostridium.s__Clostridium_spiroforme	11.4764291419
PWY-8178: pentose phosphate pathway (non-oxidative branch) II|g__Roseburia.s__Roseburia_inulinivorans	8.6379790630
PWY-8178: pentose phosphate pathway (non-oxidative branch) II|g__Streptococcus.s__Streptococcus_pneumoniae	3.6543581622
VALSYN-PWY: L-valine biosynthesis	1625.9413548401
VALSYN-PWY: L-valine biosynthesis|unclassified	678.9770841293
VALSYN-PWY: L-valine biosynthesis|g__Blautia.s__Blautia_obeum	239.4707048546
VALSYN-PWY: L-valine biosynthesis|g__Anaerostipes.s__Anaerostipes_hadrus	156.2815655074
VALSYN-PWY: L-valine biosynthesis|g__Dorea.s__Dorea_longicatena	146.5050169384
VALSYN-PWY: L-valine biosynthesis|g__Blautia.s__Blautia_wexlerae	74.6647436868
VALSYN-PWY: L-valine biosynthesis|g__Firmicutes_unclassified.s__Firmicutes_bacterium_AM10_47	64.7578608116
VALSYN-PWY: L-valine biosynthesis|g__Firmicutes_unclassified.s__Firmicutes_bacterium_AF16_15	57.7002972601
VALSYN-PWY: L-valine biosynthesis|g__Erysipelatoclostridium.s__Clostridium_spiroforme	34.2335196732
VALSYN-PWY: L-valine biosynthesis|g__Faecalibacterium.s__Faecalibacterium_prausnitzii	26.8441244373
VALSYN-PWY: L-valine biosynthesis|g__Eggerthella.s__Eggerthella_lenta	20.3435880635
VALSYN-PWY: L-valine biosynthesis|g__Roseburia.s__Roseburia_intestinalis	16.7767852388
VALSYN-PWY: L-valine biosynthesis|g__Agathobaculum.s__Agathobaculum_butyriciproducens	15.4444617606
VALSYN-PWY: L-valine biosynthesis|g__Roseburia.s__Roseburia_inulinivorans	12.4606258662
VALSYN-PWY: L-valine biosynthesis|g__Ruminococcus.s__Ruminococcus_lactaris	12.0239652547
VALSYN-PWY: L-valine biosynthesis|g__Roseburia.s__Roseburia_hominis	3.2729317860
DTDPRHAMSYN-PWY: dTDP-&beta;-L-rhamnose biosynthesis	1622.0430151788
DTDPRHAMSYN-PWY: dTDP-&beta;-L-rhamnose biosynthesis|unclassified	642.1727562779
DTDPRHAMSYN-PWY: dTDP-&beta;-L-rhamnose biosynthesis|g__Blautia.s__Blautia_obeum	218.1961183046
DTDPRHAMSYN-PWY: dTDP-&beta;-L-rhamnose biosynthesis|g__Anaerostipes.s__Anaerostipes_hadrus	171.8175600890
DTDPRHAMSYN-PWY: dTDP-&beta;-L-rhamnose biosynthesis|g__Collinsella.s__Collinsella_aerofaciens	126.7163781683
DTDPRHAMSYN-PWY: dTDP-&beta;-L-rhamnose biosynthesis|g__Dorea.s__Dorea_longicatena	99.1472912489
DTDPRHAMSYN-PWY: dTDP-&beta;-L-rhamnose biosynthesis|g__Firmicutes_unclassified.s__Firmicutes_bacterium_AF16_15	68.7237814687
DTDPRHAMSYN-PWY: dTDP-&beta;-L-rhamnose biosynthesis|g__Blautia.s__Blautia_wexlerae	66.7241364736
DTDPRHAMSYN-PWY: dTDP-&beta;-L-rhamnose biosynthesis|g__Faecalibacterium.s__Faecalibacterium_prausnitzii	63.2502065098
DTDPRHAMSYN-PWY: dTDP-&beta;-L-rhamnose biosynthesis|g__Firmicutes_unclassified.s__Firmicutes_bacterium_AM10_47	62.4896960688
DTDPRHAMSYN-PWY: dTDP-&beta;-L-rhamnose biosynthesis|g__Erysipelatoclostridium.s__Clostridium_spiroforme	32.0310741842
DTDPRHAMSYN-PWY: dTDP-&beta;-L-rhamnose biosynthesis|g__Roseburia.s__Roseburia_inulinivorans	8.8073541212
DTDPRHAMSYN-PWY: dTDP-&beta;-L-rhamnose biosynthesis|g__Roseburia.s__Roseburia_intestinalis	8.1237969462
PWY-6163: chorismate biosynthesis from 3-dehydroquinate	1550.8058614581
PWY-6163: chorismate biosynthesis from 3-dehydroquinate|unclassified	603.2502082172
PWY-6163: chorismate biosynthesis from 3-dehydroquinate|g__Blautia.s__Blautia_obeum	242.6045302623
PWY-6163: chorismate biosynthesis from 3-dehydroquinate|g__Anaerostipes.s__Anaerostipes_hadrus	180.7600925423
PWY-6163: chorismate biosynthesis from 3-dehydroquinate|g__Firmicutes_unclassified.s__Firmicutes_bacterium_AM10_47	67.3951828643
PWY-6163: chorismate biosynthesis from 3-dehydroquinate|g__Blautia.s__Blautia_wexlerae	65.3990913914
PWY-6163: chorismate biosynthesis from 3-dehydroquinate|g__Firmicutes_unclassified.s__Firmicutes_bacterium_AF16_15	62.6397671483
PWY-6163: chorismate biosynthesis from 3-dehydroquinate|g__Collinsella.s__Collinsella_aerofaciens	59.9335330164
PWY-6163: chorismate biosynthesis from 3-dehydroquinate|g__Faecalibacterium.s__Faecalibacterium_prausnitzii	59.2068680951
PWY-6163: chorismate biosynthesis from 3-dehydroquinate|g__Dorea.s__Dorea_longicatena	45.3194551505
PWY-6163: chorismate biosynthesis from 3-dehydroquinate|g__Roseburia.s__Roseburia_inulinivorans	20.2760834274
PWY-6163: chorismate biosynthesis from 3-dehydroquinate|g__Asaccharobacter.s__Asaccharobacter_celatus	14.7423770247
PWY-6163: chorismate biosynthesis from 3-dehydroquinate|g__Roseburia.s__Roseburia_intestinalis	9.8658678579
PWY-6163: chorismate biosynthesis from 3-dehydroquinate|g__Erysipelatoclostridium.s__Clostridium_spiroforme	6.5026612639
ARGSYNBSUB-PWY: L-arginine biosynthesis II (acetyl cycle)	1524.1880617455
ARGSYNBSUB-PWY: L-arginine biosynthesis II (acetyl cycle)|unclassified	595.6412426924
ARGSYNBSUB-PWY: L-arginine biosynthesis II (acetyl cycle)|g__Blautia.s__Blautia_obeum	180.5848174296
ARGSYNBSUB-PWY: L-arginine biosynthesis II (acetyl cycle)|g__Anaerostipes.s__Anaerostipes_hadrus	132.9769738717
ARGSYNBSUB-PWY: L-arginine biosynthesis II (acetyl cycle)|g__Dorea.s__Dorea_longicatena	104.8646684665
ARGSYNBSUB-PWY: L-arginine biosynthesis II (acetyl cycle)|g__Firmicutes_unclassified.s__Firmicutes_bacterium_AM10_47	87.0524885206
ARGSYNBSUB-PWY: L-arginine biosynthesis II (acetyl cycle)|g__Blautia.s__Blautia_wexlerae	76.1490604743
ARGSYNBSUB-PWY: L-arginine biosynthesis II (acetyl cycle)|g__Firmicutes_unclassified.s__Firmicutes_bacterium_AF16_15	69.5497283620
ARGSYNBSUB-PWY: L-arginine biosynthesis II (acetyl cycle)|g__Collinsella.s__Collinsella_aerofaciens	62.7010887863
ARGSYNBSUB-PWY: L-arginine biosynthesis II (acetyl cycle)|g__Faecalibacterium.s__Faecalibacterium_prausnitzii	49.9870012307
ARGSYNBSUB-PWY: L-arginine biosynthesis II (acetyl cycle)|g__Agathobaculum.s__Agathobaculum_butyriciproducens	14.9369922261
ARO-PWY: chorismate biosynthesis I	1511.7275703337
ARO-PWY: chorismate biosynthesis I|unclassified	558.4726976605
ARO-PWY: chorismate biosynthesis I|g__Blautia.s__Blautia_obeum	229.2885276351
ARO-PWY: chorismate biosynthesis I|g__Anaerostipes.s__Anaerostipes_hadrus	191.1180331966
ARO-PWY: chorismate biosynthesis I|g__Collinsella.s__Collinsella_aerofaciens	64.3199069468
ARO-PWY: chorismate biosynthesis I|g__Firmicutes_unclassified.s__Firmicutes_bacterium_AF16_15	60.1685074867
ARO-PWY: chorismate biosynthesis I|g__Firmicutes_unclassified.s__Firmicutes_bacterium_AM10_47	57.5444016990
ARO-PWY: chorismate biosynthesis I|g__Dorea.s__Dorea_longicatena	55.3686114502
ARO-PWY: chorismate biosynthesis I|g__Faecalibacterium.s__Faecalibacterium_prausnitzii	44.4230895790
ARO-PWY: chorismate biosynthesis I|g__Blautia.s__Blautia_wexlerae	30.4200176729
ARO-PWY: chorismate biosynthesis I|g__Roseburia.s__Roseburia_inulinivorans	16.8152794430
ARO-PWY: chorismate biosynthesis I|g__Roseburia.s__Roseburia_intestinalis	11.3603566118
ARO-PWY: chorismate biosynthesis I|g__Erysipelatoclostridium.s__Clostridium_spiroforme	7.9853939054
CALVIN-PWY: Calvin-Benson-Bassham cycle	1485.3210430975
CALVIN-PWY: Calvin-Benson-Bassham cycle|unclassified	520.2356688709
CALVIN-PWY: Calvin-Benson-Bassham cycle|g__Anaerostipes.s__Anaerostipes_hadrus	174.5713013382
CALVIN-PWY: Calvin-Benson-Bassham cycle|g__Blautia.s__Blautia_wexlerae	108.6019004183
CALVIN-PWY: Calvin-Benson-Bassham cycle|g__Blautia.s__Blautia_obeum	106.0317670055
CALVIN-PWY: Calvin-Benson-Bassham cycle|g__Collinsella.s__Collinsella_aerofaciens	85.5940637655
CALVIN-PWY: Calvin-Benson-Bassham cycle|g__Roseburia.s__Roseburia_inulinivorans	13.1307181179
PWY-7221: guanosine ribonucleotides de novo biosynthesis	1482.5030102785
PWY-7221: guanosine ribonucleotides de novo biosynthesis|unclassified	518.4614346139
PWY-7221: guanosine ribonucleotides de novo biosynthesis|g__Anaerostipes.s__Anaerostipes_hadrus	166.4280966102
PWY-7221: guanosine ribonucleotides de novo biosynthesis|g__Blautia.s__Blautia_obeum	156.3229018879
PWY-7221: guanosine ribonucleotides de novo biosynthesis|g__Blautia.s__Blautia_wexlerae	109.8629064831
PWY-7221: guanosine ribonucleotides de novo biosynthesis|g__Dorea.s__Dorea_longicatena	109.0496536648
PWY-7221: guanosine ribonucleotides de novo biosynthesis|g__Collinsella.s__Collinsella_aerofaciens	80.7436647029
PWY-7221: guanosine ribonucleotides de novo biosynthesis|g__Firmicutes_unclassified.s__Firmicutes_bacterium_AM10_47	78.9982285965
PWY-7221: guanosine ribonucleotides de novo biosynthesis|g__Firmicutes_unclassified.s__Firmicutes_bacterium_AF16_15	51.1256430079
PWY-7221: guanosine ribonucleotides de novo biosynthesis|g__Eggerthella.s__Eggerthella_lenta	32.7344833198
PWY-7221: guanosine ribonucleotides de novo biosynthesis|g__Erysipelatoclostridium.s__Clostridium_spiroforme	26.2945114929
PWY-7221: guanosine ribonucleotides de novo biosynthesis|g__Faecalibacterium.s__Faecalibacterium_prausnitzii	25.1226767051
PWY-7221: guanosine ribonucleotides de novo biosynthesis|g__Agathobaculum.s__Agathobaculum_butyriciproducens	14.0321474574
PWY-7221: guanosine ribonucleotides de novo biosynthesis|g__Roseburia.s__Roseburia_inulinivorans	8.5713110550
PWY-7221: guanosine ribonucleotides de novo biosynthesis|g__Roseburia.s__Roseburia_hominis	2.8984153352
PWY-6386: UDP-N-acetylmuramoyl-pentapeptide biosynthesis II (lysine-containing)	1479.6099728281
PWY-6386: UDP-N-acetylmuramoyl-pentapeptide biosynthesis II (lysine-containing)|unclassified	552.0475061236
PWY-6386: UDP-N-acetylmuramoyl-pentapeptide biosynthesis II (lysine-containing)|g__Blautia.s__Blautia_obeum	203.6764297180
PWY-6386: UDP-N-acetylmuramoyl-pentapeptide biosynthesis II (lysine-containing)|g__Anaerostipes.s__Anaerostipes_hadrus	171.2589717030
PWY-6386: UDP-N-acetylmuramoyl-pentapeptide biosynthesis II (lysine-containing)|g__Dorea.s__Dorea_longicatena	95.1629820134
PWY-6386: UDP-N-acetylmuramoyl-pentapeptide biosynthesis II (lysine-containing)|g__Collinsella.s__Collinsella_aerofaciens	80.5670784523
PWY-6386: UDP-N-acetylmuramoyl-pentapeptide biosynthesis II (lysine-containing)|g__Firmicutes_unclassified.s__Firmicutes_bacterium_AM10_47	80.2916463810
PWY-6386: UDP-N-acetylmuramoyl-pentapeptide biosynthesis II (lysine-containing)|g__Firmicutes_unclassified.s__Firmicutes_bacterium_AF16_15	68.7546020527
PWY-6386: UDP-N-acetylmuramoyl-pentapeptide biosynthesis II (lysine-containing)|g__Blautia.s__Blautia_wexlerae	56.7382494304
PWY-6386: UDP-N-acetylmuramoyl-pentapeptide biosynthesis II (lysine-containing)|g__Eggerthella.s__Eggerthella_lenta	18.1685657143
PWY-6386: UDP-N-acetylmuramoyl-pentapeptide biosynthesis II (lysine-containing)|g__Roseburia.s__Roseburia_inulinivorans	10.7676611482
ANAGLYCOLYSIS-PWY: glycolysis III (from glucose)	1475.6623481110
ANAGLYCOLYSIS-PWY: glycolysis III (from glucose)|unclassified	404.2877624166
ANAGLYCOLYSIS-PWY: glycolysis III (from glucose)|g__Anaerostipes.s__Anaerostipes_hadrus	234.7965398717
ANAGLYCOLYSIS-PWY: glycolysis III (from glucose)|g__Blautia.s__Blautia_obeum	111.2676629740
ANAGLYCOLYSIS-PWY: glycolysis III (from glucose)|g__Dorea.s__Dorea_longicatena	74.5867475831
ANAGLYCOLYSIS-PWY: glycolysis III (from glucose)|g__Collinsella.s__Collinsella_aerofaciens	68.8976948795
ANAGLYCOLYSIS-PWY: glycolysis III (from glucose)|g__Blautia.s__Blautia_wexlerae	48.9118497757
ILEUSYN-PWY: L-isoleucine biosynthesis I (from threonine)	1437.6070913111
ILEUSYN-PWY: L-isoleucine biosynthesis I (from threonine)|unclassified	538.9177280276
ILEUSYN-PWY: L-isoleucine biosynthesis I (from threonine)|g__Anaerostipes.s__Anaerostipes_hadrus	147.5070488055
ILEUSYN-PWY: L-isoleucine biosynthesis I (from threonine)|g__Dorea.s__Dorea_longicatena	119.1840766096
ILEUSYN-PWY: L-isoleucine biosynthesis I (from threonine)|g__Blautia.s__Blautia_obeum	91.7134622546
ILEUSYN-PWY: L-isoleucine biosynthesis I (from threonine)|g__Blautia.s__Blautia_wexlerae	70.8957878101
ILEUSYN-PWY: L-isoleucine biosynthesis I (from threonine)|g__Eggerthella.s__Eggerthella_lenta	19.4784484384
ILEUSYN-PWY: L-isoleucine biosynthesis I (from threonine)|g__Agathobaculum.s__Agathobaculum_butyriciproducens	14.1041192995
ILEUSYN-PWY: L-isoleucine biosynthesis I (from threonine)|g__Roseburia.s__Roseburia_inulinivorans	11.8926730340
ILEUSYN-PWY: L-isoleucine biosynthesis I (from threonine)|g__Roseburia.s__Roseburia_intestinalis	5.8981678705
ILEUSYN-PWY: L-isoleucine biosynthesis I (from threonine)|g__Roseburia.s__Roseburia_hominis	2.6205519638
PWY-6387: UDP-N-acetylmuramoyl-pentapeptide biosynthesis I (meso-diaminopimelate containing)	1437.2093441806
PWY-6387: UDP-N-acetylmuramoyl-pentapeptide biosynthesis I (meso-diaminopimelate containing)|unclassified	536.6178888095
PWY-6387: UDP-N-acetylmuramoyl-pentapeptide biosynthesis I (meso-diaminopimelate containing)|g__Blautia.s__Blautia_obeum	209.5581112683
PWY-6387: UDP-N-acetylmuramoyl-pentapeptide biosynthesis I (meso-diaminopimelate containing)|g__Anaerostipes.s__Anaerostipes_hadrus	164.0673515374
PWY-6387: UDP-N-acetylmuramoyl-pentapeptide biosynthesis I (meso-diaminopimelate containing)|g__Dorea.s__Dorea_longicatena	98.7032840215
PWY-6387: UDP-N-acetylmuramoyl-pentapeptide biosynthesis I (meso-diaminopimelate containing)|g__Firmicutes_unclassified.s__Firmicutes_bacterium_AM10_47	78.0992625270
PWY-6387: UDP-N-acetylmuramoyl-pentapeptide biosynthesis I (meso-diaminopimelate containing)|g__Collinsella.s__Collinsella_aerofaciens	77.7763766707
PWY-6387: UDP-N-acetylmuramoyl-pentapeptide biosynthesis I (meso-diaminopimelate containing)|g__Firmicutes_unclassified.s__Firmicutes_bacterium_AF16_15	64.8383972703
PWY-6387: UDP-N-acetylmuramoyl-pentapeptide biosynthesis I (meso-diaminopimelate containing)|g__Blautia.s__Blautia_wexlerae	55.1730741981
PWY-6387: UDP-N-acetylmuramoyl-pentapeptide biosynthesis I (meso-diaminopimelate containing)|g__Eggerthella.s__Eggerthella_lenta	19.1211379093
PWY-6387: UDP-N-acetylmuramoyl-pentapeptide biosynthesis I (meso-diaminopimelate containing)|g__Agathobaculum.s__Agathobaculum_butyriciproducens	12.5265229801
PWY-6387: UDP-N-acetylmuramoyl-pentapeptide biosynthesis I (meso-diaminopimelate containing)|g__Ruminococcus.s__Ruminococcus_lactaris	11.9834852428
PWY-6387: UDP-N-acetylmuramoyl-pentapeptide biosynthesis I (meso-diaminopimelate containing)|g__Roseburia.s__Roseburia_inulinivorans	10.5947804075
PEPTIDOGLYCANSYN-PWY: peptidoglycan biosynthesis I (meso-diaminopimelate containing)	1432.0557308273
PEPTIDOGLYCANSYN-PWY: peptidoglycan biosynthesis I (meso-diaminopimelate containing)|unclassified	550.0197410228
PEPTIDOGLYCANSYN-PWY: peptidoglycan biosynthesis I (meso-diaminopimelate containing)|g__Blautia.s__Blautia_obeum	208.4851746194
PEPTIDOGLYCANSYN-PWY: peptidoglycan biosynthesis I (meso-diaminopimelate containing)|g__Anaerostipes.s__Anaerostipes_hadrus	171.8759840964
PEPTIDOGLYCANSYN-PWY: peptidoglycan biosynthesis I (meso-diaminopimelate containing)|g__Dorea.s__Dorea_longicatena	95.4146782344
PEPTIDOGLYCANSYN-PWY: peptidoglycan biosynthesis I (meso-diaminopimelate containing)|g__Firmicutes_unclassified.s__Firmicutes_bacterium_AM10_47	78.3868352257
PEPTIDOGLYCANSYN-PWY: peptidoglycan biosynthesis I (meso-diaminopimelate containing)|g__Collinsella.s__Collinsella_aerofaciens	75.7341558561
PEPTIDOGLYCANSYN-PWY: peptidoglycan biosynthesis I (meso-diaminopimelate containing)|g__Firmicutes_unclassified.s__Firmicutes_bacterium_AF16_15	59.6407068609
PEPTIDOGLYCANSYN-PWY: peptidoglycan biosynthesis I (meso-diaminopimelate containing)|g__Blautia.s__Blautia_wexlerae	51.1839439452
PEPTIDOGLYCANSYN-PWY: peptidoglycan biosynthesis I (meso-diaminopimelate containing)|g__Eggerthella.s__Eggerthella_lenta	15.1681725828
PEPTIDOGLYCANSYN-PWY: peptidoglycan biosynthesis I (meso-diaminopimelate containing)|g__Agathobaculum.s__Agathobaculum_butyriciproducens	12.6281121577
PEPTIDOGLYCANSYN-PWY: peptidoglycan biosynthesis I (meso-diaminopimelate containing)|g__Roseburia.s__Roseburia_inulinivorans	11.4344793648
PWY66-429: fatty acid biosynthesis initiation (mitochondria)	1428.4292035464
PWY66-429: fatty acid biosynthesis initiation (mitochondria)|unclassified	601.8443332217
PWY66-429: fatty acid biosynthesis initiation (mitochondria)|g__Anaerostipes.s__Anaerostipes_hadrus	180.5078500401
PWY66-429: fatty acid biosynthesis initiation (mitochondria)|g__Blautia.s__Blautia_obeum	164.0629467120
PWY66-429: fatty acid biosynthesis initiation (mitochondria)|g__Dorea.s__Dorea_longicatena	108.4086658692
PWY66-429: fatty acid biosynthesis initiation (mitochondria)|g__Firmicutes_unclassified.s__Firmicutes_bacterium_AM10_47	56.7852326032
PWY66-429: fatty acid biosynthesis initiation (mitochondria)|g__Firmicutes_unclassified.s__Firmicutes_bacterium_AF16_15	54.1537833700
PWY66-429: fatty acid biosynthesis initiation (mitochondria)|g__Blautia.s__Blautia_wexlerae	49.2818085953
PWY66-429: fatty acid biosynthesis initiation (mitochondria)|g__Agathobaculum.s__Agathobaculum_butyriciproducens	15.4665883006
PWY66-429: fatty acid biosynthesis initiation (mitochondria)|g__Ruminococcus.s__Ruminococcus_lactaris	11.1997110444
PWY-6122: 5-aminoimidazole ribonucleotide biosynthesis II	1422.7366839182
PWY-6122: 5-aminoimidazole ribonucleotide biosynthesis II|unclassified	548.6298969154
PWY-6122: 5-aminoimidazole ribonucleotide biosynthesis II|g__Blautia.s__Blautia_obeum	214.9112484143
PWY-6122: 5-aminoimidazole ribonucleotide biosynthesis II|g__Anaerostipes.s__Anaerostipes_hadrus	146.4464315751
PWY-6122: 5-aminoimidazole ribonucleotide biosynthesis II|g__Collinsella.s__Collinsella_aerofaciens	92.4866168731
PWY-6122: 5-aminoimidazole ribonucleotide biosynthesis II|g__Dorea.s__Dorea_longicatena	85.1282010880
PWY-6122: 5-aminoimidazole ribonucleotide biosynthesis II|g__Firmicutes_unclassified.s__Firmicutes_bacterium_AM10_47	74.1684248719
PWY-6122: 5-aminoimidazole ribonucleotide biosynthesis II|g__Blautia.s__Blautia_wexlerae	61.6318153874
PWY-6122: 5-aminoimidazole ribonucleotide biosynthesis II|g__Firmicutes_unclassified.s__Firmicutes_bacterium_AF16_15	60.9558389332
PWY-6122: 5-aminoimidazole ribonucleotide biosynthesis II|g__Faecalibacterium.s__Faecalibacterium_prausnitzii	53.2525325211
PWY-6122: 5-aminoimidazole ribonucleotide biosynthesis II|g__Eggerthella.s__Eggerthella_lenta	24.6016038265
PWY-6122: 5-aminoimidazole ribonucleotide biosynthesis II|g__Agathobaculum.s__Agathobaculum_butyriciproducens	18.6908642746
PWY-6122: 5-aminoimidazole ribonucleotide biosynthesis II|g__Roseburia.s__Roseburia_inulinivorans	12.0972266969
PWY-6122: 5-aminoimidazole ribonucleotide biosynthesis II|g__Roseburia.s__Roseburia_intestinalis	6.0041890525
PWY-6277: superpathway of 5-aminoimidazole ribonucleotide biosynthesis	1422.7366839182
PWY-6277: superpathway of 5-aminoimidazole ribonucleotide biosynthesis|unclassified	548.6298969154
PWY-6277: superpathway of 5-aminoimidazole ribonucleotide biosynthesis|g__Blautia.s__Blautia_obeum	214.9112484143
PWY-6277: superpathway of 5-aminoimidazole ribonucleotide biosynthesis|g__Anaerostipes.s__Anaerostipes_hadrus	146.4464315751
PWY-6277: superpathway of 5-aminoimidazole ribonucleotide biosynthesis|g__Collinsella.s__Collinsella_aerofaciens	92.4866168731
PWY-6277: superpathway of 5-aminoimidazole ribonucleotide biosynthesis|g__Dorea.s__Dorea_longicatena	85.1282010880
PWY-6277: superpathway of 5-aminoimidazole ribonucleotide biosynthesis|g__Firmicutes_unclassified.s__Firmicutes_bacterium_AM10_47	74.1684248719
PWY-6277: superpathway of 5-aminoimidazole ribonucleotide biosynthesis|g__Blautia.s__Blautia_wexlerae	61.6318153874
PWY-6277: superpathway of 5-aminoimidazole ribonucleotide biosynthesis|g__Firmicutes_unclassified.s__Firmicutes_bacterium_AF16_15	60.9558389332
PWY-6277: superpathway of 5-aminoimidazole ribonucleotide biosynthesis|g__Faecalibacterium.s__Faecalibacterium_prausnitzii	53.2525325211
PWY-6277: superpathway of 5-aminoimidazole ribonucleotide biosynthesis|g__Eggerthella.s__Eggerthella_lenta	24.6016038265
PWY-6277: superpathway of 5-aminoimidazole ribonucleotide biosynthesis|g__Agathobaculum.s__Agathobaculum_butyriciproducens	18.6908642746
PWY-6277: superpathway of 5-aminoimidazole ribonucleotide biosynthesis|g__Roseburia.s__Roseburia_inulinivorans	12.0972266969
PWY-6277: superpathway of 5-aminoimidazole ribonucleotide biosynthesis|g__Roseburia.s__Roseburia_intestinalis	6.0041890525
COMPLETE-ARO-PWY: superpathway of aromatic amino acid biosynthesis	1413.1933110408
COMPLETE-ARO-PWY: superpathway of aromatic amino acid biosynthesis|unclassified	551.3917784845
COMPLETE-ARO-PWY: superpathway of aromatic amino acid biosynthesis|g__Blautia.s__Blautia_obeum	218.7106867923
COMPLETE-ARO-PWY: superpathway of aromatic amino acid biosynthesis|g__Anaerostipes.s__Anaerostipes_hadrus	191.3410298852
COMPLETE-ARO-PWY: superpathway of aromatic amino acid biosynthesis|g__Firmicutes_unclassified.s__Firmicutes_bacterium_AM10_47	57.9906165633
COMPLETE-ARO-PWY: superpathway of aromatic amino acid biosynthesis|g__Blautia.s__Blautia_wexlerae	31.8588854377
COMPLETE-ARO-PWY: superpathway of aromatic amino acid biosynthesis|g__Roseburia.s__Roseburia_intestinalis	9.0572736531
PWY-6609: adenine and adenosine salvage III	1411.7436073998
PWY-6609: adenine and adenosine salvage III|unclassified	558.1966332025
PWY-6609: adenine and adenosine salvage III|g__Blautia.s__Blautia_obeum	146.5125196285
PWY-6609: adenine and adenosine salvage III|g__Anaerostipes.s__Anaerostipes_hadrus	139.6120287590
PWY-6609: adenine and adenosine salvage III|g__Dorea.s__Dorea_longicatena	103.8520591821
PWY-6609: adenine and adenosine salvage III|g__Blautia.s__Blautia_wexlerae	65.5245341462
PWY-6609: adenine and adenosine salvage III|g__Firmicutes_unclassified.s__Firmicutes_bacterium_AF16_15	62.9823283663
PWY-6609: adenine and adenosine salvage III|g__Firmicutes_unclassified.s__Firmicutes_bacterium_AM10_47	50.1439429988
PWY-6609: adenine and adenosine salvage III|g__Roseburia.s__Roseburia_inulinivorans	29.6461697470
PWY-6609: adenine and adenosine salvage III|g__Eggerthella.s__Eggerthella_lenta	24.0116710669
PWY-6609: adenine and adenosine salvage III|g__Agathobaculum.s__Agathobaculum_butyriciproducens	13.7035709087
PWY-6609: adenine and adenosine salvage III|g__Ruminococcus.s__Ruminococcus_lactaris	9.3180910752
PWY-6121: 5-aminoimidazole ribonucleotide biosynthesis I	1408.6068004717
PWY-6121: 5-aminoimidazole ribonucleotide biosynthesis I|unclassified	564.5331313606
PWY-6121: 5-aminoimidazole ribonucleotide biosynthesis I|g__Blautia.s__Blautia_obeum	167.6541554370
PWY-6121: 5-aminoimidazole ribonucleotide biosynthesis I|g__Anaerostipes.s__Anaerostipes_hadrus	149.5030164691
PWY-6121: 5-aminoimidazole ribonucleotide biosynthesis I|g__Collinsella.s__Collinsella_aerofaciens	88.5134588461
PWY-6121: 5-aminoimidazole ribonucleotide biosynthesis I|g__Dorea.s__Dorea_longicatena	78.1253177642
PWY-6121: 5-aminoimidazole ribonucleotide biosynthesis I|g__Firmicutes_unclassified.s__Firmicutes_bacterium_AM10_47	73.3278939063
PWY-6121: 5-aminoimidazole ribonucleotide biosynthesis I|g__Firmicutes_unclassified.s__Firmicutes_bacterium_AF16_15	63.5637229855
PWY-6121: 5-aminoimidazole ribonucleotide biosynthesis I|g__Blautia.s__Blautia_wexlerae	62.6290312222
PWY-6121: 5-aminoimidazole ribonucleotide biosynthesis I|g__Faecalibacterium.s__Faecalibacterium_prausnitzii	50.0079620850
PWY-6121: 5-aminoimidazole ribonucleotide biosynthesis I|g__Eggerthella.s__Eggerthella_lenta	26.7675289102
PWY-6121: 5-aminoimidazole ribonucleotide biosynthesis I|g__Agathobaculum.s__Agathobaculum_butyriciproducens	17.7363964385
PWY-6121: 5-aminoimidazole ribonucleotide biosynthesis I|g__Roseburia.s__Roseburia_inulinivorans	13.1241633509
PWY-6121: 5-aminoimidazole ribonucleotide biosynthesis I|g__Roseburia.s__Roseburia_intestinalis	6.9685311482
PWY-7111: pyruvate fermentation to isobutanol (engineered)	1384.9415896576
PWY-7111: pyruvate fermentation to isobutanol (engineered)|unclassified	406.8925699405
PWY-7111: pyruvate fermentation to isobutanol (engineered)|g__Dorea.s__Dorea_longicatena	156.2363311805
PWY-7111: pyruvate fermentation to isobutanol (engineered)|g__Anaerostipes.s__Anaerostipes_hadrus	148.0098767021
PWY-7111: pyruvate fermentation to isobutanol (engineered)|g__Blautia.s__Blautia_wexlerae	49.7032795550
PWY-7111: pyruvate fermentation to isobutanol (engineered)|g__Blautia.s__Blautia_obeum	43.6488867083
PWY-7111: pyruvate fermentation to isobutanol (engineered)|g__Erysipelatoclostridium.s__Clostridium_spiroforme	33.9984109431
PWY-7111: pyruvate fermentation to isobutanol (engineered)|g__Faecalibacterium.s__Faecalibacterium_prausnitzii	30.3075769766
PWY-7111: pyruvate fermentation to isobutanol (engineered)|g__Roseburia.s__Roseburia_intestinalis	15.4687326083
PWY-7111: pyruvate fermentation to isobutanol (engineered)|g__Agathobaculum.s__Agathobaculum_butyriciproducens	14.5332829061
PWY-7111: pyruvate fermentation to isobutanol (engineered)|g__Ruminococcus.s__Ruminococcus_lactaris	13.7977841863
PWY-7111: pyruvate fermentation to isobutanol (engineered)|g__Roseburia.s__Roseburia_inulinivorans	12.5636469810
PWY-7111: pyruvate fermentation to isobutanol (engineered)|g__Roseburia.s__Roseburia_hominis	2.6566972287
ARGSYN-PWY: L-arginine biosynthesis I (via L-ornithine)	1384.0499980404
ARGSYN-PWY: L-arginine biosynthesis I (via L-ornithine)|unclassified	534.6477944207
ARGSYN-PWY: L-arginine biosynthesis I (via L-ornithine)|g__Anaerostipes.s__Anaerostipes_hadrus	133.1506135006
ARGSYN-PWY: L-arginine biosynthesis I (via L-ornithine)|g__Dorea.s__Dorea_longicatena	99.8961945094
ARGSYN-PWY: L-arginine biosynthesis I (via L-ornithine)|g__Blautia.s__Blautia_wexlerae	83.6363101004
ARGSYN-PWY: L-arginine biosynthesis I (via L-ornithine)|g__Firmicutes_unclassified.s__Firmicutes_bacterium_AM10_47	79.2370468923
ARGSYN-PWY: L-arginine biosynthesis I (via L-ornithine)|g__Collinsella.s__Collinsella_aerofaciens	72.1435366097
ARGSYN-PWY: L-arginine biosynthesis I (via L-ornithine)|g__Firmicutes_unclassified.s__Firmicutes_bacterium_AF16_15	61.6596497331
ARGSYN-PWY: L-arginine biosynthesis I (via L-ornithine)|g__Faecalibacterium.s__Faecalibacterium_prausnitzii	46.0917320106
ARGSYN-PWY: L-arginine biosynthesis I (via L-ornithine)|g__Blautia.s__Blautia_obeum	40.0394158265
PWY-6317: D-galactose degradation I (Leloir pathway)	1383.2231085775
PWY-6317: D-galactose degradation I (Leloir pathway)|unclassified	492.3423999150
PWY-6317: D-galactose degradation I (Leloir pathway)|g__Anaerostipes.s__Anaerostipes_hadrus	180.4808575340
PWY-6317: D-galactose degradation I (Leloir pathway)|g__Blautia.s__Blautia_obeum	155.4562857078
PWY-6317: D-galactose degradation I (Leloir pathway)|g__Dorea.s__Dorea_longicatena	105.5806274099
PWY-6317: D-galactose degradation I (Leloir pathway)|g__Blautia.s__Blautia_wexlerae	68.8075092645
PWY-6317: D-galactose degradation I (Leloir pathway)|g__Collinsella.s__Collinsella_aerofaciens	63.9948215846
PWY-6317: D-galactose degradation I (Leloir pathway)|g__Firmicutes_unclassified.s__Firmicutes_bacterium_AM10_47	48.0624016026
PWY-6317: D-galactose degradation I (Leloir pathway)|g__Ruminococcus.s__Ruminococcus_lactaris	13.3207019051
PWY-6317: D-galactose degradation I (Leloir pathway)|g__Roseburia.s__Roseburia_inulinivorans	13.2414226276
NONMEVIPP-PWY: methylerythritol phosphate pathway I	1382.4650862782
NONMEVIPP-PWY: methylerythritol phosphate pathway I|unclassified	513.9184101384
NONMEVIPP-PWY: methylerythritol phosphate pathway I|g__Blautia.s__Blautia_obeum	168.9997966551
NONMEVIPP-PWY: methylerythritol phosphate pathway I|g__Anaerostipes.s__Anaerostipes_hadrus	164.8279750895
NONMEVIPP-PWY: methylerythritol phosphate pathway I|g__Dorea.s__Dorea_longicatena	118.8344167143
NONMEVIPP-PWY: methylerythritol phosphate pathway I|g__Firmicutes_unclassified.s__Firmicutes_bacterium_AM10_47	78.8121755110
NONMEVIPP-PWY: methylerythritol phosphate pathway I|g__Collinsella.s__Collinsella_aerofaciens	63.4083536784
NONMEVIPP-PWY: methylerythritol phosphate pathway I|g__Blautia.s__Blautia_wexlerae	41.1224318863
NONMEVIPP-PWY: methylerythritol phosphate pathway I|g__Agathobaculum.s__Agathobaculum_butyriciproducens	16.8367433362
PWY-6385: peptidoglycan biosynthesis III (mycobacteria)	1377.1985253905
PWY-6385: peptidoglycan biosynthesis III (mycobacteria)|unclassified	532.7147246949
PWY-6385: peptidoglycan biosynthesis III (mycobacteria)|g__Blautia.s__Blautia_obeum	202.8223192457
PWY-6385: peptidoglycan biosynthesis III (mycobacteria)|g__Anaerostipes.s__Anaerostipes_hadrus	163.5884754857
PWY-6385: peptidoglycan biosynthesis III (mycobacteria)|g__Dorea.s__Dorea_longicatena	95.4146782344
PWY-6385: peptidoglycan biosynthesis III (mycobacteria)|g__Firmicutes_unclassified.s__Firmicutes_bacterium_AM10_47	75.8268650819
PWY-6385: peptidoglycan biosynthesis III (mycobacteria)|g__Collinsella.s__Collinsella_aerofaciens	66.9326832881
PWY-6385: peptidoglycan biosynthesis III (mycobacteria)|g__Firmicutes_unclassified.s__Firmicutes_bacterium_AF16_15	59.6407068609
PWY-6385: peptidoglycan biosynthesis III (mycobacteria)|g__Blautia.s__Blautia_wexlerae	41.7144721584
PWY-6385: peptidoglycan biosynthesis III (mycobacteria)|g__Eggerthella.s__Eggerthella_lenta	18.3691417669
PWY-6385: peptidoglycan biosynthesis III (mycobacteria)|g__Roseburia.s__Roseburia_inulinivorans	10.2625951607
PWY-7953: UDP-N-acetylmuramoyl-pentapeptide biosynthesis III (meso-diaminopimelate containing)	1374.9295951874
PWY-7953: UDP-N-acetylmuramoyl-pentapeptide biosynthesis III (meso-diaminopimelate containing)|unclassified	525.1187246805
PWY-7953: UDP-N-acetylmuramoyl-pentapeptide biosynthesis III (meso-diaminopimelate containing)|g__Blautia.s__Blautia_obeum	197.1357162693
PWY-7953: UDP-N-acetylmuramoyl-pentapeptide biosynthesis III (meso-diaminopimelate containing)|g__Anaerostipes.s__Anaerostipes_hadrus	162.9163363751
PWY-7953: UDP-N-acetylmuramoyl-pentapeptide biosynthesis III (meso-diaminopimelate containing)|g__Dorea.s__Dorea_longicatena	92.8200253081
PWY-7953: UDP-N-acetylmuramoyl-pentapeptide biosynthesis III (meso-diaminopimelate containing)|g__Firmicutes_unclassified.s__Firmicutes_bacterium_AM10_47	75.5134288343
PWY-7953: UDP-N-acetylmuramoyl-pentapeptide biosynthesis III (meso-diaminopimelate containing)|g__Firmicutes_unclassified.s__Firmicutes_bacterium_AF16_15	60.4815075754
PWY-7953: UDP-N-acetylmuramoyl-pentapeptide biosynthesis III (meso-diaminopimelate containing)|g__Blautia.s__Blautia_wexlerae	40.3454001669
PWY-7953: UDP-N-acetylmuramoyl-pentapeptide biosynthesis III (meso-diaminopimelate containing)|g__Eggerthella.s__Eggerthella_lenta	18.5511256886
PWY-7953: UDP-N-acetylmuramoyl-pentapeptide biosynthesis III (meso-diaminopimelate containing)|g__Roseburia.s__Roseburia_inulinivorans	10.1068280627
GLUTORN-PWY: L-ornithine biosynthesis I	1374.3951788551
GLUTORN-PWY: L-ornithine biosynthesis I|unclassified	588.1477970486
GLUTORN-PWY: L-ornithine biosynthesis I|g__Blautia.s__Blautia_obeum	177.5153585559
GLUTORN-PWY: L-ornithine biosynthesis I|g__Anaerostipes.s__Anaerostipes_hadrus	121.1843323443
GLUTORN-PWY: L-ornithine biosynthesis I|g__Dorea.s__Dorea_longicatena	77.9297998222
GLUTORN-PWY: L-ornithine biosynthesis I|g__Firmicutes_unclassified.s__Firmicutes_bacterium_AM10_47	76.8252094293
GLUTORN-PWY: L-ornithine biosynthesis I|g__Blautia.s__Blautia_wexlerae	48.8049260602
GLUTORN-PWY: L-ornithine biosynthesis I|g__Firmicutes_unclassified.s__Firmicutes_bacterium_AF16_15	48.3476771504
GLUTORN-PWY: L-ornithine biosynthesis I|g__Collinsella.s__Collinsella_aerofaciens	47.7295731962
GLUTORN-PWY: L-ornithine biosynthesis I|g__Faecalibacterium.s__Faecalibacterium_prausnitzii	41.8702610730
GLUTORN-PWY: L-ornithine biosynthesis I|g__Roseburia.s__Roseburia_inulinivorans	9.7366506398
NONOXIPENT-PWY: pentose phosphate pathway (non-oxidative branch) I	1365.9795680182
NONOXIPENT-PWY: pentose phosphate pathway (non-oxidative branch) I|unclassified	600.2586811638
NONOXIPENT-PWY: pentose phosphate pathway (non-oxidative branch) I|g__Anaerostipes.s__Anaerostipes_hadrus	315.1955874429
NONOXIPENT-PWY: pentose phosphate pathway (non-oxidative branch) I|g__Blautia.s__Blautia_obeum	163.5190386400
NONOXIPENT-PWY: pentose phosphate pathway (non-oxidative branch) I|g__Collinsella.s__Collinsella_aerofaciens	92.5125414071
NONOXIPENT-PWY: pentose phosphate pathway (non-oxidative branch) I|g__Agathobaculum.s__Agathobaculum_butyriciproducens	22.9360138057
NONOXIPENT-PWY: pentose phosphate pathway (non-oxidative branch) I|g__Blautia.s__Blautia_wexlerae	21.3887633106
NONOXIPENT-PWY: pentose phosphate pathway (non-oxidative branch) I|g__Erysipelatoclostridium.s__Clostridium_spiroforme	11.4077835994
NONOXIPENT-PWY: pentose phosphate pathway (non-oxidative branch) I|g__Streptococcus.s__Streptococcus_pneumoniae	3.5519267045
PWY-5686: UMP biosynthesis I	1345.2415479325
PWY-5686: UMP biosynthesis I|unclassified	464.9975440026
PWY-5686: UMP biosynthesis I|g__Anaerostipes.s__Anaerostipes_hadrus	167.5792685829
PWY-5686: UMP biosynthesis I|g__Blautia.s__Blautia_obeum	137.0992568416
PWY-5686: UMP biosynthesis I|g__Firmicutes_unclassified.s__Firmicutes_bacterium_AF16_15	69.2238712916
PWY-5686: UMP biosynthesis I|g__Blautia.s__Blautia_wexlerae	66.7965168500
PWY-5686: UMP biosynthesis I|g__Firmicutes_unclassified.s__Firmicutes_bacterium_AM10_47	60.5692941937
PWY-5686: UMP biosynthesis I|g__Dorea.s__Dorea_longicatena	57.2912449329
PWY-5686: UMP biosynthesis I|g__Collinsella.s__Collinsella_aerofaciens	56.4368887927
PWY-5686: UMP biosynthesis I|g__Faecalibacterium.s__Faecalibacterium_prausnitzii	42.9668142602
PWY-5686: UMP biosynthesis I|g__Ruminococcus.s__Ruminococcus_lactaris	16.4534329749
PWY-5686: UMP biosynthesis I|g__Eggerthella.s__Eggerthella_lenta	12.5596372437
PWY-5686: UMP biosynthesis I|g__Roseburia.s__Roseburia_intestinalis	10.9777773772
PWY-5686: UMP biosynthesis I|g__Roseburia.s__Roseburia_inulinivorans	7.2512972757
PWY-7790: UMP biosynthesis II	1345.2415479325
PWY-7790: UMP biosynthesis II|unclassified	464.9975440026
PWY-7790: UMP biosynthesis II|g__Anaerostipes.s__Anaerostipes_hadrus	167.5792685829
PWY-7790: UMP biosynthesis II|g__Blautia.s__Blautia_obeum	137.0992568416
PWY-7790: UMP biosynthesis II|g__Firmicutes_unclassified.s__Firmicutes_bacterium_AF16_15	69.2238712916
PWY-7790: UMP biosynthesis II|g__Blautia.s__Blautia_wexlerae	66.7965168500
PWY-7790: UMP biosynthesis II|g__Firmicutes_unclassified.s__Firmicutes_bacterium_AM10_47	60.5692941937
PWY-7790: UMP biosynthesis II|g__Dorea.s__Dorea_longicatena	57.2912449329
PWY-7790: UMP biosynthesis II|g__Collinsella.s__Collinsella_aerofaciens	56.4368887927
PWY-7790: UMP biosynthesis II|g__Faecalibacterium.s__Faecalibacterium_prausnitzii	42.9668142602
PWY-7790: UMP biosynthesis II|g__Ruminococcus.s__Ruminococcus_lactaris	16.4534329749
PWY-7790: UMP biosynthesis II|g__Eggerthella.s__Eggerthella_lenta	12.5596372437
PWY-7790: UMP biosynthesis II|g__Roseburia.s__Roseburia_intestinalis	10.9777773772
PWY-7790: UMP biosynthesis II|g__Roseburia.s__Roseburia_inulinivorans	7.2512972757
PWY-7791: UMP biosynthesis III	1345.2415479325
PWY-7791: UMP biosynthesis III|unclassified	464.9975440026
PWY-7791: UMP biosynthesis III|g__Anaerostipes.s__Anaerostipes_hadrus	167.5792685829
PWY-7791: UMP biosynthesis III|g__Blautia.s__Blautia_obeum	137.0992568416
PWY-7791: UMP biosynthesis III|g__Firmicutes_unclassified.s__Firmicutes_bacterium_AF16_15	69.2238712916
PWY-7791: UMP biosynthesis III|g__Blautia.s__Blautia_wexlerae	66.7965168500
PWY-7791: UMP biosynthesis III|g__Firmicutes_unclassified.s__Firmicutes_bacterium_AM10_47	60.5692941937
PWY-7791: UMP biosynthesis III|g__Dorea.s__Dorea_longicatena	57.2912449329
PWY-7791: UMP biosynthesis III|g__Collinsella.s__Collinsella_aerofaciens	56.4368887927
PWY-7791: UMP biosynthesis III|g__Faecalibacterium.s__Faecalibacterium_prausnitzii	42.9668142602
PWY-7791: UMP biosynthesis III|g__Ruminococcus.s__Ruminococcus_lactaris	16.4534329749
PWY-7791: UMP biosynthesis III|g__Eggerthella.s__Eggerthella_lenta	12.5596372437
PWY-7791: UMP biosynthesis III|g__Roseburia.s__Roseburia_intestinalis	10.9777773772
PWY-7791: UMP biosynthesis III|g__Roseburia.s__Roseburia_inulinivorans	7.2512972757
BRANCHED-CHAIN-AA-SYN-PWY: superpathway of branched chain amino acid biosynthesis	1336.1627635244
BRANCHED-CHAIN-AA-SYN-PWY: superpathway of branched chain amino acid biosynthesis|unclassified	496.9089875292
BRANCHED-CHAIN-AA-SYN-PWY: superpathway of branched chain amino acid biosynthesis|g__Anaerostipes.s__Anaerostipes_hadrus	144.5649137601
BRANCHED-CHAIN-AA-SYN-PWY: superpathway of branched chain amino acid biosynthesis|g__Dorea.s__Dorea_longicatena	107.2292436085
BRANCHED-CHAIN-AA-SYN-PWY: superpathway of branched chain amino acid biosynthesis|g__Blautia.s__Blautia_obeum	100.7172426942
BRANCHED-CHAIN-AA-SYN-PWY: superpathway of branched chain amino acid biosynthesis|g__Blautia.s__Blautia_wexlerae	67.6642392211
BRANCHED-CHAIN-AA-SYN-PWY: superpathway of branched chain amino acid biosynthesis|g__Eggerthella.s__Eggerthella_lenta	20.5162078370
BRANCHED-CHAIN-AA-SYN-PWY: superpathway of branched chain amino acid biosynthesis|g__Roseburia.s__Roseburia_inulinivorans	11.5109344906
BRANCHED-CHAIN-AA-SYN-PWY: superpathway of branched chain amino acid biosynthesis|g__Roseburia.s__Roseburia_intestinalis	5.0807451656
PWY-5667: CDP-diacylglycerol biosynthesis I	1293.9557870336
PWY-5667: CDP-diacylglycerol biosynthesis I|unclassified	492.4154176036
PWY-5667: CDP-diacylglycerol biosynthesis I|g__Blautia.s__Blautia_obeum	207.8359050400
PWY-5667: CDP-diacylglycerol biosynthesis I|g__Anaerostipes.s__Anaerostipes_hadrus	145.4986895693
PWY-5667: CDP-diacylglycerol biosynthesis I|g__Dorea.s__Dorea_longicatena	83.5661360578
PWY-5667: CDP-diacylglycerol biosynthesis I|g__Firmicutes_unclassified.s__Firmicutes_bacterium_AM10_47	78.5241965206
PWY-5667: CDP-diacylglycerol biosynthesis I|g__Firmicutes_unclassified.s__Firmicutes_bacterium_AF16_15	52.6692817976
PWY-5667: CDP-diacylglycerol biosynthesis I|g__Blautia.s__Blautia_wexlerae	43.3508284993
PWY-5667: CDP-diacylglycerol biosynthesis I|g__Roseburia.s__Roseburia_inulinivorans	14.3434611525
PWY0-1319: CDP-diacylglycerol biosynthesis II	1293.9557870336
PWY0-1319: CDP-diacylglycerol biosynthesis II|unclassified	492.4154176036
PWY0-1319: CDP-diacylglycerol biosynthesis II|g__Blautia.s__Blautia_obeum	207.8359050400
PWY0-1319: CDP-diacylglycerol biosynthesis II|g__Anaerostipes.s__Anaerostipes_hadrus	145.4986895693
PWY0-1319: CDP-diacylglycerol biosynthesis II|g__Dorea.s__Dorea_longicatena	83.5661360578
PWY0-1319: CDP-diacylglycerol biosynthesis II|g__Firmicutes_unclassified.s__Firmicutes_bacterium_AM10_47	78.5241965206
PWY0-1319: CDP-diacylglycerol biosynthesis II|g__Firmicutes_unclassified.s__Firmicutes_bacterium_AF16_15	52.6692817976
PWY0-1319: CDP-diacylglycerol biosynthesis II|g__Blautia.s__Blautia_wexlerae	43.3508284993
PWY0-1319: CDP-diacylglycerol biosynthesis II|g__Roseburia.s__Roseburia_inulinivorans	14.3434611525
PWY-6151: S-adenosyl-L-methionine salvage I	1293.0200779128
PWY-6151: S-adenosyl-L-methionine salvage I|unclassified	550.9783117622
PWY-6151: S-adenosyl-L-methionine salvage I|g__Anaerostipes.s__Anaerostipes_hadrus	228.0923198448
PWY-6151: S-adenosyl-L-methionine salvage I|g__Dorea.s__Dorea_longicatena	167.9342335221
PWY-6151: S-adenosyl-L-methionine salvage I|g__Firmicutes_unclassified.s__Firmicutes_bacterium_AM10_47	80.4108874948
PWY-6151: S-adenosyl-L-methionine salvage I|g__Blautia.s__Blautia_obeum	80.1533537373
PWY-6151: S-adenosyl-L-methionine salvage I|g__Collinsella.s__Collinsella_aerofaciens	75.2113543704
PWY-6151: S-adenosyl-L-methionine salvage I|g__Blautia.s__Blautia_wexlerae	49.3777751539
PWY-6151: S-adenosyl-L-methionine salvage I|g__Faecalibacterium.s__Faecalibacterium_prausnitzii	42.7779268910
PWY-6151: S-adenosyl-L-methionine salvage I|g__Firmicutes_unclassified.s__Firmicutes_bacterium_AF16_15	37.9214334621
PWY-6151: S-adenosyl-L-methionine salvage I|g__Ruminococcus.s__Ruminococcus_lactaris	11.5467355150
PWY-6151: S-adenosyl-L-methionine salvage I|g__Roseburia.s__Roseburia_inulinivorans	8.9390175317
PWY-5103: L-isoleucine biosynthesis III	1291.7710413763
PWY-5103: L-isoleucine biosynthesis III|unclassified	466.7649828744
PWY-5103: L-isoleucine biosynthesis III|g__Anaerostipes.s__Anaerostipes_hadrus	134.8756577173
PWY-5103: L-isoleucine biosynthesis III|g__Dorea.s__Dorea_longicatena	101.7052068634
PWY-5103: L-isoleucine biosynthesis III|g__Firmicutes_unclassified.s__Firmicutes_bacterium_AM10_47	69.5446742473
PWY-5103: L-isoleucine biosynthesis III|g__Blautia.s__Blautia_obeum	66.0745317987
PWY-5103: L-isoleucine biosynthesis III|g__Blautia.s__Blautia_wexlerae	64.5273460692
PWY-5103: L-isoleucine biosynthesis III|g__Eggerthella.s__Eggerthella_lenta	17.6087235103
PWY-5103: L-isoleucine biosynthesis III|g__Agathobaculum.s__Agathobaculum_butyriciproducens	12.4666598353
PWY-5103: L-isoleucine biosynthesis III|g__Roseburia.s__Roseburia_inulinivorans	10.9992094123
PWY-5103: L-isoleucine biosynthesis III|g__Roseburia.s__Roseburia_intestinalis	4.2143358155
PWY-5103: L-isoleucine biosynthesis III|g__Roseburia.s__Roseburia_hominis	2.1844592456
PWY0-1296: purine ribonucleosides degradation	1283.2527225723
PWY0-1296: purine ribonucleosides degradation|unclassified	566.7885730493
PWY0-1296: purine ribonucleosides degradation|g__Blautia.s__Blautia_obeum	272.3965584316
PWY0-1296: purine ribonucleosides degradation|g__Anaerostipes.s__Anaerostipes_hadrus	119.2092160815
PWY0-1296: purine ribonucleosides degradation|g__Dorea.s__Dorea_longicatena	109.4110134900
PWY0-1296: purine ribonucleosides degradation|g__Blautia.s__Blautia_wexlerae	56.8243736937
PWY0-1296: purine ribonucleosides degradation|g__Firmicutes_unclassified.s__Firmicutes_bacterium_AM10_47	46.6595682550
PWY0-1296: purine ribonucleosides degradation|g__Roseburia.s__Roseburia_inulinivorans	26.5218903470
PWY0-1296: purine ribonucleosides degradation|g__Faecalibacterium.s__Faecalibacterium_prausnitzii	24.6302300749
TRNA-CHARGING-PWY: tRNA charging	1263.6497542841
TRNA-CHARGING-PWY: tRNA charging|unclassified	468.0152707882
TRNA-CHARGING-PWY: tRNA charging|g__Anaerostipes.s__Anaerostipes_hadrus	151.8574467542
TRNA-CHARGING-PWY: tRNA charging|g__Faecalibacterium.s__Faecalibacterium_prausnitzii	34.0912692844
PWY-5097: L-lysine biosynthesis VI	1233.9708005319
PWY-5097: L-lysine biosynthesis VI|unclassified	500.7229003926
PWY-5097: L-lysine biosynthesis VI|g__Blautia.s__Blautia_obeum	188.8257380096
PWY-5097: L-lysine biosynthesis VI|g__Anaerostipes.s__Anaerostipes_hadrus	161.8265289207
PWY-5097: L-lysine biosynthesis VI|g__Dorea.s__Dorea_longicatena	110.7109578520
PWY-5097: L-lysine biosynthesis VI|g__Blautia.s__Blautia_wexlerae	64.0137801285
PWY-5097: L-lysine biosynthesis VI|g__Faecalibacterium.s__Faecalibacterium_prausnitzii	17.4442775473
PWY-5097: L-lysine biosynthesis VI|g__Roseburia.s__Roseburia_inulinivorans	10.2151836390
PWY-7357: thiamine phosphate formation from pyrithiamine and oxythiamine (yeast)	1182.6201492487
PWY-7357: thiamine phosphate formation from pyrithiamine and oxythiamine (yeast)|unclassified	383.2158202892
PWY-7357: thiamine phosphate formation from pyrithiamine and oxythiamine (yeast)|g__Blautia.s__Blautia_obeum	188.1440644323
PWY-7357: thiamine phosphate formation from pyrithiamine and oxythiamine (yeast)|g__Anaerostipes.s__Anaerostipes_hadrus	181.0065250659
PWY-7357: thiamine phosphate formation from pyrithiamine and oxythiamine (yeast)|g__Dorea.s__Dorea_longicatena	88.5675122645
PWY-7357: thiamine phosphate formation from pyrithiamine and oxythiamine (yeast)|g__Firmicutes_unclassified.s__Firmicutes_bacterium_AM10_47	82.2192162593
PWY-7357: thiamine phosphate formation from pyrithiamine and oxythiamine (yeast)|g__Faecalibacterium.s__Faecalibacterium_prausnitzii	56.7796883828
PWY-7357: thiamine phosphate formation from pyrithiamine and oxythiamine (yeast)|g__Collinsella.s__Collinsella_aerofaciens	50.0731994820
PWY-7357: thiamine phosphate formation from pyrithiamine and oxythiamine (yeast)|g__Blautia.s__Blautia_wexlerae	42.8561587951
PWY-7357: thiamine phosphate formation from pyrithiamine and oxythiamine (yeast)|g__Agathobaculum.s__Agathobaculum_butyriciproducens	11.7168180108
PWY-3841: folate transformations II (plants)	1180.0344550011
PWY-3841: folate transformations II (plants)|unclassified	411.2344040257
PWY-3841: folate transformations II (plants)|g__Anaerostipes.s__Anaerostipes_hadrus	144.0438070320
PWY-3841: folate transformations II (plants)|g__Firmicutes_unclassified.s__Firmicutes_bacterium_AM10_47	79.3981888152
PWY-3841: folate transformations II (plants)|g__Blautia.s__Blautia_wexlerae	74.2034420491
PWY-3841: folate transformations II (plants)|g__Dorea.s__Dorea_longicatena	47.0032281460
PWY-3841: folate transformations II (plants)|g__Blautia.s__Blautia_obeum	22.4276601107
PWY-3841: folate transformations II (plants)|g__Roseburia.s__Roseburia_inulinivorans	20.6098478232
COA-PWY-1: superpathway of coenzyme A biosynthesis III (mammals)	1171.0927660950
COA-PWY-1: superpathway of coenzyme A biosynthesis III (mammals)|unclassified	431.9043084099
COA-PWY-1: superpathway of coenzyme A biosynthesis III (mammals)|g__Blautia.s__Blautia_obeum	158.7334145395
COA-PWY-1: superpathway of coenzyme A biosynthesis III (mammals)|g__Anaerostipes.s__Anaerostipes_hadrus	125.4246374315
COA-PWY-1: superpathway of coenzyme A biosynthesis III (mammals)|g__Firmicutes_unclassified.s__Firmicutes_bacterium_AM10_47	78.7845020837
COA-PWY-1: superpathway of coenzyme A biosynthesis III (mammals)|g__Dorea.s__Dorea_longicatena	47.4474697927
COA-PWY-1: superpathway of coenzyme A biosynthesis III (mammals)|g__Collinsella.s__Collinsella_aerofaciens	31.8339594241
COA-PWY-1: superpathway of coenzyme A biosynthesis III (mammals)|g__Blautia.s__Blautia_wexlerae	27.9908143905
COA-PWY-1: superpathway of coenzyme A biosynthesis III (mammals)|g__Eggerthella.s__Eggerthella_lenta	13.2132939783
1CMET2-PWY: folate transformations III (E. coli)	1157.9685893639
1CMET2-PWY: folate transformations III (E. coli)|unclassified	350.9923176970
1CMET2-PWY: folate transformations III (E. coli)|g__Anaerostipes.s__Anaerostipes_hadrus	133.6766000547
1CMET2-PWY: folate transformations III (E. coli)|g__Blautia.s__Blautia_wexlerae	32.4180169818
1CMET2-PWY: folate transformations III (E. coli)|g__Blautia.s__Blautia_obeum	21.2124806147
PWY-2942: L-lysine biosynthesis III	1153.9862166141
PWY-2942: L-lysine biosynthesis III|unclassified	443.7353422862
PWY-2942: L-lysine biosynthesis III|g__Blautia.s__Blautia_obeum	190.0182316804
PWY-2942: L-lysine biosynthesis III|g__Anaerostipes.s__Anaerostipes_hadrus	164.3519019787
PWY-2942: L-lysine biosynthesis III|g__Dorea.s__Dorea_longicatena	106.1952843620
PWY-2942: L-lysine biosynthesis III|g__Blautia.s__Blautia_wexlerae	37.1260282891
PWY-2942: L-lysine biosynthesis III|g__Eggerthella.s__Eggerthella_lenta	19.3465536871
P41-PWY: pyruvate fermentation to acetate and (S)-lactate I	1106.7801990100
P41-PWY: pyruvate fermentation to acetate and (S)-lactate I|unclassified	444.2847505495
P41-PWY: pyruvate fermentation to acetate and (S)-lactate I|g__Anaerostipes.s__Anaerostipes_hadrus	168.4980342744
P41-PWY: pyruvate fermentation to acetate and (S)-lactate I|g__Blautia.s__Blautia_obeum	151.1940725990
P41-PWY: pyruvate fermentation to acetate and (S)-lactate I|g__Collinsella.s__Collinsella_aerofaciens	81.6856089217
P41-PWY: pyruvate fermentation to acetate and (S)-lactate I|g__Agathobaculum.s__Agathobaculum_butyriciproducens	18.3105094519
P41-PWY: pyruvate fermentation to acetate and (S)-lactate I|g__Roseburia.s__Roseburia_inulinivorans	16.2444269176
P41-PWY: pyruvate fermentation to acetate and (S)-lactate I|g__Eggerthella.s__Eggerthella_lenta	13.6043667179
PWY-5100: pyruvate fermentation to acetate and lactate II	1106.7801990100
PWY-5100: pyruvate fermentation to acetate and lactate II|unclassified	444.2847505495
PWY-5100: pyruvate fermentation to acetate and lactate II|g__Anaerostipes.s__Anaerostipes_hadrus	211.9571716877
PWY-5100: pyruvate fermentation to acetate and lactate II|g__Blautia.s__Blautia_obeum	151.1940725990
PWY-5100: pyruvate fermentation to acetate and lactate II|g__Collinsella.s__Collinsella_aerofaciens	81.6856089217
PWY-5100: pyruvate fermentation to acetate and lactate II|g__Agathobaculum.s__Agathobaculum_butyriciproducens	18.3105094519
PWY-5100: pyruvate fermentation to acetate and lactate II|g__Roseburia.s__Roseburia_inulinivorans	16.2444269176
PWY-5100: pyruvate fermentation to acetate and lactate II|g__Eggerthella.s__Eggerthella_lenta	16.1050211763
COA-PWY: coenzyme A biosynthesis I (prokaryotic)	1105.7335594728
COA-PWY: coenzyme A biosynthesis I (prokaryotic)|unclassified	394.3729403885
COA-PWY: coenzyme A biosynthesis I (prokaryotic)|g__Blautia.s__Blautia_obeum	172.5538142055
COA-PWY: coenzyme A biosynthesis I (prokaryotic)|g__Anaerostipes.s__Anaerostipes_hadrus	151.5987449301
COA-PWY: coenzyme A biosynthesis I (prokaryotic)|g__Firmicutes_unclassified.s__Firmicutes_bacterium_AM10_47	88.7334046977
COA-PWY: coenzyme A biosynthesis I (prokaryotic)|g__Dorea.s__Dorea_longicatena	75.7055695190
COA-PWY: coenzyme A biosynthesis I (prokaryotic)|g__Collinsella.s__Collinsella_aerofaciens	58.8830890127
COA-PWY: coenzyme A biosynthesis I (prokaryotic)|g__Blautia.s__Blautia_wexlerae	38.5014531707
COA-PWY: coenzyme A biosynthesis I (prokaryotic)|g__Faecalibacterium.s__Faecalibacterium_prausnitzii	32.1171729451
COA-PWY: coenzyme A biosynthesis I (prokaryotic)|g__Ruminococcus.s__Ruminococcus_lactaris	19.1333389805
COA-PWY: coenzyme A biosynthesis I (prokaryotic)|g__Eggerthella.s__Eggerthella_lenta	18.1831359268
PWY-6270: isoprene biosynthesis I	1097.9976307056
PWY-6270: isoprene biosynthesis I|unclassified	414.2619097738
PWY-6270: isoprene biosynthesis I|g__Anaerostipes.s__Anaerostipes_hadrus	154.4078813361
PWY-6270: isoprene biosynthesis I|g__Dorea.s__Dorea_longicatena	106.7206565472
PWY-6270: isoprene biosynthesis I|g__Blautia.s__Blautia_obeum	106.2908039593
PWY-6270: isoprene biosynthesis I|g__Blautia.s__Blautia_wexlerae	34.8499151785
PWY-724: superpathway of L-lysine, L-threonine and L-methionine biosynthesis II	1094.6261169258
PWY-724: superpathway of L-lysine, L-threonine and L-methionine biosynthesis II|unclassified	431.3277102093
PWY-724: superpathway of L-lysine, L-threonine and L-methionine biosynthesis II|g__Anaerostipes.s__Anaerostipes_hadrus	154.8717775238
PWY-724: superpathway of L-lysine, L-threonine and L-methionine biosynthesis II|g__Dorea.s__Dorea_longicatena	100.1651877023
PWY-724: superpathway of L-lysine, L-threonine and L-methionine biosynthesis II|g__Blautia.s__Blautia_obeum	93.4095401446
PWY-724: superpathway of L-lysine, L-threonine and L-methionine biosynthesis II|g__Roseburia.s__Roseburia_inulinivorans	11.5023278280
PWY-6700: queuosine biosynthesis I (de novo)	1088.6441198882
PWY-6700: queuosine biosynthesis I (de novo)|unclassified	353.6110898326
PWY-6700: queuosine biosynthesis I (de novo)|g__Anaerostipes.s__Anaerostipes_hadrus	162.5852911695
PWY-6700: queuosine biosynthesis I (de novo)|g__Blautia.s__Blautia_obeum	142.1250545636
PWY-6700: queuosine biosynthesis I (de novo)|g__Dorea.s__Dorea_longicatena	98.1247783415
PWY-6700: queuosine biosynthesis I (de novo)|g__Collinsella.s__Collinsella_aerofaciens	71.6952540561
PWY-6700: queuosine biosynthesis I (de novo)|g__Firmicutes_unclassified.s__Firmicutes_bacterium_AM10_47	68.3700544634
PWY-6700: queuosine biosynthesis I (de novo)|g__Firmicutes_unclassified.s__Firmicutes_bacterium_AF16_15	49.2286751830
PWY-6700: queuosine biosynthesis I (de novo)|g__Blautia.s__Blautia_wexlerae	25.2650627950
PWY-6700: queuosine biosynthesis I (de novo)|g__Faecalibacterium.s__Faecalibacterium_prausnitzii	24.7473556286
PWY-6700: queuosine biosynthesis I (de novo)|g__Ruminococcus.s__Ruminococcus_lactaris	15.5301167717
PWY-7237: myo-, chiro- and scyllo-inositol degradation	1087.1118104553
PWY-7237: myo-, chiro- and scyllo-inositol degradation|unclassified	384.3575701938
PWY-7237: myo-, chiro- and scyllo-inositol degradation|g__Anaerostipes.s__Anaerostipes_hadrus	336.1683507029
PWY-7237: myo-, chiro- and scyllo-inositol degradation|g__Blautia.s__Blautia_obeum	111.4537492565
PWY-7237: myo-, chiro- and scyllo-inositol degradation|g__Dorea.s__Dorea_longicatena	76.4211137734
PWY-7237: myo-, chiro- and scyllo-inositol degradation|g__Agathobaculum.s__Agathobaculum_butyriciproducens	73.2552673129
PWY-7237: myo-, chiro- and scyllo-inositol degradation|g__Firmicutes_unclassified.s__Firmicutes_bacterium_AM10_47	65.8613826548
PWY-7237: myo-, chiro- and scyllo-inositol degradation|g__Blautia.s__Blautia_wexlerae	57.3023013136
PWY-7237: myo-, chiro- and scyllo-inositol degradation|g__Faecalibacterium.s__Faecalibacterium_prausnitzii	52.5934776133
PWY-7237: myo-, chiro- and scyllo-inositol degradation|g__Roseburia.s__Roseburia_inulinivorans	31.2531862955
PWY-7237: myo-, chiro- and scyllo-inositol degradation|g__Roseburia.s__Roseburia_intestinalis	26.9668035598
PWY-7237: myo-, chiro- and scyllo-inositol degradation|g__Roseburia.s__Roseburia_hominis	4.4319522419
PWY-7851: coenzyme A biosynthesis II (eukaryotic)	1085.6695124924
PWY-7851: coenzyme A biosynthesis II (eukaryotic)|unclassified	393.0938734120
PWY-7851: coenzyme A biosynthesis II (eukaryotic)|g__Blautia.s__Blautia_obeum	172.5538142055
PWY-7851: coenzyme A biosynthesis II (eukaryotic)|g__Anaerostipes.s__Anaerostipes_hadrus	106.8978148505
PWY-7851: coenzyme A biosynthesis II (eukaryotic)|g__Firmicutes_unclassified.s__Firmicutes_bacterium_AM10_47	78.4644112223
PWY-7851: coenzyme A biosynthesis II (eukaryotic)|g__Dorea.s__Dorea_longicatena	68.6071454299
PWY-7851: coenzyme A biosynthesis II (eukaryotic)|g__Collinsella.s__Collinsella_aerofaciens	27.0109258711
PWY-7851: coenzyme A biosynthesis II (eukaryotic)|g__Blautia.s__Blautia_wexlerae	25.7268602964
PWY-7851: coenzyme A biosynthesis II (eukaryotic)|g__Eggerthella.s__Eggerthella_lenta	11.9139189086
PWY-7560: methylerythritol phosphate pathway II	1078.7569628189
PWY-7560: methylerythritol phosphate pathway II|unclassified	405.5595825817
PWY-7560: methylerythritol phosphate pathway II|g__Anaerostipes.s__Anaerostipes_hadrus	154.6451477262
PWY-7560: methylerythritol phosphate pathway II|g__Blautia.s__Blautia_obeum	108.3398464749
PWY-7560: methylerythritol phosphate pathway II|g__Dorea.s__Dorea_longicatena	106.5502877534
PWY-7560: methylerythritol phosphate pathway II|g__Blautia.s__Blautia_wexlerae	31.7932306246
PWY-6823: molybdopterin biosynthesis	1075.6843735502
PWY-6823: molybdopterin biosynthesis|unclassified	480.6475073786
PWY-6823: molybdopterin biosynthesis|g__Blautia.s__Blautia_obeum	201.9177389592
PWY-6823: molybdopterin biosynthesis|g__Anaerostipes.s__Anaerostipes_hadrus	126.0209987826
PWY-6823: molybdopterin biosynthesis|g__Firmicutes_unclassified.s__Firmicutes_bacterium_AM10_47	47.3888895714
PWY-6823: molybdopterin biosynthesis|g__Blautia.s__Blautia_wexlerae	36.8573667073
PWY-6823: molybdopterin biosynthesis|g__Faecalibacterium.s__Faecalibacterium_prausnitzii	28.2370158911
PWY-6823: molybdopterin biosynthesis|g__Eggerthella.s__Eggerthella_lenta	14.7617122097
PWY-6823: molybdopterin biosynthesis|g__Roseburia.s__Roseburia_intestinalis	10.1436633276
PANTOSYN-PWY: superpathway of coenzyme A biosynthesis I (bacteria)	1061.7369453898
PANTOSYN-PWY: superpathway of coenzyme A biosynthesis I (bacteria)|unclassified	230.0710964834
PANTOSYN-PWY: superpathway of coenzyme A biosynthesis I (bacteria)|g__Blautia.s__Blautia_obeum	175.4094806925
PANTOSYN-PWY: superpathway of coenzyme A biosynthesis I (bacteria)|g__Anaerostipes.s__Anaerostipes_hadrus	171.3827384412
PANTOSYN-PWY: superpathway of coenzyme A biosynthesis I (bacteria)|g__Firmicutes_unclassified.s__Firmicutes_bacterium_AM10_47	63.6911594509
PANTOSYN-PWY: superpathway of coenzyme A biosynthesis I (bacteria)|g__Blautia.s__Blautia_wexlerae	36.5838362840
PANTOSYN-PWY: superpathway of coenzyme A biosynthesis I (bacteria)|g__Eggerthella.s__Eggerthella_lenta	19.7896641149
PANTO-PWY: phosphopantothenate biosynthesis I	1041.9423884648
PANTO-PWY: phosphopantothenate biosynthesis I|unclassified	213.9996945115
PANTO-PWY: phosphopantothenate biosynthesis I|g__Anaerostipes.s__Anaerostipes_hadrus	210.6413079564
PANTO-PWY: phosphopantothenate biosynthesis I|g__Blautia.s__Blautia_obeum	169.8955012818
PANTO-PWY: phosphopantothenate biosynthesis I|g__Blautia.s__Blautia_wexlerae	50.0887170259
PANTO-PWY: phosphopantothenate biosynthesis I|g__Firmicutes_unclassified.s__Firmicutes_bacterium_AM10_47	47.4183130731
PANTO-PWY: phosphopantothenate biosynthesis I|g__Eggerthella.s__Eggerthella_lenta	37.7260759930
PANTO-PWY: phosphopantothenate biosynthesis I|g__Agathobaculum.s__Agathobaculum_butyriciproducens	14.5327637172
PANTO-PWY: phosphopantothenate biosynthesis I|g__Roseburia.s__Roseburia_intestinalis	7.8962140416
PWY-7977: L-methionine biosynthesis IV	1024.8855648750
PWY-7977: L-methionine biosynthesis IV|unclassified	423.4204717433
PWY-7977: L-methionine biosynthesis IV|g__Anaerostipes.s__Anaerostipes_hadrus	150.6531312896
PWY-7977: L-methionine biosynthesis IV|g__Dorea.s__Dorea_longicatena	111.1294368547
PWY-7977: L-methionine biosynthesis IV|g__Collinsella.s__Collinsella_aerofaciens	81.7728732581
HSERMETANA-PWY: L-methionine biosynthesis III	1007.3504691582
HSERMETANA-PWY: L-methionine biosynthesis III|unclassified	302.9429698134
HSERMETANA-PWY: L-methionine biosynthesis III|g__Anaerostipes.s__Anaerostipes_hadrus	185.2349357150
HSERMETANA-PWY: L-methionine biosynthesis III|g__Dorea.s__Dorea_longicatena	133.9102421249
HSERMETANA-PWY: L-methionine biosynthesis III|g__Blautia.s__Blautia_obeum	125.2607352970
HSERMETANA-PWY: L-methionine biosynthesis III|g__Blautia.s__Blautia_wexlerae	84.2390188582
HSERMETANA-PWY: L-methionine biosynthesis III|g__Ruminococcus.s__Ruminococcus_lactaris	9.5878485407
PWY-6527: stachyose degradation	967.7381230204
PWY-6527: stachyose degradation|unclassified	399.7074971756
PWY-6527: stachyose degradation|g__Blautia.s__Blautia_obeum	114.3136407787
PWY-6527: stachyose degradation|g__Blautia.s__Blautia_wexlerae	77.0595657698
SER-GLYSYN-PWY: superpathway of L-serine and glycine biosynthesis I	965.5948102661
SER-GLYSYN-PWY: superpathway of L-serine and glycine biosynthesis I|unclassified	286.7352258572
SER-GLYSYN-PWY: superpathway of L-serine and glycine biosynthesis I|g__Anaerostipes.s__Anaerostipes_hadrus	119.8667085586
SER-GLYSYN-PWY: superpathway of L-serine and glycine biosynthesis I|g__Blautia.s__Blautia_obeum	119.0791213669
SER-GLYSYN-PWY: superpathway of L-serine and glycine biosynthesis I|g__Blautia.s__Blautia_wexlerae	88.7105809148
SER-GLYSYN-PWY: superpathway of L-serine and glycine biosynthesis I|g__Firmicutes_unclassified.s__Firmicutes_bacterium_AM10_47	84.0640421116
SER-GLYSYN-PWY: superpathway of L-serine and glycine biosynthesis I|g__Dorea.s__Dorea_longicatena	83.5015670601
SER-GLYSYN-PWY: superpathway of L-serine and glycine biosynthesis I|g__Collinsella.s__Collinsella_aerofaciens	58.3180371871
SER-GLYSYN-PWY: superpathway of L-serine and glycine biosynthesis I|g__Ruminococcus.s__Ruminococcus_lactaris	16.8698268782
SER-GLYSYN-PWY: superpathway of L-serine and glycine biosynthesis I|g__Eggerthella.s__Eggerthella_lenta	15.3462619895
SER-GLYSYN-PWY: superpathway of L-serine and glycine biosynthesis I|g__Roseburia.s__Roseburia_inulinivorans	13.6505478090
SER-GLYSYN-PWY: superpathway of L-serine and glycine biosynthesis I|g__Roseburia.s__Roseburia_intestinalis	10.4753705274
PWY-6936: seleno-amino acid biosynthesis (plants)	905.6567756233
PWY-6936: seleno-amino acid biosynthesis (plants)|g__Anaerostipes.s__Anaerostipes_hadrus	170.7467860047
PWY-6936: seleno-amino acid biosynthesis (plants)|unclassified	124.0263441156
PWY-6936: seleno-amino acid biosynthesis (plants)|g__Faecalibacterium.s__Faecalibacterium_prausnitzii	31.3607615260
PWY-6936: seleno-amino acid biosynthesis (plants)|g__Ruminococcus.s__Ruminococcus_lactaris	10.8771327505
PWY-3001: superpathway of L-isoleucine biosynthesis I	905.4660762835
PWY-3001: superpathway of L-isoleucine biosynthesis I|unclassified	305.1544161074
PWY-6123: inosine-5'-phosphate biosynthesis I	895.5408948239
PWY-6123: inosine-5'-phosphate biosynthesis I|unclassified	229.0009478475
PWY-6123: inosine-5'-phosphate biosynthesis I|g__Anaerostipes.s__Anaerostipes_hadrus	127.6082620442
PWY-6123: inosine-5'-phosphate biosynthesis I|g__Blautia.s__Blautia_obeum	94.0948167838
PWY-6123: inosine-5'-phosphate biosynthesis I|g__Blautia.s__Blautia_wexlerae	91.1879365857
PWY-6123: inosine-5'-phosphate biosynthesis I|g__Collinsella.s__Collinsella_aerofaciens	53.2107088047
PWY-6123: inosine-5'-phosphate biosynthesis I|g__Firmicutes_unclassified.s__Firmicutes_bacterium_AF16_15	51.7921940264
PWY-6123: inosine-5'-phosphate biosynthesis I|g__Faecalibacterium.s__Faecalibacterium_prausnitzii	25.3231711142
PWY-6123: inosine-5'-phosphate biosynthesis I|g__Eggerthella.s__Eggerthella_lenta	23.2599145633
PWY-5695: inosine 5'-phosphate degradation	893.7795649807
PWY-5695: inosine 5'-phosphate degradation|unclassified	321.4720740295
PWY-5695: inosine 5'-phosphate degradation|g__Anaerostipes.s__Anaerostipes_hadrus	164.5855986701
PWY-5695: inosine 5'-phosphate degradation|g__Dorea.s__Dorea_longicatena	82.5084869307
PWY-5695: inosine 5'-phosphate degradation|g__Blautia.s__Blautia_wexlerae	59.3014584756
PWY-5695: inosine 5'-phosphate degradation|g__Blautia.s__Blautia_obeum	52.4649172156
PWY-5695: inosine 5'-phosphate degradation|g__Roseburia.s__Roseburia_inulinivorans	14.0606522206
PWY-5695: inosine 5'-phosphate degradation|g__Agathobaculum.s__Agathobaculum_butyriciproducens	12.2454658093
THRESYN-PWY: superpathway of L-threonine biosynthesis	856.5937328315
THRESYN-PWY: superpathway of L-threonine biosynthesis|unclassified	326.2768370029
THRESYN-PWY: superpathway of L-threonine biosynthesis|g__Anaerostipes.s__Anaerostipes_hadrus	120.7334861929
THRESYN-PWY: superpathway of L-threonine biosynthesis|g__Collinsella.s__Collinsella_aerofaciens	72.8262754882
THRESYN-PWY: superpathway of L-threonine biosynthesis|g__Blautia.s__Blautia_obeum	40.5999733561
HISTSYN-PWY: L-histidine biosynthesis	832.7520755638
HISTSYN-PWY: L-histidine biosynthesis|unclassified	209.1208877759
HISTSYN-PWY: L-histidine biosynthesis|g__Blautia.s__Blautia_obeum	103.3749699183
HISTSYN-PWY: L-histidine biosynthesis|g__Faecalibacterium.s__Faecalibacterium_prausnitzii	20.0277208203
PWY-6124: inosine-5'-phosphate biosynthesis II	828.3103342984
PWY-6124: inosine-5'-phosphate biosynthesis II|unclassified	203.6811092399
PWY-6124: inosine-5'-phosphate biosynthesis II|g__Anaerostipes.s__Anaerostipes_hadrus	121.6269281670
PWY-6124: inosine-5'-phosphate biosynthesis II|g__Blautia.s__Blautia_obeum	117.9083715843
PWY-6124: inosine-5'-phosphate biosynthesis II|g__Blautia.s__Blautia_wexlerae	97.4663547411
PWY-6124: inosine-5'-phosphate biosynthesis II|g__Collinsella.s__Collinsella_aerofaciens	48.4285546727
PWY-6124: inosine-5'-phosphate biosynthesis II|g__Firmicutes_unclassified.s__Firmicutes_bacterium_AF16_15	46.8214384448
PWY-6124: inosine-5'-phosphate biosynthesis II|g__Faecalibacterium.s__Faecalibacterium_prausnitzii	26.0944756948
PWY-6124: inosine-5'-phosphate biosynthesis II|g__Eggerthella.s__Eggerthella_lenta	21.1774892731
PWY-6124: inosine-5'-phosphate biosynthesis II|g__Erysipelatoclostridium.s__Clostridium_spiroforme	18.2001493141
PYRIDNUCSYN-PWY: NAD de novo biosynthesis I (from aspartate)	816.5106582666
PYRIDNUCSYN-PWY: NAD de novo biosynthesis I (from aspartate)|unclassified	299.5258059519
PYRIDNUCSYN-PWY: NAD de novo biosynthesis I (from aspartate)|g__Anaerostipes.s__Anaerostipes_hadrus	150.5786627421
PYRIDNUCSYN-PWY: NAD de novo biosynthesis I (from aspartate)|g__Dorea.s__Dorea_longicatena	61.5836498746
OANTIGEN-PWY: O-antigen building blocks biosynthesis (E. coli)	798.8649547141
OANTIGEN-PWY: O-antigen building blocks biosynthesis (E. coli)|unclassified	328.7122319761
OANTIGEN-PWY: O-antigen building blocks biosynthesis (E. coli)|g__Collinsella.s__Collinsella_aerofaciens	93.8724030325
COBALSYN-PWY: superpathway of adenosylcobalamin salvage from cobinamide I	784.1981504609
COBALSYN-PWY: superpathway of adenosylcobalamin salvage from cobinamide I|unclassified	280.3954503946
COBALSYN-PWY: superpathway of adenosylcobalamin salvage from cobinamide I|g__Blautia.s__Blautia_obeum	189.5941862955
COBALSYN-PWY: superpathway of adenosylcobalamin salvage from cobinamide I|g__Dorea.s__Dorea_longicatena	91.4788740071
COBALSYN-PWY: superpathway of adenosylcobalamin salvage from cobinamide I|g__Collinsella.s__Collinsella_aerofaciens	49.1284766092
COBALSYN-PWY: superpathway of adenosylcobalamin salvage from cobinamide I|g__Blautia.s__Blautia_wexlerae	28.3820500231
PWY-7199: pyrimidine deoxyribonucleosides salvage	776.3388705128
PWY-7199: pyrimidine deoxyribonucleosides salvage|unclassified	407.3222768316
RIBOSYN2-PWY: flavin biosynthesis I (bacteria and plants)	770.6629137183
RIBOSYN2-PWY: flavin biosynthesis I (bacteria and plants)|unclassified	186.3808460540
RIBOSYN2-PWY: flavin biosynthesis I (bacteria and plants)|g__Anaerostipes.s__Anaerostipes_hadrus	122.1662281282
RIBOSYN2-PWY: flavin biosynthesis I (bacteria and plants)|g__Blautia.s__Blautia_obeum	109.5137025621
RIBOSYN2-PWY: flavin biosynthesis I (bacteria and plants)|g__Faecalibacterium.s__Faecalibacterium_prausnitzii	54.7044925409
RIBOSYN2-PWY: flavin biosynthesis I (bacteria and plants)|g__Dorea.s__Dorea_longicatena	44.3313947377
RIBOSYN2-PWY: flavin biosynthesis I (bacteria and plants)|g__Blautia.s__Blautia_wexlerae	29.2903390540
LACTOSECAT-PWY: lactose and galactose degradation I	763.9993580874
LACTOSECAT-PWY: lactose and galactose degradation I|g__Collinsella.s__Collinsella_aerofaciens	169.1166664530
LACTOSECAT-PWY: lactose and galactose degradation I|g__Anaerostipes.s__Anaerostipes_hadrus	167.3757818026
LACTOSECAT-PWY: lactose and galactose degradation I|unclassified	134.6806987695
PWY-7400: L-arginine biosynthesis IV (archaebacteria)	737.0545057793
PWY-7400: L-arginine biosynthesis IV (archaebacteria)|unclassified	391.2234722906
METH-ACETATE-PWY: methanogenesis from acetate	701.6215201327
METH-ACETATE-PWY: methanogenesis from acetate|unclassified	295.3420851504
METH-ACETATE-PWY: methanogenesis from acetate|g__Blautia.s__Blautia_obeum	138.4815854922
METH-ACETATE-PWY: methanogenesis from acetate|g__Blautia.s__Blautia_wexlerae	70.5304751936
PWY-7208: superpathway of pyrimidine nucleobases salvage	685.3519916609
PWY-7208: superpathway of pyrimidine nucleobases salvage|g__Anaerostipes.s__Anaerostipes_hadrus	212.4012233555
PWY-7208: superpathway of pyrimidine nucleobases salvage|g__Blautia.s__Blautia_obeum	105.4306835622
PWY-7208: superpathway of pyrimidine nucleobases salvage|g__Collinsella.s__Collinsella_aerofaciens	53.3818787302
PWY-7208: superpathway of pyrimidine nucleobases salvage|g__Eggerthella.s__Eggerthella_lenta	25.8069065740
PWY-7208: superpathway of pyrimidine nucleobases salvage|unclassified	21.7149332660
PWY-7208: superpathway of pyrimidine nucleobases salvage|g__Roseburia.s__Roseburia_intestinalis	12.1626803479
PWY-5188: tetrapyrrole biosynthesis I (from glutamate)	619.5449642491
PWY-5188: tetrapyrrole biosynthesis I (from glutamate)|unclassified	172.7713574294
PWY-5188: tetrapyrrole biosynthesis I (from glutamate)|g__Blautia.s__Blautia_obeum	124.9014960750
PWY-5188: tetrapyrrole biosynthesis I (from glutamate)|g__Anaerostipes.s__Anaerostipes_hadrus	122.2271625326
PWY-5188: tetrapyrrole biosynthesis I (from glutamate)|g__Blautia.s__Blautia_wexlerae	58.7910008376
PWY-5188: tetrapyrrole biosynthesis I (from glutamate)|g__Firmicutes_unclassified.s__Firmicutes_bacterium_AM10_47	53.9926713676
PWY-6703: preQ0 biosynthesis	572.9745437953
PWY-6703: preQ0 biosynthesis|g__Blautia.s__Blautia_obeum	157.2469335991
PWY-6703: preQ0 biosynthesis|g__Anaerostipes.s__Anaerostipes_hadrus	144.7062181950
PWY-6703: preQ0 biosynthesis|unclassified	60.6479191902
PWY-6703: preQ0 biosynthesis|g__Firmicutes_unclassified.s__Firmicutes_bacterium_AM10_47	60.2735316113
PWY-6703: preQ0 biosynthesis|g__Ruminococcus.s__Ruminococcus_lactaris	22.9731720646
UDPNAGSYN-PWY: UDP-N-acetyl-D-glucosamine biosynthesis I	548.9070486684
UDPNAGSYN-PWY: UDP-N-acetyl-D-glucosamine biosynthesis I|unclassified	226.6875904488
UDPNAGSYN-PWY: UDP-N-acetyl-D-glucosamine biosynthesis I|g__Collinsella.s__Collinsella_aerofaciens	87.2410152108
UDPNAGSYN-PWY: UDP-N-acetyl-D-glucosamine biosynthesis I|g__Eggerthella.s__Eggerthella_lenta	33.8141530256
UDPNAGSYN-PWY: UDP-N-acetyl-D-glucosamine biosynthesis I|g__Agathobaculum.s__Agathobaculum_butyriciproducens	14.9599674834
UDPNAGSYN-PWY: UDP-N-acetyl-D-glucosamine biosynthesis I|g__Erysipelatoclostridium.s__Clostridium_spiroforme	7.6303458484
PWY-6731: starch degradation III	544.1847254865
PWY-6731: starch degradation III|unclassified	296.5410872019
PWY-6731: starch degradation III|g__Blautia.s__Blautia_obeum	85.4753147559
PWY-6731: starch degradation III|g__Blautia.s__Blautia_wexlerae	67.4890878789
PWY-6731: starch degradation III|g__Roseburia.s__Roseburia_inulinivorans	12.4990755778
PWY-6731: starch degradation III|g__Agathobaculum.s__Agathobaculum_butyriciproducens	9.1612916959
PWY0-1586: peptidoglycan maturation (meso-diaminopimelate containing)	543.7923630861
PWY0-1586: peptidoglycan maturation (meso-diaminopimelate containing)|g__Anaerostipes.s__Anaerostipes_hadrus	215.3842686610
PWY0-1586: peptidoglycan maturation (meso-diaminopimelate containing)|unclassified	112.4728422402
PWY0-1586: peptidoglycan maturation (meso-diaminopimelate containing)|g__Collinsella.s__Collinsella_aerofaciens	51.2704122035
PWY0-1586: peptidoglycan maturation (meso-diaminopimelate containing)|g__Eggerthella.s__Eggerthella_lenta	29.2616671327
PWY0-1586: peptidoglycan maturation (meso-diaminopimelate containing)|g__Eubacterium.s__Eubacterium_ramulus	8.9644825956
PWY-I9: L-cysteine biosynthesis VI (from L-methionine)	541.7574383484
PWY-I9: L-cysteine biosynthesis VI (from L-methionine)|g__Anaerostipes.s__Anaerostipes_hadrus	178.5824729941
PWY-I9: L-cysteine biosynthesis VI (from L-methionine)|unclassified	134.5350984584
PWY-I9: L-cysteine biosynthesis VI (from L-methionine)|g__Blautia.s__Blautia_obeum	45.3910948047
PWY-I9: L-cysteine biosynthesis VI (from L-methionine)|g__Roseburia.s__Roseburia_inulinivorans	7.4730137696
PWY-1861: formaldehyde assimilation II (assimilatory RuMP Cycle)	539.7656598947
PWY-1861: formaldehyde assimilation II (assimilatory RuMP Cycle)|g__Anaerostipes.s__Anaerostipes_hadrus	230.3810251567
P461-PWY: hexitol fermentation to lactate, formate, ethanol and acetate	523.4024546084
P461-PWY: hexitol fermentation to lactate, formate, ethanol and acetate|g__Anaerostipes.s__Anaerostipes_hadrus	266.6704582892
P461-PWY: hexitol fermentation to lactate, formate, ethanol and acetate|unclassified	156.9122253175
ASPASN-PWY: superpathway of L-aspartate and L-asparagine biosynthesis	518.9109319032
ASPASN-PWY: superpathway of L-aspartate and L-asparagine biosynthesis|unclassified	136.6742235377
ASPASN-PWY: superpathway of L-aspartate and L-asparagine biosynthesis|g__Blautia.s__Blautia_obeum	36.3209853207
ASPASN-PWY: superpathway of L-aspartate and L-asparagine biosynthesis|g__Blautia.s__Blautia_wexlerae	27.4436981090
PWY-6608: guanosine nucleotides degradation III	517.7866944433
PWY-6608: guanosine nucleotides degradation III|unclassified	178.5134675442
PWY-6608: guanosine nucleotides degradation III|g__Anaerostipes.s__Anaerostipes_hadrus	147.6251327638
PWY-6608: guanosine nucleotides degradation III|g__Blautia.s__Blautia_obeum	54.4257265887
PWY-6608: guanosine nucleotides degradation III|g__Blautia.s__Blautia_wexlerae	47.0799037944
PWY-7328: superpathway of UDP-glucose-derived O-antigen building blocks biosynthesis	507.2683366552
PWY-7328: superpathway of UDP-glucose-derived O-antigen building blocks biosynthesis|unclassified	354.5049353629
PWY0-162: superpathway of pyrimidine ribonucleotides de novo biosynthesis	477.8531543316
PWY0-162: superpathway of pyrimidine ribonucleotides de novo biosynthesis|unclassified	22.9580968649
PWY-5676: acetyl-CoA fermentation to butanoate II	469.0554044950
PWY-5676: acetyl-CoA fermentation to butanoate II|g__Anaerostipes.s__Anaerostipes_hadrus	219.0316402912
PWY-5676: acetyl-CoA fermentation to butanoate II|unclassified	15.9543933320
PWY-6353: purine nucleotides degradation II (aerobic)	465.9707220420
PWY-6353: purine nucleotides degradation II (aerobic)|unclassified	43.5115803569
P164-PWY: purine nucleobases degradation I (anaerobic)	465.4262838370
P164-PWY: purine nucleobases degradation I (anaerobic)|unclassified	150.9000823769
PWY-702: L-methionine biosynthesis II	454.4789670028
PWY-702: L-methionine biosynthesis II|unclassified	87.1622154698
GLUCONEO-PWY: gluconeogenesis I	431.9006432273
GLUCONEO-PWY: gluconeogenesis I|unclassified	117.8053444192
PWY-2941: L-lysine biosynthesis II	426.9768622014
PWY-2941: L-lysine biosynthesis II|unclassified	179.2597222391
PHOSLIPSYN-PWY: superpathway of phospholipid biosynthesis I (bacteria)	418.5850960598
PHOSLIPSYN-PWY: superpathway of phospholipid biosynthesis I (bacteria)|unclassified	267.4387059613
PWY-6628: superpathway of L-phenylalanine biosynthesis	408.0082267323
PWY-6628: superpathway of L-phenylalanine biosynthesis|unclassified	106.7100738124
PPGPPMET-PWY: ppGpp metabolism	405.0886447206
PPGPPMET-PWY: ppGpp metabolism|unclassified	51.0126638546
PWY-8187: L-arginine degradation XIII (reductive Stickland reaction)	395.2914067968
PWY-8187: L-arginine degradation XIII (reductive Stickland reaction)|unclassified	232.7483030110
PWY-8187: L-arginine degradation XIII (reductive Stickland reaction)|g__Eubacterium.s__Eubacterium_ramulus	9.8593957295
GLYCOLYSIS: glycolysis I (from glucose 6-phosphate)	392.5517782832
GLYCOLYSIS: glycolysis I (from glucose 6-phosphate)|unclassified	51.9523667449
PWY-841: superpathway of purine nucleotides de novo biosynthesis I	386.7096564464
PWY-841: superpathway of purine nucleotides de novo biosynthesis I|unclassified	49.5210298410
PWY-841: superpathway of purine nucleotides de novo biosynthesis I|g__Eggerthella.s__Eggerthella_lenta	25.0822141201
DAPLYSINESYN-PWY: L-lysine biosynthesis I	381.4568984193
DAPLYSINESYN-PWY: L-lysine biosynthesis I|unclassified	127.2429559783
THISYNARA-PWY: superpathway of thiamine diphosphate biosynthesis III (eukaryotes)	376.2781628183
THISYNARA-PWY: superpathway of thiamine diphosphate biosynthesis III (eukaryotes)|unclassified	101.3233782844
THISYNARA-PWY: superpathway of thiamine diphosphate biosynthesis III (eukaryotes)|g__Faecalibacterium.s__Faecalibacterium_prausnitzii	44.6103515242
THISYNARA-PWY: superpathway of thiamine diphosphate biosynthesis III (eukaryotes)|g__Roseburia.s__Roseburia_intestinalis	10.9014215230
COLANSYN-PWY: colanic acid building blocks biosynthesis	372.2055452808
COLANSYN-PWY: colanic acid building blocks biosynthesis|unclassified	108.0042800396
PWY-5659: GDP-mannose biosynthesis	369.2816337968
PWY-5659: GDP-mannose biosynthesis|unclassified	110.1490940653
PWY-5659: GDP-mannose biosynthesis|g__Blautia.s__Blautia_obeum	34.5339508667
PWY-5659: GDP-mannose biosynthesis|g__Faecalibacterium.s__Faecalibacterium_prausnitzii	17.9533152244
PWY-7229: superpathway of adenosine nucleotides de novo biosynthesis I	367.4004166854
PWY-7229: superpathway of adenosine nucleotides de novo biosynthesis I|unclassified	55.0537547635
PWY-7229: superpathway of adenosine nucleotides de novo biosynthesis I|g__Eggerthella.s__Eggerthella_lenta	26.9195710468
PWY-6897: thiamine diphosphate salvage II	357.2416995309
PWY-6897: thiamine diphosphate salvage II|unclassified	94.0276173779
PWY-6897: thiamine diphosphate salvage II|g__Agathobaculum.s__Agathobaculum_butyriciproducens	11.3722482599
GLCMANNANAUT-PWY: superpathway of N-acetylglucosamine, N-acetylmannosamine and N-acetylneuraminate degradation	356.7900073393
GLCMANNANAUT-PWY: superpathway of N-acetylglucosamine, N-acetylmannosamine and N-acetylneuraminate degradation|unclassified	182.1436993221
GLCMANNANAUT-PWY: superpathway of N-acetylglucosamine, N-acetylmannosamine and N-acetylneuraminate degradation|g__Blautia.s__Blautia_obeum	18.3298953750
GLCMANNANAUT-PWY: superpathway of N-acetylglucosamine, N-acetylmannosamine and N-acetylneuraminate degradation|g__Faecalibacterium.s__Faecalibacterium_prausnitzii	14.0724334098
GLCMANNANAUT-PWY: superpathway of N-acetylglucosamine, N-acetylmannosamine and N-acetylneuraminate degradation|g__Roseburia.s__Roseburia_inulinivorans	10.7475264661
ANAEROFRUCAT-PWY: homolactic fermentation	344.3819703288
ANAEROFRUCAT-PWY: homolactic fermentation|unclassified	36.2766391715
PWY-5384: sucrose degradation IV (sucrose phosphorylase)	325.9384060869
PWY-5384: sucrose degradation IV (sucrose phosphorylase)|g__Anaerostipes.s__Anaerostipes_hadrus	197.2903247918
PWY-5384: sucrose degradation IV (sucrose phosphorylase)|g__Roseburia.s__Roseburia_inulinivorans	15.8588222990
SALVADEHYPOX-PWY: adenosine nucleotides degradation II	319.2439041732
SALVADEHYPOX-PWY: adenosine nucleotides degradation II|g__Anaerostipes.s__Anaerostipes_hadrus	156.9159480092
SALVADEHYPOX-PWY: adenosine nucleotides degradation II|unclassified	21.6943303424
PWY-621: sucrose degradation III (sucrose invertase)	314.1088311294
PWY-621: sucrose degradation III (sucrose invertase)|g__Anaerostipes.s__Anaerostipes_hadrus	239.5574414570
GOLPDLCAT-PWY: superpathway of glycerol degradation to 1,3-propanediol	305.5654982077
GOLPDLCAT-PWY: superpathway of glycerol degradation to 1,3-propanediol|g__Anaerostipes.s__Anaerostipes_hadrus	126.9501043243
GOLPDLCAT-PWY: superpathway of glycerol degradation to 1,3-propanediol|unclassified	92.1734350120
PWY-6606: guanosine nucleotides degradation II	302.5286173166
PWY-6606: guanosine nucleotides degradation II|unclassified	24.6547736626
PWY-7228: superpathway of guanosine nucleotides de novo biosynthesis I	292.2756516994
PWY-7228: superpathway of guanosine nucleotides de novo biosynthesis I|g__Collinsella.s__Collinsella_aerofaciens	75.3536512168
PWY-7228: superpathway of guanosine nucleotides de novo biosynthesis I|g__Eggerthella.s__Eggerthella_lenta	35.7400359059
PWY-7228: superpathway of guanosine nucleotides de novo biosynthesis I|unclassified	30.4046865628
PWY-6126: superpathway of adenosine nucleotides de novo biosynthesis II	290.8138281924
PWY-6126: superpathway of adenosine nucleotides de novo biosynthesis II|unclassified	35.1519664613
PWY-6126: superpathway of adenosine nucleotides de novo biosynthesis II|g__Eggerthella.s__Eggerthella_lenta	28.4435280290
PWY4FS-7: phosphatidylglycerol biosynthesis I (plastidic)	284.8780344782
PWY4FS-7: phosphatidylglycerol biosynthesis I (plastidic)|unclassified	215.7302197076
PWY4FS-8: phosphatidylglycerol biosynthesis II (non-plastidic)	284.8780344782
PWY4FS-8: phosphatidylglycerol biosynthesis II (non-plastidic)|unclassified	215.7302197076
PWY-5484: glycolysis II (from fructose 6-phosphate)	277.8608488077
PWY-5484: glycolysis II (from fructose 6-phosphate)|unclassified	28.2244290458
PWY66-409: superpathway of purine nucleotide salvage	272.3215347774
P185-PWY: formaldehyde assimilation III (dihydroxyacetone cycle)	270.7549590476
P185-PWY: formaldehyde assimilation III (dihydroxyacetone cycle)|unclassified	84.5254607923
PWY-6125: superpathway of guanosine nucleotides de novo biosynthesis II	234.8220663238
PWY-6125: superpathway of guanosine nucleotides de novo biosynthesis II|g__Eggerthella.s__Eggerthella_lenta	29.2623762951
PWY-6125: superpathway of guanosine nucleotides de novo biosynthesis II|unclassified	24.3487593054
PWY0-1479: tRNA processing	220.9324816952
PWY-7013: (S)-propane-1,2-diol degradation	214.1712988400
PWY-7013: (S)-propane-1,2-diol degradation|unclassified	160.5378370088
PWY-6470: peptidoglycan biosynthesis V (&beta;-lactam resistance)	212.6881492064
PWY-6470: peptidoglycan biosynthesis V (&beta;-lactam resistance)|unclassified	112.6691537689
PWY1ZNC-1: assimilatory sulfate reduction IV	209.6106611227
PWY1ZNC-1: assimilatory sulfate reduction IV|unclassified	66.2703299579
PWY-7197: pyrimidine deoxyribonucleotide phosphorylation	198.1403082621
PWY-7197: pyrimidine deoxyribonucleotide phosphorylation|g__Collinsella.s__Collinsella_aerofaciens	95.1769498362
PWY-7197: pyrimidine deoxyribonucleotide phosphorylation|unclassified	14.6200158175
PWY-7197: pyrimidine deoxyribonucleotide phosphorylation|g__Eggerthella.s__Eggerthella_lenta	13.8015881880
PWY-7323: superpathway of GDP-mannose-derived O-antigen building blocks biosynthesis	181.6508585583
PWY-7323: superpathway of GDP-mannose-derived O-antigen building blocks biosynthesis|unclassified	40.8123197209
PWY0-1297: superpathway of purine deoxyribonucleosides degradation	163.4084670046
PWY0-1297: superpathway of purine deoxyribonucleosides degradation|unclassified	24.4394632188
PWY-6902: chitin degradation II (Vibrio)	157.6089794806
PWY-6902: chitin degradation II (Vibrio)|unclassified	137.3541983677
PWY-5154: L-arginine biosynthesis III (via N-acetyl-L-citrulline)	154.6042792810
PWY-5154: L-arginine biosynthesis III (via N-acetyl-L-citrulline)|unclassified	122.6918245934
RHAMCAT-PWY: L-rhamnose degradation I	142.5382994845
RHAMCAT-PWY: L-rhamnose degradation I|unclassified	95.5853734964
RHAMCAT-PWY: L-rhamnose degradation I|g__Roseburia.s__Roseburia_inulinivorans	9.0584083556
PWY-7220: adenosine deoxyribonucleotides de novo biosynthesis II	138.3989417496
PWY-7220: adenosine deoxyribonucleotides de novo biosynthesis II|g__Eggerthella.s__Eggerthella_lenta	43.5418883188
PWY-7220: adenosine deoxyribonucleotides de novo biosynthesis II|unclassified	15.6321813874
PWY-7222: guanosine deoxyribonucleotides de novo biosynthesis II	138.3989417496
PWY-7222: guanosine deoxyribonucleotides de novo biosynthesis II|g__Eggerthella.s__Eggerthella_lenta	43.5418883188
PWY-7222: guanosine deoxyribonucleotides de novo biosynthesis II|unclassified	15.6321813874
FERMENTATION-PWY: mixed acid fermentation	132.1515442826
FERMENTATION-PWY: mixed acid fermentation|unclassified	113.3678962324
PWY-4041: &gamma;-glutamyl cycle	129.9204658998
PWY-4041: &gamma;-glutamyl cycle|unclassified	80.3607546322
PWY66-399: gluconeogenesis III	121.0768367985
PWY66-399: gluconeogenesis III|unclassified	27.5190113207
PWY-7761: NAD salvage pathway II (PNC IV cycle)	118.4530926323
PWY-7761: NAD salvage pathway II (PNC IV cycle)|unclassified	35.7055913948
FUCCAT-PWY: fucose degradation	105.5994784875
FUCCAT-PWY: fucose degradation|unclassified	51.1903175872
PWY-6590: superpathway of Clostridium acetobutylicum acidogenic fermentation	97.9713932601
PWY-6590: superpathway of Clostridium acetobutylicum acidogenic fermentation|unclassified	32.0200449006
PWY-6549: L-glutamine biosynthesis III	93.1134443621
PWY-6549: L-glutamine biosynthesis III|unclassified	23.9645977405
PWY-7356: thiamine diphosphate salvage IV (yeast)	93.0694609680
PWY-7356: thiamine diphosphate salvage IV (yeast)|unclassified	67.7890113461
PWY-7356: thiamine diphosphate salvage IV (yeast)|g__Agathobaculum.s__Agathobaculum_butyriciproducens	12.5193728086
GLUCUROCAT-PWY: superpathway of &beta;-D-glucuronosides degradation	91.3132211537
GLUCUROCAT-PWY: superpathway of &beta;-D-glucuronosides degradation|unclassified	27.8516473755
GALACTITOLCAT-PWY: galactitol degradation	90.4982680707
GALACTITOLCAT-PWY: galactitol degradation|g__Anaerostipes.s__Anaerostipes_hadrus	87.2893068354
PWY-6630: superpathway of L-tyrosine biosynthesis	89.3012031519
PWY-6630: superpathway of L-tyrosine biosynthesis|unclassified	32.2669266495
P441-PWY: superpathway of N-acetylneuraminate degradation	86.3719648249
P441-PWY: superpathway of N-acetylneuraminate degradation|unclassified	38.8876629967
HISDEG-PWY: L-histidine degradation I	85.6278362885
HISDEG-PWY: L-histidine degradation I|g__Firmicutes_unclassified.s__Firmicutes_bacterium_AM10_47	71.4920603862
PWY-7242: D-fructuronate degradation	79.0953257331
PWY-7242: D-fructuronate degradation|g__Faecalibacterium.s__Faecalibacterium_prausnitzii	24.7812047090
PWY-7242: D-fructuronate degradation|unclassified	20.5962515762
CENTFERM-PWY: pyruvate fermentation to butanoate	75.1829524530
CENTFERM-PWY: pyruvate fermentation to butanoate|unclassified	24.4621338713
PWY-7315: dTDP-N-acetylthomosamine biosynthesis	75.0899210132
PWY-7315: dTDP-N-acetylthomosamine biosynthesis|unclassified	71.2159069404
PWY-8131: 5'-deoxyadenosine degradation II	65.8060741612
PWY-8131: 5'-deoxyadenosine degradation II|unclassified	51.6075358071
PWY-7383: anaerobic energy metabolism (invertebrates, cytosol)	64.6645385293
PWY-7383: anaerobic energy metabolism (invertebrates, cytosol)|unclassified	25.4677034744
PWY-7198: pyrimidine deoxyribonucleotides de novo biosynthesis IV	61.0421081390
ARG+POLYAMINE-SYN: superpathway of arginine and polyamine biosynthesis	55.2851632669
PWY-5345: superpathway of L-methionine biosynthesis (by sulfhydrylation)	53.1056524235
PWY-5345: superpathway of L-methionine biosynthesis (by sulfhydrylation)|unclassified	46.7659595478
HEMESYN2-PWY: heme b biosynthesis II (oxygen-independent)	52.1011784155
HEMESYN2-PWY: heme b biosynthesis II (oxygen-independent)|unclassified	14.9479856107
PWY-7117: C4 photosynthetic carbon assimilation cycle, PEPCK type	50.8467409551
PWY-7117: C4 photosynthetic carbon assimilation cycle, PEPCK type|unclassified	12.9321054272
PWY-7282: 4-amino-2-methyl-5-diphosphomethylpyrimidine biosynthesis II	50.6506303212
PWY-7210: pyrimidine deoxyribonucleotides biosynthesis from CTP	50.1546625094
PWY-5121: superpathway of geranylgeranyl diphosphate biosynthesis II (via MEP)	49.6915460309
PWY-5121: superpathway of geranylgeranyl diphosphate biosynthesis II (via MEP)|unclassified	46.3358405290
PWY-6545: pyrimidine deoxyribonucleotides de novo biosynthesis III	46.7888868168
PWY-7184: pyrimidine deoxyribonucleotides de novo biosynthesis I	46.7439025828
PWY0-1261: anhydromuropeptides recycling I	45.6609565051
PWY0-1261: anhydromuropeptides recycling I|unclassified	44.0808402007
SULFATE-CYS-PWY: superpathway of sulfate assimilation and cysteine biosynthesis	44.0752823628
SULFATE-CYS-PWY: superpathway of sulfate assimilation and cysteine biosynthesis|unclassified	39.8595754266
PWY-241: C4 photosynthetic carbon assimilation cycle, NADP-ME type	43.9689569090
PWY-241: C4 photosynthetic carbon assimilation cycle, NADP-ME type|unclassified	11.3504381686
PWY-6292: superpathway of L-cysteine biosynthesis (mammalian)	37.7664437482
GALACTUROCAT-PWY: D-galacturonate degradation I	37.5714113901
GALACTUROCAT-PWY: D-galacturonate degradation I|g__Faecalibacterium.s__Faecalibacterium_prausnitzii	27.9825808048
PYRIDNUCSAL-PWY: NAD salvage pathway I (PNC VI cycle)	36.5289980310
PWY-7234: inosine-5'-phosphate biosynthesis III	34.0306761955
CITRULBIO-PWY: L-citrulline biosynthesis	33.2563089761
CITRULBIO-PWY: L-citrulline biosynthesis|unclassified	32.4862246269
PWY-6507: 4-deoxy-L-threo-hex-4-enopyranuronate degradation	29.8279784316
PWY-6507: 4-deoxy-L-threo-hex-4-enopyranuronate degradation|g__Faecalibacterium.s__Faecalibacterium_prausnitzii	25.7385521972
PWY-5913: partial TCA cycle (obligate autotrophs)	29.6037103041
PWY-5913: partial TCA cycle (obligate autotrophs)|unclassified	8.9994249912
PWY3O-4107: NAD salvage pathway V (PNC V cycle)	29.2904687817
POLYAMSYN-PWY: superpathway of polyamine biosynthesis I	28.6825964833
PWY-4984: urea cycle	27.8250572425
PWY-4984: urea cycle|unclassified	27.2744400981
PWY0-1298: superpathway of pyrimidine deoxyribonucleosides degradation	26.9519461925
PWY0-1298: superpathway of pyrimidine deoxyribonucleosides degradation|unclassified	23.5089471482
PWY-5030: L-histidine degradation III	26.7719151166
GALACT-GLUCUROCAT-PWY: superpathway of hexuronide and hexuronate degradation	26.2471778087
PWY-6969: TCA cycle V (2-oxoglutarate synthase)	22.3841397371
PWY-6305: superpathway of putrescine biosynthesis	21.9720748946
PWY-6305: superpathway of putrescine biosynthesis|unclassified	20.2806326167
PWY4LZ-257: superpathway of fermentation (Chlamydomonas reinhardtii)	20.6842643319
PWY4LZ-257: superpathway of fermentation (Chlamydomonas reinhardtii)|unclassified	19.9278962910
PWY0-1477: ethanolamine utilization	20.4552660259
PWY0-1477: ethanolamine utilization|unclassified	19.8227575447
PWY-5690: TCA cycle II (plants and fungi)	20.4076711885
SO4ASSIM-PWY: assimilatory sulfate reduction I	20.1119849809
SO4ASSIM-PWY: assimilatory sulfate reduction I|unclassified	19.2000278336
PWY-6803: phosphatidylcholine acyl editing	18.1834359553
PWY-6803: phosphatidylcholine acyl editing|unclassified	15.9719805035
P161-PWY: acetylene degradation (anaerobic)	16.6414466384
P161-PWY: acetylene degradation (anaerobic)|unclassified	16.2203814930
GLYOXYLATE-BYPASS: glyoxylate cycle	15.3904944215
GLYOXYLATE-BYPASS: glyoxylate cycle|unclassified	12.1226164613
PWY-5981: CDP-diacylglycerol biosynthesis III	15.1755034669
PWY-5837: 2-carboxy-1,4-naphthoquinol biosynthesis	14.5957123290
PWY-6518: bile acids epimerization	12.8954746048
PWY-5136: fatty acid &beta;-oxidation II (plant peroxisome)	12.1617596159
PWY-5136: fatty acid &beta;-oxidation II (plant peroxisome)|unclassified	8.3879826215
PWY-822: fructan biosynthesis	10.0634496950
PWY-822: fructan biosynthesis|g__Streptococcus.s__Streptococcus_pneumoniae	3.5978566851
PWY-822: fructan biosynthesis|g__Streptococcus.s__Streptococcus_equinus	3.5954949229
PWY-822: fructan biosynthesis|g__Streptococcus.s__Streptococcus_salivarius	2.8700980869
PWY-7118: chitin deacetylation	9.4834192569