# Pathway	merged_SO-15043983Week-4_S62_L001__kneaddata_paired_Abundance
UNMAPPED	689419.9172251188
UNINTEGRATED	2206959.5111310082
UNINTEGRATED|unclassified	705832.5607548039
UNINTEGRATED|g__Anaerostipes.s__Anaerostipes_hadrus	502194.6632647714
UNINTEGRATED|g__Blautia.s__Blautia_obeum	233434.1739848001
UNINTEGRATED|g__Blautia.s__Blautia_wexlerae	199944.5855744875
UNINTEGRATED|g__Dorea.s__Dorea_longicatena	175051.0429346353
UNINTEGRATED|g__Blautia.s__Blautia_hansenii	62143.9478599068
UNINTEGRATED|g__Streptococcus.s__Streptococcus_thermophilus	47590.8860367282
UNINTEGRATED|g__Roseburia.s__Roseburia_intestinalis	40575.7529330027
UNINTEGRATED|g__Eggerthella.s__Eggerthella_lenta	38684.2171812779
UNINTEGRATED|g__Gemmiger.s__Gemmiger_formicilis	20936.8008208295
UNINTEGRATED|g__Agathobaculum.s__Agathobaculum_butyriciproducens	20680.5822661106
UNINTEGRATED|g__Erysipelatoclostridium.s__Clostridium_innocuum	13454.2152319424
UNINTEGRATED|g__Blautia.s__Blautia_sp_N6H1_15	12520.4125522315
UNINTEGRATED|g__Blautia.s__Blautia_producta	10720.9724872688
UNINTEGRATED|g__Erysipelatoclostridium.s__Erysipelatoclostridium_ramosum	9516.8277660347
UNINTEGRATED|g__Streptococcus.s__Streptococcus_salivarius	8183.4263031970
UNINTEGRATED|g__Erysipelatoclostridium.s__Clostridium_spiroforme	6802.1879547130
UNINTEGRATED|g__Bacteroides.s__Bacteroides_ovatus	5023.2258032322
UNINTEGRATED|g__Streptococcus.s__Streptococcus_pneumoniae	2938.1860472451
UNINTEGRATED|g__Streptococcus.s__Streptococcus_vestibularis	1852.7419224752
UNINTEGRATED|g__Streptococcus.s__Streptococcus_equinus	1585.8893738016
UNINTEGRATED|g__Streptococcus.s__Streptococcus_parasanguinis	1282.6276536107
PWY-7238: sucrose biosynthesis II	3616.3319781606
PWY-7238: sucrose biosynthesis II|unclassified	1508.5481389461
PWY-7238: sucrose biosynthesis II|g__Anaerostipes.s__Anaerostipes_hadrus	689.4934046496
PWY-7238: sucrose biosynthesis II|g__Dorea.s__Dorea_longicatena	369.9002174563
PWY-7238: sucrose biosynthesis II|g__Blautia.s__Blautia_wexlerae	336.0256083582
PWY-7238: sucrose biosynthesis II|g__Blautia.s__Blautia_obeum	286.5768358792
PWY-7238: sucrose biosynthesis II|g__Blautia.s__Blautia_hansenii	82.9551442066
PWY-7238: sucrose biosynthesis II|g__Gemmiger.s__Gemmiger_formicilis	39.5043978958
PWY-7238: sucrose biosynthesis II|g__Streptococcus.s__Streptococcus_thermophilus	27.9626114991
PWY-7238: sucrose biosynthesis II|g__Roseburia.s__Roseburia_intestinalis	27.0739493536
PWY-7238: sucrose biosynthesis II|g__Blautia.s__Blautia_sp_N6H1_15	21.3330624459
PWY-7238: sucrose biosynthesis II|g__Streptococcus.s__Streptococcus_pneumoniae	2.6805479041
PWY-7238: sucrose biosynthesis II|g__Streptococcus.s__Streptococcus_equinus	0.8305648656
GLYCOGENSYNTH-PWY: glycogen biosynthesis I (from ADP-D-Glucose)	3463.2416614303
GLYCOGENSYNTH-PWY: glycogen biosynthesis I (from ADP-D-Glucose)|unclassified	1189.1951793055
GLYCOGENSYNTH-PWY: glycogen biosynthesis I (from ADP-D-Glucose)|g__Anaerostipes.s__Anaerostipes_hadrus	956.1883543666
GLYCOGENSYNTH-PWY: glycogen biosynthesis I (from ADP-D-Glucose)|g__Blautia.s__Blautia_wexlerae	370.9755534145
GLYCOGENSYNTH-PWY: glycogen biosynthesis I (from ADP-D-Glucose)|g__Dorea.s__Dorea_longicatena	251.7654412918
GLYCOGENSYNTH-PWY: glycogen biosynthesis I (from ADP-D-Glucose)|g__Blautia.s__Blautia_obeum	244.8629142254
GLYCOGENSYNTH-PWY: glycogen biosynthesis I (from ADP-D-Glucose)|g__Blautia.s__Blautia_hansenii	58.3651518252
GLYCOGENSYNTH-PWY: glycogen biosynthesis I (from ADP-D-Glucose)|g__Gemmiger.s__Gemmiger_formicilis	32.7323942727
GLYCOGENSYNTH-PWY: glycogen biosynthesis I (from ADP-D-Glucose)|g__Roseburia.s__Roseburia_intestinalis	14.0128657525
GLYCOGENSYNTH-PWY: glycogen biosynthesis I (from ADP-D-Glucose)|g__Agathobaculum.s__Agathobaculum_butyriciproducens	13.9250596361
GLYCOGENSYNTH-PWY: glycogen biosynthesis I (from ADP-D-Glucose)|g__Streptococcus.s__Streptococcus_pneumoniae	3.7636680480
GLYCOGENSYNTH-PWY: glycogen biosynthesis I (from ADP-D-Glucose)|g__Streptococcus.s__Streptococcus_salivarius	3.7405944675
PWY-1042: glycolysis IV	3409.7478771420
PWY-1042: glycolysis IV|g__Anaerostipes.s__Anaerostipes_hadrus	1081.9150654399
PWY-1042: glycolysis IV|unclassified	832.6335604237
PWY-1042: glycolysis IV|g__Dorea.s__Dorea_longicatena	141.0072009461
PWY-1042: glycolysis IV|g__Blautia.s__Blautia_wexlerae	130.5042809037
PWY-1042: glycolysis IV|g__Blautia.s__Blautia_hansenii	76.9217871351
PWY-1042: glycolysis IV|g__Streptococcus.s__Streptococcus_thermophilus	55.2292705445
PWY-1042: glycolysis IV|g__Eggerthella.s__Eggerthella_lenta	25.5550233404
PWY-1042: glycolysis IV|g__Streptococcus.s__Streptococcus_salivarius	13.3636823479
PWY-1042: glycolysis IV|g__Erysipelatoclostridium.s__Erysipelatoclostridium_ramosum	13.0642620204
PWY-5941: glycogen degradation II	3132.1166754801
PWY-5941: glycogen degradation II|unclassified	1068.9485653373
PWY-5941: glycogen degradation II|g__Anaerostipes.s__Anaerostipes_hadrus	710.2457005295
PWY-5941: glycogen degradation II|g__Blautia.s__Blautia_wexlerae	345.9387665830
PWY-5941: glycogen degradation II|g__Dorea.s__Dorea_longicatena	339.7517200795
PWY-5941: glycogen degradation II|g__Blautia.s__Blautia_obeum	247.6389010179
PWY-5941: glycogen degradation II|g__Streptococcus.s__Streptococcus_thermophilus	27.9225290007
PWY-5941: glycogen degradation II|g__Roseburia.s__Roseburia_intestinalis	25.9915150937
PWY-5941: glycogen degradation II|g__Streptococcus.s__Streptococcus_pneumoniae	3.4957310887
PWY-5941: glycogen degradation II|g__Streptococcus.s__Streptococcus_equinus	0.8061266387
CALVIN-PWY: Calvin-Benson-Bassham cycle	2614.0261379228
CALVIN-PWY: Calvin-Benson-Bassham cycle|g__Anaerostipes.s__Anaerostipes_hadrus	784.2626771551
CALVIN-PWY: Calvin-Benson-Bassham cycle|unclassified	783.5516930067
CALVIN-PWY: Calvin-Benson-Bassham cycle|g__Blautia.s__Blautia_wexlerae	354.5789783236
CALVIN-PWY: Calvin-Benson-Bassham cycle|g__Blautia.s__Blautia_obeum	10.9673765510
PWY-8178: pentose phosphate pathway (non-oxidative branch) II	2462.0865771797
PWY-8178: pentose phosphate pathway (non-oxidative branch) II|unclassified	764.7212816368
PWY-8178: pentose phosphate pathway (non-oxidative branch) II|g__Anaerostipes.s__Anaerostipes_hadrus	667.8583768063
PWY-8178: pentose phosphate pathway (non-oxidative branch) II|g__Blautia.s__Blautia_wexlerae	371.3998660357
PWY-8178: pentose phosphate pathway (non-oxidative branch) II|g__Streptococcus.s__Streptococcus_thermophilus	33.7490968093
PWY-8178: pentose phosphate pathway (non-oxidative branch) II|g__Blautia.s__Blautia_obeum	31.8754871913
PWY-8178: pentose phosphate pathway (non-oxidative branch) II|g__Streptococcus.s__Streptococcus_salivarius	7.7121814369
ANAGLYCOLYSIS-PWY: glycolysis III (from glucose)	2424.2356377886
ANAGLYCOLYSIS-PWY: glycolysis III (from glucose)|g__Anaerostipes.s__Anaerostipes_hadrus	799.3795654391
ANAGLYCOLYSIS-PWY: glycolysis III (from glucose)|unclassified	670.0169917689
ANAGLYCOLYSIS-PWY: glycolysis III (from glucose)|g__Blautia.s__Blautia_wexlerae	79.1610113740
ANAGLYCOLYSIS-PWY: glycolysis III (from glucose)|g__Streptococcus.s__Streptococcus_thermophilus	46.6917966863
PWY0-1296: purine ribonucleosides degradation	2318.4022464939
PWY0-1296: purine ribonucleosides degradation|unclassified	742.1541219629
PWY0-1296: purine ribonucleosides degradation|g__Blautia.s__Blautia_obeum	518.7044564200
PWY0-1296: purine ribonucleosides degradation|g__Anaerostipes.s__Anaerostipes_hadrus	422.2740897343
PWY0-1296: purine ribonucleosides degradation|g__Dorea.s__Dorea_longicatena	205.1954301351
PWY0-1296: purine ribonucleosides degradation|g__Blautia.s__Blautia_wexlerae	155.8969605432
PWY0-1296: purine ribonucleosides degradation|g__Blautia.s__Blautia_hansenii	64.0362353683
PWY0-1296: purine ribonucleosides degradation|g__Streptococcus.s__Streptococcus_thermophilus	59.4569373955
PWY0-1296: purine ribonucleosides degradation|g__Gemmiger.s__Gemmiger_formicilis	26.1496771717
PWY0-1296: purine ribonucleosides degradation|g__Streptococcus.s__Streptococcus_vestibularis	19.0915713374
PWY0-1296: purine ribonucleosides degradation|g__Blautia.s__Blautia_sp_N6H1_15	16.4441226759
PWY0-1296: purine ribonucleosides degradation|g__Erysipelatoclostridium.s__Clostridium_spiroforme	9.7870593117
PWY0-1296: purine ribonucleosides degradation|g__Streptococcus.s__Streptococcus_pneumoniae	3.3333833127
PWY0-1296: purine ribonucleosides degradation|g__Streptococcus.s__Streptococcus_equinus	1.9364401806
PWY0-1296: purine ribonucleosides degradation|g__Streptococcus.s__Streptococcus_salivarius	1.7108645516
PWY-6609: adenine and adenosine salvage III	2248.0473719857
PWY-6609: adenine and adenosine salvage III|unclassified	768.9586541845
PWY-6609: adenine and adenosine salvage III|g__Anaerostipes.s__Anaerostipes_hadrus	507.4519323848
PWY-6609: adenine and adenosine salvage III|g__Dorea.s__Dorea_longicatena	183.5263724907
PWY-6609: adenine and adenosine salvage III|g__Blautia.s__Blautia_wexlerae	170.6812461450
PWY-6609: adenine and adenosine salvage III|g__Blautia.s__Blautia_obeum	108.2719152524
PWY-6609: adenine and adenosine salvage III|g__Blautia.s__Blautia_hansenii	60.4698631086
PWY-6609: adenine and adenosine salvage III|g__Streptococcus.s__Streptococcus_thermophilus	44.5396528764
PWY-6609: adenine and adenosine salvage III|g__Gemmiger.s__Gemmiger_formicilis	26.7693291814
PWY-6609: adenine and adenosine salvage III|g__Eggerthella.s__Eggerthella_lenta	20.7063709684
PWY-6609: adenine and adenosine salvage III|g__Agathobaculum.s__Agathobaculum_butyriciproducens	14.2711194263
PWY-6609: adenine and adenosine salvage III|g__Blautia.s__Blautia_sp_N6H1_15	14.1917305647
PWY-6609: adenine and adenosine salvage III|g__Streptococcus.s__Streptococcus_vestibularis	4.6243965409
PWY-6609: adenine and adenosine salvage III|g__Streptococcus.s__Streptococcus_pneumoniae	3.1683506966
PWY-6609: adenine and adenosine salvage III|g__Streptococcus.s__Streptococcus_salivarius	2.2137979756
PWY-6609: adenine and adenosine salvage III|g__Streptococcus.s__Streptococcus_equinus	1.8984092278
PWY-6163: chorismate biosynthesis from 3-dehydroquinate	2177.5938535738
PWY-6163: chorismate biosynthesis from 3-dehydroquinate|unclassified	918.6533347091
PWY-6163: chorismate biosynthesis from 3-dehydroquinate|g__Anaerostipes.s__Anaerostipes_hadrus	540.8291476976
PWY-6163: chorismate biosynthesis from 3-dehydroquinate|g__Blautia.s__Blautia_obeum	229.2902314080
PWY-6163: chorismate biosynthesis from 3-dehydroquinate|g__Blautia.s__Blautia_wexlerae	154.4933743247
PWY-6163: chorismate biosynthesis from 3-dehydroquinate|g__Dorea.s__Dorea_longicatena	130.9864143257
PWY-6163: chorismate biosynthesis from 3-dehydroquinate|g__Streptococcus.s__Streptococcus_thermophilus	51.8268455765
PWY-6163: chorismate biosynthesis from 3-dehydroquinate|g__Blautia.s__Blautia_hansenii	44.2866243951
PWY-6163: chorismate biosynthesis from 3-dehydroquinate|g__Eggerthella.s__Eggerthella_lenta	24.8494429316
PWY-6163: chorismate biosynthesis from 3-dehydroquinate|g__Blautia.s__Blautia_sp_N6H1_15	13.5428735497
PWY-6163: chorismate biosynthesis from 3-dehydroquinate|g__Roseburia.s__Roseburia_intestinalis	8.6529025785
PWY-6163: chorismate biosynthesis from 3-dehydroquinate|g__Blautia.s__Blautia_producta	7.7434190586
PWY-6163: chorismate biosynthesis from 3-dehydroquinate|g__Agathobaculum.s__Agathobaculum_butyriciproducens	6.3726900485
PWY-6163: chorismate biosynthesis from 3-dehydroquinate|g__Streptococcus.s__Streptococcus_pneumoniae	5.4457193176
PWY-6163: chorismate biosynthesis from 3-dehydroquinate|g__Streptococcus.s__Streptococcus_salivarius	3.6658159908
PWY-6386: UDP-N-acetylmuramoyl-pentapeptide biosynthesis II (lysine-containing)	2158.4193542519
PWY-6386: UDP-N-acetylmuramoyl-pentapeptide biosynthesis II (lysine-containing)|unclassified	862.5043544694
PWY-6386: UDP-N-acetylmuramoyl-pentapeptide biosynthesis II (lysine-containing)|g__Anaerostipes.s__Anaerostipes_hadrus	518.2828829453
PWY-6386: UDP-N-acetylmuramoyl-pentapeptide biosynthesis II (lysine-containing)|g__Blautia.s__Blautia_wexlerae	216.7823576128
PWY-6386: UDP-N-acetylmuramoyl-pentapeptide biosynthesis II (lysine-containing)|g__Blautia.s__Blautia_obeum	149.1067278724
PWY-6386: UDP-N-acetylmuramoyl-pentapeptide biosynthesis II (lysine-containing)|g__Streptococcus.s__Streptococcus_thermophilus	57.1171624333
PWY-6386: UDP-N-acetylmuramoyl-pentapeptide biosynthesis II (lysine-containing)|g__Blautia.s__Blautia_hansenii	50.5075953631
PWY-6386: UDP-N-acetylmuramoyl-pentapeptide biosynthesis II (lysine-containing)|g__Gemmiger.s__Gemmiger_formicilis	21.8900934348
PWY-6386: UDP-N-acetylmuramoyl-pentapeptide biosynthesis II (lysine-containing)|g__Eggerthella.s__Eggerthella_lenta	21.6289099787
PWY-6386: UDP-N-acetylmuramoyl-pentapeptide biosynthesis II (lysine-containing)|g__Blautia.s__Blautia_sp_N6H1_15	15.3818616108
PWY-6386: UDP-N-acetylmuramoyl-pentapeptide biosynthesis II (lysine-containing)|g__Streptococcus.s__Streptococcus_pneumoniae	3.2113846201
PWY-6386: UDP-N-acetylmuramoyl-pentapeptide biosynthesis II (lysine-containing)|g__Streptococcus.s__Streptococcus_salivarius	1.6951737878
ARO-PWY: chorismate biosynthesis I	2155.2865674137
ARO-PWY: chorismate biosynthesis I|unclassified	859.4761821260
ARO-PWY: chorismate biosynthesis I|g__Anaerostipes.s__Anaerostipes_hadrus	555.5535481908
ARO-PWY: chorismate biosynthesis I|g__Blautia.s__Blautia_obeum	231.6472494663
ARO-PWY: chorismate biosynthesis I|g__Blautia.s__Blautia_wexlerae	143.3727963263
ARO-PWY: chorismate biosynthesis I|g__Dorea.s__Dorea_longicatena	135.9589744966
ARO-PWY: chorismate biosynthesis I|g__Blautia.s__Blautia_hansenii	40.6398709232
ARO-PWY: chorismate biosynthesis I|g__Streptococcus.s__Streptococcus_thermophilus	38.2192122205
ARO-PWY: chorismate biosynthesis I|g__Eggerthella.s__Eggerthella_lenta	27.0504574998
ARO-PWY: chorismate biosynthesis I|g__Blautia.s__Blautia_sp_N6H1_15	12.2612411765
ARO-PWY: chorismate biosynthesis I|g__Agathobaculum.s__Agathobaculum_butyriciproducens	7.7699998418
ARO-PWY: chorismate biosynthesis I|g__Blautia.s__Blautia_producta	7.7098968042
ARO-PWY: chorismate biosynthesis I|g__Streptococcus.s__Streptococcus_pneumoniae	6.0877902680
ARO-PWY: chorismate biosynthesis I|g__Streptococcus.s__Streptococcus_salivarius	3.3570257918
PWY-7111: pyruvate fermentation to isobutanol (engineered)	2131.2863745438
PWY-7111: pyruvate fermentation to isobutanol (engineered)|unclassified	575.3715423209
PWY-7111: pyruvate fermentation to isobutanol (engineered)|g__Anaerostipes.s__Anaerostipes_hadrus	517.2707376328
PWY-7111: pyruvate fermentation to isobutanol (engineered)|g__Blautia.s__Blautia_wexlerae	188.1274059155
PWY-7111: pyruvate fermentation to isobutanol (engineered)|g__Streptococcus.s__Streptococcus_thermophilus	61.5273904917
PWY-7111: pyruvate fermentation to isobutanol (engineered)|g__Blautia.s__Blautia_hansenii	31.1269780636
PWY-7111: pyruvate fermentation to isobutanol (engineered)|g__Blautia.s__Blautia_obeum	16.6655100507
PWY-7111: pyruvate fermentation to isobutanol (engineered)|g__Erysipelatoclostridium.s__Erysipelatoclostridium_ramosum	12.1344398826
PWY-7111: pyruvate fermentation to isobutanol (engineered)|g__Streptococcus.s__Streptococcus_salivarius	6.9626432714
PWY-7221: guanosine ribonucleotides de novo biosynthesis	2123.3507210500
PWY-7221: guanosine ribonucleotides de novo biosynthesis|unclassified	771.4160064708
PWY-7221: guanosine ribonucleotides de novo biosynthesis|g__Anaerostipes.s__Anaerostipes_hadrus	443.8169422558
PWY-7221: guanosine ribonucleotides de novo biosynthesis|g__Blautia.s__Blautia_wexlerae	358.0315597333
PWY-7221: guanosine ribonucleotides de novo biosynthesis|g__Dorea.s__Dorea_longicatena	130.3912593861
PWY-7221: guanosine ribonucleotides de novo biosynthesis|g__Streptococcus.s__Streptococcus_thermophilus	61.1889645311
PWY-7221: guanosine ribonucleotides de novo biosynthesis|g__Eggerthella.s__Eggerthella_lenta	47.5947911112
PWY-7221: guanosine ribonucleotides de novo biosynthesis|g__Blautia.s__Blautia_hansenii	46.3957678636
PWY-7221: guanosine ribonucleotides de novo biosynthesis|g__Erysipelatoclostridium.s__Erysipelatoclostridium_ramosum	13.0883337620
PWY-7221: guanosine ribonucleotides de novo biosynthesis|g__Streptococcus.s__Streptococcus_salivarius	11.0362944631
PWY-7221: guanosine ribonucleotides de novo biosynthesis|g__Erysipelatoclostridium.s__Clostridium_spiroforme	6.4587824898
PWY-7221: guanosine ribonucleotides de novo biosynthesis|g__Blautia.s__Blautia_obeum	6.2364745566
PWY-7221: guanosine ribonucleotides de novo biosynthesis|g__Streptococcus.s__Streptococcus_equinus	2.3377781782
PWY-7221: guanosine ribonucleotides de novo biosynthesis|g__Streptococcus.s__Streptococcus_vestibularis	1.1218819975
PEPTIDOGLYCANSYN-PWY: peptidoglycan biosynthesis I (meso-diaminopimelate containing)	2117.2951939258
PEPTIDOGLYCANSYN-PWY: peptidoglycan biosynthesis I (meso-diaminopimelate containing)|unclassified	867.2494954107
PEPTIDOGLYCANSYN-PWY: peptidoglycan biosynthesis I (meso-diaminopimelate containing)|g__Anaerostipes.s__Anaerostipes_hadrus	525.2014154845
PEPTIDOGLYCANSYN-PWY: peptidoglycan biosynthesis I (meso-diaminopimelate containing)|g__Blautia.s__Blautia_wexlerae	211.7838024383
PEPTIDOGLYCANSYN-PWY: peptidoglycan biosynthesis I (meso-diaminopimelate containing)|g__Blautia.s__Blautia_obeum	161.6968124164
PEPTIDOGLYCANSYN-PWY: peptidoglycan biosynthesis I (meso-diaminopimelate containing)|g__Dorea.s__Dorea_longicatena	76.3278539587
PEPTIDOGLYCANSYN-PWY: peptidoglycan biosynthesis I (meso-diaminopimelate containing)|g__Streptococcus.s__Streptococcus_thermophilus	52.3856321668
PEPTIDOGLYCANSYN-PWY: peptidoglycan biosynthesis I (meso-diaminopimelate containing)|g__Blautia.s__Blautia_hansenii	49.5198370273
PEPTIDOGLYCANSYN-PWY: peptidoglycan biosynthesis I (meso-diaminopimelate containing)|g__Eggerthella.s__Eggerthella_lenta	24.1840074794
PEPTIDOGLYCANSYN-PWY: peptidoglycan biosynthesis I (meso-diaminopimelate containing)|g__Gemmiger.s__Gemmiger_formicilis	16.9873527208
PEPTIDOGLYCANSYN-PWY: peptidoglycan biosynthesis I (meso-diaminopimelate containing)|g__Blautia.s__Blautia_sp_N6H1_15	10.6733383070
PEPTIDOGLYCANSYN-PWY: peptidoglycan biosynthesis I (meso-diaminopimelate containing)|g__Streptococcus.s__Streptococcus_salivarius	1.3715788278
PWY66-429: fatty acid biosynthesis initiation (mitochondria)	2116.9799706510
PWY66-429: fatty acid biosynthesis initiation (mitochondria)|unclassified	901.1764773922
PWY66-429: fatty acid biosynthesis initiation (mitochondria)|g__Anaerostipes.s__Anaerostipes_hadrus	570.3457170379
PWY66-429: fatty acid biosynthesis initiation (mitochondria)|g__Blautia.s__Blautia_wexlerae	156.0495638484
PWY66-429: fatty acid biosynthesis initiation (mitochondria)|g__Blautia.s__Blautia_obeum	109.1945083690
PWY66-429: fatty acid biosynthesis initiation (mitochondria)|g__Dorea.s__Dorea_longicatena	74.5631573890
PWY66-429: fatty acid biosynthesis initiation (mitochondria)|g__Blautia.s__Blautia_hansenii	47.8627870139
PWY66-429: fatty acid biosynthesis initiation (mitochondria)|g__Streptococcus.s__Streptococcus_thermophilus	43.2894627994
PWY66-429: fatty acid biosynthesis initiation (mitochondria)|g__Eggerthella.s__Eggerthella_lenta	18.2391607712
PWY66-429: fatty acid biosynthesis initiation (mitochondria)|g__Erysipelatoclostridium.s__Erysipelatoclostridium_ramosum	14.3569534151
PWY66-429: fatty acid biosynthesis initiation (mitochondria)|g__Agathobaculum.s__Agathobaculum_butyriciproducens	11.2526141911
PWY66-429: fatty acid biosynthesis initiation (mitochondria)|g__Streptococcus.s__Streptococcus_pneumoniae	3.8171105344
PWY66-429: fatty acid biosynthesis initiation (mitochondria)|g__Streptococcus.s__Streptococcus_salivarius	3.6154823851
PWY66-429: fatty acid biosynthesis initiation (mitochondria)|g__Streptococcus.s__Streptococcus_parasanguinis	1.1846943482
PWY-6317: D-galactose degradation I (Leloir pathway)	2108.7904393336
PWY-6317: D-galactose degradation I (Leloir pathway)|g__Anaerostipes.s__Anaerostipes_hadrus	615.1030677779
PWY-6317: D-galactose degradation I (Leloir pathway)|unclassified	612.4377007521
PWY-6317: D-galactose degradation I (Leloir pathway)|g__Blautia.s__Blautia_wexlerae	264.4060031795
PWY-6317: D-galactose degradation I (Leloir pathway)|g__Blautia.s__Blautia_obeum	135.9546063100
PWY-6317: D-galactose degradation I (Leloir pathway)|g__Dorea.s__Dorea_longicatena	131.7810195727
PWY-6317: D-galactose degradation I (Leloir pathway)|g__Streptococcus.s__Streptococcus_thermophilus	54.1736432649
PWY-6317: D-galactose degradation I (Leloir pathway)|g__Roseburia.s__Roseburia_intestinalis	12.8783176509
PWY-6317: D-galactose degradation I (Leloir pathway)|g__Streptococcus.s__Streptococcus_salivarius	4.7429233179
PWY-6317: D-galactose degradation I (Leloir pathway)|g__Streptococcus.s__Streptococcus_pneumoniae	3.2135555139
PWY-6387: UDP-N-acetylmuramoyl-pentapeptide biosynthesis I (meso-diaminopimelate containing)	2095.9905052914
PWY-6387: UDP-N-acetylmuramoyl-pentapeptide biosynthesis I (meso-diaminopimelate containing)|unclassified	861.3580361763
PWY-6387: UDP-N-acetylmuramoyl-pentapeptide biosynthesis I (meso-diaminopimelate containing)|g__Anaerostipes.s__Anaerostipes_hadrus	495.3129146453
PWY-6387: UDP-N-acetylmuramoyl-pentapeptide biosynthesis I (meso-diaminopimelate containing)|g__Blautia.s__Blautia_wexlerae	208.3157289642
PWY-6387: UDP-N-acetylmuramoyl-pentapeptide biosynthesis I (meso-diaminopimelate containing)|g__Blautia.s__Blautia_obeum	182.8716097162
PWY-6387: UDP-N-acetylmuramoyl-pentapeptide biosynthesis I (meso-diaminopimelate containing)|g__Dorea.s__Dorea_longicatena	95.3547229745
PWY-6387: UDP-N-acetylmuramoyl-pentapeptide biosynthesis I (meso-diaminopimelate containing)|g__Streptococcus.s__Streptococcus_thermophilus	57.8530279981
PWY-6387: UDP-N-acetylmuramoyl-pentapeptide biosynthesis I (meso-diaminopimelate containing)|g__Blautia.s__Blautia_hansenii	52.0981673684
PWY-6387: UDP-N-acetylmuramoyl-pentapeptide biosynthesis I (meso-diaminopimelate containing)|g__Eggerthella.s__Eggerthella_lenta	24.8729861817
PWY-6387: UDP-N-acetylmuramoyl-pentapeptide biosynthesis I (meso-diaminopimelate containing)|g__Gemmiger.s__Gemmiger_formicilis	20.3420932451
PWY-6387: UDP-N-acetylmuramoyl-pentapeptide biosynthesis I (meso-diaminopimelate containing)|g__Blautia.s__Blautia_sp_N6H1_15	13.7968254295
PWY-6387: UDP-N-acetylmuramoyl-pentapeptide biosynthesis I (meso-diaminopimelate containing)|g__Streptococcus.s__Streptococcus_pneumoniae	2.9872500785
PWY-6387: UDP-N-acetylmuramoyl-pentapeptide biosynthesis I (meso-diaminopimelate containing)|g__Streptococcus.s__Streptococcus_salivarius	1.3834941961
PWY-1861: formaldehyde assimilation II (assimilatory RuMP Cycle)	2092.7567864729
PWY-1861: formaldehyde assimilation II (assimilatory RuMP Cycle)|unclassified	719.7941843971
PWY-1861: formaldehyde assimilation II (assimilatory RuMP Cycle)|g__Anaerostipes.s__Anaerostipes_hadrus	687.0370314885
PWY-6151: S-adenosyl-L-methionine salvage I	2079.4114350655
PWY-6151: S-adenosyl-L-methionine salvage I|unclassified	835.4721086904
PWY-6151: S-adenosyl-L-methionine salvage I|g__Anaerostipes.s__Anaerostipes_hadrus	642.2067141819
PWY-6151: S-adenosyl-L-methionine salvage I|g__Blautia.s__Blautia_wexlerae	294.4912961179
PWY-6151: S-adenosyl-L-methionine salvage I|g__Dorea.s__Dorea_longicatena	56.4108201945
PWY-6151: S-adenosyl-L-methionine salvage I|g__Streptococcus.s__Streptococcus_thermophilus	53.8491924650
PWY-6151: S-adenosyl-L-methionine salvage I|g__Gemmiger.s__Gemmiger_formicilis	22.2464200328
PWY-6151: S-adenosyl-L-methionine salvage I|g__Blautia.s__Blautia_hansenii	21.0457384978
PWY-6151: S-adenosyl-L-methionine salvage I|g__Blautia.s__Blautia_sp_N6H1_15	14.5753154660
PWY-6151: S-adenosyl-L-methionine salvage I|g__Erysipelatoclostridium.s__Clostridium_innocuum	9.7043922286
PWY-6151: S-adenosyl-L-methionine salvage I|g__Erysipelatoclostridium.s__Erysipelatoclostridium_ramosum	8.8635891123
PWY-6151: S-adenosyl-L-methionine salvage I|g__Agathobaculum.s__Agathobaculum_butyriciproducens	7.3429848813
PWY-6151: S-adenosyl-L-methionine salvage I|g__Streptococcus.s__Streptococcus_pneumoniae	5.3225497540
PWY-6151: S-adenosyl-L-methionine salvage I|g__Streptococcus.s__Streptococcus_salivarius	1.6512419119
PWY-6385: peptidoglycan biosynthesis III (mycobacteria)	2062.5461626614
PWY-6385: peptidoglycan biosynthesis III (mycobacteria)|unclassified	847.6786923383
PWY-6385: peptidoglycan biosynthesis III (mycobacteria)|g__Anaerostipes.s__Anaerostipes_hadrus	506.8426180642
PWY-6385: peptidoglycan biosynthesis III (mycobacteria)|g__Blautia.s__Blautia_wexlerae	150.9800581661
PWY-6385: peptidoglycan biosynthesis III (mycobacteria)|g__Blautia.s__Blautia_obeum	143.6782871847
PWY-6385: peptidoglycan biosynthesis III (mycobacteria)|g__Streptococcus.s__Streptococcus_thermophilus	51.7168766406
PWY-6385: peptidoglycan biosynthesis III (mycobacteria)|g__Blautia.s__Blautia_hansenii	49.5198370273
PWY-6385: peptidoglycan biosynthesis III (mycobacteria)|g__Eggerthella.s__Eggerthella_lenta	26.8125606613
VALSYN-PWY: L-valine biosynthesis	2059.3357557288
VALSYN-PWY: L-valine biosynthesis|unclassified	784.7709279675
VALSYN-PWY: L-valine biosynthesis|g__Anaerostipes.s__Anaerostipes_hadrus	482.3722559823
VALSYN-PWY: L-valine biosynthesis|g__Blautia.s__Blautia_obeum	246.7704142779
VALSYN-PWY: L-valine biosynthesis|g__Blautia.s__Blautia_wexlerae	193.0612820159
VALSYN-PWY: L-valine biosynthesis|g__Dorea.s__Dorea_longicatena	142.1799840993
VALSYN-PWY: L-valine biosynthesis|g__Streptococcus.s__Streptococcus_thermophilus	65.3762442344
VALSYN-PWY: L-valine biosynthesis|g__Blautia.s__Blautia_hansenii	45.3533585153
VALSYN-PWY: L-valine biosynthesis|g__Gemmiger.s__Gemmiger_formicilis	44.8622790303
VALSYN-PWY: L-valine biosynthesis|g__Eggerthella.s__Eggerthella_lenta	35.3520492980
VALSYN-PWY: L-valine biosynthesis|g__Erysipelatoclostridium.s__Erysipelatoclostridium_ramosum	15.2359286041
VALSYN-PWY: L-valine biosynthesis|g__Roseburia.s__Roseburia_intestinalis	13.0914121456
VALSYN-PWY: L-valine biosynthesis|g__Streptococcus.s__Streptococcus_salivarius	6.4645118004
VALSYN-PWY: L-valine biosynthesis|g__Streptococcus.s__Streptococcus_equinus	3.5909018933
VALSYN-PWY: L-valine biosynthesis|g__Streptococcus.s__Streptococcus_pneumoniae	2.1684241824
VALSYN-PWY: L-valine biosynthesis|g__Blautia.s__Blautia_sp_N6H1_15	1.9219219219
COMPLETE-ARO-PWY: superpathway of aromatic amino acid biosynthesis	2051.8143442985
COMPLETE-ARO-PWY: superpathway of aromatic amino acid biosynthesis|unclassified	794.4510488134
COMPLETE-ARO-PWY: superpathway of aromatic amino acid biosynthesis|g__Anaerostipes.s__Anaerostipes_hadrus	556.0987506489
COMPLETE-ARO-PWY: superpathway of aromatic amino acid biosynthesis|g__Blautia.s__Blautia_obeum	159.2492701524
COMPLETE-ARO-PWY: superpathway of aromatic amino acid biosynthesis|g__Blautia.s__Blautia_wexlerae	141.0948108616
COMPLETE-ARO-PWY: superpathway of aromatic amino acid biosynthesis|g__Streptococcus.s__Streptococcus_thermophilus	41.7524399644
COMPLETE-ARO-PWY: superpathway of aromatic amino acid biosynthesis|g__Blautia.s__Blautia_sp_N6H1_15	11.6331053477
COMPLETE-ARO-PWY: superpathway of aromatic amino acid biosynthesis|g__Streptococcus.s__Streptococcus_pneumoniae	6.2461996708
COMPLETE-ARO-PWY: superpathway of aromatic amino acid biosynthesis|g__Streptococcus.s__Streptococcus_salivarius	3.5663223001
PWY-7953: UDP-N-acetylmuramoyl-pentapeptide biosynthesis III (meso-diaminopimelate containing)	2049.1801212260
PWY-7953: UDP-N-acetylmuramoyl-pentapeptide biosynthesis III (meso-diaminopimelate containing)|unclassified	822.8362624305
PWY-7953: UDP-N-acetylmuramoyl-pentapeptide biosynthesis III (meso-diaminopimelate containing)|g__Anaerostipes.s__Anaerostipes_hadrus	474.1365471421
PWY-7953: UDP-N-acetylmuramoyl-pentapeptide biosynthesis III (meso-diaminopimelate containing)|g__Blautia.s__Blautia_obeum	140.2414951226
PWY-7953: UDP-N-acetylmuramoyl-pentapeptide biosynthesis III (meso-diaminopimelate containing)|g__Blautia.s__Blautia_wexlerae	135.3254988948
PWY-7953: UDP-N-acetylmuramoyl-pentapeptide biosynthesis III (meso-diaminopimelate containing)|g__Dorea.s__Dorea_longicatena	89.8192068673
PWY-7953: UDP-N-acetylmuramoyl-pentapeptide biosynthesis III (meso-diaminopimelate containing)|g__Streptococcus.s__Streptococcus_thermophilus	55.6719688872
PWY-7953: UDP-N-acetylmuramoyl-pentapeptide biosynthesis III (meso-diaminopimelate containing)|g__Blautia.s__Blautia_hansenii	54.6370512866
PWY-7953: UDP-N-acetylmuramoyl-pentapeptide biosynthesis III (meso-diaminopimelate containing)|g__Eggerthella.s__Eggerthella_lenta	22.2905525076
PWY-7953: UDP-N-acetylmuramoyl-pentapeptide biosynthesis III (meso-diaminopimelate containing)|g__Blautia.s__Blautia_sp_N6H1_15	10.1597215146
PWY-7953: UDP-N-acetylmuramoyl-pentapeptide biosynthesis III (meso-diaminopimelate containing)|g__Streptococcus.s__Streptococcus_pneumoniae	2.3363694616
PWY-7953: UDP-N-acetylmuramoyl-pentapeptide biosynthesis III (meso-diaminopimelate containing)|g__Streptococcus.s__Streptococcus_salivarius	1.3684008575
ARGSYNBSUB-PWY: L-arginine biosynthesis II (acetyl cycle)	2026.6913423958
ARGSYNBSUB-PWY: L-arginine biosynthesis II (acetyl cycle)|unclassified	786.1672280556
ARGSYNBSUB-PWY: L-arginine biosynthesis II (acetyl cycle)|g__Anaerostipes.s__Anaerostipes_hadrus	409.4371557012
ARGSYNBSUB-PWY: L-arginine biosynthesis II (acetyl cycle)|g__Blautia.s__Blautia_wexlerae	307.9346832683
ARGSYNBSUB-PWY: L-arginine biosynthesis II (acetyl cycle)|g__Dorea.s__Dorea_longicatena	143.1416291325
ARGSYNBSUB-PWY: L-arginine biosynthesis II (acetyl cycle)|g__Streptococcus.s__Streptococcus_thermophilus	47.1055523987
ARGSYNBSUB-PWY: L-arginine biosynthesis II (acetyl cycle)|g__Blautia.s__Blautia_hansenii	45.7487106970
ARGSYNBSUB-PWY: L-arginine biosynthesis II (acetyl cycle)|g__Eggerthella.s__Eggerthella_lenta	38.6214119160
ARGSYNBSUB-PWY: L-arginine biosynthesis II (acetyl cycle)|g__Gemmiger.s__Gemmiger_formicilis	36.4967856721
ARGSYNBSUB-PWY: L-arginine biosynthesis II (acetyl cycle)|g__Streptococcus.s__Streptococcus_salivarius	4.0097734971
ARGSYNBSUB-PWY: L-arginine biosynthesis II (acetyl cycle)|g__Blautia.s__Blautia_obeum	2.9902114559
PWY-5686: UMP biosynthesis I	2012.8635368404
PWY-5686: UMP biosynthesis I|unclassified	740.3039794782
PWY-5686: UMP biosynthesis I|g__Anaerostipes.s__Anaerostipes_hadrus	514.0740407055
PWY-5686: UMP biosynthesis I|g__Blautia.s__Blautia_wexlerae	242.7899761282
PWY-5686: UMP biosynthesis I|g__Dorea.s__Dorea_longicatena	96.1432739212
PWY-5686: UMP biosynthesis I|g__Streptococcus.s__Streptococcus_thermophilus	49.2001052603
PWY-5686: UMP biosynthesis I|g__Blautia.s__Blautia_hansenii	48.2333992605
PWY-5686: UMP biosynthesis I|g__Eggerthella.s__Eggerthella_lenta	26.5410411355
PWY-5686: UMP biosynthesis I|g__Blautia.s__Blautia_sp_N6H1_15	12.6637548849
PWY-5686: UMP biosynthesis I|g__Streptococcus.s__Streptococcus_pneumoniae	3.2151182029
PWY-5686: UMP biosynthesis I|g__Streptococcus.s__Streptococcus_salivarius	1.8804403260
PWY-7790: UMP biosynthesis II	2012.8635368404
PWY-7790: UMP biosynthesis II|unclassified	740.3039794782
PWY-7790: UMP biosynthesis II|g__Anaerostipes.s__Anaerostipes_hadrus	514.0740407055
PWY-7790: UMP biosynthesis II|g__Blautia.s__Blautia_wexlerae	242.7899761282
PWY-7790: UMP biosynthesis II|g__Dorea.s__Dorea_longicatena	96.1432739212
PWY-7790: UMP biosynthesis II|g__Streptococcus.s__Streptococcus_thermophilus	49.2001052603
PWY-7790: UMP biosynthesis II|g__Blautia.s__Blautia_hansenii	48.2333992605
PWY-7790: UMP biosynthesis II|g__Eggerthella.s__Eggerthella_lenta	26.5410411355
PWY-7790: UMP biosynthesis II|g__Blautia.s__Blautia_sp_N6H1_15	12.6637548849
PWY-7790: UMP biosynthesis II|g__Streptococcus.s__Streptococcus_pneumoniae	3.2151182029
PWY-7790: UMP biosynthesis II|g__Streptococcus.s__Streptococcus_salivarius	1.8804403260
PWY-7791: UMP biosynthesis III	2012.8635368404
PWY-7791: UMP biosynthesis III|unclassified	740.3039794782
PWY-7791: UMP biosynthesis III|g__Anaerostipes.s__Anaerostipes_hadrus	514.0740407055
PWY-7791: UMP biosynthesis III|g__Blautia.s__Blautia_wexlerae	242.7899761282
PWY-7791: UMP biosynthesis III|g__Dorea.s__Dorea_longicatena	96.1432739212
PWY-7791: UMP biosynthesis III|g__Streptococcus.s__Streptococcus_thermophilus	49.2001052603
PWY-7791: UMP biosynthesis III|g__Blautia.s__Blautia_hansenii	48.2333992605
PWY-7791: UMP biosynthesis III|g__Eggerthella.s__Eggerthella_lenta	26.5410411355
PWY-7791: UMP biosynthesis III|g__Blautia.s__Blautia_sp_N6H1_15	12.6637548849
PWY-7791: UMP biosynthesis III|g__Streptococcus.s__Streptococcus_pneumoniae	3.2151182029
PWY-7791: UMP biosynthesis III|g__Streptococcus.s__Streptococcus_salivarius	1.8804403260
DTDPRHAMSYN-PWY: dTDP-&beta;-L-rhamnose biosynthesis	1967.1702781109
DTDPRHAMSYN-PWY: dTDP-&beta;-L-rhamnose biosynthesis|unclassified	798.5441133182
DTDPRHAMSYN-PWY: dTDP-&beta;-L-rhamnose biosynthesis|g__Anaerostipes.s__Anaerostipes_hadrus	452.5276816751
DTDPRHAMSYN-PWY: dTDP-&beta;-L-rhamnose biosynthesis|g__Blautia.s__Blautia_wexlerae	260.1494882872
DTDPRHAMSYN-PWY: dTDP-&beta;-L-rhamnose biosynthesis|g__Dorea.s__Dorea_longicatena	149.3017624675
DTDPRHAMSYN-PWY: dTDP-&beta;-L-rhamnose biosynthesis|g__Blautia.s__Blautia_obeum	117.8075022246
DTDPRHAMSYN-PWY: dTDP-&beta;-L-rhamnose biosynthesis|g__Streptococcus.s__Streptococcus_thermophilus	35.9992463216
DTDPRHAMSYN-PWY: dTDP-&beta;-L-rhamnose biosynthesis|g__Gemmiger.s__Gemmiger_formicilis	27.7650183256
DTDPRHAMSYN-PWY: dTDP-&beta;-L-rhamnose biosynthesis|g__Blautia.s__Blautia_sp_N6H1_15	16.3434686001
DTDPRHAMSYN-PWY: dTDP-&beta;-L-rhamnose biosynthesis|g__Roseburia.s__Roseburia_intestinalis	9.9611773187
DTDPRHAMSYN-PWY: dTDP-&beta;-L-rhamnose biosynthesis|g__Erysipelatoclostridium.s__Clostridium_spiroforme	9.3905139475
DTDPRHAMSYN-PWY: dTDP-&beta;-L-rhamnose biosynthesis|g__Blautia.s__Blautia_producta	6.0863539968
DTDPRHAMSYN-PWY: dTDP-&beta;-L-rhamnose biosynthesis|g__Streptococcus.s__Streptococcus_parasanguinis	5.1426228407
DTDPRHAMSYN-PWY: dTDP-&beta;-L-rhamnose biosynthesis|g__Streptococcus.s__Streptococcus_salivarius	1.7598749329
PWY-5097: L-lysine biosynthesis VI	1955.0322396286
PWY-5097: L-lysine biosynthesis VI|unclassified	654.4394714612
PWY-5097: L-lysine biosynthesis VI|g__Anaerostipes.s__Anaerostipes_hadrus	474.6157361430
PWY-5097: L-lysine biosynthesis VI|g__Dorea.s__Dorea_longicatena	101.9309904395
PWY-5097: L-lysine biosynthesis VI|g__Blautia.s__Blautia_obeum	101.7677708610
PWY-5097: L-lysine biosynthesis VI|g__Blautia.s__Blautia_wexlerae	57.7364980026
PWY-5667: CDP-diacylglycerol biosynthesis I	1948.1642398593
PWY-5667: CDP-diacylglycerol biosynthesis I|unclassified	792.4044540302
PWY-5667: CDP-diacylglycerol biosynthesis I|g__Anaerostipes.s__Anaerostipes_hadrus	453.3562777393
PWY-5667: CDP-diacylglycerol biosynthesis I|g__Blautia.s__Blautia_wexlerae	133.2536305782
PWY-5667: CDP-diacylglycerol biosynthesis I|g__Blautia.s__Blautia_obeum	109.1420896721
PWY-5667: CDP-diacylglycerol biosynthesis I|g__Dorea.s__Dorea_longicatena	77.2444229774
PWY-5667: CDP-diacylglycerol biosynthesis I|g__Blautia.s__Blautia_hansenii	51.0250221486
PWY-5667: CDP-diacylglycerol biosynthesis I|g__Streptococcus.s__Streptococcus_thermophilus	26.3560273615
PWY-5667: CDP-diacylglycerol biosynthesis I|g__Erysipelatoclostridium.s__Clostridium_innocuum	6.2922509025
PWY0-1319: CDP-diacylglycerol biosynthesis II	1948.1642398593
PWY0-1319: CDP-diacylglycerol biosynthesis II|unclassified	792.4044540302
PWY0-1319: CDP-diacylglycerol biosynthesis II|g__Anaerostipes.s__Anaerostipes_hadrus	453.3562777393
PWY0-1319: CDP-diacylglycerol biosynthesis II|g__Blautia.s__Blautia_wexlerae	133.2536305782
PWY0-1319: CDP-diacylglycerol biosynthesis II|g__Blautia.s__Blautia_obeum	109.1420896721
PWY0-1319: CDP-diacylglycerol biosynthesis II|g__Dorea.s__Dorea_longicatena	77.2444229774
PWY0-1319: CDP-diacylglycerol biosynthesis II|g__Blautia.s__Blautia_hansenii	51.0250221486
PWY0-1319: CDP-diacylglycerol biosynthesis II|g__Streptococcus.s__Streptococcus_thermophilus	26.3560273615
PWY0-1319: CDP-diacylglycerol biosynthesis II|g__Erysipelatoclostridium.s__Clostridium_innocuum	6.2922509025
PWY-6121: 5-aminoimidazole ribonucleotide biosynthesis I	1941.5107563230
PWY-6121: 5-aminoimidazole ribonucleotide biosynthesis I|unclassified	756.2576418728
PWY-6121: 5-aminoimidazole ribonucleotide biosynthesis I|g__Anaerostipes.s__Anaerostipes_hadrus	411.4637389608
PWY-6121: 5-aminoimidazole ribonucleotide biosynthesis I|g__Blautia.s__Blautia_wexlerae	209.8373969784
PWY-6121: 5-aminoimidazole ribonucleotide biosynthesis I|g__Dorea.s__Dorea_longicatena	95.7360159331
PWY-6121: 5-aminoimidazole ribonucleotide biosynthesis I|g__Blautia.s__Blautia_hansenii	49.1210192614
PWY-6121: 5-aminoimidazole ribonucleotide biosynthesis I|g__Streptococcus.s__Streptococcus_thermophilus	42.8296683359
PWY-6121: 5-aminoimidazole ribonucleotide biosynthesis I|g__Blautia.s__Blautia_obeum	35.4551727177
PWY-6121: 5-aminoimidazole ribonucleotide biosynthesis I|g__Eggerthella.s__Eggerthella_lenta	34.0847682541
PWY-6121: 5-aminoimidazole ribonucleotide biosynthesis I|g__Gemmiger.s__Gemmiger_formicilis	26.3901769089
PWY-6121: 5-aminoimidazole ribonucleotide biosynthesis I|g__Agathobaculum.s__Agathobaculum_butyriciproducens	9.3591166686
PWY-6121: 5-aminoimidazole ribonucleotide biosynthesis I|g__Blautia.s__Blautia_producta	8.1715344935
PWY-6121: 5-aminoimidazole ribonucleotide biosynthesis I|g__Erysipelatoclostridium.s__Erysipelatoclostridium_ramosum	3.7507138382
ILEUSYN-PWY: L-isoleucine biosynthesis I (from threonine)	1937.2752063749
ILEUSYN-PWY: L-isoleucine biosynthesis I (from threonine)|unclassified	577.2479019291
ILEUSYN-PWY: L-isoleucine biosynthesis I (from threonine)|g__Anaerostipes.s__Anaerostipes_hadrus	473.3267852357
ILEUSYN-PWY: L-isoleucine biosynthesis I (from threonine)|g__Blautia.s__Blautia_wexlerae	164.9538043561
ILEUSYN-PWY: L-isoleucine biosynthesis I (from threonine)|g__Streptococcus.s__Streptococcus_thermophilus	64.3563474969
ILEUSYN-PWY: L-isoleucine biosynthesis I (from threonine)|g__Gemmiger.s__Gemmiger_formicilis	40.6611021457
ILEUSYN-PWY: L-isoleucine biosynthesis I (from threonine)|g__Blautia.s__Blautia_hansenii	35.8363752401
ILEUSYN-PWY: L-isoleucine biosynthesis I (from threonine)|g__Eggerthella.s__Eggerthella_lenta	29.9717734467
ILEUSYN-PWY: L-isoleucine biosynthesis I (from threonine)|g__Blautia.s__Blautia_obeum	26.5641438507
ILEUSYN-PWY: L-isoleucine biosynthesis I (from threonine)|g__Streptococcus.s__Streptococcus_salivarius	5.7981324431
ILEUSYN-PWY: L-isoleucine biosynthesis I (from threonine)|g__Streptococcus.s__Streptococcus_equinus	2.3957955039
PWY-6122: 5-aminoimidazole ribonucleotide biosynthesis II	1932.2812824824
PWY-6122: 5-aminoimidazole ribonucleotide biosynthesis II|unclassified	753.1924339734
PWY-6122: 5-aminoimidazole ribonucleotide biosynthesis II|g__Anaerostipes.s__Anaerostipes_hadrus	415.4715522398
PWY-6122: 5-aminoimidazole ribonucleotide biosynthesis II|g__Blautia.s__Blautia_wexlerae	192.5711280671
PWY-6122: 5-aminoimidazole ribonucleotide biosynthesis II|g__Blautia.s__Blautia_obeum	183.1818904177
PWY-6122: 5-aminoimidazole ribonucleotide biosynthesis II|g__Dorea.s__Dorea_longicatena	84.9088761787
PWY-6122: 5-aminoimidazole ribonucleotide biosynthesis II|g__Blautia.s__Blautia_hansenii	47.8838712875
PWY-6122: 5-aminoimidazole ribonucleotide biosynthesis II|g__Streptococcus.s__Streptococcus_thermophilus	36.7544398622
PWY-6122: 5-aminoimidazole ribonucleotide biosynthesis II|g__Eggerthella.s__Eggerthella_lenta	36.3557301314
PWY-6122: 5-aminoimidazole ribonucleotide biosynthesis II|g__Gemmiger.s__Gemmiger_formicilis	32.5909216095
PWY-6122: 5-aminoimidazole ribonucleotide biosynthesis II|g__Agathobaculum.s__Agathobaculum_butyriciproducens	9.1091573655
PWY-6122: 5-aminoimidazole ribonucleotide biosynthesis II|g__Blautia.s__Blautia_producta	6.9969506454
PWY-6122: 5-aminoimidazole ribonucleotide biosynthesis II|g__Erysipelatoclostridium.s__Erysipelatoclostridium_ramosum	6.6330233429
PWY-6122: 5-aminoimidazole ribonucleotide biosynthesis II|g__Erysipelatoclostridium.s__Clostridium_spiroforme	2.9857761270
PWY-6122: 5-aminoimidazole ribonucleotide biosynthesis II|g__Streptococcus.s__Streptococcus_salivarius	2.9414194414
PWY-6277: superpathway of 5-aminoimidazole ribonucleotide biosynthesis	1932.2812824824
PWY-6277: superpathway of 5-aminoimidazole ribonucleotide biosynthesis|unclassified	753.1924339734
PWY-6277: superpathway of 5-aminoimidazole ribonucleotide biosynthesis|g__Anaerostipes.s__Anaerostipes_hadrus	415.4715522398
PWY-6277: superpathway of 5-aminoimidazole ribonucleotide biosynthesis|g__Blautia.s__Blautia_wexlerae	192.5711280671
PWY-6277: superpathway of 5-aminoimidazole ribonucleotide biosynthesis|g__Blautia.s__Blautia_obeum	183.1818904177
PWY-6277: superpathway of 5-aminoimidazole ribonucleotide biosynthesis|g__Dorea.s__Dorea_longicatena	84.9088761787
PWY-6277: superpathway of 5-aminoimidazole ribonucleotide biosynthesis|g__Blautia.s__Blautia_hansenii	47.8838712875
PWY-6277: superpathway of 5-aminoimidazole ribonucleotide biosynthesis|g__Streptococcus.s__Streptococcus_thermophilus	36.7544398622
PWY-6277: superpathway of 5-aminoimidazole ribonucleotide biosynthesis|g__Eggerthella.s__Eggerthella_lenta	36.3557301314
PWY-6277: superpathway of 5-aminoimidazole ribonucleotide biosynthesis|g__Gemmiger.s__Gemmiger_formicilis	32.5909216095
PWY-6277: superpathway of 5-aminoimidazole ribonucleotide biosynthesis|g__Agathobaculum.s__Agathobaculum_butyriciproducens	9.1091573655
PWY-6277: superpathway of 5-aminoimidazole ribonucleotide biosynthesis|g__Blautia.s__Blautia_producta	6.9969506454
PWY-6277: superpathway of 5-aminoimidazole ribonucleotide biosynthesis|g__Erysipelatoclostridium.s__Erysipelatoclostridium_ramosum	6.6330233429
PWY-6277: superpathway of 5-aminoimidazole ribonucleotide biosynthesis|g__Erysipelatoclostridium.s__Clostridium_spiroforme	2.9857761270
PWY-6277: superpathway of 5-aminoimidazole ribonucleotide biosynthesis|g__Streptococcus.s__Streptococcus_salivarius	2.9414194414
ARGSYN-PWY: L-arginine biosynthesis I (via L-ornithine)	1921.2851458927
ARGSYN-PWY: L-arginine biosynthesis I (via L-ornithine)|unclassified	748.5314612313
ARGSYN-PWY: L-arginine biosynthesis I (via L-ornithine)|g__Anaerostipes.s__Anaerostipes_hadrus	410.3390827925
ARGSYN-PWY: L-arginine biosynthesis I (via L-ornithine)|g__Blautia.s__Blautia_wexlerae	324.4219059384
ARGSYN-PWY: L-arginine biosynthesis I (via L-ornithine)|g__Blautia.s__Blautia_hansenii	46.3324147155
ARGSYN-PWY: L-arginine biosynthesis I (via L-ornithine)|g__Streptococcus.s__Streptococcus_thermophilus	42.6139266795
ARGSYN-PWY: L-arginine biosynthesis I (via L-ornithine)|g__Streptococcus.s__Streptococcus_salivarius	3.5948958595
TRNA-CHARGING-PWY: tRNA charging	1906.4069730984
TRNA-CHARGING-PWY: tRNA charging|unclassified	706.9298781367
TRNA-CHARGING-PWY: tRNA charging|g__Anaerostipes.s__Anaerostipes_hadrus	460.9334280898
TRNA-CHARGING-PWY: tRNA charging|g__Streptococcus.s__Streptococcus_thermophilus	49.4843497465
TRNA-CHARGING-PWY: tRNA charging|g__Gemmiger.s__Gemmiger_formicilis	34.0217859842
PWY-6936: seleno-amino acid biosynthesis (plants)	1906.3007053185
PWY-6936: seleno-amino acid biosynthesis (plants)|g__Anaerostipes.s__Anaerostipes_hadrus	897.0917298413
PWY-6936: seleno-amino acid biosynthesis (plants)|unclassified	117.4634427293
PWY-6936: seleno-amino acid biosynthesis (plants)|g__Streptococcus.s__Streptococcus_thermophilus	73.6080280141
PWY-6936: seleno-amino acid biosynthesis (plants)|g__Streptococcus.s__Streptococcus_salivarius	5.9551808677
PWY-6936: seleno-amino acid biosynthesis (plants)|g__Streptococcus.s__Streptococcus_vestibularis	3.3509327222
NONOXIPENT-PWY: pentose phosphate pathway (non-oxidative branch) I	1880.2131177699
NONOXIPENT-PWY: pentose phosphate pathway (non-oxidative branch) I|unclassified	741.7832811353
NONOXIPENT-PWY: pentose phosphate pathway (non-oxidative branch) I|g__Anaerostipes.s__Anaerostipes_hadrus	553.6041949403
NONOXIPENT-PWY: pentose phosphate pathway (non-oxidative branch) I|g__Blautia.s__Blautia_wexlerae	239.7751489701
NONOXIPENT-PWY: pentose phosphate pathway (non-oxidative branch) I|g__Streptococcus.s__Streptococcus_thermophilus	31.4536102819
NONOXIPENT-PWY: pentose phosphate pathway (non-oxidative branch) I|g__Blautia.s__Blautia_obeum	20.9860957163
NONOXIPENT-PWY: pentose phosphate pathway (non-oxidative branch) I|g__Streptococcus.s__Streptococcus_salivarius	6.5695348092
HSERMETANA-PWY: L-methionine biosynthesis III	1869.3245685161
HSERMETANA-PWY: L-methionine biosynthesis III|g__Anaerostipes.s__Anaerostipes_hadrus	561.0294850419
HSERMETANA-PWY: L-methionine biosynthesis III|g__Blautia.s__Blautia_wexlerae	273.6824432322
HSERMETANA-PWY: L-methionine biosynthesis III|unclassified	255.3761611691
HSERMETANA-PWY: L-methionine biosynthesis III|g__Dorea.s__Dorea_longicatena	239.5292473484
HSERMETANA-PWY: L-methionine biosynthesis III|g__Streptococcus.s__Streptococcus_thermophilus	47.8601731322
HSERMETANA-PWY: L-methionine biosynthesis III|g__Streptococcus.s__Streptococcus_salivarius	3.5899364509
HSERMETANA-PWY: L-methionine biosynthesis III|g__Streptococcus.s__Streptococcus_equinus	1.9766770331
HSERMETANA-PWY: L-methionine biosynthesis III|g__Streptococcus.s__Streptococcus_pneumoniae	1.5290575468
PWY-3841: folate transformations II (plants)	1861.3658930796
PWY-3841: folate transformations II (plants)|unclassified	666.8074069899
PWY-3841: folate transformations II (plants)|g__Anaerostipes.s__Anaerostipes_hadrus	424.6104031905
PWY-3841: folate transformations II (plants)|g__Blautia.s__Blautia_wexlerae	235.6873216700
PWY-3841: folate transformations II (plants)|g__Dorea.s__Dorea_longicatena	181.2261807705
PWY-3841: folate transformations II (plants)|g__Streptococcus.s__Streptococcus_thermophilus	57.4737517396
PWY-3841: folate transformations II (plants)|g__Blautia.s__Blautia_obeum	27.6171737298
PWY-3841: folate transformations II (plants)|g__Blautia.s__Blautia_sp_N6H1_15	12.7904195139
PWY-3841: folate transformations II (plants)|g__Blautia.s__Blautia_producta	12.0406690260
PWY-3841: folate transformations II (plants)|g__Erysipelatoclostridium.s__Erysipelatoclostridium_ramosum	5.7722427124
PWY-3841: folate transformations II (plants)|g__Erysipelatoclostridium.s__Clostridium_spiroforme	4.7878504805
PWY-3841: folate transformations II (plants)|g__Streptococcus.s__Streptococcus_equinus	3.3411367882
PWY-3841: folate transformations II (plants)|g__Streptococcus.s__Streptococcus_pneumoniae	2.8090581070
GLUTORN-PWY: L-ornithine biosynthesis I	1832.4106873328
GLUTORN-PWY: L-ornithine biosynthesis I|unclassified	746.4961491419
GLUTORN-PWY: L-ornithine biosynthesis I|g__Anaerostipes.s__Anaerostipes_hadrus	379.9900117332
GLUTORN-PWY: L-ornithine biosynthesis I|g__Blautia.s__Blautia_wexlerae	252.9922202927
GLUTORN-PWY: L-ornithine biosynthesis I|g__Blautia.s__Blautia_hansenii	34.5182540273
GLUTORN-PWY: L-ornithine biosynthesis I|g__Streptococcus.s__Streptococcus_thermophilus	33.0048865339
GLUTORN-PWY: L-ornithine biosynthesis I|g__Streptococcus.s__Streptococcus_equinus	1.6770082173
GLUTORN-PWY: L-ornithine biosynthesis I|g__Streptococcus.s__Streptococcus_salivarius	1.6520377473
BRANCHED-CHAIN-AA-SYN-PWY: superpathway of branched chain amino acid biosynthesis	1828.8840842396
BRANCHED-CHAIN-AA-SYN-PWY: superpathway of branched chain amino acid biosynthesis|unclassified	530.8865182520
BRANCHED-CHAIN-AA-SYN-PWY: superpathway of branched chain amino acid biosynthesis|g__Anaerostipes.s__Anaerostipes_hadrus	457.7614683745
BRANCHED-CHAIN-AA-SYN-PWY: superpathway of branched chain amino acid biosynthesis|g__Blautia.s__Blautia_wexlerae	158.5317679462
BRANCHED-CHAIN-AA-SYN-PWY: superpathway of branched chain amino acid biosynthesis|g__Streptococcus.s__Streptococcus_thermophilus	58.8409382639
BRANCHED-CHAIN-AA-SYN-PWY: superpathway of branched chain amino acid biosynthesis|g__Gemmiger.s__Gemmiger_formicilis	40.3516793299
BRANCHED-CHAIN-AA-SYN-PWY: superpathway of branched chain amino acid biosynthesis|g__Blautia.s__Blautia_hansenii	36.5565406184
BRANCHED-CHAIN-AA-SYN-PWY: superpathway of branched chain amino acid biosynthesis|g__Eggerthella.s__Eggerthella_lenta	30.0328840524
BRANCHED-CHAIN-AA-SYN-PWY: superpathway of branched chain amino acid biosynthesis|g__Streptococcus.s__Streptococcus_salivarius	3.2428200890
BRANCHED-CHAIN-AA-SYN-PWY: superpathway of branched chain amino acid biosynthesis|g__Streptococcus.s__Streptococcus_equinus	2.2201741065
NONMEVIPP-PWY: methylerythritol phosphate pathway I	1821.9989952277
NONMEVIPP-PWY: methylerythritol phosphate pathway I|unclassified	804.4585819995
NONMEVIPP-PWY: methylerythritol phosphate pathway I|g__Anaerostipes.s__Anaerostipes_hadrus	457.4781132138
NONMEVIPP-PWY: methylerythritol phosphate pathway I|g__Blautia.s__Blautia_wexlerae	133.2800078975
NONMEVIPP-PWY: methylerythritol phosphate pathway I|g__Blautia.s__Blautia_hansenii	44.3130238677
NONMEVIPP-PWY: methylerythritol phosphate pathway I|g__Blautia.s__Blautia_obeum	31.6444226723
NONMEVIPP-PWY: methylerythritol phosphate pathway I|g__Eggerthella.s__Eggerthella_lenta	23.0721042743
1CMET2-PWY: folate transformations III (E. coli)	1808.6984099503
1CMET2-PWY: folate transformations III (E. coli)|unclassified	480.9470714587
1CMET2-PWY: folate transformations III (E. coli)|g__Anaerostipes.s__Anaerostipes_hadrus	424.1878324680
1CMET2-PWY: folate transformations III (E. coli)|g__Dorea.s__Dorea_longicatena	132.7402805561
1CMET2-PWY: folate transformations III (E. coli)|g__Blautia.s__Blautia_wexlerae	103.8607900313
1CMET2-PWY: folate transformations III (E. coli)|g__Blautia.s__Blautia_obeum	4.7411287577
PWY-2942: L-lysine biosynthesis III	1795.0272500143
PWY-2942: L-lysine biosynthesis III|unclassified	588.8322955332
PWY-2942: L-lysine biosynthesis III|g__Anaerostipes.s__Anaerostipes_hadrus	450.5969388953
PWY-2942: L-lysine biosynthesis III|g__Blautia.s__Blautia_obeum	98.7417127861
PWY-2942: L-lysine biosynthesis III|g__Dorea.s__Dorea_longicatena	93.9781606097
PWY-2942: L-lysine biosynthesis III|g__Blautia.s__Blautia_wexlerae	51.1930695832
PWY-2942: L-lysine biosynthesis III|g__Streptococcus.s__Streptococcus_thermophilus	41.2647904374
PWY-2942: L-lysine biosynthesis III|g__Eggerthella.s__Eggerthella_lenta	30.5638041727
PWY-2942: L-lysine biosynthesis III|g__Streptococcus.s__Streptococcus_salivarius	2.5222370264
PWY-5103: L-isoleucine biosynthesis III	1788.2173797849
PWY-5103: L-isoleucine biosynthesis III|unclassified	481.5155784761
PWY-5103: L-isoleucine biosynthesis III|g__Anaerostipes.s__Anaerostipes_hadrus	444.1765302703
PWY-5103: L-isoleucine biosynthesis III|g__Blautia.s__Blautia_wexlerae	141.8646053101
PWY-5103: L-isoleucine biosynthesis III|g__Streptococcus.s__Streptococcus_thermophilus	61.4303821916
PWY-5103: L-isoleucine biosynthesis III|g__Blautia.s__Blautia_hansenii	51.0737970036
PWY-5103: L-isoleucine biosynthesis III|g__Gemmiger.s__Gemmiger_formicilis	37.3697063767
PWY-5103: L-isoleucine biosynthesis III|g__Eggerthella.s__Eggerthella_lenta	26.7707050506
PWY-5103: L-isoleucine biosynthesis III|g__Blautia.s__Blautia_obeum	17.2294272123
PWY-5103: L-isoleucine biosynthesis III|g__Streptococcus.s__Streptococcus_salivarius	5.0768721275
PWY-5103: L-isoleucine biosynthesis III|g__Blautia.s__Blautia_sp_N6H1_15	2.3582564970
PWY-5103: L-isoleucine biosynthesis III|g__Streptococcus.s__Streptococcus_equinus	1.9657243875
P41-PWY: pyruvate fermentation to acetate and (S)-lactate I	1778.5065811307
P41-PWY: pyruvate fermentation to acetate and (S)-lactate I|unclassified	605.9008968790
P41-PWY: pyruvate fermentation to acetate and (S)-lactate I|g__Anaerostipes.s__Anaerostipes_hadrus	499.9781038632
P41-PWY: pyruvate fermentation to acetate and (S)-lactate I|g__Streptococcus.s__Streptococcus_thermophilus	68.9116777729
P41-PWY: pyruvate fermentation to acetate and (S)-lactate I|g__Blautia.s__Blautia_obeum	31.9611677388
P41-PWY: pyruvate fermentation to acetate and (S)-lactate I|g__Eggerthella.s__Eggerthella_lenta	27.4150819724
P41-PWY: pyruvate fermentation to acetate and (S)-lactate I|g__Blautia.s__Blautia_wexlerae	19.0057203362
P41-PWY: pyruvate fermentation to acetate and (S)-lactate I|g__Agathobaculum.s__Agathobaculum_butyriciproducens	8.5726296301
P41-PWY: pyruvate fermentation to acetate and (S)-lactate I|g__Streptococcus.s__Streptococcus_vestibularis	3.2735971091
P41-PWY: pyruvate fermentation to acetate and (S)-lactate I|g__Streptococcus.s__Streptococcus_equinus	1.4944004107
P41-PWY: pyruvate fermentation to acetate and (S)-lactate I|g__Streptococcus.s__Streptococcus_salivarius	1.4340489563
PWY-5100: pyruvate fermentation to acetate and lactate II	1778.5065811307
PWY-5100: pyruvate fermentation to acetate and lactate II|g__Anaerostipes.s__Anaerostipes_hadrus	639.8596840851
PWY-5100: pyruvate fermentation to acetate and lactate II|unclassified	605.9008968790
PWY-5100: pyruvate fermentation to acetate and lactate II|g__Streptococcus.s__Streptococcus_thermophilus	68.9116777729
PWY-5100: pyruvate fermentation to acetate and lactate II|g__Blautia.s__Blautia_obeum	31.9611677388
PWY-5100: pyruvate fermentation to acetate and lactate II|g__Eggerthella.s__Eggerthella_lenta	31.3479456599
PWY-5100: pyruvate fermentation to acetate and lactate II|g__Blautia.s__Blautia_wexlerae	19.0057203362
PWY-5100: pyruvate fermentation to acetate and lactate II|g__Roseburia.s__Roseburia_intestinalis	8.6090828090
PWY-5100: pyruvate fermentation to acetate and lactate II|g__Agathobaculum.s__Agathobaculum_butyriciproducens	8.5726296301
PWY-5100: pyruvate fermentation to acetate and lactate II|g__Streptococcus.s__Streptococcus_vestibularis	3.2735971091
PWY-5100: pyruvate fermentation to acetate and lactate II|g__Streptococcus.s__Streptococcus_equinus	1.4944004107
PWY-5100: pyruvate fermentation to acetate and lactate II|g__Streptococcus.s__Streptococcus_salivarius	1.4340489563
COA-PWY-1: superpathway of coenzyme A biosynthesis III (mammals)	1703.7473466524
COA-PWY-1: superpathway of coenzyme A biosynthesis III (mammals)|unclassified	627.8810935139
COA-PWY-1: superpathway of coenzyme A biosynthesis III (mammals)|g__Anaerostipes.s__Anaerostipes_hadrus	436.1984590131
COA-PWY-1: superpathway of coenzyme A biosynthesis III (mammals)|g__Blautia.s__Blautia_wexlerae	119.1734280519
COA-PWY-1: superpathway of coenzyme A biosynthesis III (mammals)|g__Blautia.s__Blautia_obeum	103.5081699041
COA-PWY-1: superpathway of coenzyme A biosynthesis III (mammals)|g__Eggerthella.s__Eggerthella_lenta	30.1075104272
COA-PWY-1: superpathway of coenzyme A biosynthesis III (mammals)|g__Blautia.s__Blautia_hansenii	27.9019280819
COA-PWY-1: superpathway of coenzyme A biosynthesis III (mammals)|g__Gemmiger.s__Gemmiger_formicilis	19.3355129953
COA-PWY-1: superpathway of coenzyme A biosynthesis III (mammals)|g__Agathobaculum.s__Agathobaculum_butyriciproducens	12.1144280694
PWY-6527: stachyose degradation	1692.7246418840
PWY-6527: stachyose degradation|unclassified	576.7373168420
PWY-6527: stachyose degradation|g__Blautia.s__Blautia_obeum	225.0815999577
PWY-6527: stachyose degradation|g__Blautia.s__Blautia_wexlerae	213.5852760659
PWY-6527: stachyose degradation|g__Anaerostipes.s__Anaerostipes_hadrus	44.0275118585
PWY-6527: stachyose degradation|g__Blautia.s__Blautia_hansenii	39.8162985909
PWY-6527: stachyose degradation|g__Roseburia.s__Roseburia_intestinalis	18.3535531490
PWY-6527: stachyose degradation|g__Streptococcus.s__Streptococcus_salivarius	5.7303239217
COA-PWY: coenzyme A biosynthesis I (prokaryotic)	1683.0322764171
COA-PWY: coenzyme A biosynthesis I (prokaryotic)|unclassified	707.5873249070
COA-PWY: coenzyme A biosynthesis I (prokaryotic)|g__Anaerostipes.s__Anaerostipes_hadrus	436.3460382385
COA-PWY: coenzyme A biosynthesis I (prokaryotic)|g__Blautia.s__Blautia_wexlerae	142.3370131414
COA-PWY: coenzyme A biosynthesis I (prokaryotic)|g__Blautia.s__Blautia_obeum	142.0442376528
COA-PWY: coenzyme A biosynthesis I (prokaryotic)|g__Blautia.s__Blautia_hansenii	62.7470772932
COA-PWY: coenzyme A biosynthesis I (prokaryotic)|g__Streptococcus.s__Streptococcus_thermophilus	43.6700543416
COA-PWY: coenzyme A biosynthesis I (prokaryotic)|g__Eggerthella.s__Eggerthella_lenta	32.2283139808
COA-PWY: coenzyme A biosynthesis I (prokaryotic)|g__Gemmiger.s__Gemmiger_formicilis	18.7120162087
COA-PWY: coenzyme A biosynthesis I (prokaryotic)|g__Agathobaculum.s__Agathobaculum_butyriciproducens	13.4473899732
PWY-6270: isoprene biosynthesis I	1679.7629735639
PWY-6270: isoprene biosynthesis I|unclassified	710.5660370820
PWY-6270: isoprene biosynthesis I|g__Anaerostipes.s__Anaerostipes_hadrus	413.5227732735
PWY-7560: methylerythritol phosphate pathway II	1676.4543246541
PWY-7560: methylerythritol phosphate pathway II|unclassified	697.4639032513
PWY-7560: methylerythritol phosphate pathway II|g__Anaerostipes.s__Anaerostipes_hadrus	419.1653541867
P461-PWY: hexitol fermentation to lactate, formate, ethanol and acetate	1645.5151751187
P461-PWY: hexitol fermentation to lactate, formate, ethanol and acetate|g__Anaerostipes.s__Anaerostipes_hadrus	894.0019081663
P461-PWY: hexitol fermentation to lactate, formate, ethanol and acetate|unclassified	367.7030250034
PWY-724: superpathway of L-lysine, L-threonine and L-methionine biosynthesis II	1644.8452577865
PWY-724: superpathway of L-lysine, L-threonine and L-methionine biosynthesis II|unclassified	558.6079033947
PWY-724: superpathway of L-lysine, L-threonine and L-methionine biosynthesis II|g__Anaerostipes.s__Anaerostipes_hadrus	448.9455462713
PWY-724: superpathway of L-lysine, L-threonine and L-methionine biosynthesis II|g__Blautia.s__Blautia_obeum	100.5328938458
PWY-724: superpathway of L-lysine, L-threonine and L-methionine biosynthesis II|g__Dorea.s__Dorea_longicatena	64.2314837041
PWY-7237: myo-, chiro- and scyllo-inositol degradation	1633.7677888726
PWY-7237: myo-, chiro- and scyllo-inositol degradation|g__Anaerostipes.s__Anaerostipes_hadrus	905.0818829749
PWY-7237: myo-, chiro- and scyllo-inositol degradation|g__Blautia.s__Blautia_obeum	496.9107964105
PWY-7237: myo-, chiro- and scyllo-inositol degradation|unclassified	126.8197266311
PWY-7237: myo-, chiro- and scyllo-inositol degradation|g__Blautia.s__Blautia_wexlerae	86.2652946213
PWY-7237: myo-, chiro- and scyllo-inositol degradation|g__Agathobaculum.s__Agathobaculum_butyriciproducens	25.1019648132
PWY-7237: myo-, chiro- and scyllo-inositol degradation|g__Blautia.s__Blautia_producta	15.6399921491
PWY-7237: myo-, chiro- and scyllo-inositol degradation|g__Roseburia.s__Roseburia_intestinalis	10.2632130384
PWY-7357: thiamine phosphate formation from pyrithiamine and oxythiamine (yeast)	1580.1983752928
PWY-7357: thiamine phosphate formation from pyrithiamine and oxythiamine (yeast)|g__Anaerostipes.s__Anaerostipes_hadrus	520.3444911632
PWY-7357: thiamine phosphate formation from pyrithiamine and oxythiamine (yeast)|unclassified	433.9463550723
PWY-7357: thiamine phosphate formation from pyrithiamine and oxythiamine (yeast)|g__Blautia.s__Blautia_obeum	210.0475473113
PWY-7357: thiamine phosphate formation from pyrithiamine and oxythiamine (yeast)|g__Dorea.s__Dorea_longicatena	181.1019477111
PWY-7357: thiamine phosphate formation from pyrithiamine and oxythiamine (yeast)|g__Blautia.s__Blautia_wexlerae	108.2943421564
PWY-7357: thiamine phosphate formation from pyrithiamine and oxythiamine (yeast)|g__Eggerthella.s__Eggerthella_lenta	29.2906428858
PANTOSYN-PWY: superpathway of coenzyme A biosynthesis I (bacteria)	1565.5108011915
PANTOSYN-PWY: superpathway of coenzyme A biosynthesis I (bacteria)|g__Anaerostipes.s__Anaerostipes_hadrus	532.5596435194
PANTOSYN-PWY: superpathway of coenzyme A biosynthesis I (bacteria)|unclassified	364.2495156956
PANTOSYN-PWY: superpathway of coenzyme A biosynthesis I (bacteria)|g__Blautia.s__Blautia_wexlerae	147.4536519517
PANTOSYN-PWY: superpathway of coenzyme A biosynthesis I (bacteria)|g__Eggerthella.s__Eggerthella_lenta	27.4685435685
PANTOSYN-PWY: superpathway of coenzyme A biosynthesis I (bacteria)|g__Agathobaculum.s__Agathobaculum_butyriciproducens	10.3583556571
PANTO-PWY: phosphopantothenate biosynthesis I	1558.6006552919
PANTO-PWY: phosphopantothenate biosynthesis I|g__Anaerostipes.s__Anaerostipes_hadrus	651.4241017635
PANTO-PWY: phosphopantothenate biosynthesis I|unclassified	350.2131952357
PANTO-PWY: phosphopantothenate biosynthesis I|g__Blautia.s__Blautia_wexlerae	196.2837633560
PANTO-PWY: phosphopantothenate biosynthesis I|g__Dorea.s__Dorea_longicatena	150.0562189939
PANTO-PWY: phosphopantothenate biosynthesis I|g__Eggerthella.s__Eggerthella_lenta	26.5861382475
PANTO-PWY: phosphopantothenate biosynthesis I|g__Agathobaculum.s__Agathobaculum_butyriciproducens	7.9296752984
PWY-7851: coenzyme A biosynthesis II (eukaryotic)	1547.8541103889
PWY-7851: coenzyme A biosynthesis II (eukaryotic)|unclassified	567.3591020860
PWY-7851: coenzyme A biosynthesis II (eukaryotic)|g__Anaerostipes.s__Anaerostipes_hadrus	380.3510367169
PWY-7851: coenzyme A biosynthesis II (eukaryotic)|g__Blautia.s__Blautia_wexlerae	111.0472307459
PWY-7851: coenzyme A biosynthesis II (eukaryotic)|g__Blautia.s__Blautia_obeum	100.3180943147
PWY-7851: coenzyme A biosynthesis II (eukaryotic)|g__Eggerthella.s__Eggerthella_lenta	26.4560503735
PWY-7851: coenzyme A biosynthesis II (eukaryotic)|g__Blautia.s__Blautia_hansenii	24.9795173205
PWY-7851: coenzyme A biosynthesis II (eukaryotic)|g__Gemmiger.s__Gemmiger_formicilis	18.0976653856
PWY-7851: coenzyme A biosynthesis II (eukaryotic)|g__Agathobaculum.s__Agathobaculum_butyriciproducens	12.2871410790
PWY-6823: molybdopterin biosynthesis	1480.9623390613
PWY-6823: molybdopterin biosynthesis|unclassified	575.1519903950
PWY-6823: molybdopterin biosynthesis|g__Anaerostipes.s__Anaerostipes_hadrus	325.8260602125
PWY-6823: molybdopterin biosynthesis|g__Blautia.s__Blautia_obeum	236.3783816385
PWY-6823: molybdopterin biosynthesis|g__Dorea.s__Dorea_longicatena	134.1450301326
PWY-6823: molybdopterin biosynthesis|g__Blautia.s__Blautia_wexlerae	87.9113077057
PWY-6823: molybdopterin biosynthesis|g__Eggerthella.s__Eggerthella_lenta	40.1339488799
PWY-6823: molybdopterin biosynthesis|g__Blautia.s__Blautia_sp_N6H1_15	14.1124723154
PWY-6823: molybdopterin biosynthesis|g__Blautia.s__Blautia_producta	12.5040947285
SER-GLYSYN-PWY: superpathway of L-serine and glycine biosynthesis I	1469.4463418169
SER-GLYSYN-PWY: superpathway of L-serine and glycine biosynthesis I|unclassified	353.7732737420
SER-GLYSYN-PWY: superpathway of L-serine and glycine biosynthesis I|g__Anaerostipes.s__Anaerostipes_hadrus	349.0830159147
SER-GLYSYN-PWY: superpathway of L-serine and glycine biosynthesis I|g__Blautia.s__Blautia_wexlerae	302.4665988629
SER-GLYSYN-PWY: superpathway of L-serine and glycine biosynthesis I|g__Dorea.s__Dorea_longicatena	143.1503848401
SER-GLYSYN-PWY: superpathway of L-serine and glycine biosynthesis I|g__Streptococcus.s__Streptococcus_thermophilus	40.7504397058
SER-GLYSYN-PWY: superpathway of L-serine and glycine biosynthesis I|g__Eggerthella.s__Eggerthella_lenta	29.2494171930
SER-GLYSYN-PWY: superpathway of L-serine and glycine biosynthesis I|g__Blautia.s__Blautia_obeum	19.4635930019
SER-GLYSYN-PWY: superpathway of L-serine and glycine biosynthesis I|g__Roseburia.s__Roseburia_intestinalis	12.2298931090
SER-GLYSYN-PWY: superpathway of L-serine and glycine biosynthesis I|g__Streptococcus.s__Streptococcus_pneumoniae	4.5736726517
SER-GLYSYN-PWY: superpathway of L-serine and glycine biosynthesis I|g__Streptococcus.s__Streptococcus_vestibularis	1.6742554436
PWY-6700: queuosine biosynthesis I (de novo)	1457.2176861510
PWY-6700: queuosine biosynthesis I (de novo)|unclassified	633.2623769586
PWY-6700: queuosine biosynthesis I (de novo)|g__Anaerostipes.s__Anaerostipes_hadrus	489.6397366387
PWY-6700: queuosine biosynthesis I (de novo)|g__Blautia.s__Blautia_wexlerae	153.2733625319
PWY-6700: queuosine biosynthesis I (de novo)|g__Dorea.s__Dorea_longicatena	138.3934215791
PWY-6700: queuosine biosynthesis I (de novo)|g__Streptococcus.s__Streptococcus_thermophilus	39.6698921268
PWY-6700: queuosine biosynthesis I (de novo)|g__Blautia.s__Blautia_hansenii	36.3616693546
PWY-6700: queuosine biosynthesis I (de novo)|g__Gemmiger.s__Gemmiger_formicilis	19.1622158431
PWY-6700: queuosine biosynthesis I (de novo)|g__Eggerthella.s__Eggerthella_lenta	14.6366311875
PWY-6700: queuosine biosynthesis I (de novo)|g__Blautia.s__Blautia_sp_N6H1_15	11.0586361687
PWY-6700: queuosine biosynthesis I (de novo)|g__Erysipelatoclostridium.s__Erysipelatoclostridium_ramosum	6.6495781147
PWY-6700: queuosine biosynthesis I (de novo)|g__Streptococcus.s__Streptococcus_equinus	3.3734718229
PWY-7977: L-methionine biosynthesis IV	1438.4263226638
PWY-7977: L-methionine biosynthesis IV|g__Anaerostipes.s__Anaerostipes_hadrus	426.7563000484
PWY-7977: L-methionine biosynthesis IV|unclassified	345.2585356322
PWY-7977: L-methionine biosynthesis IV|g__Dorea.s__Dorea_longicatena	161.9424192604
PWY-6123: inosine-5'-phosphate biosynthesis I	1400.4898610315
PWY-6123: inosine-5'-phosphate biosynthesis I|g__Anaerostipes.s__Anaerostipes_hadrus	391.1860178736
PWY-6123: inosine-5'-phosphate biosynthesis I|unclassified	381.3041846485
PWY-6123: inosine-5'-phosphate biosynthesis I|g__Blautia.s__Blautia_wexlerae	283.4241632986
PWY-6123: inosine-5'-phosphate biosynthesis I|g__Streptococcus.s__Streptococcus_thermophilus	55.3262471596
PWY-6123: inosine-5'-phosphate biosynthesis I|g__Eggerthella.s__Eggerthella_lenta	38.3913050863
PWY-6123: inosine-5'-phosphate biosynthesis I|g__Blautia.s__Blautia_sp_N6H1_15	14.2073352250
PWY-6123: inosine-5'-phosphate biosynthesis I|g__Erysipelatoclostridium.s__Clostridium_innocuum	7.2297828711
PWY-6123: inosine-5'-phosphate biosynthesis I|g__Erysipelatoclostridium.s__Erysipelatoclostridium_ramosum	6.8866342020
PWY-6123: inosine-5'-phosphate biosynthesis I|g__Streptococcus.s__Streptococcus_equinus	4.2279497477
PWY-6123: inosine-5'-phosphate biosynthesis I|g__Streptococcus.s__Streptococcus_salivarius	3.6144089706
PWY-6123: inosine-5'-phosphate biosynthesis I|g__Streptococcus.s__Streptococcus_parasanguinis	2.8791830890
PWY-6123: inosine-5'-phosphate biosynthesis I|g__Blautia.s__Blautia_obeum	1.7569792761
PYRIDNUCSYN-PWY: NAD de novo biosynthesis I (from aspartate)	1373.2845015233
PYRIDNUCSYN-PWY: NAD de novo biosynthesis I (from aspartate)|g__Anaerostipes.s__Anaerostipes_hadrus	489.2070937995
PYRIDNUCSYN-PWY: NAD de novo biosynthesis I (from aspartate)|unclassified	463.2005014782
THRESYN-PWY: superpathway of L-threonine biosynthesis	1360.4555816459
THRESYN-PWY: superpathway of L-threonine biosynthesis|g__Anaerostipes.s__Anaerostipes_hadrus	436.7040440234
THRESYN-PWY: superpathway of L-threonine biosynthesis|unclassified	352.3108984167
THRESYN-PWY: superpathway of L-threonine biosynthesis|g__Blautia.s__Blautia_obeum	77.1596189298
THRESYN-PWY: superpathway of L-threonine biosynthesis|g__Streptococcus.s__Streptococcus_thermophilus	49.6231787862
THRESYN-PWY: superpathway of L-threonine biosynthesis|g__Streptococcus.s__Streptococcus_pneumoniae	3.1806584089
THRESYN-PWY: superpathway of L-threonine biosynthesis|g__Streptococcus.s__Streptococcus_salivarius	3.0625055260
THRESYN-PWY: superpathway of L-threonine biosynthesis|g__Streptococcus.s__Streptococcus_equinus	2.4611758051
PWY-6124: inosine-5'-phosphate biosynthesis II	1304.5839535776
PWY-6124: inosine-5'-phosphate biosynthesis II|g__Anaerostipes.s__Anaerostipes_hadrus	378.4041373657
PWY-6124: inosine-5'-phosphate biosynthesis II|unclassified	339.8158558429
PWY-6124: inosine-5'-phosphate biosynthesis II|g__Blautia.s__Blautia_wexlerae	308.4441478186
PWY-6124: inosine-5'-phosphate biosynthesis II|g__Streptococcus.s__Streptococcus_thermophilus	49.2816778270
PWY-6124: inosine-5'-phosphate biosynthesis II|g__Eggerthella.s__Eggerthella_lenta	37.5177875087
PWY-6124: inosine-5'-phosphate biosynthesis II|g__Blautia.s__Blautia_sp_N6H1_15	13.1276954891
PWY-6124: inosine-5'-phosphate biosynthesis II|g__Erysipelatoclostridium.s__Clostridium_spiroforme	8.4260792873
PWY-6124: inosine-5'-phosphate biosynthesis II|g__Erysipelatoclostridium.s__Clostridium_innocuum	6.7417205156
PWY-6124: inosine-5'-phosphate biosynthesis II|g__Erysipelatoclostridium.s__Erysipelatoclostridium_ramosum	6.4245865057
PWY-6124: inosine-5'-phosphate biosynthesis II|g__Streptococcus.s__Streptococcus_equinus	5.3179682981
PWY-6124: inosine-5'-phosphate biosynthesis II|g__Streptococcus.s__Streptococcus_parasanguinis	2.3188216282
PWY-6124: inosine-5'-phosphate biosynthesis II|g__Blautia.s__Blautia_obeum	1.4684977105
PWY-5695: inosine 5'-phosphate degradation	1251.1069681635
PWY-5695: inosine 5'-phosphate degradation|g__Anaerostipes.s__Anaerostipes_hadrus	445.6361414787
PWY-5695: inosine 5'-phosphate degradation|unclassified	162.8256345354
PWY-5695: inosine 5'-phosphate degradation|g__Blautia.s__Blautia_wexlerae	162.5448646933
PWY-5695: inosine 5'-phosphate degradation|g__Dorea.s__Dorea_longicatena	115.5120275332
PWY-5695: inosine 5'-phosphate degradation|g__Blautia.s__Blautia_obeum	31.0580451602
PWY-5695: inosine 5'-phosphate degradation|g__Streptococcus.s__Streptococcus_salivarius	2.7195293719
HISTSYN-PWY: L-histidine biosynthesis	1227.9972693383
HISTSYN-PWY: L-histidine biosynthesis|unclassified	469.0293852166
HISTSYN-PWY: L-histidine biosynthesis|g__Streptococcus.s__Streptococcus_thermophilus	29.4617832786
HISTSYN-PWY: L-histidine biosynthesis|g__Eggerthella.s__Eggerthella_lenta	25.7208235773
PWY-3001: superpathway of L-isoleucine biosynthesis I	1216.0231173701
PWY-3001: superpathway of L-isoleucine biosynthesis I|unclassified	377.2358714286
PWY-3001: superpathway of L-isoleucine biosynthesis I|g__Streptococcus.s__Streptococcus_thermophilus	52.1818013842
PWY-3001: superpathway of L-isoleucine biosynthesis I|g__Streptococcus.s__Streptococcus_salivarius	3.7134140349
PWY-3001: superpathway of L-isoleucine biosynthesis I|g__Streptococcus.s__Streptococcus_equinus	2.2058252217
PWY-7208: superpathway of pyrimidine nucleobases salvage	1150.9792833095
PWY-7208: superpathway of pyrimidine nucleobases salvage|g__Streptococcus.s__Streptococcus_thermophilus	49.0379282626
PWY-7208: superpathway of pyrimidine nucleobases salvage|g__Eggerthella.s__Eggerthella_lenta	38.8250897904
PWY-7208: superpathway of pyrimidine nucleobases salvage|unclassified	17.1483473983
PWY-7208: superpathway of pyrimidine nucleobases salvage|g__Streptococcus.s__Streptococcus_vestibularis	1.2096452198
METH-ACETATE-PWY: methanogenesis from acetate	1129.0166440629
METH-ACETATE-PWY: methanogenesis from acetate|unclassified	354.6181703240
METH-ACETATE-PWY: methanogenesis from acetate|g__Blautia.s__Blautia_wexlerae	243.0617996097
METH-ACETATE-PWY: methanogenesis from acetate|g__Blautia.s__Blautia_obeum	39.9236093723
PWY-5676: acetyl-CoA fermentation to butanoate II	1117.4502241864
PWY-5676: acetyl-CoA fermentation to butanoate II|g__Anaerostipes.s__Anaerostipes_hadrus	623.6425288741
PWY-5676: acetyl-CoA fermentation to butanoate II|unclassified	59.4821082678
PWY0-1586: peptidoglycan maturation (meso-diaminopimelate containing)	1105.4478591984
PWY0-1586: peptidoglycan maturation (meso-diaminopimelate containing)|g__Anaerostipes.s__Anaerostipes_hadrus	683.0845064870
PWY0-1586: peptidoglycan maturation (meso-diaminopimelate containing)|unclassified	111.6138159673
PWY0-1586: peptidoglycan maturation (meso-diaminopimelate containing)|g__Eggerthella.s__Eggerthella_lenta	42.3548124366
PWY0-1586: peptidoglycan maturation (meso-diaminopimelate containing)|g__Bacteroides.s__Bacteroides_ovatus	5.7090821112
PWY-5188: tetrapyrrole biosynthesis I (from glutamate)	1098.9265308721
PWY-5188: tetrapyrrole biosynthesis I (from glutamate)|unclassified	386.3927814549
PWY-5188: tetrapyrrole biosynthesis I (from glutamate)|g__Anaerostipes.s__Anaerostipes_hadrus	370.3257654263
PWY-5188: tetrapyrrole biosynthesis I (from glutamate)|g__Blautia.s__Blautia_wexlerae	149.4267905010
PWY-5188: tetrapyrrole biosynthesis I (from glutamate)|g__Blautia.s__Blautia_hansenii	36.2881184899
PWY-5188: tetrapyrrole biosynthesis I (from glutamate)|g__Blautia.s__Blautia_obeum	11.9173998491
PWY-7199: pyrimidine deoxyribonucleosides salvage	1086.6663433779
PWY-7199: pyrimidine deoxyribonucleosides salvage|unclassified	547.1278698104
PWY-7199: pyrimidine deoxyribonucleosides salvage|g__Blautia.s__Blautia_hansenii	64.2703033638
PWY-7199: pyrimidine deoxyribonucleosides salvage|g__Streptococcus.s__Streptococcus_thermophilus	51.5273678394
RIBOSYN2-PWY: flavin biosynthesis I (bacteria and plants)	1017.1602760790
RIBOSYN2-PWY: flavin biosynthesis I (bacteria and plants)|unclassified	302.4077064294
RIBOSYN2-PWY: flavin biosynthesis I (bacteria and plants)|g__Blautia.s__Blautia_wexlerae	141.4333216836
RIBOSYN2-PWY: flavin biosynthesis I (bacteria and plants)|g__Blautia.s__Blautia_obeum	130.2498575482
ASPASN-PWY: superpathway of L-aspartate and L-asparagine biosynthesis	997.1104561547
ASPASN-PWY: superpathway of L-aspartate and L-asparagine biosynthesis|unclassified	132.5783377400
ASPASN-PWY: superpathway of L-aspartate and L-asparagine biosynthesis|g__Streptococcus.s__Streptococcus_thermophilus	38.9358925878
ASPASN-PWY: superpathway of L-aspartate and L-asparagine biosynthesis|g__Blautia.s__Blautia_wexlerae	2.9960715544
ASPASN-PWY: superpathway of L-aspartate and L-asparagine biosynthesis|g__Blautia.s__Blautia_obeum	2.3163096671
PWY-6353: purine nucleotides degradation II (aerobic)	908.4880892743
PWY-6353: purine nucleotides degradation II (aerobic)|unclassified	30.9057520697
PWY-5384: sucrose degradation IV (sucrose phosphorylase)	869.9824645875
PWY-5384: sucrose degradation IV (sucrose phosphorylase)|g__Anaerostipes.s__Anaerostipes_hadrus	564.8288280745
PWY-5384: sucrose degradation IV (sucrose phosphorylase)|g__Streptococcus.s__Streptococcus_thermophilus	26.2990158864
PWY-5384: sucrose degradation IV (sucrose phosphorylase)|unclassified	23.2838076343
PWY-5384: sucrose degradation IV (sucrose phosphorylase)|g__Streptococcus.s__Streptococcus_equinus	1.0999083410
PWY-621: sucrose degradation III (sucrose invertase)	865.7450885192
PWY-621: sucrose degradation III (sucrose invertase)|g__Anaerostipes.s__Anaerostipes_hadrus	646.9903520716
PWY-621: sucrose degradation III (sucrose invertase)|g__Streptococcus.s__Streptococcus_thermophilus	40.8298850576
PWY-621: sucrose degradation III (sucrose invertase)|unclassified	23.0830336882
PWY-621: sucrose degradation III (sucrose invertase)|g__Streptococcus.s__Streptococcus_vestibularis	1.7997752806
PWY-I9: L-cysteine biosynthesis VI (from L-methionine)	859.8110949932
PWY-I9: L-cysteine biosynthesis VI (from L-methionine)|g__Anaerostipes.s__Anaerostipes_hadrus	457.6022740844
PWY-I9: L-cysteine biosynthesis VI (from L-methionine)|g__Streptococcus.s__Streptococcus_thermophilus	29.3658239693
PWY-6608: guanosine nucleotides degradation III	837.8076003620
PWY-6608: guanosine nucleotides degradation III|g__Anaerostipes.s__Anaerostipes_hadrus	415.4007311192
PWY-6608: guanosine nucleotides degradation III|g__Blautia.s__Blautia_obeum	203.0519884820
PWY-6608: guanosine nucleotides degradation III|g__Blautia.s__Blautia_wexlerae	158.8733715058
PWY-6608: guanosine nucleotides degradation III|unclassified	35.1545001646
THISYNARA-PWY: superpathway of thiamine diphosphate biosynthesis III (eukaryotes)	812.3037818210
THISYNARA-PWY: superpathway of thiamine diphosphate biosynthesis III (eukaryotes)|unclassified	292.3010332577
THISYNARA-PWY: superpathway of thiamine diphosphate biosynthesis III (eukaryotes)|g__Roseburia.s__Roseburia_intestinalis	12.0731817338
PWY-6703: preQ0 biosynthesis	774.8841565343
PWY-6703: preQ0 biosynthesis|g__Anaerostipes.s__Anaerostipes_hadrus	393.8999891086
PWY-6703: preQ0 biosynthesis|unclassified	186.6204594282
PWY-6703: preQ0 biosynthesis|g__Streptococcus.s__Streptococcus_thermophilus	38.2222058811
PWY-6703: preQ0 biosynthesis|g__Streptococcus.s__Streptococcus_equinus	4.8080598845
PWY-6703: preQ0 biosynthesis|g__Streptococcus.s__Streptococcus_salivarius	4.4517375438
GALACTITOLCAT-PWY: galactitol degradation	772.3916169890
GALACTITOLCAT-PWY: galactitol degradation|g__Anaerostipes.s__Anaerostipes_hadrus	667.0416982150
PWY-6897: thiamine diphosphate salvage II	761.2667212799
PWY-6897: thiamine diphosphate salvage II|unclassified	260.7911631364
PWY-6731: starch degradation III	746.2067869569
PWY-6731: starch degradation III|unclassified	324.5610569469
PWY-6731: starch degradation III|g__Blautia.s__Blautia_obeum	184.5619635644
PWY-6731: starch degradation III|g__Blautia.s__Blautia_wexlerae	81.6102580434
COBALSYN-PWY: superpathway of adenosylcobalamin salvage from cobinamide I	737.0110459758
COBALSYN-PWY: superpathway of adenosylcobalamin salvage from cobinamide I|g__Dorea.s__Dorea_longicatena	183.3335420962
COBALSYN-PWY: superpathway of adenosylcobalamin salvage from cobinamide I|g__Blautia.s__Blautia_wexlerae	170.6718763409
COBALSYN-PWY: superpathway of adenosylcobalamin salvage from cobinamide I|unclassified	64.3628948141
COBALSYN-PWY: superpathway of adenosylcobalamin salvage from cobinamide I|g__Blautia.s__Blautia_obeum	56.2036583049
COBALSYN-PWY: superpathway of adenosylcobalamin salvage from cobinamide I|g__Roseburia.s__Roseburia_intestinalis	13.5336790570
SALVADEHYPOX-PWY: adenosine nucleotides degradation II	728.4306383028
SALVADEHYPOX-PWY: adenosine nucleotides degradation II|g__Anaerostipes.s__Anaerostipes_hadrus	435.9142253323
SALVADEHYPOX-PWY: adenosine nucleotides degradation II|unclassified	30.3741281297
GLCMANNANAUT-PWY: superpathway of N-acetylglucosamine, N-acetylmannosamine and N-acetylneuraminate degradation	725.4795429995
GLCMANNANAUT-PWY: superpathway of N-acetylglucosamine, N-acetylmannosamine and N-acetylneuraminate degradation|unclassified	121.4970722740
OANTIGEN-PWY: O-antigen building blocks biosynthesis (E. coli)	695.2642968662
OANTIGEN-PWY: O-antigen building blocks biosynthesis (E. coli)|unclassified	246.5290263910
PWY-6628: superpathway of L-phenylalanine biosynthesis	693.5722324673
LACTOSECAT-PWY: lactose and galactose degradation I	650.0360449102
LACTOSECAT-PWY: lactose and galactose degradation I|g__Anaerostipes.s__Anaerostipes_hadrus	573.7719032140
LACTOSECAT-PWY: lactose and galactose degradation I|unclassified	210.7371689517
PWY-6606: guanosine nucleotides degradation II	636.8739595623
PWY-6606: guanosine nucleotides degradation II|unclassified	14.3858086739
P164-PWY: purine nucleobases degradation I (anaerobic)	626.5700212187
P164-PWY: purine nucleobases degradation I (anaerobic)|unclassified	17.4617395878
RHAMCAT-PWY: L-rhamnose degradation I	621.8092381165
RHAMCAT-PWY: L-rhamnose degradation I|unclassified	550.9094837761
PWY-7013: (S)-propane-1,2-diol degradation	559.4876638490
PWY-7013: (S)-propane-1,2-diol degradation|unclassified	346.1046794231
PHOSLIPSYN-PWY: superpathway of phospholipid biosynthesis I (bacteria)	542.3649111168
PHOSLIPSYN-PWY: superpathway of phospholipid biosynthesis I (bacteria)|unclassified	345.6294368182
PWY-702: L-methionine biosynthesis II	537.6400232009
PWY-702: L-methionine biosynthesis II|g__Streptococcus.s__Streptococcus_thermophilus	42.8621991163
PWY-702: L-methionine biosynthesis II|g__Streptococcus.s__Streptococcus_pneumoniae	9.0429023177
PWY-702: L-methionine biosynthesis II|g__Streptococcus.s__Streptococcus_salivarius	3.8350170370
PWY-702: L-methionine biosynthesis II|g__Streptococcus.s__Streptococcus_equinus	2.3683604875
GLYCOLYSIS: glycolysis I (from glucose 6-phosphate)	484.2866717247
GLYCOLYSIS: glycolysis I (from glucose 6-phosphate)|unclassified	67.8119297987
PWY-7229: superpathway of adenosine nucleotides de novo biosynthesis I	481.0435720460
PWY-7229: superpathway of adenosine nucleotides de novo biosynthesis I|g__Streptococcus.s__Streptococcus_thermophilus	50.5482518275
PWY-7229: superpathway of adenosine nucleotides de novo biosynthesis I|g__Eggerthella.s__Eggerthella_lenta	43.6535937556
PWY-7229: superpathway of adenosine nucleotides de novo biosynthesis I|unclassified	32.1889943264
PWY-6630: superpathway of L-tyrosine biosynthesis	458.5738821193
PWY-5121: superpathway of geranylgeranyl diphosphate biosynthesis II (via MEP)	434.1662300477
PWY-5121: superpathway of geranylgeranyl diphosphate biosynthesis II (via MEP)|unclassified	294.5550827460
PWY-841: superpathway of purine nucleotides de novo biosynthesis I	431.7149991161
PWY-841: superpathway of purine nucleotides de novo biosynthesis I|g__Eggerthella.s__Eggerthella_lenta	33.5296087022
PWY-841: superpathway of purine nucleotides de novo biosynthesis I|unclassified	28.1690172780
UDPNAGSYN-PWY: UDP-N-acetyl-D-glucosamine biosynthesis I	427.7540920252
UDPNAGSYN-PWY: UDP-N-acetyl-D-glucosamine biosynthesis I|unclassified	146.2428628311
UDPNAGSYN-PWY: UDP-N-acetyl-D-glucosamine biosynthesis I|g__Streptococcus.s__Streptococcus_thermophilus	49.1897609530
UDPNAGSYN-PWY: UDP-N-acetyl-D-glucosamine biosynthesis I|g__Eggerthella.s__Eggerthella_lenta	30.5909576878
UDPNAGSYN-PWY: UDP-N-acetyl-D-glucosamine biosynthesis I|g__Agathobaculum.s__Agathobaculum_butyriciproducens	9.0753051662
UDPNAGSYN-PWY: UDP-N-acetyl-D-glucosamine biosynthesis I|g__Streptococcus.s__Streptococcus_equinus	4.8965573968
UDPNAGSYN-PWY: UDP-N-acetyl-D-glucosamine biosynthesis I|g__Erysipelatoclostridium.s__Clostridium_innocuum	4.8439153474
GLUCONEO-PWY: gluconeogenesis I	426.6108931179
GLUCONEO-PWY: gluconeogenesis I|unclassified	192.0466384098
PWY-6470: peptidoglycan biosynthesis V (&beta;-lactam resistance)	419.4816614801
ANAEROFRUCAT-PWY: homolactic fermentation	419.0779557819
ANAEROFRUCAT-PWY: homolactic fermentation|unclassified	48.6355790844
PWY0-162: superpathway of pyrimidine ribonucleotides de novo biosynthesis	400.4629787305
PWY0-162: superpathway of pyrimidine ribonucleotides de novo biosynthesis|unclassified	31.3594578025
PPGPPMET-PWY: ppGpp metabolism	379.1982243050
PPGPPMET-PWY: ppGpp metabolism|unclassified	25.9921111798
GOLPDLCAT-PWY: superpathway of glycerol degradation to 1,3-propanediol	374.5885490323
GOLPDLCAT-PWY: superpathway of glycerol degradation to 1,3-propanediol|unclassified	221.6593336464
GOLPDLCAT-PWY: superpathway of glycerol degradation to 1,3-propanediol|g__Anaerostipes.s__Anaerostipes_hadrus	134.4188018052
PWY4FS-7: phosphatidylglycerol biosynthesis I (plastidic)	362.1791895991
PWY4FS-7: phosphatidylglycerol biosynthesis I (plastidic)|unclassified	270.7657814587
PWY4FS-7: phosphatidylglycerol biosynthesis I (plastidic)|g__Streptococcus.s__Streptococcus_thermophilus	32.4883486722
PWY4FS-8: phosphatidylglycerol biosynthesis II (non-plastidic)	362.1791895991
PWY4FS-8: phosphatidylglycerol biosynthesis II (non-plastidic)|unclassified	270.7657814587
PWY4FS-8: phosphatidylglycerol biosynthesis II (non-plastidic)|g__Streptococcus.s__Streptococcus_thermophilus	32.4883486722
PWY66-409: superpathway of purine nucleotide salvage	349.5251911280
PWY66-409: superpathway of purine nucleotide salvage|g__Streptococcus.s__Streptococcus_thermophilus	39.6868409048
P185-PWY: formaldehyde assimilation III (dihydroxyacetone cycle)	349.1995446958
P185-PWY: formaldehyde assimilation III (dihydroxyacetone cycle)|unclassified	151.8555776779
PWY-5484: glycolysis II (from fructose 6-phosphate)	329.7353512056
PWY-5484: glycolysis II (from fructose 6-phosphate)|unclassified	37.4364190812
DAPLYSINESYN-PWY: L-lysine biosynthesis I	328.0381053462
PWY-4041: &gamma;-glutamyl cycle	324.9330528543
PWY-4041: &gamma;-glutamyl cycle|unclassified	92.6066596336
PWY-4041: &gamma;-glutamyl cycle|g__Streptococcus.s__Streptococcus_thermophilus	31.8138084555
PWY-4041: &gamma;-glutamyl cycle|g__Streptococcus.s__Streptococcus_pneumoniae	2.3730299344
PWY-4041: &gamma;-glutamyl cycle|g__Streptococcus.s__Streptococcus_equinus	1.4182506215
PWY-6126: superpathway of adenosine nucleotides de novo biosynthesis II	322.9990140794
PWY-6126: superpathway of adenosine nucleotides de novo biosynthesis II|g__Streptococcus.s__Streptococcus_thermophilus	49.1539476570
PWY-6126: superpathway of adenosine nucleotides de novo biosynthesis II|g__Eggerthella.s__Eggerthella_lenta	45.1935936172
PWY-6126: superpathway of adenosine nucleotides de novo biosynthesis II|unclassified	19.2361751860
PWY-7400: L-arginine biosynthesis IV (archaebacteria)	300.1216807421
PWY-7400: L-arginine biosynthesis IV (archaebacteria)|unclassified	243.4724081723
PWY-2941: L-lysine biosynthesis II	298.1280761418
PWY-2941: L-lysine biosynthesis II|unclassified	62.4653730162
PWY-2941: L-lysine biosynthesis II|g__Streptococcus.s__Streptococcus_thermophilus	39.1666947381
PWY-7328: superpathway of UDP-glucose-derived O-antigen building blocks biosynthesis	283.3294850118
PWY-7328: superpathway of UDP-glucose-derived O-antigen building blocks biosynthesis|unclassified	117.4267675675
PWY-7761: NAD salvage pathway II (PNC IV cycle)	283.0557048339
PWY-7761: NAD salvage pathway II (PNC IV cycle)|unclassified	93.4915414989
PWY-7228: superpathway of guanosine nucleotides de novo biosynthesis I	281.9936882807
PWY-7228: superpathway of guanosine nucleotides de novo biosynthesis I|g__Streptococcus.s__Streptococcus_thermophilus	61.1935429551
PWY-7228: superpathway of guanosine nucleotides de novo biosynthesis I|g__Eggerthella.s__Eggerthella_lenta	51.0525358154
PWY-7228: superpathway of guanosine nucleotides de novo biosynthesis I|unclassified	16.5297547035
PWY-7228: superpathway of guanosine nucleotides de novo biosynthesis I|g__Streptococcus.s__Streptococcus_vestibularis	1.2874328142
PWY-8131: 5'-deoxyadenosine degradation II	262.4374352879
PWY-8131: 5'-deoxyadenosine degradation II|unclassified	227.1770066744
PWY0-1297: superpathway of purine deoxyribonucleosides degradation	248.8896962616
PWY0-1297: superpathway of purine deoxyribonucleosides degradation|g__Streptococcus.s__Streptococcus_thermophilus	57.6377954397
PWY0-1297: superpathway of purine deoxyribonucleosides degradation|g__Blautia.s__Blautia_sp_N6H1_15	15.5900350351
PWY1ZNC-1: assimilatory sulfate reduction IV	237.3349515020
PWY-6125: superpathway of guanosine nucleotides de novo biosynthesis II	229.6883164667
PWY-6125: superpathway of guanosine nucleotides de novo biosynthesis II|g__Streptococcus.s__Streptococcus_thermophilus	55.8376468060
PWY-6125: superpathway of guanosine nucleotides de novo biosynthesis II|g__Eggerthella.s__Eggerthella_lenta	28.1974670046
PWY-6125: superpathway of guanosine nucleotides de novo biosynthesis II|unclassified	12.9514413477
PWY-5981: CDP-diacylglycerol biosynthesis III	222.3956959567
PWY-5981: CDP-diacylglycerol biosynthesis III|unclassified	63.3951121752
PWY-5981: CDP-diacylglycerol biosynthesis III|g__Streptococcus.s__Streptococcus_thermophilus	39.4674921077
COLANSYN-PWY: colanic acid building blocks biosynthesis	217.3217388592
COLANSYN-PWY: colanic acid building blocks biosynthesis|unclassified	49.1197479760
PWY-8187: L-arginine degradation XIII (reductive Stickland reaction)	210.6849878222
PWY-8187: L-arginine degradation XIII (reductive Stickland reaction)|unclassified	104.1583352798
PWY-8187: L-arginine degradation XIII (reductive Stickland reaction)|g__Eggerthella.s__Eggerthella_lenta	36.3700291835
PWY-7117: C4 photosynthetic carbon assimilation cycle, PEPCK type	207.1487392196
PWY-7234: inosine-5'-phosphate biosynthesis III	199.4316712577
PWY-7234: inosine-5'-phosphate biosynthesis III|g__Streptococcus.s__Streptococcus_thermophilus	49.8477901494
PWY-7234: inosine-5'-phosphate biosynthesis III|g__Streptococcus.s__Streptococcus_parasanguinis	2.6445541594
PWY-5659: GDP-mannose biosynthesis	180.2581618898
PWY-5659: GDP-mannose biosynthesis|unclassified	91.8475040233
PWY-5659: GDP-mannose biosynthesis|g__Streptococcus.s__Streptococcus_thermophilus	34.5390266667
PWY-5659: GDP-mannose biosynthesis|g__Roseburia.s__Roseburia_intestinalis	13.0380524643
PWY-241: C4 photosynthetic carbon assimilation cycle, NADP-ME type	175.7984956831
P441-PWY: superpathway of N-acetylneuraminate degradation	175.3456322401
PWY-7220: adenosine deoxyribonucleotides de novo biosynthesis II	150.3880014655
PWY-7220: adenosine deoxyribonucleotides de novo biosynthesis II|g__Eggerthella.s__Eggerthella_lenta	58.9082365897
PWY-7220: adenosine deoxyribonucleotides de novo biosynthesis II|g__Streptococcus.s__Streptococcus_thermophilus	53.2013462497
PWY-7220: adenosine deoxyribonucleotides de novo biosynthesis II|unclassified	8.3483278600
PWY-7220: adenosine deoxyribonucleotides de novo biosynthesis II|g__Streptococcus.s__Streptococcus_vestibularis	1.5706806283
PWY-7222: guanosine deoxyribonucleotides de novo biosynthesis II	150.3880014655
PWY-7222: guanosine deoxyribonucleotides de novo biosynthesis II|g__Eggerthella.s__Eggerthella_lenta	58.9082365897
PWY-7222: guanosine deoxyribonucleotides de novo biosynthesis II|g__Streptococcus.s__Streptococcus_thermophilus	53.2013462497
PWY-7222: guanosine deoxyribonucleotides de novo biosynthesis II|unclassified	8.3483278600
PWY-7222: guanosine deoxyribonucleotides de novo biosynthesis II|g__Streptococcus.s__Streptococcus_vestibularis	1.5706806283
PWY-7197: pyrimidine deoxyribonucleotide phosphorylation	139.9930253836
PWY-7197: pyrimidine deoxyribonucleotide phosphorylation|g__Streptococcus.s__Streptococcus_thermophilus	35.6875931131
PWY-7197: pyrimidine deoxyribonucleotide phosphorylation|g__Eggerthella.s__Eggerthella_lenta	33.5610959403
PWY-7197: pyrimidine deoxyribonucleotide phosphorylation|unclassified	7.4581972831
PYRIDNUCSAL-PWY: NAD salvage pathway I (PNC VI cycle)	138.0033388593
PWY66-399: gluconeogenesis III	137.0163617636
PWY66-399: gluconeogenesis III|unclassified	43.8841582571
PWY-7282: 4-amino-2-methyl-5-diphosphomethylpyrimidine biosynthesis II	130.9788270154
PWY-7282: 4-amino-2-methyl-5-diphosphomethylpyrimidine biosynthesis II|unclassified	104.5735583504
PWY-6902: chitin degradation II (Vibrio)	128.9691143952
PWY-6902: chitin degradation II (Vibrio)|unclassified	119.6432461103
PWY-6292: superpathway of L-cysteine biosynthesis (mammalian)	123.7847991585
PWY-6292: superpathway of L-cysteine biosynthesis (mammalian)|unclassified	27.3827550963
PWY3O-4107: NAD salvage pathway V (PNC V cycle)	118.6947574410
PWY-6147: 6-hydroxymethyl-dihydropterin diphosphate biosynthesis I	102.3085777895
PWY-6147: 6-hydroxymethyl-dihydropterin diphosphate biosynthesis I|g__Streptococcus.s__Streptococcus_thermophilus	55.1049794683
PWY-5973: cis-vaccenate biosynthesis	97.3543216810
PWY-5973: cis-vaccenate biosynthesis|unclassified	93.1012945618
PWY-5265: peptidoglycan biosynthesis II (staphylococci)	93.8634458271
PWY-6549: L-glutamine biosynthesis III	89.5289006020
HEMESYN2-PWY: heme b biosynthesis II (oxygen-independent)	89.1872524459
PWY-7198: pyrimidine deoxyribonucleotides de novo biosynthesis IV	84.8911442070
PWY-7663: gondoate biosynthesis (anaerobic)	78.6104300066
PWY-7663: gondoate biosynthesis (anaerobic)|unclassified	75.9794281579
PWY-7383: anaerobic energy metabolism (invertebrates, cytosol)	76.9864323021
PWY-7383: anaerobic energy metabolism (invertebrates, cytosol)|unclassified	62.8822741949
FERMENTATION-PWY: mixed acid fermentation	72.7401832479
FERMENTATION-PWY: mixed acid fermentation|unclassified	56.9899193554
HISDEG-PWY: L-histidine degradation I	69.0695580100
HISDEG-PWY: L-histidine degradation I|g__Blautia.s__Blautia_hansenii	49.2608161867
HISDEG-PWY: L-histidine degradation I|g__Blautia.s__Blautia_sp_N6H1_15	12.7919094438
PWY-7356: thiamine diphosphate salvage IV (yeast)	65.3666910600
PWY-7356: thiamine diphosphate salvage IV (yeast)|unclassified	58.5001148130
PWY0-1261: anhydromuropeptides recycling I	64.8573418610
PWY0-1261: anhydromuropeptides recycling I|unclassified	47.7751246855
PWY-6895: superpathway of thiamine diphosphate biosynthesis II	64.2569252395
PWY-6895: superpathway of thiamine diphosphate biosynthesis II|unclassified	43.8119391090
PWY0-1298: superpathway of pyrimidine deoxyribonucleosides degradation	57.7965690195
PWY-6293: superpathway of L-cysteine biosynthesis (fungi)	52.9323234177
P124-PWY: Bifidobacterium shunt	52.0590170718
P124-PWY: Bifidobacterium shunt|unclassified	49.0164192452
P125-PWY: superpathway of (R,R)-butanediol biosynthesis	50.3722033954
P125-PWY: superpathway of (R,R)-butanediol biosynthesis|g__Streptococcus.s__Streptococcus_thermophilus	29.7603648287
PWY-5913: partial TCA cycle (obligate autotrophs)	47.8639585700
PWY0-1477: ethanolamine utilization	45.9096242289
PWY4LZ-257: superpathway of fermentation (Chlamydomonas reinhardtii)	44.0636127570
PWY-6590: superpathway of Clostridium acetobutylicum acidogenic fermentation	41.7085728527
PWY0-845: superpathway of pyridoxal 5'-phosphate biosynthesis and salvage	40.2222166639
PWY0-845: superpathway of pyridoxal 5'-phosphate biosynthesis and salvage|unclassified	29.0854983317
PWY-5154: L-arginine biosynthesis III (via N-acetyl-L-citrulline)	38.8798230898
PWY-5154: L-arginine biosynthesis III (via N-acetyl-L-citrulline)|unclassified	38.1785095114
PWY-7392: taxadiene biosynthesis (engineered)	38.3561991933
PWY-5505: L-glutamate and L-glutamine biosynthesis	36.2672331295
PWY-6969: TCA cycle V (2-oxoglutarate synthase)	36.0196198784
PWY-6969: TCA cycle V (2-oxoglutarate synthase)|unclassified	28.4333791078
P161-PWY: acetylene degradation (anaerobic)	35.5653873141
FUCCAT-PWY: fucose degradation	32.6024065559
PWY-822: fructan biosynthesis	32.3313834530
PWY-822: fructan biosynthesis|g__Streptococcus.s__Streptococcus_thermophilus	20.4351204351
PWY-822: fructan biosynthesis|g__Streptococcus.s__Streptococcus_equinus	8.2902576256
PWY-822: fructan biosynthesis|g__Streptococcus.s__Streptococcus_pneumoniae	2.5349198952
PWY-822: fructan biosynthesis|g__Streptococcus.s__Streptococcus_salivarius	1.0710854971
PWY-801: homocysteine and cysteine interconversion	32.2772900490
CENTFERM-PWY: pyruvate fermentation to butanoate	31.4817109101
PWY-5690: TCA cycle II (plants and fungi)	28.7038635449
POLYISOPRENSYN-PWY: polyisoprenoid biosynthesis (E. coli)	26.5107352051
PWY-5030: L-histidine degradation III	26.2107621331
PYRIDOXSYN-PWY: pyridoxal 5'-phosphate biosynthesis I	25.3911994626
PYRIDOXSYN-PWY: pyridoxal 5'-phosphate biosynthesis I|unclassified	16.8768846607
ARGININE-SYN4-PWY: L-ornithine biosynthesis II	24.6551911152
GALACTARDEG-PWY: D-galactarate degradation I	20.8669472668
GLUCARGALACTSUPER-PWY: superpathway of D-glucarate and D-galactarate degradation	20.8669472668
GLUCARDEG-PWY: D-glucarate degradation I	20.8397630537
GLUDEG-I-PWY: GABA shunt	19.9935970721
PWY-5130: 2-oxobutanoate degradation I	17.2258862798
PWY-5130: 2-oxobutanoate degradation I|unclassified	17.2258862798
PWY0-1241: ADP-L-glycero-&beta;-D-manno-heptose biosynthesis	16.2700284582
PWY0-1241: ADP-L-glycero-&beta;-D-manno-heptose biosynthesis|unclassified	15.5885390269
PWY-5189: tetrapyrrole biosynthesis II (from glycine)	13.6181781524
PWY-5189: tetrapyrrole biosynthesis II (from glycine)|unclassified	13.4274113512
PWY-6859: all-trans-farnesol biosynthesis	13.3679271719
P105-PWY: TCA cycle IV (2-oxoglutarate decarboxylase)	11.5352993173
P105-PWY: TCA cycle IV (2-oxoglutarate decarboxylase)|unclassified	10.6272512516
PWY-1269: CMP-3-deoxy-D-manno-octulosonate biosynthesis	10.0862808946
PWY-1269: CMP-3-deoxy-D-manno-octulosonate biosynthesis|unclassified	10.0862808946
NAD-BIOSYNTHESIS-II: NAD salvage pathway III (to nicotinamide riboside)	9.0884505845