# Pathway	merged_SHV-10009345Week-0_S261_L001__kneaddata_paired_Abundance
UNMAPPED	838999.3250455218
UNINTEGRATED	2665845.8163042166
UNINTEGRATED|unclassified	866550.3934169736
UNINTEGRATED|g__Blautia.s__Blautia_obeum	430608.6234395714
UNINTEGRATED|g__Lachnospiraceae_unclassified.s__Eubacterium_rectale	361121.4427284369
UNINTEGRATED|g__Anaerostipes.s__Anaerostipes_hadrus	304518.4166492588
UNINTEGRATED|g__Faecalibacterium.s__Faecalibacterium_prausnitzii	231329.7178764241
UNINTEGRATED|g__Blautia.s__Blautia_wexlerae	110689.6125905480
UNINTEGRATED|g__Ruminococcus.s__Ruminococcus_sp_AF31_8BH	56168.2681023959
UNINTEGRATED|g__Eubacterium.s__Eubacterium_ramulus	35419.9017371040
UNINTEGRATED|g__Coprococcus.s__Coprococcus_catus	35049.2209617628
UNINTEGRATED|g__Clostridium.s__Clostridium_sp_AM22_11AC	28584.9226379402
UNINTEGRATED|g__Agathobaculum.s__Agathobaculum_butyriciproducens	16180.6398634815
UNINTEGRATED|g__Erysipelatoclostridium.s__Erysipelatoclostridium_ramosum	12674.4885344625
UNINTEGRATED|g__Streptococcus.s__Streptococcus_thermophilus	11857.4903445204
UNINTEGRATED|g__Bacteroides.s__Bacteroides_dorei	10350.1581537367
UNINTEGRATED|g__Eggerthella.s__Eggerthella_lenta	9808.2866023168
UNINTEGRATED|g__Parasutterella.s__Parasutterella_excrementihominis	8015.6044410544
UNINTEGRATED|g__Asaccharobacter.s__Asaccharobacter_celatus	7455.9265989048
UNINTEGRATED|g__Blautia.s__Blautia_producta	7194.1477439494
UNINTEGRATED|g__Bacteroides.s__Bacteroides_vulgatus	7043.2130691427
UNINTEGRATED|g__Roseburia.s__Roseburia_hominis	4831.7223909555
UNINTEGRATED|g__Streptococcus.s__Streptococcus_salivarius	3375.1598226064
UNINTEGRATED|g__Intestinibacter.s__Intestinibacter_bartlettii	2329.6630472029
UNINTEGRATED|g__Bacteroides.s__Bacteroides_massiliensis	1449.4551748435
UNINTEGRATED|g__Streptococcus.s__Streptococcus_parasanguinis	1409.6965015990
UNINTEGRATED|g__Streptococcus.s__Streptococcus_pneumoniae	1343.8525186307
UNINTEGRATED|g__Streptococcus.s__Streptococcus_equinus	1058.8910581837
UNINTEGRATED|g__Streptococcus.s__Streptococcus_vestibularis	713.2765380823
UNINTEGRATED|g__Gordonibacter.s__Gordonibacter_urolithinfaciens	687.7342137532
PWY-7238: sucrose biosynthesis II	4086.8492550045
PWY-7238: sucrose biosynthesis II|unclassified	1885.6262958812
PWY-7238: sucrose biosynthesis II|g__Lachnospiraceae_unclassified.s__Eubacterium_rectale	558.7992418501
PWY-7238: sucrose biosynthesis II|g__Blautia.s__Blautia_obeum	539.4640658446
PWY-7238: sucrose biosynthesis II|g__Anaerostipes.s__Anaerostipes_hadrus	439.1800752768
PWY-7238: sucrose biosynthesis II|g__Faecalibacterium.s__Faecalibacterium_prausnitzii	187.6602805048
PWY-7238: sucrose biosynthesis II|g__Blautia.s__Blautia_wexlerae	131.9618705988
PWY-7238: sucrose biosynthesis II|g__Eubacterium.s__Eubacterium_ramulus	20.9137671609
PWY-7238: sucrose biosynthesis II|g__Clostridium.s__Clostridium_sp_AM22_11AC	17.4011884820
PWY-7238: sucrose biosynthesis II|g__Agathobaculum.s__Agathobaculum_butyriciproducens	14.1701109602
PWY-7238: sucrose biosynthesis II|g__Ruminococcus.s__Ruminococcus_sp_AF31_8BH	10.8571722722
PWY-7238: sucrose biosynthesis II|g__Streptococcus.s__Streptococcus_thermophilus	5.5775593803
PWY-7238: sucrose biosynthesis II|g__Streptococcus.s__Streptococcus_pneumoniae	4.1013166308
PWY-7238: sucrose biosynthesis II|g__Streptococcus.s__Streptococcus_equinus	2.0344098818
PWY-1042: glycolysis IV	3481.7511299446
PWY-1042: glycolysis IV|unclassified	1146.3095028376
PWY-1042: glycolysis IV|g__Anaerostipes.s__Anaerostipes_hadrus	526.0058648099
PWY-1042: glycolysis IV|g__Lachnospiraceae_unclassified.s__Eubacterium_rectale	281.1473676315
PWY-1042: glycolysis IV|g__Blautia.s__Blautia_obeum	269.7141404589
PWY-1042: glycolysis IV|g__Blautia.s__Blautia_wexlerae	205.6351010235
PWY-1042: glycolysis IV|g__Faecalibacterium.s__Faecalibacterium_prausnitzii	188.0691675213
PWY-1042: glycolysis IV|g__Ruminococcus.s__Ruminococcus_sp_AF31_8BH	69.8982423585
PWY-1042: glycolysis IV|g__Streptococcus.s__Streptococcus_thermophilus	10.7274611168
PWY-1042: glycolysis IV|g__Streptococcus.s__Streptococcus_parasanguinis	5.5579335542
PWY-5941: glycogen degradation II	3340.0624221014
PWY-5941: glycogen degradation II|unclassified	1486.9320919270
PWY-5941: glycogen degradation II|g__Blautia.s__Blautia_obeum	475.7361895775
PWY-5941: glycogen degradation II|g__Anaerostipes.s__Anaerostipes_hadrus	441.9146357593
PWY-5941: glycogen degradation II|g__Faecalibacterium.s__Faecalibacterium_prausnitzii	169.1732498445
PWY-5941: glycogen degradation II|g__Blautia.s__Blautia_wexlerae	141.1344655240
PWY-5941: glycogen degradation II|g__Ruminococcus.s__Ruminococcus_sp_AF31_8BH	15.3306563714
PWY-5941: glycogen degradation II|g__Agathobaculum.s__Agathobaculum_butyriciproducens	14.2678903015
PWY-5941: glycogen degradation II|g__Streptococcus.s__Streptococcus_thermophilus	5.1154519446
PWY-5941: glycogen degradation II|g__Streptococcus.s__Streptococcus_pneumoniae	4.4610284720
GLYCOGENSYNTH-PWY: glycogen biosynthesis I (from ADP-D-Glucose)	3095.0609685706
GLYCOGENSYNTH-PWY: glycogen biosynthesis I (from ADP-D-Glucose)|unclassified	1389.1462946669
GLYCOGENSYNTH-PWY: glycogen biosynthesis I (from ADP-D-Glucose)|g__Anaerostipes.s__Anaerostipes_hadrus	426.8159629239
GLYCOGENSYNTH-PWY: glycogen biosynthesis I (from ADP-D-Glucose)|g__Blautia.s__Blautia_obeum	292.6502922864
GLYCOGENSYNTH-PWY: glycogen biosynthesis I (from ADP-D-Glucose)|g__Lachnospiraceae_unclassified.s__Eubacterium_rectale	271.3358766823
GLYCOGENSYNTH-PWY: glycogen biosynthesis I (from ADP-D-Glucose)|g__Faecalibacterium.s__Faecalibacterium_prausnitzii	190.3186827563
GLYCOGENSYNTH-PWY: glycogen biosynthesis I (from ADP-D-Glucose)|g__Blautia.s__Blautia_wexlerae	162.8970134801
GLYCOGENSYNTH-PWY: glycogen biosynthesis I (from ADP-D-Glucose)|g__Ruminococcus.s__Ruminococcus_sp_AF31_8BH	46.9795882023
GLYCOGENSYNTH-PWY: glycogen biosynthesis I (from ADP-D-Glucose)|g__Clostridium.s__Clostridium_sp_AM22_11AC	44.4266461619
GLYCOGENSYNTH-PWY: glycogen biosynthesis I (from ADP-D-Glucose)|g__Agathobaculum.s__Agathobaculum_butyriciproducens	13.4618118947
GLYCOGENSYNTH-PWY: glycogen biosynthesis I (from ADP-D-Glucose)|g__Coprococcus.s__Coprococcus_catus	7.1085172700
CALVIN-PWY: Calvin-Benson-Bassham cycle	2734.0377456133
CALVIN-PWY: Calvin-Benson-Bassham cycle|unclassified	1093.8389280599
CALVIN-PWY: Calvin-Benson-Bassham cycle|g__Blautia.s__Blautia_obeum	265.6707316351
CALVIN-PWY: Calvin-Benson-Bassham cycle|g__Anaerostipes.s__Anaerostipes_hadrus	261.4522975131
CALVIN-PWY: Calvin-Benson-Bassham cycle|g__Lachnospiraceae_unclassified.s__Eubacterium_rectale	246.3316922537
CALVIN-PWY: Calvin-Benson-Bassham cycle|g__Blautia.s__Blautia_wexlerae	206.9641671034
CALVIN-PWY: Calvin-Benson-Bassham cycle|g__Ruminococcus.s__Ruminococcus_sp_AF31_8BH	58.3987426769
CALVIN-PWY: Calvin-Benson-Bassham cycle|g__Faecalibacterium.s__Faecalibacterium_prausnitzii	33.1886921661
PWY-8178: pentose phosphate pathway (non-oxidative branch) II	2635.5082453015
PWY-8178: pentose phosphate pathway (non-oxidative branch) II|unclassified	1083.3560957947
PWY-8178: pentose phosphate pathway (non-oxidative branch) II|g__Anaerostipes.s__Anaerostipes_hadrus	385.6798300134
PWY-8178: pentose phosphate pathway (non-oxidative branch) II|g__Lachnospiraceae_unclassified.s__Eubacterium_rectale	284.4330347709
PWY-8178: pentose phosphate pathway (non-oxidative branch) II|g__Blautia.s__Blautia_obeum	218.2877236687
PWY-8178: pentose phosphate pathway (non-oxidative branch) II|g__Blautia.s__Blautia_wexlerae	213.4666951824
PWY-8178: pentose phosphate pathway (non-oxidative branch) II|g__Ruminococcus.s__Ruminococcus_sp_AF31_8BH	45.7625783799
PWY-8178: pentose phosphate pathway (non-oxidative branch) II|g__Faecalibacterium.s__Faecalibacterium_prausnitzii	17.1653601843
PWY-8178: pentose phosphate pathway (non-oxidative branch) II|g__Clostridium.s__Clostridium_sp_AM22_11AC	14.6640999529
PWY-8178: pentose phosphate pathway (non-oxidative branch) II|g__Streptococcus.s__Streptococcus_thermophilus	10.9283840536
DTDPRHAMSYN-PWY: dTDP-&beta;-L-rhamnose biosynthesis	2524.9629351686
DTDPRHAMSYN-PWY: dTDP-&beta;-L-rhamnose biosynthesis|unclassified	1271.2344779395
DTDPRHAMSYN-PWY: dTDP-&beta;-L-rhamnose biosynthesis|g__Blautia.s__Blautia_obeum	342.2745548476
DTDPRHAMSYN-PWY: dTDP-&beta;-L-rhamnose biosynthesis|g__Anaerostipes.s__Anaerostipes_hadrus	270.4527753941
DTDPRHAMSYN-PWY: dTDP-&beta;-L-rhamnose biosynthesis|g__Lachnospiraceae_unclassified.s__Eubacterium_rectale	258.7399530931
DTDPRHAMSYN-PWY: dTDP-&beta;-L-rhamnose biosynthesis|g__Blautia.s__Blautia_wexlerae	129.5967619851
DTDPRHAMSYN-PWY: dTDP-&beta;-L-rhamnose biosynthesis|g__Faecalibacterium.s__Faecalibacterium_prausnitzii	119.0883265808
DTDPRHAMSYN-PWY: dTDP-&beta;-L-rhamnose biosynthesis|g__Ruminococcus.s__Ruminococcus_sp_AF31_8BH	30.0246313300
DTDPRHAMSYN-PWY: dTDP-&beta;-L-rhamnose biosynthesis|g__Bacteroides.s__Bacteroides_dorei	8.8900309254
DTDPRHAMSYN-PWY: dTDP-&beta;-L-rhamnose biosynthesis|g__Streptococcus.s__Streptococcus_thermophilus	8.0329979237
DTDPRHAMSYN-PWY: dTDP-&beta;-L-rhamnose biosynthesis|g__Coprococcus.s__Coprococcus_catus	4.3719763751
ANAGLYCOLYSIS-PWY: glycolysis III (from glucose)	2474.5523135455
ANAGLYCOLYSIS-PWY: glycolysis III (from glucose)|unclassified	782.9986716906
ANAGLYCOLYSIS-PWY: glycolysis III (from glucose)|g__Anaerostipes.s__Anaerostipes_hadrus	385.6301955742
ANAGLYCOLYSIS-PWY: glycolysis III (from glucose)|g__Lachnospiraceae_unclassified.s__Eubacterium_rectale	262.8437781525
ANAGLYCOLYSIS-PWY: glycolysis III (from glucose)|g__Blautia.s__Blautia_obeum	177.8323240777
ANAGLYCOLYSIS-PWY: glycolysis III (from glucose)|g__Blautia.s__Blautia_wexlerae	110.7415861760
ANAGLYCOLYSIS-PWY: glycolysis III (from glucose)|g__Ruminococcus.s__Ruminococcus_sp_AF31_8BH	44.3334393374
ANAGLYCOLYSIS-PWY: glycolysis III (from glucose)|g__Streptococcus.s__Streptococcus_thermophilus	12.4762204051
PWY-6609: adenine and adenosine salvage III	2400.4439159903
PWY-6609: adenine and adenosine salvage III|unclassified	1314.0835273210
PWY-6609: adenine and adenosine salvage III|g__Anaerostipes.s__Anaerostipes_hadrus	332.0823127366
PWY-6609: adenine and adenosine salvage III|g__Lachnospiraceae_unclassified.s__Eubacterium_rectale	282.8106284631
PWY-6609: adenine and adenosine salvage III|g__Blautia.s__Blautia_obeum	158.1117111050
PWY-6609: adenine and adenosine salvage III|g__Blautia.s__Blautia_wexlerae	69.9940674101
PWY-6609: adenine and adenosine salvage III|g__Ruminococcus.s__Ruminococcus_sp_AF31_8BH	27.6422482445
PWY-6609: adenine and adenosine salvage III|g__Faecalibacterium.s__Faecalibacterium_prausnitzii	19.7345731685
PWY-6609: adenine and adenosine salvage III|g__Clostridium.s__Clostridium_sp_AM22_11AC	17.2389398692
PWY-6609: adenine and adenosine salvage III|g__Streptococcus.s__Streptococcus_thermophilus	16.9896527125
PWY-6609: adenine and adenosine salvage III|g__Agathobaculum.s__Agathobaculum_butyriciproducens	15.8553906854
PWY-6609: adenine and adenosine salvage III|g__Intestinibacter.s__Intestinibacter_bartlettii	5.8997747574
PWY-6609: adenine and adenosine salvage III|g__Streptococcus.s__Streptococcus_salivarius	3.6514653134
PWY-6609: adenine and adenosine salvage III|g__Streptococcus.s__Streptococcus_equinus	3.2168995227
PWY-6609: adenine and adenosine salvage III|g__Streptococcus.s__Streptococcus_parasanguinis	2.0547729894
PWY-6163: chorismate biosynthesis from 3-dehydroquinate	2392.0748507253
PWY-6163: chorismate biosynthesis from 3-dehydroquinate|unclassified	1050.8597678952
PWY-6163: chorismate biosynthesis from 3-dehydroquinate|g__Anaerostipes.s__Anaerostipes_hadrus	379.7114678432
PWY-6163: chorismate biosynthesis from 3-dehydroquinate|g__Lachnospiraceae_unclassified.s__Eubacterium_rectale	288.9006314649
PWY-6163: chorismate biosynthesis from 3-dehydroquinate|g__Blautia.s__Blautia_obeum	219.1199634391
PWY-6163: chorismate biosynthesis from 3-dehydroquinate|g__Faecalibacterium.s__Faecalibacterium_prausnitzii	138.1371217535
PWY-6163: chorismate biosynthesis from 3-dehydroquinate|g__Blautia.s__Blautia_wexlerae	54.5807107120
PWY-6163: chorismate biosynthesis from 3-dehydroquinate|g__Agathobaculum.s__Agathobaculum_butyriciproducens	14.5824762640
PWY-6163: chorismate biosynthesis from 3-dehydroquinate|g__Clostridium.s__Clostridium_sp_AM22_11AC	13.1548549552
PWY-6163: chorismate biosynthesis from 3-dehydroquinate|g__Streptococcus.s__Streptococcus_thermophilus	12.8750352398
ARGSYNBSUB-PWY: L-arginine biosynthesis II (acetyl cycle)	2384.8025054914
ARGSYNBSUB-PWY: L-arginine biosynthesis II (acetyl cycle)|unclassified	1160.0911329849
ARGSYNBSUB-PWY: L-arginine biosynthesis II (acetyl cycle)|g__Lachnospiraceae_unclassified.s__Eubacterium_rectale	247.3858243821
ARGSYNBSUB-PWY: L-arginine biosynthesis II (acetyl cycle)|g__Anaerostipes.s__Anaerostipes_hadrus	246.3668082870
ARGSYNBSUB-PWY: L-arginine biosynthesis II (acetyl cycle)|g__Blautia.s__Blautia_obeum	177.3782754649
ARGSYNBSUB-PWY: L-arginine biosynthesis II (acetyl cycle)|g__Faecalibacterium.s__Faecalibacterium_prausnitzii	153.7963247835
ARGSYNBSUB-PWY: L-arginine biosynthesis II (acetyl cycle)|g__Blautia.s__Blautia_wexlerae	134.3092985073
ARGSYNBSUB-PWY: L-arginine biosynthesis II (acetyl cycle)|g__Ruminococcus.s__Ruminococcus_sp_AF31_8BH	41.4932844347
ARGSYNBSUB-PWY: L-arginine biosynthesis II (acetyl cycle)|g__Clostridium.s__Clostridium_sp_AM22_11AC	19.8935160459
ARGSYNBSUB-PWY: L-arginine biosynthesis II (acetyl cycle)|g__Streptococcus.s__Streptococcus_thermophilus	9.8191019698
PWY0-1296: purine ribonucleosides degradation	2355.0949207091
PWY0-1296: purine ribonucleosides degradation|unclassified	1318.0813400721
PWY0-1296: purine ribonucleosides degradation|g__Anaerostipes.s__Anaerostipes_hadrus	282.4651621448
PWY0-1296: purine ribonucleosides degradation|g__Lachnospiraceae_unclassified.s__Eubacterium_rectale	274.1711609343
PWY0-1296: purine ribonucleosides degradation|g__Blautia.s__Blautia_obeum	224.0510174823
PWY0-1296: purine ribonucleosides degradation|g__Blautia.s__Blautia_wexlerae	64.1652514930
PWY0-1296: purine ribonucleosides degradation|g__Faecalibacterium.s__Faecalibacterium_prausnitzii	53.5806113167
PWY0-1296: purine ribonucleosides degradation|g__Streptococcus.s__Streptococcus_thermophilus	25.7193899652
PWY0-1296: purine ribonucleosides degradation|g__Ruminococcus.s__Ruminococcus_sp_AF31_8BH	21.2710553663
PWY0-1296: purine ribonucleosides degradation|g__Clostridium.s__Clostridium_sp_AM22_11AC	17.5889900364
PWY0-1296: purine ribonucleosides degradation|g__Coprococcus.s__Coprococcus_catus	13.4317770140
PWY0-1296: purine ribonucleosides degradation|g__Streptococcus.s__Streptococcus_vestibularis	4.1991197013
PWY0-1296: purine ribonucleosides degradation|g__Streptococcus.s__Streptococcus_pneumoniae	1.7234761344
VALSYN-PWY: L-valine biosynthesis	2344.1105385558
VALSYN-PWY: L-valine biosynthesis|unclassified	785.9371318935
VALSYN-PWY: L-valine biosynthesis|g__Blautia.s__Blautia_obeum	400.4958242512
VALSYN-PWY: L-valine biosynthesis|g__Lachnospiraceae_unclassified.s__Eubacterium_rectale	294.2090008521
VALSYN-PWY: L-valine biosynthesis|g__Anaerostipes.s__Anaerostipes_hadrus	294.0201728804
VALSYN-PWY: L-valine biosynthesis|g__Blautia.s__Blautia_wexlerae	122.7108468456
VALSYN-PWY: L-valine biosynthesis|g__Faecalibacterium.s__Faecalibacterium_prausnitzii	111.3251203367
VALSYN-PWY: L-valine biosynthesis|g__Ruminococcus.s__Ruminococcus_sp_AF31_8BH	64.0510093488
VALSYN-PWY: L-valine biosynthesis|g__Clostridium.s__Clostridium_sp_AM22_11AC	17.9717575432
VALSYN-PWY: L-valine biosynthesis|g__Streptococcus.s__Streptococcus_thermophilus	16.0939660541
VALSYN-PWY: L-valine biosynthesis|g__Coprococcus.s__Coprococcus_catus	10.7881506131
VALSYN-PWY: L-valine biosynthesis|g__Agathobaculum.s__Agathobaculum_butyriciproducens	9.9808331899
VALSYN-PWY: L-valine biosynthesis|g__Eubacterium.s__Eubacterium_ramulus	8.9206083585
VALSYN-PWY: L-valine biosynthesis|g__Streptococcus.s__Streptococcus_pneumoniae	1.9403260408
VALSYN-PWY: L-valine biosynthesis|g__Roseburia.s__Roseburia_hominis	1.2516750443
VALSYN-PWY: L-valine biosynthesis|g__Streptococcus.s__Streptococcus_equinus	1.0191666084
VALSYN-PWY: L-valine biosynthesis|g__Streptococcus.s__Streptococcus_salivarius	0.9704233304
ARO-PWY: chorismate biosynthesis I	2333.0250622831
ARO-PWY: chorismate biosynthesis I|unclassified	1058.3152350270
ARO-PWY: chorismate biosynthesis I|g__Anaerostipes.s__Anaerostipes_hadrus	371.8228092518
ARO-PWY: chorismate biosynthesis I|g__Lachnospiraceae_unclassified.s__Eubacterium_rectale	265.1281872198
ARO-PWY: chorismate biosynthesis I|g__Blautia.s__Blautia_obeum	204.5676703466
ARO-PWY: chorismate biosynthesis I|g__Faecalibacterium.s__Faecalibacterium_prausnitzii	149.8748150522
ARO-PWY: chorismate biosynthesis I|g__Blautia.s__Blautia_wexlerae	48.5252178684
ARO-PWY: chorismate biosynthesis I|g__Streptococcus.s__Streptococcus_thermophilus	12.8406992738
ARO-PWY: chorismate biosynthesis I|g__Agathobaculum.s__Agathobaculum_butyriciproducens	11.0734103915
COMPLETE-ARO-PWY: superpathway of aromatic amino acid biosynthesis	2291.3898575244
COMPLETE-ARO-PWY: superpathway of aromatic amino acid biosynthesis|unclassified	1066.7214919985
COMPLETE-ARO-PWY: superpathway of aromatic amino acid biosynthesis|g__Anaerostipes.s__Anaerostipes_hadrus	361.2278324231
COMPLETE-ARO-PWY: superpathway of aromatic amino acid biosynthesis|g__Lachnospiraceae_unclassified.s__Eubacterium_rectale	267.0846611428
COMPLETE-ARO-PWY: superpathway of aromatic amino acid biosynthesis|g__Blautia.s__Blautia_obeum	200.6431838546
COMPLETE-ARO-PWY: superpathway of aromatic amino acid biosynthesis|g__Blautia.s__Blautia_wexlerae	39.4693144297
PWY-6386: UDP-N-acetylmuramoyl-pentapeptide biosynthesis II (lysine-containing)	2242.3949784897
PWY-6386: UDP-N-acetylmuramoyl-pentapeptide biosynthesis II (lysine-containing)|unclassified	1113.3815449322
PWY-6386: UDP-N-acetylmuramoyl-pentapeptide biosynthesis II (lysine-containing)|g__Anaerostipes.s__Anaerostipes_hadrus	311.8765842112
PWY-6386: UDP-N-acetylmuramoyl-pentapeptide biosynthesis II (lysine-containing)|g__Lachnospiraceae_unclassified.s__Eubacterium_rectale	250.7303678461
PWY-6386: UDP-N-acetylmuramoyl-pentapeptide biosynthesis II (lysine-containing)|g__Blautia.s__Blautia_obeum	185.7905288078
PWY-6386: UDP-N-acetylmuramoyl-pentapeptide biosynthesis II (lysine-containing)|g__Faecalibacterium.s__Faecalibacterium_prausnitzii	91.7434628362
PWY-6386: UDP-N-acetylmuramoyl-pentapeptide biosynthesis II (lysine-containing)|g__Blautia.s__Blautia_wexlerae	76.4537187563
PWY-6386: UDP-N-acetylmuramoyl-pentapeptide biosynthesis II (lysine-containing)|g__Ruminococcus.s__Ruminococcus_sp_AF31_8BH	33.6931364380
PWY66-429: fatty acid biosynthesis initiation (mitochondria)	2187.3213773735
PWY66-429: fatty acid biosynthesis initiation (mitochondria)|unclassified	1119.2931103431
PWY66-429: fatty acid biosynthesis initiation (mitochondria)|g__Anaerostipes.s__Anaerostipes_hadrus	348.6315195753
PWY66-429: fatty acid biosynthesis initiation (mitochondria)|g__Blautia.s__Blautia_obeum	242.1966108323
PWY66-429: fatty acid biosynthesis initiation (mitochondria)|g__Blautia.s__Blautia_wexlerae	33.3099872014
PWY66-429: fatty acid biosynthesis initiation (mitochondria)|g__Agathobaculum.s__Agathobaculum_butyriciproducens	13.6747949659
PWY66-429: fatty acid biosynthesis initiation (mitochondria)|g__Blautia.s__Blautia_producta	9.5261961971
PWY66-429: fatty acid biosynthesis initiation (mitochondria)|g__Streptococcus.s__Streptococcus_thermophilus	9.2481538240
PWY66-429: fatty acid biosynthesis initiation (mitochondria)|g__Bacteroides.s__Bacteroides_dorei	4.0971019496
PWY66-429: fatty acid biosynthesis initiation (mitochondria)|g__Bacteroides.s__Bacteroides_massiliensis	1.6308779560
ILEUSYN-PWY: L-isoleucine biosynthesis I (from threonine)	2160.7583954219
ILEUSYN-PWY: L-isoleucine biosynthesis I (from threonine)|unclassified	684.7625965139
ILEUSYN-PWY: L-isoleucine biosynthesis I (from threonine)|g__Blautia.s__Blautia_obeum	345.4034389685
ILEUSYN-PWY: L-isoleucine biosynthesis I (from threonine)|g__Anaerostipes.s__Anaerostipes_hadrus	288.9157647617
ILEUSYN-PWY: L-isoleucine biosynthesis I (from threonine)|g__Lachnospiraceae_unclassified.s__Eubacterium_rectale	275.3581453386
ILEUSYN-PWY: L-isoleucine biosynthesis I (from threonine)|g__Blautia.s__Blautia_wexlerae	83.2575843022
ILEUSYN-PWY: L-isoleucine biosynthesis I (from threonine)|g__Ruminococcus.s__Ruminococcus_sp_AF31_8BH	58.3792709428
ILEUSYN-PWY: L-isoleucine biosynthesis I (from threonine)|g__Clostridium.s__Clostridium_sp_AM22_11AC	17.9717575432
ILEUSYN-PWY: L-isoleucine biosynthesis I (from threonine)|g__Streptococcus.s__Streptococcus_thermophilus	13.4818029071
PWY-6387: UDP-N-acetylmuramoyl-pentapeptide biosynthesis I (meso-diaminopimelate containing)	2159.2606155033
PWY-6387: UDP-N-acetylmuramoyl-pentapeptide biosynthesis I (meso-diaminopimelate containing)|unclassified	1088.4132253907
PWY-6387: UDP-N-acetylmuramoyl-pentapeptide biosynthesis I (meso-diaminopimelate containing)|g__Anaerostipes.s__Anaerostipes_hadrus	290.9767557428
PWY-6387: UDP-N-acetylmuramoyl-pentapeptide biosynthesis I (meso-diaminopimelate containing)|g__Lachnospiraceae_unclassified.s__Eubacterium_rectale	246.1696678048
PWY-6387: UDP-N-acetylmuramoyl-pentapeptide biosynthesis I (meso-diaminopimelate containing)|g__Blautia.s__Blautia_obeum	182.5994610137
PWY-6387: UDP-N-acetylmuramoyl-pentapeptide biosynthesis I (meso-diaminopimelate containing)|g__Blautia.s__Blautia_wexlerae	79.9521137221
PWY-6387: UDP-N-acetylmuramoyl-pentapeptide biosynthesis I (meso-diaminopimelate containing)|g__Faecalibacterium.s__Faecalibacterium_prausnitzii	75.1543557647
PWY-6387: UDP-N-acetylmuramoyl-pentapeptide biosynthesis I (meso-diaminopimelate containing)|g__Ruminococcus.s__Ruminococcus_sp_AF31_8BH	32.3573288400
PEPTIDOGLYCANSYN-PWY: peptidoglycan biosynthesis I (meso-diaminopimelate containing)	2158.8605541468
PEPTIDOGLYCANSYN-PWY: peptidoglycan biosynthesis I (meso-diaminopimelate containing)|unclassified	1095.7631475019
PEPTIDOGLYCANSYN-PWY: peptidoglycan biosynthesis I (meso-diaminopimelate containing)|g__Anaerostipes.s__Anaerostipes_hadrus	311.7309780796
PEPTIDOGLYCANSYN-PWY: peptidoglycan biosynthesis I (meso-diaminopimelate containing)|g__Lachnospiraceae_unclassified.s__Eubacterium_rectale	236.9113091464
PEPTIDOGLYCANSYN-PWY: peptidoglycan biosynthesis I (meso-diaminopimelate containing)|g__Blautia.s__Blautia_obeum	178.6483728723
PEPTIDOGLYCANSYN-PWY: peptidoglycan biosynthesis I (meso-diaminopimelate containing)|g__Blautia.s__Blautia_wexlerae	79.9172527018
PEPTIDOGLYCANSYN-PWY: peptidoglycan biosynthesis I (meso-diaminopimelate containing)|g__Ruminococcus.s__Ruminococcus_sp_AF31_8BH	32.2276470950
PWY-6151: S-adenosyl-L-methionine salvage I	2156.5753849351
PWY-6151: S-adenosyl-L-methionine salvage I|unclassified	1047.0609119126
PWY-6151: S-adenosyl-L-methionine salvage I|g__Anaerostipes.s__Anaerostipes_hadrus	435.7059038241
PWY-6151: S-adenosyl-L-methionine salvage I|g__Lachnospiraceae_unclassified.s__Eubacterium_rectale	333.6014830316
PWY-6151: S-adenosyl-L-methionine salvage I|g__Blautia.s__Blautia_wexlerae	84.4488488908
PWY-6151: S-adenosyl-L-methionine salvage I|g__Faecalibacterium.s__Faecalibacterium_prausnitzii	78.3447362689
PWY-6151: S-adenosyl-L-methionine salvage I|g__Blautia.s__Blautia_obeum	74.1240057691
PWY-6151: S-adenosyl-L-methionine salvage I|g__Agathobaculum.s__Agathobaculum_butyriciproducens	17.4137181230
PWY-6151: S-adenosyl-L-methionine salvage I|g__Clostridium.s__Clostridium_sp_AM22_11AC	16.8949379265
PWY-6151: S-adenosyl-L-methionine salvage I|g__Streptococcus.s__Streptococcus_thermophilus	13.8693691856
PWY-6151: S-adenosyl-L-methionine salvage I|g__Ruminococcus.s__Ruminococcus_sp_AF31_8BH	10.8555607050
PWY-6151: S-adenosyl-L-methionine salvage I|g__Blautia.s__Blautia_producta	9.4493645689
PWY-6151: S-adenosyl-L-methionine salvage I|g__Streptococcus.s__Streptococcus_salivarius	0.8114194735
PWY-6317: D-galactose degradation I (Leloir pathway)	2153.0227935414
PWY-6317: D-galactose degradation I (Leloir pathway)|unclassified	913.9311305973
PWY-6317: D-galactose degradation I (Leloir pathway)|g__Anaerostipes.s__Anaerostipes_hadrus	382.8606385551
PWY-6317: D-galactose degradation I (Leloir pathway)|g__Blautia.s__Blautia_obeum	178.4781932025
PWY-6317: D-galactose degradation I (Leloir pathway)|g__Blautia.s__Blautia_wexlerae	140.4858288751
PWY-6317: D-galactose degradation I (Leloir pathway)|g__Faecalibacterium.s__Faecalibacterium_prausnitzii	50.3656833265
PWY-6317: D-galactose degradation I (Leloir pathway)|g__Ruminococcus.s__Ruminococcus_sp_AF31_8BH	33.6937858521
PWY-6317: D-galactose degradation I (Leloir pathway)|g__Streptococcus.s__Streptococcus_thermophilus	12.0780017946
PWY-6317: D-galactose degradation I (Leloir pathway)|g__Coprococcus.s__Coprococcus_catus	7.9579281841
PWY-6317: D-galactose degradation I (Leloir pathway)|g__Streptococcus.s__Streptococcus_pneumoniae	2.2876443880
NONOXIPENT-PWY: pentose phosphate pathway (non-oxidative branch) I	2151.0686058093
NONOXIPENT-PWY: pentose phosphate pathway (non-oxidative branch) I|unclassified	969.8850560602
NONOXIPENT-PWY: pentose phosphate pathway (non-oxidative branch) I|g__Lachnospiraceae_unclassified.s__Eubacterium_rectale	355.4935617308
NONOXIPENT-PWY: pentose phosphate pathway (non-oxidative branch) I|g__Anaerostipes.s__Anaerostipes_hadrus	319.2670076477
NONOXIPENT-PWY: pentose phosphate pathway (non-oxidative branch) I|g__Blautia.s__Blautia_obeum	225.9729838242
NONOXIPENT-PWY: pentose phosphate pathway (non-oxidative branch) I|g__Ruminococcus.s__Ruminococcus_sp_AF31_8BH	35.0173961043
NONOXIPENT-PWY: pentose phosphate pathway (non-oxidative branch) I|g__Blautia.s__Blautia_wexlerae	30.5713280751
NONOXIPENT-PWY: pentose phosphate pathway (non-oxidative branch) I|g__Clostridium.s__Clostridium_sp_AM22_11AC	13.7223017352
NONOXIPENT-PWY: pentose phosphate pathway (non-oxidative branch) I|g__Streptococcus.s__Streptococcus_thermophilus	10.9693757441
NONOXIPENT-PWY: pentose phosphate pathway (non-oxidative branch) I|g__Faecalibacterium.s__Faecalibacterium_prausnitzii	9.5734088068
PWY-7221: guanosine ribonucleotides de novo biosynthesis	2148.7694369718
PWY-7221: guanosine ribonucleotides de novo biosynthesis|unclassified	925.1322936914
PWY-7221: guanosine ribonucleotides de novo biosynthesis|g__Lachnospiraceae_unclassified.s__Eubacterium_rectale	255.1570491878
PWY-7221: guanosine ribonucleotides de novo biosynthesis|g__Anaerostipes.s__Anaerostipes_hadrus	243.0766698094
PWY-7221: guanosine ribonucleotides de novo biosynthesis|g__Blautia.s__Blautia_obeum	191.0931941563
PWY-7221: guanosine ribonucleotides de novo biosynthesis|g__Blautia.s__Blautia_wexlerae	170.6717357624
PWY-7221: guanosine ribonucleotides de novo biosynthesis|g__Faecalibacterium.s__Faecalibacterium_prausnitzii	102.7027282915
PWY-7221: guanosine ribonucleotides de novo biosynthesis|g__Ruminococcus.s__Ruminococcus_sp_AF31_8BH	26.5022213498
PWY-7221: guanosine ribonucleotides de novo biosynthesis|g__Clostridium.s__Clostridium_sp_AM22_11AC	14.8552497950
PWY-7221: guanosine ribonucleotides de novo biosynthesis|g__Parasutterella.s__Parasutterella_excrementihominis	13.6238659635
PWY-7221: guanosine ribonucleotides de novo biosynthesis|g__Eggerthella.s__Eggerthella_lenta	12.4908051096
PWY-7221: guanosine ribonucleotides de novo biosynthesis|g__Streptococcus.s__Streptococcus_thermophilus	12.3930387497
PWY-7221: guanosine ribonucleotides de novo biosynthesis|g__Agathobaculum.s__Agathobaculum_butyriciproducens	9.1506112783
PWY-7221: guanosine ribonucleotides de novo biosynthesis|g__Blautia.s__Blautia_producta	8.5388684097
PWY-7221: guanosine ribonucleotides de novo biosynthesis|g__Streptococcus.s__Streptococcus_salivarius	2.6039274266
PWY-7221: guanosine ribonucleotides de novo biosynthesis|g__Gordonibacter.s__Gordonibacter_urolithinfaciens	2.0072763769
PWY-7221: guanosine ribonucleotides de novo biosynthesis|g__Streptococcus.s__Streptococcus_equinus	1.1054134713
ARGSYN-PWY: L-arginine biosynthesis I (via L-ornithine)	2134.6968115512
ARGSYN-PWY: L-arginine biosynthesis I (via L-ornithine)|unclassified	1018.1240965449
ARGSYN-PWY: L-arginine biosynthesis I (via L-ornithine)|g__Anaerostipes.s__Anaerostipes_hadrus	246.0669947915
ARGSYN-PWY: L-arginine biosynthesis I (via L-ornithine)|g__Lachnospiraceae_unclassified.s__Eubacterium_rectale	222.9824002592
ARGSYN-PWY: L-arginine biosynthesis I (via L-ornithine)|g__Blautia.s__Blautia_wexlerae	149.9811899405
ARGSYN-PWY: L-arginine biosynthesis I (via L-ornithine)|g__Faecalibacterium.s__Faecalibacterium_prausnitzii	146.0418390991
ARGSYN-PWY: L-arginine biosynthesis I (via L-ornithine)|g__Blautia.s__Blautia_obeum	131.9644353796
ARGSYN-PWY: L-arginine biosynthesis I (via L-ornithine)|g__Clostridium.s__Clostridium_sp_AM22_11AC	18.9569005609
ARGSYN-PWY: L-arginine biosynthesis I (via L-ornithine)|g__Coprococcus.s__Coprococcus_catus	9.4523180278
ARGSYN-PWY: L-arginine biosynthesis I (via L-ornithine)|g__Streptococcus.s__Streptococcus_thermophilus	9.3665892281
PWY-6385: peptidoglycan biosynthesis III (mycobacteria)	2108.3294836936
PWY-6385: peptidoglycan biosynthesis III (mycobacteria)|unclassified	1066.5220752145
PWY-6385: peptidoglycan biosynthesis III (mycobacteria)|g__Anaerostipes.s__Anaerostipes_hadrus	300.8024098836
PWY-6385: peptidoglycan biosynthesis III (mycobacteria)|g__Lachnospiraceae_unclassified.s__Eubacterium_rectale	248.8267927608
PWY-6385: peptidoglycan biosynthesis III (mycobacteria)|g__Blautia.s__Blautia_obeum	178.6483728723
PWY-6385: peptidoglycan biosynthesis III (mycobacteria)|g__Blautia.s__Blautia_wexlerae	79.9172527018
PWY-6385: peptidoglycan biosynthesis III (mycobacteria)|g__Ruminococcus.s__Ruminococcus_sp_AF31_8BH	31.2906131148
PWY-5686: UMP biosynthesis I	2094.2593513035
PWY-5686: UMP biosynthesis I|unclassified	956.2993643121
PWY-5686: UMP biosynthesis I|g__Anaerostipes.s__Anaerostipes_hadrus	267.5597623056
PWY-5686: UMP biosynthesis I|g__Lachnospiraceae_unclassified.s__Eubacterium_rectale	245.1356865810
PWY-5686: UMP biosynthesis I|g__Blautia.s__Blautia_obeum	165.5591484950
PWY-5686: UMP biosynthesis I|g__Faecalibacterium.s__Faecalibacterium_prausnitzii	97.2086534813
PWY-5686: UMP biosynthesis I|g__Blautia.s__Blautia_wexlerae	84.8087110065
PWY-5686: UMP biosynthesis I|g__Ruminococcus.s__Ruminococcus_sp_AF31_8BH	27.9338525562
PWY-5686: UMP biosynthesis I|g__Clostridium.s__Clostridium_sp_AM22_11AC	16.2779451079
PWY-7790: UMP biosynthesis II	2094.2593513035
PWY-7790: UMP biosynthesis II|unclassified	956.2993643121
PWY-7790: UMP biosynthesis II|g__Anaerostipes.s__Anaerostipes_hadrus	267.5597623056
PWY-7790: UMP biosynthesis II|g__Lachnospiraceae_unclassified.s__Eubacterium_rectale	245.1356865810
PWY-7790: UMP biosynthesis II|g__Blautia.s__Blautia_obeum	165.5591484950
PWY-7790: UMP biosynthesis II|g__Faecalibacterium.s__Faecalibacterium_prausnitzii	97.2086534813
PWY-7790: UMP biosynthesis II|g__Blautia.s__Blautia_wexlerae	84.8087110065
PWY-7790: UMP biosynthesis II|g__Ruminococcus.s__Ruminococcus_sp_AF31_8BH	27.9338525562
PWY-7790: UMP biosynthesis II|g__Clostridium.s__Clostridium_sp_AM22_11AC	16.2779451079
PWY-7791: UMP biosynthesis III	2094.2593513035
PWY-7791: UMP biosynthesis III|unclassified	956.2993643121
PWY-7791: UMP biosynthesis III|g__Anaerostipes.s__Anaerostipes_hadrus	267.5597623056
PWY-7791: UMP biosynthesis III|g__Lachnospiraceae_unclassified.s__Eubacterium_rectale	245.1356865810
PWY-7791: UMP biosynthesis III|g__Blautia.s__Blautia_obeum	165.5591484950
PWY-7791: UMP biosynthesis III|g__Faecalibacterium.s__Faecalibacterium_prausnitzii	97.2086534813
PWY-7791: UMP biosynthesis III|g__Blautia.s__Blautia_wexlerae	84.8087110065
PWY-7791: UMP biosynthesis III|g__Ruminococcus.s__Ruminococcus_sp_AF31_8BH	27.9338525562
PWY-7791: UMP biosynthesis III|g__Clostridium.s__Clostridium_sp_AM22_11AC	16.2779451079
PWY-6122: 5-aminoimidazole ribonucleotide biosynthesis II	2090.4293555629
PWY-6122: 5-aminoimidazole ribonucleotide biosynthesis II|unclassified	1118.5336500112
PWY-6122: 5-aminoimidazole ribonucleotide biosynthesis II|g__Anaerostipes.s__Anaerostipes_hadrus	246.4120524444
PWY-6122: 5-aminoimidazole ribonucleotide biosynthesis II|g__Lachnospiraceae_unclassified.s__Eubacterium_rectale	226.5446240625
PWY-6122: 5-aminoimidazole ribonucleotide biosynthesis II|g__Blautia.s__Blautia_obeum	205.1822108209
PWY-6122: 5-aminoimidazole ribonucleotide biosynthesis II|g__Faecalibacterium.s__Faecalibacterium_prausnitzii	120.6876530928
PWY-6122: 5-aminoimidazole ribonucleotide biosynthesis II|g__Blautia.s__Blautia_wexlerae	65.6996994947
PWY-6122: 5-aminoimidazole ribonucleotide biosynthesis II|g__Ruminococcus.s__Ruminococcus_sp_AF31_8BH	43.7927653573
PWY-6122: 5-aminoimidazole ribonucleotide biosynthesis II|g__Agathobaculum.s__Agathobaculum_butyriciproducens	13.8411663311
PWY-6122: 5-aminoimidazole ribonucleotide biosynthesis II|g__Streptococcus.s__Streptococcus_thermophilus	11.3098895397
PWY-6122: 5-aminoimidazole ribonucleotide biosynthesis II|g__Eubacterium.s__Eubacterium_ramulus	9.9844519809
PWY-6122: 5-aminoimidazole ribonucleotide biosynthesis II|g__Coprococcus.s__Coprococcus_catus	8.1733940696
PWY-6122: 5-aminoimidazole ribonucleotide biosynthesis II|g__Asaccharobacter.s__Asaccharobacter_celatus	7.3966159460
PWY-6122: 5-aminoimidazole ribonucleotide biosynthesis II|g__Bacteroides.s__Bacteroides_dorei	5.4062080532
PWY-6122: 5-aminoimidazole ribonucleotide biosynthesis II|g__Streptococcus.s__Streptococcus_parasanguinis	3.6338467290
PWY-6277: superpathway of 5-aminoimidazole ribonucleotide biosynthesis	2090.4293555629
PWY-6277: superpathway of 5-aminoimidazole ribonucleotide biosynthesis|unclassified	1118.5336500112
PWY-6277: superpathway of 5-aminoimidazole ribonucleotide biosynthesis|g__Anaerostipes.s__Anaerostipes_hadrus	246.4120524444
PWY-6277: superpathway of 5-aminoimidazole ribonucleotide biosynthesis|g__Lachnospiraceae_unclassified.s__Eubacterium_rectale	226.5446240625
PWY-6277: superpathway of 5-aminoimidazole ribonucleotide biosynthesis|g__Blautia.s__Blautia_obeum	205.1822108209
PWY-6277: superpathway of 5-aminoimidazole ribonucleotide biosynthesis|g__Faecalibacterium.s__Faecalibacterium_prausnitzii	120.6876530928
PWY-6277: superpathway of 5-aminoimidazole ribonucleotide biosynthesis|g__Blautia.s__Blautia_wexlerae	65.6996994947
PWY-6277: superpathway of 5-aminoimidazole ribonucleotide biosynthesis|g__Ruminococcus.s__Ruminococcus_sp_AF31_8BH	43.7927653573
PWY-6277: superpathway of 5-aminoimidazole ribonucleotide biosynthesis|g__Agathobaculum.s__Agathobaculum_butyriciproducens	13.8411663311
PWY-6277: superpathway of 5-aminoimidazole ribonucleotide biosynthesis|g__Streptococcus.s__Streptococcus_thermophilus	11.3098895397
PWY-6277: superpathway of 5-aminoimidazole ribonucleotide biosynthesis|g__Eubacterium.s__Eubacterium_ramulus	9.9844519809
PWY-6277: superpathway of 5-aminoimidazole ribonucleotide biosynthesis|g__Coprococcus.s__Coprococcus_catus	8.1733940696
PWY-6277: superpathway of 5-aminoimidazole ribonucleotide biosynthesis|g__Asaccharobacter.s__Asaccharobacter_celatus	7.3966159460
PWY-6277: superpathway of 5-aminoimidazole ribonucleotide biosynthesis|g__Bacteroides.s__Bacteroides_dorei	5.4062080532
PWY-6277: superpathway of 5-aminoimidazole ribonucleotide biosynthesis|g__Streptococcus.s__Streptococcus_parasanguinis	3.6338467290
PWY-6121: 5-aminoimidazole ribonucleotide biosynthesis I	2059.7735813046
PWY-6121: 5-aminoimidazole ribonucleotide biosynthesis I|unclassified	1118.0231417450
PWY-6121: 5-aminoimidazole ribonucleotide biosynthesis I|g__Lachnospiraceae_unclassified.s__Eubacterium_rectale	238.7375068514
PWY-6121: 5-aminoimidazole ribonucleotide biosynthesis I|g__Anaerostipes.s__Anaerostipes_hadrus	218.9807735204
PWY-6121: 5-aminoimidazole ribonucleotide biosynthesis I|g__Blautia.s__Blautia_obeum	204.8925728431
PWY-6121: 5-aminoimidazole ribonucleotide biosynthesis I|g__Faecalibacterium.s__Faecalibacterium_prausnitzii	109.0912089360
PWY-6121: 5-aminoimidazole ribonucleotide biosynthesis I|g__Blautia.s__Blautia_wexlerae	62.4571373051
PWY-6121: 5-aminoimidazole ribonucleotide biosynthesis I|g__Ruminococcus.s__Ruminococcus_sp_AF31_8BH	26.4712820848
PWY-6121: 5-aminoimidazole ribonucleotide biosynthesis I|g__Agathobaculum.s__Agathobaculum_butyriciproducens	14.5197846265
PWY-6121: 5-aminoimidazole ribonucleotide biosynthesis I|g__Streptococcus.s__Streptococcus_thermophilus	10.8296776508
PWY-6121: 5-aminoimidazole ribonucleotide biosynthesis I|g__Eubacterium.s__Eubacterium_ramulus	9.4845974535
PWY-6121: 5-aminoimidazole ribonucleotide biosynthesis I|g__Bacteroides.s__Bacteroides_dorei	5.2348355418
PWY-6121: 5-aminoimidazole ribonucleotide biosynthesis I|g__Streptococcus.s__Streptococcus_parasanguinis	3.3183743411
GLUTORN-PWY: L-ornithine biosynthesis I	2059.5953340484
GLUTORN-PWY: L-ornithine biosynthesis I|unclassified	1047.4923289196
GLUTORN-PWY: L-ornithine biosynthesis I|g__Lachnospiraceae_unclassified.s__Eubacterium_rectale	229.1957428455
GLUTORN-PWY: L-ornithine biosynthesis I|g__Anaerostipes.s__Anaerostipes_hadrus	214.2934357468
GLUTORN-PWY: L-ornithine biosynthesis I|g__Blautia.s__Blautia_obeum	164.6177508886
GLUTORN-PWY: L-ornithine biosynthesis I|g__Blautia.s__Blautia_wexlerae	96.0100429288
GLUTORN-PWY: L-ornithine biosynthesis I|g__Faecalibacterium.s__Faecalibacterium_prausnitzii	87.3261918418
GLUTORN-PWY: L-ornithine biosynthesis I|g__Ruminococcus.s__Ruminococcus_sp_AF31_8BH	34.2862470170
GLUTORN-PWY: L-ornithine biosynthesis I|g__Clostridium.s__Clostridium_sp_AM22_11AC	15.5536273674
GLUTORN-PWY: L-ornithine biosynthesis I|g__Streptococcus.s__Streptococcus_thermophilus	10.4373361238
GLUTORN-PWY: L-ornithine biosynthesis I|g__Coprococcus.s__Coprococcus_catus	8.6625615059
PWY-7953: UDP-N-acetylmuramoyl-pentapeptide biosynthesis III (meso-diaminopimelate containing)	2050.7830935198
PWY-7953: UDP-N-acetylmuramoyl-pentapeptide biosynthesis III (meso-diaminopimelate containing)|unclassified	1025.3147117926
PWY-7953: UDP-N-acetylmuramoyl-pentapeptide biosynthesis III (meso-diaminopimelate containing)|g__Anaerostipes.s__Anaerostipes_hadrus	285.0380177277
PWY-7953: UDP-N-acetylmuramoyl-pentapeptide biosynthesis III (meso-diaminopimelate containing)|g__Lachnospiraceae_unclassified.s__Eubacterium_rectale	222.9032600530
PWY-7953: UDP-N-acetylmuramoyl-pentapeptide biosynthesis III (meso-diaminopimelate containing)|g__Blautia.s__Blautia_obeum	179.8678754763
PWY-7953: UDP-N-acetylmuramoyl-pentapeptide biosynthesis III (meso-diaminopimelate containing)|g__Blautia.s__Blautia_wexlerae	77.4948900044
PWY-7953: UDP-N-acetylmuramoyl-pentapeptide biosynthesis III (meso-diaminopimelate containing)|g__Ruminococcus.s__Ruminococcus_sp_AF31_8BH	29.4776948192
BRANCHED-CHAIN-AA-SYN-PWY: superpathway of branched chain amino acid biosynthesis	2039.5496829396
BRANCHED-CHAIN-AA-SYN-PWY: superpathway of branched chain amino acid biosynthesis|unclassified	690.1202788262
BRANCHED-CHAIN-AA-SYN-PWY: superpathway of branched chain amino acid biosynthesis|g__Blautia.s__Blautia_obeum	280.1014998171
BRANCHED-CHAIN-AA-SYN-PWY: superpathway of branched chain amino acid biosynthesis|g__Anaerostipes.s__Anaerostipes_hadrus	275.2834758602
BRANCHED-CHAIN-AA-SYN-PWY: superpathway of branched chain amino acid biosynthesis|g__Lachnospiraceae_unclassified.s__Eubacterium_rectale	272.2722922921
BRANCHED-CHAIN-AA-SYN-PWY: superpathway of branched chain amino acid biosynthesis|g__Blautia.s__Blautia_wexlerae	74.1160220118
BRANCHED-CHAIN-AA-SYN-PWY: superpathway of branched chain amino acid biosynthesis|g__Ruminococcus.s__Ruminococcus_sp_AF31_8BH	56.5112267432
BRANCHED-CHAIN-AA-SYN-PWY: superpathway of branched chain amino acid biosynthesis|g__Streptococcus.s__Streptococcus_thermophilus	12.3800994694
NONMEVIPP-PWY: methylerythritol phosphate pathway I	2036.2146741103
NONMEVIPP-PWY: methylerythritol phosphate pathway I|unclassified	1007.7077705249
NONMEVIPP-PWY: methylerythritol phosphate pathway I|g__Anaerostipes.s__Anaerostipes_hadrus	292.4971434855
NONMEVIPP-PWY: methylerythritol phosphate pathway I|g__Blautia.s__Blautia_obeum	192.4173634040
NONMEVIPP-PWY: methylerythritol phosphate pathway I|g__Ruminococcus.s__Ruminococcus_sp_AF31_8BH	28.4648524240
NONMEVIPP-PWY: methylerythritol phosphate pathway I|g__Blautia.s__Blautia_wexlerae	27.1780492849
PWY-5097: L-lysine biosynthesis VI	2035.0203569720
PWY-5097: L-lysine biosynthesis VI|unclassified	910.4271392403
PWY-5097: L-lysine biosynthesis VI|g__Anaerostipes.s__Anaerostipes_hadrus	263.6437714719
PWY-5097: L-lysine biosynthesis VI|g__Blautia.s__Blautia_obeum	227.9855890211
PWY-5097: L-lysine biosynthesis VI|g__Lachnospiraceae_unclassified.s__Eubacterium_rectale	142.8662064927
PWY-5097: L-lysine biosynthesis VI|g__Blautia.s__Blautia_wexlerae	89.4867798328
PWY-5097: L-lysine biosynthesis VI|g__Agathobaculum.s__Agathobaculum_butyriciproducens	10.5882292578
TRNA-CHARGING-PWY: tRNA charging	2026.5709289971
TRNA-CHARGING-PWY: tRNA charging|unclassified	858.8679164381
TRNA-CHARGING-PWY: tRNA charging|g__Anaerostipes.s__Anaerostipes_hadrus	264.5835459798
TRNA-CHARGING-PWY: tRNA charging|g__Lachnospiraceae_unclassified.s__Eubacterium_rectale	260.1169321479
TRNA-CHARGING-PWY: tRNA charging|g__Faecalibacterium.s__Faecalibacterium_prausnitzii	122.9704917283
TRNA-CHARGING-PWY: tRNA charging|g__Streptococcus.s__Streptococcus_thermophilus	11.0182483553
PWY-5103: L-isoleucine biosynthesis III	1994.5663387150
PWY-5103: L-isoleucine biosynthesis III|unclassified	607.5379478372
PWY-5103: L-isoleucine biosynthesis III|g__Blautia.s__Blautia_obeum	301.8557636904
PWY-5103: L-isoleucine biosynthesis III|g__Anaerostipes.s__Anaerostipes_hadrus	273.1319702969
PWY-5103: L-isoleucine biosynthesis III|g__Lachnospiraceae_unclassified.s__Eubacterium_rectale	255.4921990158
PWY-5103: L-isoleucine biosynthesis III|g__Blautia.s__Blautia_wexlerae	67.5195672808
PWY-5103: L-isoleucine biosynthesis III|g__Ruminococcus.s__Ruminococcus_sp_AF31_8BH	55.1979933339
PWY-5103: L-isoleucine biosynthesis III|g__Streptococcus.s__Streptococcus_thermophilus	11.8301362108
COA-PWY-1: superpathway of coenzyme A biosynthesis III (mammals)	1988.5176408368
COA-PWY-1: superpathway of coenzyme A biosynthesis III (mammals)|unclassified	924.7825917600
COA-PWY-1: superpathway of coenzyme A biosynthesis III (mammals)|g__Anaerostipes.s__Anaerostipes_hadrus	268.2341463276
COA-PWY-1: superpathway of coenzyme A biosynthesis III (mammals)|g__Lachnospiraceae_unclassified.s__Eubacterium_rectale	250.1670820552
COA-PWY-1: superpathway of coenzyme A biosynthesis III (mammals)|g__Blautia.s__Blautia_obeum	148.0405385317
COA-PWY-1: superpathway of coenzyme A biosynthesis III (mammals)|g__Faecalibacterium.s__Faecalibacterium_prausnitzii	61.3967293595
COA-PWY-1: superpathway of coenzyme A biosynthesis III (mammals)|g__Blautia.s__Blautia_wexlerae	48.6920054972
COA-PWY-1: superpathway of coenzyme A biosynthesis III (mammals)|g__Agathobaculum.s__Agathobaculum_butyriciproducens	12.2336321581
COA-PWY-1: superpathway of coenzyme A biosynthesis III (mammals)|g__Eggerthella.s__Eggerthella_lenta	7.4730958691
PWY-7237: myo-, chiro- and scyllo-inositol degradation	1947.2668224683
PWY-7237: myo-, chiro- and scyllo-inositol degradation|unclassified	692.7112234118
PWY-7237: myo-, chiro- and scyllo-inositol degradation|g__Anaerostipes.s__Anaerostipes_hadrus	554.7311170076
PWY-7237: myo-, chiro- and scyllo-inositol degradation|g__Lachnospiraceae_unclassified.s__Eubacterium_rectale	264.5527121899
PWY-7237: myo-, chiro- and scyllo-inositol degradation|g__Faecalibacterium.s__Faecalibacterium_prausnitzii	167.7730854033
PWY-7237: myo-, chiro- and scyllo-inositol degradation|g__Blautia.s__Blautia_wexlerae	152.1055075576
PWY-7237: myo-, chiro- and scyllo-inositol degradation|g__Blautia.s__Blautia_obeum	87.4880103627
PWY-7237: myo-, chiro- and scyllo-inositol degradation|g__Agathobaculum.s__Agathobaculum_butyriciproducens	79.4241983540
PWY-7237: myo-, chiro- and scyllo-inositol degradation|g__Ruminococcus.s__Ruminococcus_sp_AF31_8BH	45.9418470829
PWY-7237: myo-, chiro- and scyllo-inositol degradation|g__Blautia.s__Blautia_producta	5.7452416773
PWY-5667: CDP-diacylglycerol biosynthesis I	1914.0247276173
PWY-5667: CDP-diacylglycerol biosynthesis I|unclassified	980.6379055057
PWY-5667: CDP-diacylglycerol biosynthesis I|g__Anaerostipes.s__Anaerostipes_hadrus	289.8417440818
PWY-5667: CDP-diacylglycerol biosynthesis I|g__Lachnospiraceae_unclassified.s__Eubacterium_rectale	234.4422179211
PWY-5667: CDP-diacylglycerol biosynthesis I|g__Blautia.s__Blautia_obeum	143.4550852053
PWY-5667: CDP-diacylglycerol biosynthesis I|g__Blautia.s__Blautia_wexlerae	32.1646714965
PWY-5667: CDP-diacylglycerol biosynthesis I|g__Ruminococcus.s__Ruminococcus_sp_AF31_8BH	26.3638876841
PWY-5667: CDP-diacylglycerol biosynthesis I|g__Streptococcus.s__Streptococcus_thermophilus	7.8855149742
PWY-5667: CDP-diacylglycerol biosynthesis I|g__Streptococcus.s__Streptococcus_pneumoniae	2.0339789954
PWY-5667: CDP-diacylglycerol biosynthesis I|g__Streptococcus.s__Streptococcus_salivarius	1.8699914760
PWY0-1319: CDP-diacylglycerol biosynthesis II	1914.0247276173
PWY0-1319: CDP-diacylglycerol biosynthesis II|unclassified	980.6379055057
PWY0-1319: CDP-diacylglycerol biosynthesis II|g__Anaerostipes.s__Anaerostipes_hadrus	289.8417440818
PWY0-1319: CDP-diacylglycerol biosynthesis II|g__Lachnospiraceae_unclassified.s__Eubacterium_rectale	234.4422179211
PWY0-1319: CDP-diacylglycerol biosynthesis II|g__Blautia.s__Blautia_obeum	143.4550852053
PWY0-1319: CDP-diacylglycerol biosynthesis II|g__Blautia.s__Blautia_wexlerae	32.1646714965
PWY0-1319: CDP-diacylglycerol biosynthesis II|g__Ruminococcus.s__Ruminococcus_sp_AF31_8BH	26.3638876841
PWY0-1319: CDP-diacylglycerol biosynthesis II|g__Streptococcus.s__Streptococcus_thermophilus	7.8855149742
PWY0-1319: CDP-diacylglycerol biosynthesis II|g__Streptococcus.s__Streptococcus_pneumoniae	2.0339789954
PWY0-1319: CDP-diacylglycerol biosynthesis II|g__Streptococcus.s__Streptococcus_salivarius	1.8699914760
COA-PWY: coenzyme A biosynthesis I (prokaryotic)	1906.9318191046
COA-PWY: coenzyme A biosynthesis I (prokaryotic)|unclassified	1003.7406433007
COA-PWY: coenzyme A biosynthesis I (prokaryotic)|g__Anaerostipes.s__Anaerostipes_hadrus	260.8654847847
COA-PWY: coenzyme A biosynthesis I (prokaryotic)|g__Lachnospiraceae_unclassified.s__Eubacterium_rectale	244.9409743383
COA-PWY: coenzyme A biosynthesis I (prokaryotic)|g__Blautia.s__Blautia_obeum	175.0410889421
COA-PWY: coenzyme A biosynthesis I (prokaryotic)|g__Faecalibacterium.s__Faecalibacterium_prausnitzii	50.4866323816
COA-PWY: coenzyme A biosynthesis I (prokaryotic)|g__Blautia.s__Blautia_wexlerae	49.1348823343
COA-PWY: coenzyme A biosynthesis I (prokaryotic)|g__Streptococcus.s__Streptococcus_thermophilus	14.9311899552
COA-PWY: coenzyme A biosynthesis I (prokaryotic)|g__Agathobaculum.s__Agathobaculum_butyriciproducens	11.3253726310
COA-PWY: coenzyme A biosynthesis I (prokaryotic)|g__Eggerthella.s__Eggerthella_lenta	7.4629495268
COA-PWY: coenzyme A biosynthesis I (prokaryotic)|g__Erysipelatoclostridium.s__Erysipelatoclostridium_ramosum	5.8576939412
PWY-7111: pyruvate fermentation to isobutanol (engineered)	1861.6040407739
PWY-7111: pyruvate fermentation to isobutanol (engineered)|unclassified	422.9146867703
PWY-7111: pyruvate fermentation to isobutanol (engineered)|g__Anaerostipes.s__Anaerostipes_hadrus	330.0627440787
PWY-7111: pyruvate fermentation to isobutanol (engineered)|g__Blautia.s__Blautia_obeum	63.6990481592
PWY-7111: pyruvate fermentation to isobutanol (engineered)|g__Ruminococcus.s__Ruminococcus_sp_AF31_8BH	36.5631682750
PWY-7111: pyruvate fermentation to isobutanol (engineered)|g__Blautia.s__Blautia_wexlerae	34.9003436878
PWY-7111: pyruvate fermentation to isobutanol (engineered)|g__Lachnospiraceae_unclassified.s__Eubacterium_rectale	28.2591025106
PWY-7111: pyruvate fermentation to isobutanol (engineered)|g__Streptococcus.s__Streptococcus_thermophilus	16.4941617425
PWY-7111: pyruvate fermentation to isobutanol (engineered)|g__Roseburia.s__Roseburia_hominis	1.3404043684
PWY-7111: pyruvate fermentation to isobutanol (engineered)|g__Streptococcus.s__Streptococcus_salivarius	0.9871838964
PWY-6527: stachyose degradation	1854.7845246387
PWY-6527: stachyose degradation|unclassified	818.5454380538
PWY-6527: stachyose degradation|g__Blautia.s__Blautia_obeum	163.7571907017
PWY-6527: stachyose degradation|g__Blautia.s__Blautia_wexlerae	151.0507519885
PWY-7851: coenzyme A biosynthesis II (eukaryotic)	1836.9253285403
PWY-7851: coenzyme A biosynthesis II (eukaryotic)|unclassified	867.8795320401
PWY-7851: coenzyme A biosynthesis II (eukaryotic)|g__Lachnospiraceae_unclassified.s__Eubacterium_rectale	244.9409743383
PWY-7851: coenzyme A biosynthesis II (eukaryotic)|g__Anaerostipes.s__Anaerostipes_hadrus	231.7472085351
PWY-7851: coenzyme A biosynthesis II (eukaryotic)|g__Blautia.s__Blautia_obeum	158.5623939350
PWY-7851: coenzyme A biosynthesis II (eukaryotic)|g__Faecalibacterium.s__Faecalibacterium_prausnitzii	50.4866323816
PWY-7851: coenzyme A biosynthesis II (eukaryotic)|g__Blautia.s__Blautia_wexlerae	49.1348823343
PWY-7851: coenzyme A biosynthesis II (eukaryotic)|g__Agathobaculum.s__Agathobaculum_butyriciproducens	10.9029638890
PWY-7851: coenzyme A biosynthesis II (eukaryotic)|g__Eggerthella.s__Eggerthella_lenta	7.1004498237
PWY-6823: molybdopterin biosynthesis	1823.9123028027
PWY-6823: molybdopterin biosynthesis|unclassified	916.9255407347
PWY-6823: molybdopterin biosynthesis|g__Blautia.s__Blautia_obeum	237.4248197643
PWY-6823: molybdopterin biosynthesis|g__Lachnospiraceae_unclassified.s__Eubacterium_rectale	232.1351080499
PWY-6823: molybdopterin biosynthesis|g__Anaerostipes.s__Anaerostipes_hadrus	199.3835826860
PWY-6823: molybdopterin biosynthesis|g__Clostridium.s__Clostridium_sp_AM22_11AC	17.2511132691
PWY-6823: molybdopterin biosynthesis|g__Coprococcus.s__Coprococcus_catus	9.6971071163
P41-PWY: pyruvate fermentation to acetate and (S)-lactate I	1817.7371168861
P41-PWY: pyruvate fermentation to acetate and (S)-lactate I|unclassified	610.5500696487
P41-PWY: pyruvate fermentation to acetate and (S)-lactate I|g__Blautia.s__Blautia_obeum	291.0988864197
P41-PWY: pyruvate fermentation to acetate and (S)-lactate I|g__Anaerostipes.s__Anaerostipes_hadrus	286.8190185993
P41-PWY: pyruvate fermentation to acetate and (S)-lactate I|g__Lachnospiraceae_unclassified.s__Eubacterium_rectale	210.2951438083
P41-PWY: pyruvate fermentation to acetate and (S)-lactate I|g__Ruminococcus.s__Ruminococcus_sp_AF31_8BH	60.6991416436
P41-PWY: pyruvate fermentation to acetate and (S)-lactate I|g__Blautia.s__Blautia_wexlerae	52.0959402472
P41-PWY: pyruvate fermentation to acetate and (S)-lactate I|g__Agathobaculum.s__Agathobaculum_butyriciproducens	18.1053516265
P41-PWY: pyruvate fermentation to acetate and (S)-lactate I|g__Clostridium.s__Clostridium_sp_AM22_11AC	9.8098734902
P41-PWY: pyruvate fermentation to acetate and (S)-lactate I|g__Streptococcus.s__Streptococcus_pneumoniae	1.9721345096
PWY-5100: pyruvate fermentation to acetate and lactate II	1817.7371168861
PWY-5100: pyruvate fermentation to acetate and lactate II|unclassified	610.5500696487
PWY-5100: pyruvate fermentation to acetate and lactate II|g__Anaerostipes.s__Anaerostipes_hadrus	374.3076614206
PWY-5100: pyruvate fermentation to acetate and lactate II|g__Blautia.s__Blautia_obeum	291.0988864197
PWY-5100: pyruvate fermentation to acetate and lactate II|g__Lachnospiraceae_unclassified.s__Eubacterium_rectale	210.2951438083
PWY-5100: pyruvate fermentation to acetate and lactate II|g__Ruminococcus.s__Ruminococcus_sp_AF31_8BH	60.6991416436
PWY-5100: pyruvate fermentation to acetate and lactate II|g__Blautia.s__Blautia_wexlerae	52.0959402472
PWY-5100: pyruvate fermentation to acetate and lactate II|g__Eubacterium.s__Eubacterium_ramulus	23.1438084996
PWY-5100: pyruvate fermentation to acetate and lactate II|g__Agathobaculum.s__Agathobaculum_butyriciproducens	18.1053516265
PWY-5100: pyruvate fermentation to acetate and lactate II|g__Clostridium.s__Clostridium_sp_AM22_11AC	9.8098734902
PWY-5100: pyruvate fermentation to acetate and lactate II|g__Coprococcus.s__Coprococcus_catus	9.6558597432
PWY-5100: pyruvate fermentation to acetate and lactate II|g__Streptococcus.s__Streptococcus_pneumoniae	1.9721345096
PWY-7357: thiamine phosphate formation from pyrithiamine and oxythiamine (yeast)	1794.5602225240
PWY-7357: thiamine phosphate formation from pyrithiamine and oxythiamine (yeast)|unclassified	881.9292345260
PWY-7357: thiamine phosphate formation from pyrithiamine and oxythiamine (yeast)|g__Anaerostipes.s__Anaerostipes_hadrus	314.4251505851
PWY-7357: thiamine phosphate formation from pyrithiamine and oxythiamine (yeast)|g__Lachnospiraceae_unclassified.s__Eubacterium_rectale	249.5225483927
PWY-7357: thiamine phosphate formation from pyrithiamine and oxythiamine (yeast)|g__Blautia.s__Blautia_obeum	143.7357960269
PWY-7357: thiamine phosphate formation from pyrithiamine and oxythiamine (yeast)|g__Blautia.s__Blautia_wexlerae	22.8423446311
PWY-7357: thiamine phosphate formation from pyrithiamine and oxythiamine (yeast)|g__Agathobaculum.s__Agathobaculum_butyriciproducens	16.1462230005
PWY-7357: thiamine phosphate formation from pyrithiamine and oxythiamine (yeast)|g__Asaccharobacter.s__Asaccharobacter_celatus	12.4414802097
PWY-7357: thiamine phosphate formation from pyrithiamine and oxythiamine (yeast)|g__Coprococcus.s__Coprococcus_catus	11.1236245301
PWY-7560: methylerythritol phosphate pathway II	1741.8447372234
PWY-7560: methylerythritol phosphate pathway II|unclassified	828.3187543149
PWY-7560: methylerythritol phosphate pathway II|g__Anaerostipes.s__Anaerostipes_hadrus	289.1857516321
PWY-7560: methylerythritol phosphate pathway II|g__Blautia.s__Blautia_obeum	43.3803694137
PWY-7560: methylerythritol phosphate pathway II|g__Ruminococcus.s__Ruminococcus_sp_AF31_8BH	20.5890563364
PWY-6270: isoprene biosynthesis I	1741.0336190884
PWY-6270: isoprene biosynthesis I|unclassified	840.9290247296
PWY-6270: isoprene biosynthesis I|g__Anaerostipes.s__Anaerostipes_hadrus	277.3494698445
PWY-6270: isoprene biosynthesis I|g__Blautia.s__Blautia_obeum	47.4787652773
PWY-6270: isoprene biosynthesis I|g__Ruminococcus.s__Ruminococcus_sp_AF31_8BH	21.8808451240
PANTOSYN-PWY: superpathway of coenzyme A biosynthesis I (bacteria)	1629.7302759860
PANTOSYN-PWY: superpathway of coenzyme A biosynthesis I (bacteria)|unclassified	538.8060620133
PANTOSYN-PWY: superpathway of coenzyme A biosynthesis I (bacteria)|g__Anaerostipes.s__Anaerostipes_hadrus	309.5869484057
PANTOSYN-PWY: superpathway of coenzyme A biosynthesis I (bacteria)|g__Lachnospiraceae_unclassified.s__Eubacterium_rectale	245.1443364557
PANTOSYN-PWY: superpathway of coenzyme A biosynthesis I (bacteria)|g__Blautia.s__Blautia_obeum	146.2932747633
PANTOSYN-PWY: superpathway of coenzyme A biosynthesis I (bacteria)|g__Blautia.s__Blautia_wexlerae	51.4190506169
PANTOSYN-PWY: superpathway of coenzyme A biosynthesis I (bacteria)|g__Agathobaculum.s__Agathobaculum_butyriciproducens	14.7761329437
PANTOSYN-PWY: superpathway of coenzyme A biosynthesis I (bacteria)|g__Eggerthella.s__Eggerthella_lenta	9.9373960735
RIBOSYN2-PWY: flavin biosynthesis I (bacteria and plants)	1621.2221367594
RIBOSYN2-PWY: flavin biosynthesis I (bacteria and plants)|unclassified	374.5990049405
RIBOSYN2-PWY: flavin biosynthesis I (bacteria and plants)|g__Lachnospiraceae_unclassified.s__Eubacterium_rectale	262.3787367851
RIBOSYN2-PWY: flavin biosynthesis I (bacteria and plants)|g__Anaerostipes.s__Anaerostipes_hadrus	212.9769950886
RIBOSYN2-PWY: flavin biosynthesis I (bacteria and plants)|g__Blautia.s__Blautia_obeum	156.4580099253
RIBOSYN2-PWY: flavin biosynthesis I (bacteria and plants)|g__Faecalibacterium.s__Faecalibacterium_prausnitzii	121.9188598891
RIBOSYN2-PWY: flavin biosynthesis I (bacteria and plants)|g__Blautia.s__Blautia_wexlerae	59.1801763438
PWY-6700: queuosine biosynthesis I (de novo)	1619.9910627553
PWY-6700: queuosine biosynthesis I (de novo)|unclassified	788.4537673957
PWY-6700: queuosine biosynthesis I (de novo)|g__Anaerostipes.s__Anaerostipes_hadrus	288.0414262724
PWY-6700: queuosine biosynthesis I (de novo)|g__Lachnospiraceae_unclassified.s__Eubacterium_rectale	216.4640405674
PWY-6700: queuosine biosynthesis I (de novo)|g__Blautia.s__Blautia_obeum	172.5220103515
PWY-6700: queuosine biosynthesis I (de novo)|g__Blautia.s__Blautia_wexlerae	51.6529609827
PWY-6700: queuosine biosynthesis I (de novo)|g__Streptococcus.s__Streptococcus_thermophilus	8.2499623629
PWY-3841: folate transformations II (plants)	1590.5088138890
PWY-3841: folate transformations II (plants)|unclassified	566.4366742359
PWY-3841: folate transformations II (plants)|g__Anaerostipes.s__Anaerostipes_hadrus	257.4693720094
PWY-3841: folate transformations II (plants)|g__Lachnospiraceae_unclassified.s__Eubacterium_rectale	251.6414170278
PWY-3841: folate transformations II (plants)|g__Blautia.s__Blautia_obeum	58.2776943113
PWY-3841: folate transformations II (plants)|g__Blautia.s__Blautia_wexlerae	39.7096015600
PWY-3841: folate transformations II (plants)|g__Parasutterella.s__Parasutterella_excrementihominis	12.2306898590
PWY-3841: folate transformations II (plants)|g__Streptococcus.s__Streptococcus_thermophilus	11.9091838794
PWY-3841: folate transformations II (plants)|g__Streptococcus.s__Streptococcus_pneumoniae	2.4686368737
PWY-2942: L-lysine biosynthesis III	1587.7480631420
PWY-2942: L-lysine biosynthesis III|unclassified	714.5413211660
PWY-2942: L-lysine biosynthesis III|g__Blautia.s__Blautia_obeum	279.8352979499
PWY-2942: L-lysine biosynthesis III|g__Anaerostipes.s__Anaerostipes_hadrus	255.7578942627
PWY-2942: L-lysine biosynthesis III|g__Blautia.s__Blautia_wexlerae	70.1158106363
PWY-724: superpathway of L-lysine, L-threonine and L-methionine biosynthesis II	1541.0794986076
PWY-724: superpathway of L-lysine, L-threonine and L-methionine biosynthesis II|unclassified	805.2798599965
PWY-724: superpathway of L-lysine, L-threonine and L-methionine biosynthesis II|g__Anaerostipes.s__Anaerostipes_hadrus	254.7153394248
PWY-724: superpathway of L-lysine, L-threonine and L-methionine biosynthesis II|g__Blautia.s__Blautia_obeum	119.1059932865
PWY-724: superpathway of L-lysine, L-threonine and L-methionine biosynthesis II|g__Agathobaculum.s__Agathobaculum_butyriciproducens	11.2862506253
1CMET2-PWY: folate transformations III (E. coli)	1516.2434202922
1CMET2-PWY: folate transformations III (E. coli)|unclassified	553.6650663221
1CMET2-PWY: folate transformations III (E. coli)|g__Anaerostipes.s__Anaerostipes_hadrus	257.5385011565
1CMET2-PWY: folate transformations III (E. coli)|g__Blautia.s__Blautia_obeum	58.6140689007
1CMET2-PWY: folate transformations III (E. coli)|g__Blautia.s__Blautia_wexlerae	32.6400426693
PANTO-PWY: phosphopantothenate biosynthesis I	1510.9032764676
PANTO-PWY: phosphopantothenate biosynthesis I|unclassified	431.9410471911
PANTO-PWY: phosphopantothenate biosynthesis I|g__Anaerostipes.s__Anaerostipes_hadrus	392.5360189016
PANTO-PWY: phosphopantothenate biosynthesis I|g__Lachnospiraceae_unclassified.s__Eubacterium_rectale	241.5562142188
PANTO-PWY: phosphopantothenate biosynthesis I|g__Blautia.s__Blautia_obeum	120.8531423314
PANTO-PWY: phosphopantothenate biosynthesis I|g__Blautia.s__Blautia_wexlerae	46.5455251800
PANTO-PWY: phosphopantothenate biosynthesis I|g__Agathobaculum.s__Agathobaculum_butyriciproducens	18.9331800099
PANTO-PWY: phosphopantothenate biosynthesis I|g__Eggerthella.s__Eggerthella_lenta	14.6364830064
PANTO-PWY: phosphopantothenate biosynthesis I|g__Parasutterella.s__Parasutterella_excrementihominis	10.6540976661
PWY-6123: inosine-5'-phosphate biosynthesis I	1431.9419989114
PWY-6123: inosine-5'-phosphate biosynthesis I|unclassified	456.3503291436
PWY-6123: inosine-5'-phosphate biosynthesis I|g__Anaerostipes.s__Anaerostipes_hadrus	250.3188326236
PWY-6123: inosine-5'-phosphate biosynthesis I|g__Blautia.s__Blautia_obeum	149.8950818344
PWY-6123: inosine-5'-phosphate biosynthesis I|g__Blautia.s__Blautia_wexlerae	111.0388520307
PWY-6123: inosine-5'-phosphate biosynthesis I|g__Faecalibacterium.s__Faecalibacterium_prausnitzii	91.0811800713
PWY-6123: inosine-5'-phosphate biosynthesis I|g__Ruminococcus.s__Ruminococcus_sp_AF31_8BH	55.4452544676
PWY-6123: inosine-5'-phosphate biosynthesis I|g__Streptococcus.s__Streptococcus_thermophilus	12.4420065032
PWY-6123: inosine-5'-phosphate biosynthesis I|g__Bacteroides.s__Bacteroides_dorei	4.1185329253
HISTSYN-PWY: L-histidine biosynthesis	1398.3993905668
HISTSYN-PWY: L-histidine biosynthesis|unclassified	578.4949745596
HISTSYN-PWY: L-histidine biosynthesis|g__Blautia.s__Blautia_obeum	128.0379046809
HISTSYN-PWY: L-histidine biosynthesis|g__Agathobaculum.s__Agathobaculum_butyriciproducens	11.9015130069
HISTSYN-PWY: L-histidine biosynthesis|g__Clostridium.s__Clostridium_sp_AM22_11AC	11.3283144329
HISTSYN-PWY: L-histidine biosynthesis|g__Streptococcus.s__Streptococcus_thermophilus	6.5918774880
PWY-3001: superpathway of L-isoleucine biosynthesis I	1386.7532576869
PWY-3001: superpathway of L-isoleucine biosynthesis I|unclassified	572.0885214443
PWY-3001: superpathway of L-isoleucine biosynthesis I|g__Streptococcus.s__Streptococcus_thermophilus	9.6421945839
HSERMETANA-PWY: L-methionine biosynthesis III	1381.4374740259
HSERMETANA-PWY: L-methionine biosynthesis III|unclassified	645.9532679603
HSERMETANA-PWY: L-methionine biosynthesis III|g__Anaerostipes.s__Anaerostipes_hadrus	316.3972747569
HSERMETANA-PWY: L-methionine biosynthesis III|g__Blautia.s__Blautia_obeum	132.1173689926
HSERMETANA-PWY: L-methionine biosynthesis III|g__Blautia.s__Blautia_wexlerae	84.7387925162
HSERMETANA-PWY: L-methionine biosynthesis III|g__Ruminococcus.s__Ruminococcus_sp_AF31_8BH	20.5018712981
HSERMETANA-PWY: L-methionine biosynthesis III|g__Streptococcus.s__Streptococcus_thermophilus	12.7297382422
HSERMETANA-PWY: L-methionine biosynthesis III|g__Streptococcus.s__Streptococcus_pneumoniae	1.7317906063
PYRIDNUCSYN-PWY: NAD de novo biosynthesis I (from aspartate)	1366.0831670097
PYRIDNUCSYN-PWY: NAD de novo biosynthesis I (from aspartate)|unclassified	620.5635482637
PYRIDNUCSYN-PWY: NAD de novo biosynthesis I (from aspartate)|g__Anaerostipes.s__Anaerostipes_hadrus	281.8951067345
PYRIDNUCSYN-PWY: NAD de novo biosynthesis I (from aspartate)|g__Blautia.s__Blautia_obeum	41.7200783582
PWY-6936: seleno-amino acid biosynthesis (plants)	1338.9668817996
PWY-6936: seleno-amino acid biosynthesis (plants)|unclassified	515.9784687410
PWY-6936: seleno-amino acid biosynthesis (plants)|g__Anaerostipes.s__Anaerostipes_hadrus	312.4292381758
PWY-6936: seleno-amino acid biosynthesis (plants)|g__Streptococcus.s__Streptococcus_thermophilus	23.4203953020
PWY-6936: seleno-amino acid biosynthesis (plants)|g__Streptococcus.s__Streptococcus_salivarius	0.8723826422
PWY-6124: inosine-5'-phosphate biosynthesis II	1333.6687109808
PWY-6124: inosine-5'-phosphate biosynthesis II|unclassified	407.5955814225
PWY-6124: inosine-5'-phosphate biosynthesis II|g__Anaerostipes.s__Anaerostipes_hadrus	249.2632804797
PWY-6124: inosine-5'-phosphate biosynthesis II|g__Blautia.s__Blautia_obeum	142.8118379910
PWY-6124: inosine-5'-phosphate biosynthesis II|g__Blautia.s__Blautia_wexlerae	127.5994878987
PWY-6124: inosine-5'-phosphate biosynthesis II|g__Faecalibacterium.s__Faecalibacterium_prausnitzii	120.1652308027
PWY-6124: inosine-5'-phosphate biosynthesis II|g__Ruminococcus.s__Ruminococcus_sp_AF31_8BH	52.0568174171
PWY-6124: inosine-5'-phosphate biosynthesis II|g__Streptococcus.s__Streptococcus_thermophilus	8.4330722454
PWY-6124: inosine-5'-phosphate biosynthesis II|g__Bacteroides.s__Bacteroides_dorei	6.4539442230
PWY-6124: inosine-5'-phosphate biosynthesis II|g__Streptococcus.s__Streptococcus_equinus	3.1122434036
PWY-7400: L-arginine biosynthesis IV (archaebacteria)	1248.5828435247
PWY-7400: L-arginine biosynthesis IV (archaebacteria)|unclassified	747.1163539061
PWY-5695: inosine 5'-phosphate degradation	1195.5936272085
PWY-5695: inosine 5'-phosphate degradation|unclassified	508.7993411158
PWY-5695: inosine 5'-phosphate degradation|g__Anaerostipes.s__Anaerostipes_hadrus	319.4731606110
PWY-5695: inosine 5'-phosphate degradation|g__Blautia.s__Blautia_wexlerae	73.7737578143
PWY-5695: inosine 5'-phosphate degradation|g__Blautia.s__Blautia_obeum	41.9637001793
PWY-5695: inosine 5'-phosphate degradation|g__Ruminococcus.s__Ruminococcus_sp_AF31_8BH	26.4310493744
PWY-5695: inosine 5'-phosphate degradation|g__Agathobaculum.s__Agathobaculum_butyriciproducens	16.3168650811
PWY-5695: inosine 5'-phosphate degradation|g__Streptococcus.s__Streptococcus_parasanguinis	2.5817639795
PWY-6703: preQ0 biosynthesis	1187.5322662066
PWY-6703: preQ0 biosynthesis|unclassified	581.0233466279
PWY-6703: preQ0 biosynthesis|g__Coprococcus.s__Coprococcus_catus	336.7939242964
PWY-6703: preQ0 biosynthesis|g__Anaerostipes.s__Anaerostipes_hadrus	261.0232757599
PWY-6703: preQ0 biosynthesis|g__Blautia.s__Blautia_obeum	173.1077412631
PWY-6703: preQ0 biosynthesis|g__Bacteroides.s__Bacteroides_dorei	5.2401746725
PWY-1861: formaldehyde assimilation II (assimilatory RuMP Cycle)	1167.0797697406
PWY-1861: formaldehyde assimilation II (assimilatory RuMP Cycle)|unclassified	377.3709487776
PWY-1861: formaldehyde assimilation II (assimilatory RuMP Cycle)|g__Anaerostipes.s__Anaerostipes_hadrus	355.9748867924
THRESYN-PWY: superpathway of L-threonine biosynthesis	1158.1566058689
THRESYN-PWY: superpathway of L-threonine biosynthesis|unclassified	617.8339237347
THRESYN-PWY: superpathway of L-threonine biosynthesis|g__Anaerostipes.s__Anaerostipes_hadrus	243.6691413683
THRESYN-PWY: superpathway of L-threonine biosynthesis|g__Blautia.s__Blautia_obeum	75.9118063088
THRESYN-PWY: superpathway of L-threonine biosynthesis|g__Streptococcus.s__Streptococcus_thermophilus	11.3829744286
THRESYN-PWY: superpathway of L-threonine biosynthesis|g__Streptococcus.s__Streptococcus_pneumoniae	2.4840667054
SER-GLYSYN-PWY: superpathway of L-serine and glycine biosynthesis I	1157.2426047454
SER-GLYSYN-PWY: superpathway of L-serine and glycine biosynthesis I|unclassified	476.0377366847
SER-GLYSYN-PWY: superpathway of L-serine and glycine biosynthesis I|g__Anaerostipes.s__Anaerostipes_hadrus	203.1495865185
SER-GLYSYN-PWY: superpathway of L-serine and glycine biosynthesis I|g__Blautia.s__Blautia_obeum	185.5412643647
SER-GLYSYN-PWY: superpathway of L-serine and glycine biosynthesis I|g__Blautia.s__Blautia_wexlerae	62.0586216798
SER-GLYSYN-PWY: superpathway of L-serine and glycine biosynthesis I|g__Ruminococcus.s__Ruminococcus_sp_AF31_8BH	33.1337316805
SER-GLYSYN-PWY: superpathway of L-serine and glycine biosynthesis I|g__Coprococcus.s__Coprococcus_catus	9.9551769405
SER-GLYSYN-PWY: superpathway of L-serine and glycine biosynthesis I|g__Bacteroides.s__Bacteroides_dorei	4.1246974925
SER-GLYSYN-PWY: superpathway of L-serine and glycine biosynthesis I|g__Bacteroides.s__Bacteroides_vulgatus	1.6546399410
PWY-7199: pyrimidine deoxyribonucleosides salvage	1119.0665638165
PWY-7199: pyrimidine deoxyribonucleosides salvage|unclassified	638.7030957722
PWY-7977: L-methionine biosynthesis IV	1112.6341797639
PWY-7977: L-methionine biosynthesis IV|unclassified	627.8564368097
PWY-7977: L-methionine biosynthesis IV|g__Anaerostipes.s__Anaerostipes_hadrus	228.7049481005
PWY-7977: L-methionine biosynthesis IV|g__Faecalibacterium.s__Faecalibacterium_prausnitzii	12.2269830823
PWY0-1586: peptidoglycan maturation (meso-diaminopimelate containing)	1073.2132248776
PWY0-1586: peptidoglycan maturation (meso-diaminopimelate containing)|g__Anaerostipes.s__Anaerostipes_hadrus	420.7590953225
PWY0-1586: peptidoglycan maturation (meso-diaminopimelate containing)|g__Lachnospiraceae_unclassified.s__Eubacterium_rectale	295.3017491746
PWY0-1586: peptidoglycan maturation (meso-diaminopimelate containing)|unclassified	105.9846315631
PWY0-1586: peptidoglycan maturation (meso-diaminopimelate containing)|g__Ruminococcus.s__Ruminococcus_sp_AF31_8BH	46.7447700397
PWY0-1586: peptidoglycan maturation (meso-diaminopimelate containing)|g__Parasutterella.s__Parasutterella_excrementihominis	11.2929703180
PWY0-1586: peptidoglycan maturation (meso-diaminopimelate containing)|g__Streptococcus.s__Streptococcus_salivarius	4.1931491312
PWY0-1586: peptidoglycan maturation (meso-diaminopimelate containing)|g__Streptococcus.s__Streptococcus_pneumoniae	1.9497053948
PWY0-1586: peptidoglycan maturation (meso-diaminopimelate containing)|g__Streptococcus.s__Streptococcus_equinus	1.9314345945
METH-ACETATE-PWY: methanogenesis from acetate	1058.5715259564
METH-ACETATE-PWY: methanogenesis from acetate|g__Blautia.s__Blautia_obeum	313.9385185154
METH-ACETATE-PWY: methanogenesis from acetate|unclassified	311.6285105749
METH-ACETATE-PWY: methanogenesis from acetate|g__Blautia.s__Blautia_wexlerae	110.5439886856
METH-ACETATE-PWY: methanogenesis from acetate|g__Ruminococcus.s__Ruminococcus_sp_AF31_8BH	39.9814052218
THISYNARA-PWY: superpathway of thiamine diphosphate biosynthesis III (eukaryotes)	1050.1595930983
THISYNARA-PWY: superpathway of thiamine diphosphate biosynthesis III (eukaryotes)|unclassified	502.0173158794
THISYNARA-PWY: superpathway of thiamine diphosphate biosynthesis III (eukaryotes)|g__Lachnospiraceae_unclassified.s__Eubacterium_rectale	244.0231978357
PWY-6897: thiamine diphosphate salvage II	1027.1863326612
PWY-6897: thiamine diphosphate salvage II|unclassified	500.8424484898
PWY-6897: thiamine diphosphate salvage II|g__Lachnospiraceae_unclassified.s__Eubacterium_rectale	195.1903268485
PWY-6897: thiamine diphosphate salvage II|g__Asaccharobacter.s__Asaccharobacter_celatus	8.9338617208
COBALSYN-PWY: superpathway of adenosylcobalamin salvage from cobinamide I	1020.2887247330
COBALSYN-PWY: superpathway of adenosylcobalamin salvage from cobinamide I|unclassified	339.0312388730
COBALSYN-PWY: superpathway of adenosylcobalamin salvage from cobinamide I|g__Faecalibacterium.s__Faecalibacterium_prausnitzii	206.8494584981
COBALSYN-PWY: superpathway of adenosylcobalamin salvage from cobinamide I|g__Blautia.s__Blautia_obeum	112.1186903914
COBALSYN-PWY: superpathway of adenosylcobalamin salvage from cobinamide I|g__Blautia.s__Blautia_wexlerae	32.7278996181
P461-PWY: hexitol fermentation to lactate, formate, ethanol and acetate	974.1059557018
P461-PWY: hexitol fermentation to lactate, formate, ethanol and acetate|g__Anaerostipes.s__Anaerostipes_hadrus	486.0230228711
P461-PWY: hexitol fermentation to lactate, formate, ethanol and acetate|unclassified	48.8640090985
PWY-5188: tetrapyrrole biosynthesis I (from glutamate)	973.1500503234
PWY-5188: tetrapyrrole biosynthesis I (from glutamate)|unclassified	394.3224953525
PWY-5188: tetrapyrrole biosynthesis I (from glutamate)|g__Anaerostipes.s__Anaerostipes_hadrus	214.0728167259
PWY-5188: tetrapyrrole biosynthesis I (from glutamate)|g__Blautia.s__Blautia_obeum	120.1418969740
PWY-5188: tetrapyrrole biosynthesis I (from glutamate)|g__Blautia.s__Blautia_wexlerae	44.3244195656
PWY-7208: superpathway of pyrimidine nucleobases salvage	930.4835583034
PWY-7208: superpathway of pyrimidine nucleobases salvage|g__Anaerostipes.s__Anaerostipes_hadrus	319.1059045380
PWY-7208: superpathway of pyrimidine nucleobases salvage|g__Blautia.s__Blautia_obeum	110.6121145830
PWY-7208: superpathway of pyrimidine nucleobases salvage|unclassified	51.8249715815
PWY-7208: superpathway of pyrimidine nucleobases salvage|g__Streptococcus.s__Streptococcus_thermophilus	13.3906724426
PWY-7208: superpathway of pyrimidine nucleobases salvage|g__Parasutterella.s__Parasutterella_excrementihominis	11.4734726368
PWY-7208: superpathway of pyrimidine nucleobases salvage|g__Eggerthella.s__Eggerthella_lenta	9.2503771367
PWY-I9: L-cysteine biosynthesis VI (from L-methionine)	928.8398667379
PWY-I9: L-cysteine biosynthesis VI (from L-methionine)|unclassified	332.0876189999
PWY-I9: L-cysteine biosynthesis VI (from L-methionine)|g__Anaerostipes.s__Anaerostipes_hadrus	262.4888607869
PWY-I9: L-cysteine biosynthesis VI (from L-methionine)|g__Ruminococcus.s__Ruminococcus_sp_AF31_8BH	12.5773292239
PWY-I9: L-cysteine biosynthesis VI (from L-methionine)|g__Streptococcus.s__Streptococcus_thermophilus	12.0069387663
PWY-5676: acetyl-CoA fermentation to butanoate II	894.3831090899
PWY-5676: acetyl-CoA fermentation to butanoate II|g__Anaerostipes.s__Anaerostipes_hadrus	362.2386198485
PWY-5676: acetyl-CoA fermentation to butanoate II|unclassified	113.3061417681
PWY-5384: sucrose degradation IV (sucrose phosphorylase)	847.2953802490
PWY-5384: sucrose degradation IV (sucrose phosphorylase)|g__Anaerostipes.s__Anaerostipes_hadrus	399.1722001605
PWY-5384: sucrose degradation IV (sucrose phosphorylase)|g__Blautia.s__Blautia_wexlerae	23.2588498479
PWY-5384: sucrose degradation IV (sucrose phosphorylase)|g__Streptococcus.s__Streptococcus_thermophilus	4.0875878723
PWY-621: sucrose degradation III (sucrose invertase)	826.8176418725
PWY-621: sucrose degradation III (sucrose invertase)|g__Anaerostipes.s__Anaerostipes_hadrus	570.1458955323
PWY-621: sucrose degradation III (sucrose invertase)|g__Streptococcus.s__Streptococcus_thermophilus	13.1847108980
ASPASN-PWY: superpathway of L-aspartate and L-asparagine biosynthesis	824.2058122388
ASPASN-PWY: superpathway of L-aspartate and L-asparagine biosynthesis|unclassified	329.5509268290
ASPASN-PWY: superpathway of L-aspartate and L-asparagine biosynthesis|g__Blautia.s__Blautia_obeum	90.9682365968
ASPASN-PWY: superpathway of L-aspartate and L-asparagine biosynthesis|g__Ruminococcus.s__Ruminococcus_sp_AF31_8BH	22.4047604981
ASPASN-PWY: superpathway of L-aspartate and L-asparagine biosynthesis|g__Blautia.s__Blautia_wexlerae	22.1551305839
PWY-6353: purine nucleotides degradation II (aerobic)	753.6556447147
PWY-6353: purine nucleotides degradation II (aerobic)|unclassified	304.1024595921
PWY-6608: guanosine nucleotides degradation III	745.2395604308
PWY-6608: guanosine nucleotides degradation III|g__Anaerostipes.s__Anaerostipes_hadrus	319.4731606110
PWY-6608: guanosine nucleotides degradation III|unclassified	304.6018311768
PWY-6608: guanosine nucleotides degradation III|g__Blautia.s__Blautia_obeum	41.1768085779
PWY-6608: guanosine nucleotides degradation III|g__Blautia.s__Blautia_wexlerae	26.1568625255
PWY-6608: guanosine nucleotides degradation III|g__Ruminococcus.s__Ruminococcus_sp_AF31_8BH	21.3054234683
PHOSLIPSYN-PWY: superpathway of phospholipid biosynthesis I (bacteria)	721.9673296071
PHOSLIPSYN-PWY: superpathway of phospholipid biosynthesis I (bacteria)|unclassified	517.4181681766
SALVADEHYPOX-PWY: adenosine nucleotides degradation II	690.6262243915
SALVADEHYPOX-PWY: adenosine nucleotides degradation II|g__Anaerostipes.s__Anaerostipes_hadrus	321.7907938626
SALVADEHYPOX-PWY: adenosine nucleotides degradation II|unclassified	218.7430740798
GLCMANNANAUT-PWY: superpathway of N-acetylglucosamine, N-acetylmannosamine and N-acetylneuraminate degradation	658.9535229354
GLCMANNANAUT-PWY: superpathway of N-acetylglucosamine, N-acetylmannosamine and N-acetylneuraminate degradation|g__Blautia.s__Blautia_wexlerae	149.8159991593
GLCMANNANAUT-PWY: superpathway of N-acetylglucosamine, N-acetylmannosamine and N-acetylneuraminate degradation|unclassified	110.8337539001
PWY-5659: GDP-mannose biosynthesis	646.7475826818
PWY-5659: GDP-mannose biosynthesis|g__Faecalibacterium.s__Faecalibacterium_prausnitzii	102.9803583935
PWY-5659: GDP-mannose biosynthesis|unclassified	81.8757024119
PWY-5659: GDP-mannose biosynthesis|g__Streptococcus.s__Streptococcus_thermophilus	6.7220566282
PWY-702: L-methionine biosynthesis II	645.1629351828
PWY-702: L-methionine biosynthesis II|unclassified	263.9555907664
PWY-702: L-methionine biosynthesis II|g__Streptococcus.s__Streptococcus_thermophilus	19.7190397486
PWY-702: L-methionine biosynthesis II|g__Streptococcus.s__Streptococcus_vestibularis	3.8085320352
PWY-702: L-methionine biosynthesis II|g__Streptococcus.s__Streptococcus_pneumoniae	1.8794637264
DAPLYSINESYN-PWY: L-lysine biosynthesis I	619.0627173244
PWY-7315: dTDP-N-acetylthomosamine biosynthesis	544.1474162630
PWY-7315: dTDP-N-acetylthomosamine biosynthesis|unclassified	470.2700901562
PWY-6731: starch degradation III	533.7145981537
PWY-6731: starch degradation III|unclassified	341.6297170718
PWY-6731: starch degradation III|g__Blautia.s__Blautia_wexlerae	71.9316059665
PWY-6731: starch degradation III|g__Blautia.s__Blautia_obeum	69.6317127601
PWY-6731: starch degradation III|g__Agathobaculum.s__Agathobaculum_butyriciproducens	12.4910144643
PWY-6470: peptidoglycan biosynthesis V (&beta;-lactam resistance)	521.3430444576
PWY-6470: peptidoglycan biosynthesis V (&beta;-lactam resistance)|unclassified	168.6724131807
OANTIGEN-PWY: O-antigen building blocks biosynthesis (E. coli)	503.4555005930
OANTIGEN-PWY: O-antigen building blocks biosynthesis (E. coli)|unclassified	285.8567562956
OANTIGEN-PWY: O-antigen building blocks biosynthesis (E. coli)|g__Streptococcus.s__Streptococcus_thermophilus	5.6073736741
GALACTITOLCAT-PWY: galactitol degradation	499.0994534351
GALACTITOLCAT-PWY: galactitol degradation|g__Anaerostipes.s__Anaerostipes_hadrus	427.5082176154
PWY4FS-7: phosphatidylglycerol biosynthesis I (plastidic)	496.6128818007
PWY4FS-7: phosphatidylglycerol biosynthesis I (plastidic)|unclassified	404.8668244985
PWY4FS-7: phosphatidylglycerol biosynthesis I (plastidic)|g__Streptococcus.s__Streptococcus_thermophilus	6.2863603784
PWY4FS-8: phosphatidylglycerol biosynthesis II (non-plastidic)	496.6128818007
PWY4FS-8: phosphatidylglycerol biosynthesis II (non-plastidic)|unclassified	404.8668244985
PWY4FS-8: phosphatidylglycerol biosynthesis II (non-plastidic)|g__Streptococcus.s__Streptococcus_thermophilus	6.2863603784
PWY-6628: superpathway of L-phenylalanine biosynthesis	489.2000169245
PWY-6628: superpathway of L-phenylalanine biosynthesis|unclassified	239.5610594524
GOLPDLCAT-PWY: superpathway of glycerol degradation to 1,3-propanediol	483.4007891013
GOLPDLCAT-PWY: superpathway of glycerol degradation to 1,3-propanediol|unclassified	347.4724733360
GOLPDLCAT-PWY: superpathway of glycerol degradation to 1,3-propanediol|g__Anaerostipes.s__Anaerostipes_hadrus	207.0492521586
PWY-6606: guanosine nucleotides degradation II	467.6900132082
PWY-6606: guanosine nucleotides degradation II|unclassified	195.3931387608
PWY0-1061: superpathway of L-alanine biosynthesis	443.9489546565
PWY0-1061: superpathway of L-alanine biosynthesis|g__Lachnospiraceae_unclassified.s__Eubacterium_rectale	225.9557584045
GLUCONEO-PWY: gluconeogenesis I	442.7451717607
PWY-2941: L-lysine biosynthesis II	404.4222511334
PWY-2941: L-lysine biosynthesis II|unclassified	267.0685348263
PWY0-1297: superpathway of purine deoxyribonucleosides degradation	402.6849341329
PWY0-1297: superpathway of purine deoxyribonucleosides degradation|unclassified	343.3273511214
PWY0-1297: superpathway of purine deoxyribonucleosides degradation|g__Streptococcus.s__Streptococcus_thermophilus	17.7802339166
PWY-7761: NAD salvage pathway II (PNC IV cycle)	398.2005135313
PWY-7761: NAD salvage pathway II (PNC IV cycle)|unclassified	278.5023777907
P164-PWY: purine nucleobases degradation I (anaerobic)	360.9136057087
P164-PWY: purine nucleobases degradation I (anaerobic)|unclassified	248.7664689915
PWY-7229: superpathway of adenosine nucleotides de novo biosynthesis I	341.4164681112
PWY-7229: superpathway of adenosine nucleotides de novo biosynthesis I|unclassified	100.9363851387
PWY-7229: superpathway of adenosine nucleotides de novo biosynthesis I|g__Streptococcus.s__Streptococcus_thermophilus	8.2806355503
PWY-841: superpathway of purine nucleotides de novo biosynthesis I	333.1381542392
PWY-841: superpathway of purine nucleotides de novo biosynthesis I|unclassified	100.8851033391
PWY66-409: superpathway of purine nucleotide salvage	333.0183325174
PWY66-409: superpathway of purine nucleotide salvage|unclassified	113.6927155149
PWY66-409: superpathway of purine nucleotide salvage|g__Streptococcus.s__Streptococcus_thermophilus	7.1766391131
PWY0-162: superpathway of pyrimidine ribonucleotides de novo biosynthesis	329.8098062600
PWY0-162: superpathway of pyrimidine ribonucleotides de novo biosynthesis|unclassified	42.6552515528
PWY1ZNC-1: assimilatory sulfate reduction IV	323.3721703317
PWY1ZNC-1: assimilatory sulfate reduction IV|unclassified	38.7792395502
RHAMCAT-PWY: L-rhamnose degradation I	308.5670171758
RHAMCAT-PWY: L-rhamnose degradation I|unclassified	248.2885896676
PWY-6902: chitin degradation II (Vibrio)	289.1461032818
PWY-6902: chitin degradation II (Vibrio)|unclassified	273.9575939671
PWY-5154: L-arginine biosynthesis III (via N-acetyl-L-citrulline)	285.0966124514
PWY-5154: L-arginine biosynthesis III (via N-acetyl-L-citrulline)|unclassified	233.1026490319
UDPNAGSYN-PWY: UDP-N-acetyl-D-glucosamine biosynthesis I	284.6279602811
UDPNAGSYN-PWY: UDP-N-acetyl-D-glucosamine biosynthesis I|unclassified	163.5080556509
UDPNAGSYN-PWY: UDP-N-acetyl-D-glucosamine biosynthesis I|g__Parasutterella.s__Parasutterella_excrementihominis	8.5935043279
UDPNAGSYN-PWY: UDP-N-acetyl-D-glucosamine biosynthesis I|g__Streptococcus.s__Streptococcus_equinus	6.3336762570
UDPNAGSYN-PWY: UDP-N-acetyl-D-glucosamine biosynthesis I|g__Streptococcus.s__Streptococcus_thermophilus	5.3394943550
PWY-6630: superpathway of L-tyrosine biosynthesis	280.9131605271
PWY-6630: superpathway of L-tyrosine biosynthesis|unclassified	135.0630579176
LACTOSECAT-PWY: lactose and galactose degradation I	277.7518549727
LACTOSECAT-PWY: lactose and galactose degradation I|g__Anaerostipes.s__Anaerostipes_hadrus	237.5309377501
LACTOSECAT-PWY: lactose and galactose degradation I|unclassified	116.4515701645
PPGPPMET-PWY: ppGpp metabolism	276.0598851497
PPGPPMET-PWY: ppGpp metabolism|unclassified	57.0075231597
GLYCOLYSIS: glycolysis I (from glucose 6-phosphate)	265.0876136433
P185-PWY: formaldehyde assimilation III (dihydroxyacetone cycle)	263.9347841228
P185-PWY: formaldehyde assimilation III (dihydroxyacetone cycle)|unclassified	83.5100194634
PWY-7328: superpathway of UDP-glucose-derived O-antigen building blocks biosynthesis	260.4389394085
PWY-7328: superpathway of UDP-glucose-derived O-antigen building blocks biosynthesis|unclassified	168.1107087563
PWY-7328: superpathway of UDP-glucose-derived O-antigen building blocks biosynthesis|g__Faecalibacterium.s__Faecalibacterium_prausnitzii	9.2218746740
PWY-7328: superpathway of UDP-glucose-derived O-antigen building blocks biosynthesis|g__Streptococcus.s__Streptococcus_thermophilus	3.0859402603
PWY-6126: superpathway of adenosine nucleotides de novo biosynthesis II	241.5264132105
PWY-6126: superpathway of adenosine nucleotides de novo biosynthesis II|unclassified	72.1971115849
PWY-6126: superpathway of adenosine nucleotides de novo biosynthesis II|g__Streptococcus.s__Streptococcus_thermophilus	8.9667499611
PWY-5973: cis-vaccenate biosynthesis	224.5240479199
PWY-5973: cis-vaccenate biosynthesis|unclassified	208.2453124439
PWY-5973: cis-vaccenate biosynthesis|g__Bacteroides.s__Bacteroides_dorei	2.6596354327
GLUCUROCAT-PWY: superpathway of &beta;-D-glucuronosides degradation	224.4695804292
GLUCUROCAT-PWY: superpathway of &beta;-D-glucuronosides degradation|unclassified	47.0740543600
ANAEROFRUCAT-PWY: homolactic fermentation	216.2791095043
PWY-7228: superpathway of guanosine nucleotides de novo biosynthesis I	207.8539038070
PWY-7228: superpathway of guanosine nucleotides de novo biosynthesis I|unclassified	62.1671377458
PWY-7228: superpathway of guanosine nucleotides de novo biosynthesis I|g__Streptococcus.s__Streptococcus_thermophilus	14.3499820866
PWY-7228: superpathway of guanosine nucleotides de novo biosynthesis I|g__Eggerthella.s__Eggerthella_lenta	14.1314236730
PWY-7228: superpathway of guanosine nucleotides de novo biosynthesis I|g__Parasutterella.s__Parasutterella_excrementihominis	10.6877875002
PWY-7013: (S)-propane-1,2-diol degradation	198.4904630277
PWY-7013: (S)-propane-1,2-diol degradation|unclassified	152.2091035106
PWY-8187: L-arginine degradation XIII (reductive Stickland reaction)	196.8547945913
PWY-8187: L-arginine degradation XIII (reductive Stickland reaction)|unclassified	50.4641885034
PWY-8187: L-arginine degradation XIII (reductive Stickland reaction)|g__Eggerthella.s__Eggerthella_lenta	7.3717915342
GALACTUROCAT-PWY: D-galacturonate degradation I	191.0863592935
GALACTUROCAT-PWY: D-galacturonate degradation I|g__Faecalibacterium.s__Faecalibacterium_prausnitzii	126.4860062843
PWY-5367: petroselinate biosynthesis	183.8480215349
PWY-5367: petroselinate biosynthesis|unclassified	176.2410683214
PWY-7234: inosine-5'-phosphate biosynthesis III	183.6328495721
PWY-7234: inosine-5'-phosphate biosynthesis III|unclassified	84.8797949869
PWY-7234: inosine-5'-phosphate biosynthesis III|g__Streptococcus.s__Streptococcus_thermophilus	8.4658939420
FERMENTATION-PWY: mixed acid fermentation	177.7090841170
FERMENTATION-PWY: mixed acid fermentation|unclassified	159.4774803586
PWY-6125: superpathway of guanosine nucleotides de novo biosynthesis II	173.8054271269
PWY-6125: superpathway of guanosine nucleotides de novo biosynthesis II|unclassified	52.2281185544
PWY-6125: superpathway of guanosine nucleotides de novo biosynthesis II|g__Streptococcus.s__Streptococcus_thermophilus	5.5123794926
PWY-7242: D-fructuronate degradation	170.2151967550
PWY-7242: D-fructuronate degradation|g__Faecalibacterium.s__Faecalibacterium_prausnitzii	103.7138827519
PWY-7242: D-fructuronate degradation|unclassified	32.3180246701
PWY-5484: glycolysis II (from fructose 6-phosphate)	166.7443706701
FUCCAT-PWY: fucose degradation	165.0409071252
FUCCAT-PWY: fucose degradation|unclassified	103.3903187936
FUCCAT-PWY: fucose degradation|g__Ruminococcus.s__Ruminococcus_sp_AF31_8BH	27.2910198551
PWY-6507: 4-deoxy-L-threo-hex-4-enopyranuronate degradation	163.0492198825
PWY-6507: 4-deoxy-L-threo-hex-4-enopyranuronate degradation|g__Faecalibacterium.s__Faecalibacterium_prausnitzii	119.2404222109
PWY-4041: &gamma;-glutamyl cycle	161.4022907874
PWY-4041: &gamma;-glutamyl cycle|unclassified	98.5488848232
PWY-4041: &gamma;-glutamyl cycle|g__Streptococcus.s__Streptococcus_thermophilus	5.0487813577
PWY-4041: &gamma;-glutamyl cycle|g__Streptococcus.s__Streptococcus_pneumoniae	3.9057227652
PWY-4041: &gamma;-glutamyl cycle|g__Streptococcus.s__Streptococcus_parasanguinis	2.2828391464
PWY-4041: &gamma;-glutamyl cycle|g__Streptococcus.s__Streptococcus_equinus	0.8627197459
PWY-4041: &gamma;-glutamyl cycle|g__Streptococcus.s__Streptococcus_salivarius	0.7280007543
PENTOSE-P-PWY: pentose phosphate pathway	155.5945291308
PENTOSE-P-PWY: pentose phosphate pathway|unclassified	31.0881033891
PWY0-1479: tRNA processing	137.5338448822
PWY0-1479: tRNA processing|unclassified	79.3486222107
PWY-5005: biotin biosynthesis II	128.0890969584
PWY-5005: biotin biosynthesis II|unclassified	124.3250066479
PWY-6895: superpathway of thiamine diphosphate biosynthesis II	126.4946675992
PWY-6895: superpathway of thiamine diphosphate biosynthesis II|unclassified	25.1682472702
PWY-6590: superpathway of Clostridium acetobutylicum acidogenic fermentation	122.2911839001
PWY-6590: superpathway of Clostridium acetobutylicum acidogenic fermentation|unclassified	78.9502531651
PWY-5121: superpathway of geranylgeranyl diphosphate biosynthesis II (via MEP)	115.3490981607
PWY-5121: superpathway of geranylgeranyl diphosphate biosynthesis II (via MEP)|unclassified	107.5445337794
PWY-7197: pyrimidine deoxyribonucleotide phosphorylation	110.7050315479
PWY-7197: pyrimidine deoxyribonucleotide phosphorylation|unclassified	32.8653483634
PWY-7197: pyrimidine deoxyribonucleotide phosphorylation|g__Streptococcus.s__Streptococcus_thermophilus	18.7402297904
PWY-7220: adenosine deoxyribonucleotides de novo biosynthesis II	109.0205549927
PWY-7220: adenosine deoxyribonucleotides de novo biosynthesis II|unclassified	32.1082031488
PWY-7220: adenosine deoxyribonucleotides de novo biosynthesis II|g__Streptococcus.s__Streptococcus_thermophilus	19.8102211219
PWY-7220: adenosine deoxyribonucleotides de novo biosynthesis II|g__Eggerthella.s__Eggerthella_lenta	18.2609028879
PWY-7220: adenosine deoxyribonucleotides de novo biosynthesis II|g__Parasutterella.s__Parasutterella_excrementihominis	8.3996522101
PWY-7222: guanosine deoxyribonucleotides de novo biosynthesis II	109.0205549927
PWY-7222: guanosine deoxyribonucleotides de novo biosynthesis II|unclassified	32.1082031488
PWY-7222: guanosine deoxyribonucleotides de novo biosynthesis II|g__Streptococcus.s__Streptococcus_thermophilus	19.8102211219
PWY-7222: guanosine deoxyribonucleotides de novo biosynthesis II|g__Eggerthella.s__Eggerthella_lenta	18.2609028879
PWY-7222: guanosine deoxyribonucleotides de novo biosynthesis II|g__Parasutterella.s__Parasutterella_excrementihominis	8.3996522101
PWY-6901: superpathway of glucose and xylose degradation	99.4593338160
PWY-6901: superpathway of glucose and xylose degradation|unclassified	38.3325135936
ARG+POLYAMINE-SYN: superpathway of arginine and polyamine biosynthesis	98.4408088632
P441-PWY: superpathway of N-acetylneuraminate degradation	95.8778779045
CENTFERM-PWY: pyruvate fermentation to butanoate	93.3471890188
CENTFERM-PWY: pyruvate fermentation to butanoate|unclassified	61.2409695992
PWY-6549: L-glutamine biosynthesis III	82.4777578563
PWY-6549: L-glutamine biosynthesis III|unclassified	76.3247743927
PWY-7115: C4 photosynthetic carbon assimilation cycle, NAD-ME type	77.3811918391
PWY-8131: 5'-deoxyadenosine degradation II	76.3618052528
PWY-8131: 5'-deoxyadenosine degradation II|unclassified	23.5045208931
PWY-7345: superpathway of anaerobic sucrose degradation	74.4404999390
PWY-7210: pyrimidine deoxyribonucleotides biosynthesis from CTP	73.9551927691
PWY-7210: pyrimidine deoxyribonucleotides biosynthesis from CTP|unclassified	20.7262149800
PWY-7184: pyrimidine deoxyribonucleotides de novo biosynthesis I	73.4439359388
PWY-7184: pyrimidine deoxyribonucleotides de novo biosynthesis I|unclassified	20.5914846579
PWY-6545: pyrimidine deoxyribonucleotides de novo biosynthesis III	73.3648021786
PWY-6545: pyrimidine deoxyribonucleotides de novo biosynthesis III|unclassified	20.5754515977
PWY-7198: pyrimidine deoxyribonucleotides de novo biosynthesis IV	65.7689529013
PWY-7198: pyrimidine deoxyribonucleotides de novo biosynthesis IV|unclassified	23.3739582616
PWY-6292: superpathway of L-cysteine biosynthesis (mammalian)	64.2899555280
PWY-6292: superpathway of L-cysteine biosynthesis (mammalian)|unclassified	63.2294120579
PWY-5136: fatty acid &beta;-oxidation II (plant peroxisome)	64.0344257416
PROPFERM-PWY: superpathway of L-alanine fermentation (Stickland reaction)	63.5624746956
PWY-8188: L-alanine degradation VI (reductive Stickland reaction)	63.5624746956
PWY-8189: L-alanine degradation V (oxidative Stickland reaction)	63.5624746956
PWY-5989: stearate biosynthesis II (bacteria and plants)	62.5276215770
PWY-5989: stearate biosynthesis II (bacteria and plants)|unclassified	28.2924821162
PWY-7117: C4 photosynthetic carbon assimilation cycle, PEPCK type	59.7411256654
P621-PWY: nylon-6 oligomer degradation	59.6238103261
PWY-8004: Entner-Doudoroff pathway I	58.4588878421
HEXITOLDEGSUPER-PWY: superpathway of hexitol degradation (bacteria)	53.1292249280
PWY-6147: 6-hydroxymethyl-dihydropterin diphosphate biosynthesis I	52.1504782525
PWY-6147: 6-hydroxymethyl-dihydropterin diphosphate biosynthesis I|g__Bacteroides.s__Bacteroides_dorei	8.5654094286
PWY-6147: 6-hydroxymethyl-dihydropterin diphosphate biosynthesis I|unclassified	6.5009461146
POLYAMSYN-PWY: superpathway of polyamine biosynthesis I	51.1770137101
PWY-241: C4 photosynthetic carbon assimilation cycle, NADP-ME type	50.8752054718
COLANSYN-PWY: colanic acid building blocks biosynthesis	49.0574858354
COLANSYN-PWY: colanic acid building blocks biosynthesis|unclassified	18.6833355406
RUMP-PWY: formaldehyde oxidation I	48.2638686609
PWY-6969: TCA cycle V (2-oxoglutarate synthase)	47.3038236359
PWY-7663: gondoate biosynthesis (anaerobic)	47.1199565049
PWY-7663: gondoate biosynthesis (anaerobic)|unclassified	19.9335290708
PWY-7663: gondoate biosynthesis (anaerobic)|g__Bacteroides.s__Bacteroides_dorei	2.4990908402
GLYCOLYSIS-E-D: superpathway of glycolysis and the Entner-Doudoroff pathway	42.9010535499
PWY-6588: pyruvate fermentation to acetone	41.9263335207
PWY-6588: pyruvate fermentation to acetone|g__Coprococcus.s__Coprococcus_catus	12.0987725212
PWY0-1477: ethanolamine utilization	39.5419468328
PWY0-1477: ethanolamine utilization|unclassified	14.3069340367
PYRIDNUCSAL-PWY: NAD salvage pathway I (PNC VI cycle)	39.0772410066
PWY-7356: thiamine diphosphate salvage IV (yeast)	38.3736659350
PWY-7356: thiamine diphosphate salvage IV (yeast)|unclassified	37.4896051713
HEMESYN2-PWY: heme b biosynthesis II (oxygen-independent)	37.5627875226
PWY-5981: CDP-diacylglycerol biosynthesis III	37.4108713582
PWY-5981: CDP-diacylglycerol biosynthesis III|g__Streptococcus.s__Streptococcus_thermophilus	8.6670837848
PWY-5981: CDP-diacylglycerol biosynthesis III|g__Streptococcus.s__Streptococcus_salivarius	2.2739583323
PWY-5981: CDP-diacylglycerol biosynthesis III|g__Streptococcus.s__Streptococcus_pneumoniae	2.2164544658
PWY-5464: superpathway of cytosolic glycolysis (plants), pyruvate dehydrogenase and TCA cycle	36.0566988653
PWY-5690: TCA cycle II (plants and fungi)	35.8451119032
PWY-5913: partial TCA cycle (obligate autotrophs)	34.6262064563
PWY-6284: superpathway of unsaturated fatty acids biosynthesis (E. coli)	33.8777487533
GALACT-GLUCUROCAT-PWY: superpathway of hexuronide and hexuronate degradation	33.3280713006
BIOTIN-BIOSYNTHESIS-PWY: biotin biosynthesis I	32.5702714248
PWY-5494: pyruvate fermentation to propanoate II (acrylate pathway)	32.0996000776
PWY-5494: pyruvate fermentation to propanoate II (acrylate pathway)|unclassified	29.1750827996
PWY-6293: superpathway of L-cysteine biosynthesis (fungi)	32.0301917294
PWY-6293: superpathway of L-cysteine biosynthesis (fungi)|unclassified	9.0606299542
PWY-5345: superpathway of L-methionine biosynthesis (by sulfhydrylation)	31.7035385587
PWY-5345: superpathway of L-methionine biosynthesis (by sulfhydrylation)|unclassified	29.5573881411
PWY-5971: palmitate biosynthesis (type II fatty acid synthase)	31.7024221259
PWY-822: fructan biosynthesis	31.5595316210
PWY-822: fructan biosynthesis|g__Streptococcus.s__Streptococcus_thermophilus	31.5595316210
PWY0-1298: superpathway of pyrimidine deoxyribonucleosides degradation	31.0013786233
PWY-6282: palmitoleate biosynthesis I (from (5Z)-dodec-5-enoate)	30.5399560470
PWY-5723: Rubisco shunt	29.8926567320
PWY-5723: Rubisco shunt|unclassified	29.5607536696
PWY3O-4107: NAD salvage pathway V (PNC V cycle)	28.8632047738
FASYN-ELONG-PWY: fatty acid elongation -- saturated	28.1503813226
PWY-6519: 8-amino-7-oxononanoate biosynthesis I	27.8795507033
CITRULBIO-PWY: L-citrulline biosynthesis	26.7506351846
PWY-7664: oleate biosynthesis IV (anaerobic)	26.6137651734
SULFATE-CYS-PWY: superpathway of sulfate assimilation and cysteine biosynthesis	26.0862728867
SULFATE-CYS-PWY: superpathway of sulfate assimilation and cysteine biosynthesis|unclassified	24.4513676004
PWY0-862: (5Z)-dodecenoate biosynthesis I	24.8081925097
P125-PWY: superpathway of (R,R)-butanediol biosynthesis	24.1103976136
P125-PWY: superpathway of (R,R)-butanediol biosynthesis|g__Streptococcus.s__Streptococcus_thermophilus	13.2935322198
PWY-5030: L-histidine degradation III	23.7178035144
PWY-5130: 2-oxobutanoate degradation I	23.7137659997
PWY4LZ-257: superpathway of fermentation (Chlamydomonas reinhardtii)	23.6331561415
PWY-5505: L-glutamate and L-glutamine biosynthesis	22.3613918888
PWY-4984: urea cycle	22.3279217475
HISDEG-PWY: L-histidine degradation I	21.6749315537
PWY-1269: CMP-3-deoxy-D-manno-octulosonate biosynthesis	21.2419970307
PWY-1269: CMP-3-deoxy-D-manno-octulosonate biosynthesis|unclassified	10.0959326658
PWY-801: homocysteine and cysteine interconversion	19.4151532066
PWY-801: homocysteine and cysteine interconversion|unclassified	5.4715834250
P161-PWY: acetylene degradation (anaerobic)	18.9651847281
PWY-6305: superpathway of putrescine biosynthesis	17.8186950204
PWY-821: superpathway of sulfur amino acid biosynthesis (Saccharomyces cerevisiae)	15.6356075572
ARGININE-SYN4-PWY: L-ornithine biosynthesis II	15.0898797174
GALACTARDEG-PWY: D-galactarate degradation I	14.8246637401
GALACTARDEG-PWY: D-galactarate degradation I|unclassified	14.6919526092
GLUCARGALACTSUPER-PWY: superpathway of D-glucarate and D-galactarate degradation	14.8246637401
GLUCARGALACTSUPER-PWY: superpathway of D-glucarate and D-galactarate degradation|unclassified	14.6919526092
GLUCARDEG-PWY: D-glucarate degradation I	14.5281807265
GLUCARDEG-PWY: D-glucarate degradation I|unclassified	14.5202610738
MET-SAM-PWY: superpathway of S-adenosyl-L-methionine biosynthesis	14.5197938491
MET-SAM-PWY: superpathway of S-adenosyl-L-methionine biosynthesis|unclassified	14.3344532236
PWY-5347: superpathway of L-methionine biosynthesis (transsulfuration)	14.5011920769
PWY-5347: superpathway of L-methionine biosynthesis (transsulfuration)|unclassified	14.2586117932
PWY0-1241: ADP-L-glycero-&beta;-D-manno-heptose biosynthesis	14.0355148182
PWY0-1241: ADP-L-glycero-&beta;-D-manno-heptose biosynthesis|unclassified	13.5314859740
PWY-7323: superpathway of GDP-mannose-derived O-antigen building blocks biosynthesis	12.8217427873
METSYN-PWY: superpathway of L-homoserine and L-methionine biosynthesis	12.7160929337
METSYN-PWY: superpathway of L-homoserine and L-methionine biosynthesis|unclassified	12.5759452858
SO4ASSIM-PWY: assimilatory sulfate reduction I	11.7086982550
SO4ASSIM-PWY: assimilatory sulfate reduction I|unclassified	11.1237648427
THREOCAT-PWY: superpathway of L-threonine metabolism	10.7437897212
GLUDEG-I-PWY: GABA shunt	9.6463346199
PWY-5189: tetrapyrrole biosynthesis II (from glycine)	8.8445569243
PWY-5189: tetrapyrrole biosynthesis II (from glycine)|unclassified	8.7606758773
PYRIDOXSYN-PWY: pyridoxal 5'-phosphate biosynthesis I	8.6709104297
HOMOSER-METSYN-PWY: L-methionine biosynthesis I	7.2924517243
HOMOSER-METSYN-PWY: L-methionine biosynthesis I|unclassified	7.2311994772