# Pathway	merged_YZM-15080161Week-24_S102_L001__kneaddata_paired_Coverage
UNMAPPED	1.0000000000
UNINTEGRATED	1.0000000000
UNINTEGRATED|g__Absiella.s__Absiella_dolichum	1.0000000000
UNINTEGRATED|g__Anaerostipes.s__Anaerostipes_hadrus	1.0000000000
UNINTEGRATED|g__Blautia.s__Blautia_hansenii	1.0000000000
UNINTEGRATED|g__Blautia.s__Blautia_hydrogenotrophica	1.0000000000
UNINTEGRATED|g__Blautia.s__Blautia_obeum	1.0000000000
UNINTEGRATED|g__Blautia.s__Blautia_wexlerae	1.0000000000
UNINTEGRATED|g__Clostridium.s__Clostridium_disporicum	1.0000000000
UNINTEGRATED|g__Dorea.s__Dorea_formicigenerans	1.0000000000
UNINTEGRATED|g__Dorea.s__Dorea_longicatena	1.0000000000
UNINTEGRATED|g__Eggerthella.s__Eggerthella_lenta	1.0000000000
UNINTEGRATED|g__Eisenbergiella.s__Eisenbergiella_tayi	1.0000000000
UNINTEGRATED|g__Erysipelatoclostridium.s__Clostridium_innocuum	1.0000000000
UNINTEGRATED|g__Erysipelatoclostridium.s__Clostridium_spiroforme	1.0000000000
UNINTEGRATED|g__Erysipelatoclostridium.s__Erysipelatoclostridium_ramosum	1.0000000000
UNINTEGRATED|g__Escherichia.s__Escherichia_coli	1.0000000000
UNINTEGRATED|g__Gordonibacter.s__Gordonibacter_pamelaeae	1.0000000000
UNINTEGRATED|g__Lachnoclostridium.s__Clostridium_scindens	1.0000000000
UNINTEGRATED|g__Lachnospiraceae_unclassified.s__Eubacterium_rectale	1.0000000000
UNINTEGRATED|g__Lactococcus.s__Lactococcus_lactis	1.0000000000
UNINTEGRATED|g__Streptococcus.s__Streptococcus_thermophilus	1.0000000000
UNINTEGRATED|g__Tyzzerella.s__Tyzzerella_nexilis	1.0000000000
UNINTEGRATED|unclassified	1.0000000000
PWY-7238: sucrose biosynthesis II	1.0000000000
PWY-7238: sucrose biosynthesis II|unclassified	1.0000000000
PWY-7238: sucrose biosynthesis II|g__Blautia.s__Blautia_obeum	0.9999934519
PWY-7238: sucrose biosynthesis II|g__Anaerostipes.s__Anaerostipes_hadrus	0.4501853372
PWY-7238: sucrose biosynthesis II|g__Blautia.s__Blautia_hansenii	0.9099820800
PWY-7238: sucrose biosynthesis II|g__Dorea.s__Dorea_longicatena	0.9963635698
PWY-7238: sucrose biosynthesis II|g__Lachnospiraceae_unclassified.s__Eubacterium_rectale	0.9994902849
PWY-7238: sucrose biosynthesis II|g__Blautia.s__Blautia_wexlerae	0.8093307375
PWY-7238: sucrose biosynthesis II|g__Tyzzerella.s__Tyzzerella_nexilis	0.6327397672
PWY-7238: sucrose biosynthesis II|g__Dorea.s__Dorea_formicigenerans	0.7091377878
PWY-7238: sucrose biosynthesis II|g__Erysipelatoclostridium.s__Clostridium_innocuum	0.5537227425
PWY-7238: sucrose biosynthesis II|g__Absiella.s__Absiella_dolichum	0.5501233525
PWY-1042: glycolysis IV	1.0000000000
PWY-1042: glycolysis IV|unclassified	1.0000000000
PWY-1042: glycolysis IV|g__Anaerostipes.s__Anaerostipes_hadrus	0.0052938638
PWY-1042: glycolysis IV|g__Blautia.s__Blautia_hansenii	0.0364418838
PWY-1042: glycolysis IV|g__Dorea.s__Dorea_longicatena	0.0033596069
PWY-1042: glycolysis IV|g__Blautia.s__Blautia_obeum	0.0000000000
PWY-1042: glycolysis IV|g__Blautia.s__Blautia_wexlerae	0.0000000000
PWY-1042: glycolysis IV|g__Lachnospiraceae_unclassified.s__Eubacterium_rectale	0.0004541478
PWY-1042: glycolysis IV|g__Dorea.s__Dorea_formicigenerans	0.0284087565
PWY-1042: glycolysis IV|g__Eggerthella.s__Eggerthella_lenta	0.0896653431
PWY-1042: glycolysis IV|g__Erysipelatoclostridium.s__Erysipelatoclostridium_ramosum	0.6429191966
GLYCOGENSYNTH-PWY: glycogen biosynthesis I (from ADP-D-Glucose)	1.0000000000
GLYCOGENSYNTH-PWY: glycogen biosynthesis I (from ADP-D-Glucose)|unclassified	1.0000000000
GLYCOGENSYNTH-PWY: glycogen biosynthesis I (from ADP-D-Glucose)|g__Anaerostipes.s__Anaerostipes_hadrus	0.9996759917
GLYCOGENSYNTH-PWY: glycogen biosynthesis I (from ADP-D-Glucose)|g__Dorea.s__Dorea_longicatena	0.9999990664
GLYCOGENSYNTH-PWY: glycogen biosynthesis I (from ADP-D-Glucose)|g__Blautia.s__Blautia_obeum	0.9996901545
GLYCOGENSYNTH-PWY: glycogen biosynthesis I (from ADP-D-Glucose)|g__Blautia.s__Blautia_hansenii	0.8524447412
GLYCOGENSYNTH-PWY: glycogen biosynthesis I (from ADP-D-Glucose)|g__Blautia.s__Blautia_wexlerae	0.9161265769
GLYCOGENSYNTH-PWY: glycogen biosynthesis I (from ADP-D-Glucose)|g__Lachnospiraceae_unclassified.s__Eubacterium_rectale	0.1598378375
GLYCOGENSYNTH-PWY: glycogen biosynthesis I (from ADP-D-Glucose)|g__Tyzzerella.s__Tyzzerella_nexilis	0.2685506861
GLYCOGENSYNTH-PWY: glycogen biosynthesis I (from ADP-D-Glucose)|g__Dorea.s__Dorea_formicigenerans	0.6425201661
GLYCOGENSYNTH-PWY: glycogen biosynthesis I (from ADP-D-Glucose)|g__Clostridium.s__Clostridium_disporicum	0.6988853763
GLYCOGENSYNTH-PWY: glycogen biosynthesis I (from ADP-D-Glucose)|g__Lachnoclostridium.s__Clostridium_scindens	0.4538987342
GLYCOGENSYNTH-PWY: glycogen biosynthesis I (from ADP-D-Glucose)|g__Erysipelatoclostridium.s__Erysipelatoclostridium_ramosum	0.1461439284
PWY-5941: glycogen degradation II	0.0561367980
PWY-5941: glycogen degradation II|unclassified	0.0000000000
PWY-5941: glycogen degradation II|g__Anaerostipes.s__Anaerostipes_hadrus	0.5502022210
PWY-5941: glycogen degradation II|g__Blautia.s__Blautia_obeum	0.9999955545
PWY-5941: glycogen degradation II|g__Dorea.s__Dorea_longicatena	0.9964219192
PWY-5941: glycogen degradation II|g__Blautia.s__Blautia_wexlerae	0.6554042971
PWY-5941: glycogen degradation II|g__Dorea.s__Dorea_formicigenerans	0.6883173634
PWY-7221: guanosine ribonucleotides de novo biosynthesis	1.0000000000
PWY-7221: guanosine ribonucleotides de novo biosynthesis|unclassified	1.0000000000
PWY-7221: guanosine ribonucleotides de novo biosynthesis|g__Dorea.s__Dorea_longicatena	0.9988601598
PWY-7221: guanosine ribonucleotides de novo biosynthesis|g__Anaerostipes.s__Anaerostipes_hadrus	0.0434461302
PWY-7221: guanosine ribonucleotides de novo biosynthesis|g__Blautia.s__Blautia_wexlerae	0.9973176224
PWY-7221: guanosine ribonucleotides de novo biosynthesis|g__Blautia.s__Blautia_hansenii	0.2271201275
PWY-7221: guanosine ribonucleotides de novo biosynthesis|g__Blautia.s__Blautia_obeum	0.1797548651
PWY-7221: guanosine ribonucleotides de novo biosynthesis|g__Tyzzerella.s__Tyzzerella_nexilis	0.8213506992
PWY-7221: guanosine ribonucleotides de novo biosynthesis|g__Lachnospiraceae_unclassified.s__Eubacterium_rectale	0.1259764231
PWY-7221: guanosine ribonucleotides de novo biosynthesis|g__Eggerthella.s__Eggerthella_lenta	0.7777994183
PWY-7221: guanosine ribonucleotides de novo biosynthesis|g__Dorea.s__Dorea_formicigenerans	0.2048857979
PWY-7221: guanosine ribonucleotides de novo biosynthesis|g__Gordonibacter.s__Gordonibacter_pamelaeae	0.7423480974
PWY-7221: guanosine ribonucleotides de novo biosynthesis|g__Absiella.s__Absiella_dolichum	0.6525060463
PWY66-429: fatty acid biosynthesis initiation (mitochondria)	1.0000000000
PWY66-429: fatty acid biosynthesis initiation (mitochondria)|unclassified	1.0000000000
PWY66-429: fatty acid biosynthesis initiation (mitochondria)|g__Anaerostipes.s__Anaerostipes_hadrus	0.4339613996
PWY66-429: fatty acid biosynthesis initiation (mitochondria)|g__Dorea.s__Dorea_longicatena	0.6617564532
PWY66-429: fatty acid biosynthesis initiation (mitochondria)|g__Blautia.s__Blautia_obeum	0.0169847726
PWY66-429: fatty acid biosynthesis initiation (mitochondria)|g__Blautia.s__Blautia_hansenii	0.0024038996
PWY66-429: fatty acid biosynthesis initiation (mitochondria)|g__Tyzzerella.s__Tyzzerella_nexilis	0.1074369527
PWY66-429: fatty acid biosynthesis initiation (mitochondria)|g__Blautia.s__Blautia_wexlerae	0.0004556394
PWY66-429: fatty acid biosynthesis initiation (mitochondria)|g__Eggerthella.s__Eggerthella_lenta	0.4784218150
PWY66-429: fatty acid biosynthesis initiation (mitochondria)|g__Dorea.s__Dorea_formicigenerans	0.0601443440
PWY66-429: fatty acid biosynthesis initiation (mitochondria)|g__Lachnoclostridium.s__Clostridium_scindens	0.3855192920
PWY66-429: fatty acid biosynthesis initiation (mitochondria)|g__Erysipelatoclostridium.s__Clostridium_innocuum	0.1319603851
VALSYN-PWY: L-valine biosynthesis	1.0000000000
VALSYN-PWY: L-valine biosynthesis|unclassified	1.0000000000
VALSYN-PWY: L-valine biosynthesis|g__Anaerostipes.s__Anaerostipes_hadrus	0.2024758351
VALSYN-PWY: L-valine biosynthesis|g__Blautia.s__Blautia_obeum	0.5643647077
VALSYN-PWY: L-valine biosynthesis|g__Dorea.s__Dorea_longicatena	0.2945878353
VALSYN-PWY: L-valine biosynthesis|g__Blautia.s__Blautia_hansenii	0.4917369879
VALSYN-PWY: L-valine biosynthesis|g__Lachnospiraceae_unclassified.s__Eubacterium_rectale	0.4713111115
VALSYN-PWY: L-valine biosynthesis|g__Blautia.s__Blautia_wexlerae	0.2558856696
VALSYN-PWY: L-valine biosynthesis|g__Tyzzerella.s__Tyzzerella_nexilis	0.2408791335
VALSYN-PWY: L-valine biosynthesis|g__Eggerthella.s__Eggerthella_lenta	0.7455377229
VALSYN-PWY: L-valine biosynthesis|g__Dorea.s__Dorea_formicigenerans	0.6683022001
VALSYN-PWY: L-valine biosynthesis|g__Clostridium.s__Clostridium_disporicum	0.8195675031
VALSYN-PWY: L-valine biosynthesis|g__Erysipelatoclostridium.s__Erysipelatoclostridium_ramosum	0.8178374965
VALSYN-PWY: L-valine biosynthesis|g__Lachnoclostridium.s__Clostridium_scindens	0.4460763607
VALSYN-PWY: L-valine biosynthesis|g__Gordonibacter.s__Gordonibacter_pamelaeae	0.1274378224
PWY-6386: UDP-N-acetylmuramoyl-pentapeptide biosynthesis II (lysine-containing)	1.0000000000
PWY-6386: UDP-N-acetylmuramoyl-pentapeptide biosynthesis II (lysine-containing)|unclassified	1.0000000000
PWY-6386: UDP-N-acetylmuramoyl-pentapeptide biosynthesis II (lysine-containing)|g__Anaerostipes.s__Anaerostipes_hadrus	0.5971412632
PWY-6386: UDP-N-acetylmuramoyl-pentapeptide biosynthesis II (lysine-containing)|g__Blautia.s__Blautia_hansenii	0.5600860863
PWY-6386: UDP-N-acetylmuramoyl-pentapeptide biosynthesis II (lysine-containing)|g__Blautia.s__Blautia_obeum	0.0194053166
PWY-6386: UDP-N-acetylmuramoyl-pentapeptide biosynthesis II (lysine-containing)|g__Dorea.s__Dorea_longicatena	0.2075289891
PWY-6386: UDP-N-acetylmuramoyl-pentapeptide biosynthesis II (lysine-containing)|g__Tyzzerella.s__Tyzzerella_nexilis	0.2663366359
PWY-6386: UDP-N-acetylmuramoyl-pentapeptide biosynthesis II (lysine-containing)|g__Blautia.s__Blautia_wexlerae	0.1169478024
PWY-6386: UDP-N-acetylmuramoyl-pentapeptide biosynthesis II (lysine-containing)|g__Lachnospiraceae_unclassified.s__Eubacterium_rectale	0.0447177572
PWY-6386: UDP-N-acetylmuramoyl-pentapeptide biosynthesis II (lysine-containing)|g__Eggerthella.s__Eggerthella_lenta	0.0485367813
PWY-6386: UDP-N-acetylmuramoyl-pentapeptide biosynthesis II (lysine-containing)|g__Lachnoclostridium.s__Clostridium_scindens	0.4297917614
PEPTIDOGLYCANSYN-PWY: peptidoglycan biosynthesis I (meso-diaminopimelate containing)	1.0000000000
PEPTIDOGLYCANSYN-PWY: peptidoglycan biosynthesis I (meso-diaminopimelate containing)|unclassified	1.0000000000
PEPTIDOGLYCANSYN-PWY: peptidoglycan biosynthesis I (meso-diaminopimelate containing)|g__Anaerostipes.s__Anaerostipes_hadrus	0.4898980034
PEPTIDOGLYCANSYN-PWY: peptidoglycan biosynthesis I (meso-diaminopimelate containing)|g__Blautia.s__Blautia_hansenii	0.5393163818
PEPTIDOGLYCANSYN-PWY: peptidoglycan biosynthesis I (meso-diaminopimelate containing)|g__Blautia.s__Blautia_obeum	0.0299461333
PEPTIDOGLYCANSYN-PWY: peptidoglycan biosynthesis I (meso-diaminopimelate containing)|g__Dorea.s__Dorea_longicatena	0.1810567115
PEPTIDOGLYCANSYN-PWY: peptidoglycan biosynthesis I (meso-diaminopimelate containing)|g__Tyzzerella.s__Tyzzerella_nexilis	0.3027579413
PEPTIDOGLYCANSYN-PWY: peptidoglycan biosynthesis I (meso-diaminopimelate containing)|g__Blautia.s__Blautia_wexlerae	0.1184807063
PEPTIDOGLYCANSYN-PWY: peptidoglycan biosynthesis I (meso-diaminopimelate containing)|g__Lachnospiraceae_unclassified.s__Eubacterium_rectale	0.0109311584
PEPTIDOGLYCANSYN-PWY: peptidoglycan biosynthesis I (meso-diaminopimelate containing)|g__Eggerthella.s__Eggerthella_lenta	0.1056077372
PEPTIDOGLYCANSYN-PWY: peptidoglycan biosynthesis I (meso-diaminopimelate containing)|g__Dorea.s__Dorea_formicigenerans	0.0441018453
PEPTIDOGLYCANSYN-PWY: peptidoglycan biosynthesis I (meso-diaminopimelate containing)|g__Lachnoclostridium.s__Clostridium_scindens	0.4077681171
PEPTIDOGLYCANSYN-PWY: peptidoglycan biosynthesis I (meso-diaminopimelate containing)|g__Erysipelatoclostridium.s__Clostridium_innocuum	0.0759445916
ARO-PWY: chorismate biosynthesis I	1.0000000000
ARO-PWY: chorismate biosynthesis I|unclassified	1.0000000000
ARO-PWY: chorismate biosynthesis I|g__Anaerostipes.s__Anaerostipes_hadrus	0.0518198351
ARO-PWY: chorismate biosynthesis I|g__Blautia.s__Blautia_obeum	0.0000212741
ARO-PWY: chorismate biosynthesis I|g__Blautia.s__Blautia_hansenii	0.0035643535
ARO-PWY: chorismate biosynthesis I|g__Lachnospiraceae_unclassified.s__Eubacterium_rectale	0.0558464772
ARO-PWY: chorismate biosynthesis I|g__Tyzzerella.s__Tyzzerella_nexilis	0.0287748074
ARO-PWY: chorismate biosynthesis I|g__Blautia.s__Blautia_wexlerae	0.0000836192
ARO-PWY: chorismate biosynthesis I|g__Dorea.s__Dorea_formicigenerans	0.3538542637
ARO-PWY: chorismate biosynthesis I|g__Eggerthella.s__Eggerthella_lenta	0.0214542627
PWY-6163: chorismate biosynthesis from 3-dehydroquinate	1.0000000000
PWY-6163: chorismate biosynthesis from 3-dehydroquinate|unclassified	1.0000000000
PWY-6163: chorismate biosynthesis from 3-dehydroquinate|g__Anaerostipes.s__Anaerostipes_hadrus	0.1903955701
PWY-6163: chorismate biosynthesis from 3-dehydroquinate|g__Blautia.s__Blautia_obeum	0.0689177317
PWY-6163: chorismate biosynthesis from 3-dehydroquinate|g__Blautia.s__Blautia_hansenii	0.0033769287
PWY-6163: chorismate biosynthesis from 3-dehydroquinate|g__Lachnospiraceae_unclassified.s__Eubacterium_rectale	0.0805008263
PWY-6163: chorismate biosynthesis from 3-dehydroquinate|g__Tyzzerella.s__Tyzzerella_nexilis	0.0385470384
PWY-6163: chorismate biosynthesis from 3-dehydroquinate|g__Blautia.s__Blautia_wexlerae	0.0000597656
PWY-6163: chorismate biosynthesis from 3-dehydroquinate|g__Eggerthella.s__Eggerthella_lenta	0.0167854374
PWY-6163: chorismate biosynthesis from 3-dehydroquinate|g__Dorea.s__Dorea_formicigenerans	0.3059139082
PWY-6163: chorismate biosynthesis from 3-dehydroquinate|g__Erysipelatoclostridium.s__Clostridium_innocuum	0.2501940149
PWY-6387: UDP-N-acetylmuramoyl-pentapeptide biosynthesis I (meso-diaminopimelate containing)	1.0000000000
PWY-6387: UDP-N-acetylmuramoyl-pentapeptide biosynthesis I (meso-diaminopimelate containing)|unclassified	1.0000000000
PWY-6387: UDP-N-acetylmuramoyl-pentapeptide biosynthesis I (meso-diaminopimelate containing)|g__Anaerostipes.s__Anaerostipes_hadrus	0.4345473336
PWY-6387: UDP-N-acetylmuramoyl-pentapeptide biosynthesis I (meso-diaminopimelate containing)|g__Blautia.s__Blautia_hansenii	0.6813156379
PWY-6387: UDP-N-acetylmuramoyl-pentapeptide biosynthesis I (meso-diaminopimelate containing)|g__Blautia.s__Blautia_obeum	0.1034549313
PWY-6387: UDP-N-acetylmuramoyl-pentapeptide biosynthesis I (meso-diaminopimelate containing)|g__Dorea.s__Dorea_longicatena	0.1992294232
PWY-6387: UDP-N-acetylmuramoyl-pentapeptide biosynthesis I (meso-diaminopimelate containing)|g__Blautia.s__Blautia_wexlerae	0.2055182732
PWY-6387: UDP-N-acetylmuramoyl-pentapeptide biosynthesis I (meso-diaminopimelate containing)|g__Lachnospiraceae_unclassified.s__Eubacterium_rectale	0.2605804359
PWY-6387: UDP-N-acetylmuramoyl-pentapeptide biosynthesis I (meso-diaminopimelate containing)|g__Tyzzerella.s__Tyzzerella_nexilis	0.2765817613
PWY-6387: UDP-N-acetylmuramoyl-pentapeptide biosynthesis I (meso-diaminopimelate containing)|g__Eggerthella.s__Eggerthella_lenta	0.0873476789
PWY-6387: UDP-N-acetylmuramoyl-pentapeptide biosynthesis I (meso-diaminopimelate containing)|g__Dorea.s__Dorea_formicigenerans	0.0370574710
PWY-6387: UDP-N-acetylmuramoyl-pentapeptide biosynthesis I (meso-diaminopimelate containing)|g__Lachnoclostridium.s__Clostridium_scindens	0.4548391252
PWY-6387: UDP-N-acetylmuramoyl-pentapeptide biosynthesis I (meso-diaminopimelate containing)|g__Erysipelatoclostridium.s__Clostridium_innocuum	0.0661191952
PWY-7111: pyruvate fermentation to isobutanol (engineered)	1.0000000000
PWY-7111: pyruvate fermentation to isobutanol (engineered)|unclassified	1.0000000000
PWY-7111: pyruvate fermentation to isobutanol (engineered)|g__Anaerostipes.s__Anaerostipes_hadrus	0.0216751046
PWY-7111: pyruvate fermentation to isobutanol (engineered)|g__Dorea.s__Dorea_longicatena	0.1012411839
PWY-7111: pyruvate fermentation to isobutanol (engineered)|g__Blautia.s__Blautia_hansenii	0.4408121339
PWY-7111: pyruvate fermentation to isobutanol (engineered)|g__Tyzzerella.s__Tyzzerella_nexilis	0.2839928714
PWY-7111: pyruvate fermentation to isobutanol (engineered)|g__Blautia.s__Blautia_wexlerae	0.2099349736
PWY-7111: pyruvate fermentation to isobutanol (engineered)|g__Dorea.s__Dorea_formicigenerans	0.7149366558
PWY-7111: pyruvate fermentation to isobutanol (engineered)|g__Erysipelatoclostridium.s__Erysipelatoclostridium_ramosum	0.4001552169
PWY-7111: pyruvate fermentation to isobutanol (engineered)|g__Blautia.s__Blautia_obeum	0.0000000000
CALVIN-PWY: Calvin-Benson-Bassham cycle	1.0000000000
CALVIN-PWY: Calvin-Benson-Bassham cycle|unclassified	1.0000000000
CALVIN-PWY: Calvin-Benson-Bassham cycle|g__Anaerostipes.s__Anaerostipes_hadrus	0.3342310752
CALVIN-PWY: Calvin-Benson-Bassham cycle|g__Blautia.s__Blautia_wexlerae	0.5304241907
CALVIN-PWY: Calvin-Benson-Bassham cycle|g__Blautia.s__Blautia_obeum	0.0348839207
CALVIN-PWY: Calvin-Benson-Bassham cycle|g__Lachnospiraceae_unclassified.s__Eubacterium_rectale	0.0008687785
PWY-6385: peptidoglycan biosynthesis III (mycobacteria)	1.0000000000
PWY-6385: peptidoglycan biosynthesis III (mycobacteria)|unclassified	1.0000000000
PWY-6385: peptidoglycan biosynthesis III (mycobacteria)|g__Anaerostipes.s__Anaerostipes_hadrus	0.3739748572
PWY-6385: peptidoglycan biosynthesis III (mycobacteria)|g__Blautia.s__Blautia_hansenii	0.5393163818
PWY-6385: peptidoglycan biosynthesis III (mycobacteria)|g__Blautia.s__Blautia_obeum	0.0196788748
PWY-6385: peptidoglycan biosynthesis III (mycobacteria)|g__Dorea.s__Dorea_longicatena	0.1369405169
PWY-6385: peptidoglycan biosynthesis III (mycobacteria)|g__Tyzzerella.s__Tyzzerella_nexilis	0.2328737893
PWY-6385: peptidoglycan biosynthesis III (mycobacteria)|g__Blautia.s__Blautia_wexlerae	0.0536383847
PWY-6385: peptidoglycan biosynthesis III (mycobacteria)|g__Lachnospiraceae_unclassified.s__Eubacterium_rectale	0.0109311584
PWY-6385: peptidoglycan biosynthesis III (mycobacteria)|g__Eggerthella.s__Eggerthella_lenta	0.1058742496
PWY-6385: peptidoglycan biosynthesis III (mycobacteria)|g__Lachnoclostridium.s__Clostridium_scindens	0.3614710314
PWY-8178: pentose phosphate pathway (non-oxidative branch) II	1.0000000000
PWY-8178: pentose phosphate pathway (non-oxidative branch) II|unclassified	1.0000000000
PWY-8178: pentose phosphate pathway (non-oxidative branch) II|g__Anaerostipes.s__Anaerostipes_hadrus	0.9999633357
PWY-8178: pentose phosphate pathway (non-oxidative branch) II|g__Blautia.s__Blautia_obeum	0.9971575933
PWY-8178: pentose phosphate pathway (non-oxidative branch) II|g__Lachnospiraceae_unclassified.s__Eubacterium_rectale	0.2409608514
PWY-8178: pentose phosphate pathway (non-oxidative branch) II|g__Blautia.s__Blautia_wexlerae	0.0000004036
PWY-8178: pentose phosphate pathway (non-oxidative branch) II|g__Erysipelatoclostridium.s__Clostridium_innocuum	0.1785024471
PWY-8178: pentose phosphate pathway (non-oxidative branch) II|g__Erysipelatoclostridium.s__Erysipelatoclostridium_ramosum	0.2732960785
PWY-8178: pentose phosphate pathway (non-oxidative branch) II|g__Clostridium.s__Clostridium_disporicum	0.1295754942
ARGSYNBSUB-PWY: L-arginine biosynthesis II (acetyl cycle)	1.0000000000
ARGSYNBSUB-PWY: L-arginine biosynthesis II (acetyl cycle)|unclassified	1.0000000000
ARGSYNBSUB-PWY: L-arginine biosynthesis II (acetyl cycle)|g__Anaerostipes.s__Anaerostipes_hadrus	0.0045655841
ARGSYNBSUB-PWY: L-arginine biosynthesis II (acetyl cycle)|g__Dorea.s__Dorea_longicatena	0.2841327177
ARGSYNBSUB-PWY: L-arginine biosynthesis II (acetyl cycle)|g__Blautia.s__Blautia_wexlerae	0.0838873359
ARGSYNBSUB-PWY: L-arginine biosynthesis II (acetyl cycle)|g__Blautia.s__Blautia_hansenii	0.0287081637
ARGSYNBSUB-PWY: L-arginine biosynthesis II (acetyl cycle)|g__Blautia.s__Blautia_obeum	0.0000166251
ARGSYNBSUB-PWY: L-arginine biosynthesis II (acetyl cycle)|g__Tyzzerella.s__Tyzzerella_nexilis	0.1711919911
ARGSYNBSUB-PWY: L-arginine biosynthesis II (acetyl cycle)|g__Lachnospiraceae_unclassified.s__Eubacterium_rectale	0.0869494913
ARGSYNBSUB-PWY: L-arginine biosynthesis II (acetyl cycle)|g__Eggerthella.s__Eggerthella_lenta	0.0004355645
ARGSYNBSUB-PWY: L-arginine biosynthesis II (acetyl cycle)|g__Dorea.s__Dorea_formicigenerans	0.1541605083
ARGSYNBSUB-PWY: L-arginine biosynthesis II (acetyl cycle)|g__Gordonibacter.s__Gordonibacter_pamelaeae	0.5157624812
PWY-7953: UDP-N-acetylmuramoyl-pentapeptide biosynthesis III (meso-diaminopimelate containing)	1.0000000000
PWY-7953: UDP-N-acetylmuramoyl-pentapeptide biosynthesis III (meso-diaminopimelate containing)|unclassified	1.0000000000
PWY-7953: UDP-N-acetylmuramoyl-pentapeptide biosynthesis III (meso-diaminopimelate containing)|g__Anaerostipes.s__Anaerostipes_hadrus	0.0000319157
PWY-7953: UDP-N-acetylmuramoyl-pentapeptide biosynthesis III (meso-diaminopimelate containing)|g__Blautia.s__Blautia_hansenii	0.5101544979
PWY-7953: UDP-N-acetylmuramoyl-pentapeptide biosynthesis III (meso-diaminopimelate containing)|g__Dorea.s__Dorea_longicatena	0.1158207866
PWY-7953: UDP-N-acetylmuramoyl-pentapeptide biosynthesis III (meso-diaminopimelate containing)|g__Blautia.s__Blautia_obeum	0.0139149424
PWY-7953: UDP-N-acetylmuramoyl-pentapeptide biosynthesis III (meso-diaminopimelate containing)|g__Blautia.s__Blautia_wexlerae	0.1008119859
PWY-7953: UDP-N-acetylmuramoyl-pentapeptide biosynthesis III (meso-diaminopimelate containing)|g__Tyzzerella.s__Tyzzerella_nexilis	0.2591889565
PWY-7953: UDP-N-acetylmuramoyl-pentapeptide biosynthesis III (meso-diaminopimelate containing)|g__Lachnospiraceae_unclassified.s__Eubacterium_rectale	0.0334426152
PWY-7953: UDP-N-acetylmuramoyl-pentapeptide biosynthesis III (meso-diaminopimelate containing)|g__Eggerthella.s__Eggerthella_lenta	0.0413580442
PWY-7953: UDP-N-acetylmuramoyl-pentapeptide biosynthesis III (meso-diaminopimelate containing)|g__Dorea.s__Dorea_formicigenerans	0.0342225900
PWY-7953: UDP-N-acetylmuramoyl-pentapeptide biosynthesis III (meso-diaminopimelate containing)|g__Lachnoclostridium.s__Clostridium_scindens	0.3813462456
COMPLETE-ARO-PWY: superpathway of aromatic amino acid biosynthesis	1.0000000000
COMPLETE-ARO-PWY: superpathway of aromatic amino acid biosynthesis|unclassified	1.0000000000
COMPLETE-ARO-PWY: superpathway of aromatic amino acid biosynthesis|g__Anaerostipes.s__Anaerostipes_hadrus	0.0001913726
COMPLETE-ARO-PWY: superpathway of aromatic amino acid biosynthesis|g__Blautia.s__Blautia_obeum	0.0000041569
COMPLETE-ARO-PWY: superpathway of aromatic amino acid biosynthesis|g__Lachnospiraceae_unclassified.s__Eubacterium_rectale	0.0073873923
COMPLETE-ARO-PWY: superpathway of aromatic amino acid biosynthesis|g__Tyzzerella.s__Tyzzerella_nexilis	0.0000003390
COMPLETE-ARO-PWY: superpathway of aromatic amino acid biosynthesis|g__Blautia.s__Blautia_wexlerae	0.0000001858
DTDPRHAMSYN-PWY: dTDP-&beta;-L-rhamnose biosynthesis	1.0000000000
DTDPRHAMSYN-PWY: dTDP-&beta;-L-rhamnose biosynthesis|unclassified	1.0000000000
DTDPRHAMSYN-PWY: dTDP-&beta;-L-rhamnose biosynthesis|g__Anaerostipes.s__Anaerostipes_hadrus	0.2323969112
DTDPRHAMSYN-PWY: dTDP-&beta;-L-rhamnose biosynthesis|g__Blautia.s__Blautia_obeum	0.8287194569
DTDPRHAMSYN-PWY: dTDP-&beta;-L-rhamnose biosynthesis|g__Blautia.s__Blautia_wexlerae	0.8643862846
DTDPRHAMSYN-PWY: dTDP-&beta;-L-rhamnose biosynthesis|g__Lachnospiraceae_unclassified.s__Eubacterium_rectale	0.5172600789
DTDPRHAMSYN-PWY: dTDP-&beta;-L-rhamnose biosynthesis|g__Dorea.s__Dorea_longicatena	0.0949005647
DTDPRHAMSYN-PWY: dTDP-&beta;-L-rhamnose biosynthesis|g__Eggerthella.s__Eggerthella_lenta	0.3765147206
DTDPRHAMSYN-PWY: dTDP-&beta;-L-rhamnose biosynthesis|g__Erysipelatoclostridium.s__Erysipelatoclostridium_ramosum	0.9545967573
DTDPRHAMSYN-PWY: dTDP-&beta;-L-rhamnose biosynthesis|g__Dorea.s__Dorea_formicigenerans	0.0776358584
DTDPRHAMSYN-PWY: dTDP-&beta;-L-rhamnose biosynthesis|g__Lachnoclostridium.s__Clostridium_scindens	0.0727814600
DTDPRHAMSYN-PWY: dTDP-&beta;-L-rhamnose biosynthesis|g__Erysipelatoclostridium.s__Clostridium_spiroforme	0.3970595263
DTDPRHAMSYN-PWY: dTDP-&beta;-L-rhamnose biosynthesis|g__Absiella.s__Absiella_dolichum	0.4354392194
PWY-5686: UMP biosynthesis I	1.0000000000
PWY-5686: UMP biosynthesis I|unclassified	1.0000000000
PWY-5686: UMP biosynthesis I|g__Anaerostipes.s__Anaerostipes_hadrus	0.0008893259
PWY-5686: UMP biosynthesis I|g__Blautia.s__Blautia_hansenii	0.1694694939
PWY-5686: UMP biosynthesis I|g__Blautia.s__Blautia_wexlerae	0.0054022230
PWY-5686: UMP biosynthesis I|g__Dorea.s__Dorea_longicatena	0.0000037069
PWY-5686: UMP biosynthesis I|g__Tyzzerella.s__Tyzzerella_nexilis	0.0618801749
PWY-5686: UMP biosynthesis I|g__Lachnospiraceae_unclassified.s__Eubacterium_rectale	0.0115984915
PWY-5686: UMP biosynthesis I|g__Eggerthella.s__Eggerthella_lenta	0.1201507758
PWY-5686: UMP biosynthesis I|g__Blautia.s__Blautia_obeum	0.0000000001
PWY-5686: UMP biosynthesis I|g__Dorea.s__Dorea_formicigenerans	0.1648738758
PWY-5686: UMP biosynthesis I|g__Lachnoclostridium.s__Clostridium_scindens	0.0000773433
PWY-7790: UMP biosynthesis II	1.0000000000
PWY-7790: UMP biosynthesis II|unclassified	1.0000000000
PWY-7790: UMP biosynthesis II|g__Anaerostipes.s__Anaerostipes_hadrus	0.0008893259
PWY-7790: UMP biosynthesis II|g__Blautia.s__Blautia_hansenii	0.1694694939
PWY-7790: UMP biosynthesis II|g__Blautia.s__Blautia_wexlerae	0.0054022230
PWY-7790: UMP biosynthesis II|g__Dorea.s__Dorea_longicatena	0.0000037069
PWY-7790: UMP biosynthesis II|g__Tyzzerella.s__Tyzzerella_nexilis	0.0618801749
PWY-7790: UMP biosynthesis II|g__Lachnospiraceae_unclassified.s__Eubacterium_rectale	0.0115984915
PWY-7790: UMP biosynthesis II|g__Eggerthella.s__Eggerthella_lenta	0.1201507758
PWY-7790: UMP biosynthesis II|g__Blautia.s__Blautia_obeum	0.0000000001
PWY-7790: UMP biosynthesis II|g__Dorea.s__Dorea_formicigenerans	0.1648738758
PWY-7790: UMP biosynthesis II|g__Lachnoclostridium.s__Clostridium_scindens	0.0000773433
PWY-7791: UMP biosynthesis III	1.0000000000
PWY-7791: UMP biosynthesis III|unclassified	1.0000000000
PWY-7791: UMP biosynthesis III|g__Anaerostipes.s__Anaerostipes_hadrus	0.0008893259
PWY-7791: UMP biosynthesis III|g__Blautia.s__Blautia_hansenii	0.1694694939
PWY-7791: UMP biosynthesis III|g__Blautia.s__Blautia_wexlerae	0.0054022230
PWY-7791: UMP biosynthesis III|g__Dorea.s__Dorea_longicatena	0.0000037069
PWY-7791: UMP biosynthesis III|g__Tyzzerella.s__Tyzzerella_nexilis	0.0618801749
PWY-7791: UMP biosynthesis III|g__Lachnospiraceae_unclassified.s__Eubacterium_rectale	0.0115984915
PWY-7791: UMP biosynthesis III|g__Eggerthella.s__Eggerthella_lenta	0.1201507758
PWY-7791: UMP biosynthesis III|g__Blautia.s__Blautia_obeum	0.0000000001
PWY-7791: UMP biosynthesis III|g__Dorea.s__Dorea_formicigenerans	0.1648738758
PWY-7791: UMP biosynthesis III|g__Lachnoclostridium.s__Clostridium_scindens	0.0000773433
PWY0-1296: purine ribonucleosides degradation	1.0000000000
PWY0-1296: purine ribonucleosides degradation|unclassified	1.0000000000
PWY0-1296: purine ribonucleosides degradation|g__Dorea.s__Dorea_longicatena	0.8532440134
PWY0-1296: purine ribonucleosides degradation|g__Blautia.s__Blautia_obeum	0.9294128964
PWY0-1296: purine ribonucleosides degradation|g__Anaerostipes.s__Anaerostipes_hadrus	0.0303243495
PWY0-1296: purine ribonucleosides degradation|g__Blautia.s__Blautia_hansenii	0.9117482329
PWY0-1296: purine ribonucleosides degradation|g__Tyzzerella.s__Tyzzerella_nexilis	0.7955534893
PWY0-1296: purine ribonucleosides degradation|g__Lachnospiraceae_unclassified.s__Eubacterium_rectale	0.3959248194
PWY0-1296: purine ribonucleosides degradation|g__Blautia.s__Blautia_wexlerae	0.0000276677
PWY0-1296: purine ribonucleosides degradation|g__Dorea.s__Dorea_formicigenerans	0.7305788666
ARGSYN-PWY: L-arginine biosynthesis I (via L-ornithine)	1.0000000000
ARGSYN-PWY: L-arginine biosynthesis I (via L-ornithine)|unclassified	1.0000000000
ARGSYN-PWY: L-arginine biosynthesis I (via L-ornithine)|g__Anaerostipes.s__Anaerostipes_hadrus	0.0113299586
ARGSYN-PWY: L-arginine biosynthesis I (via L-ornithine)|g__Blautia.s__Blautia_wexlerae	0.0399130574
ARGSYN-PWY: L-arginine biosynthesis I (via L-ornithine)|g__Dorea.s__Dorea_longicatena	0.2566767570
ARGSYN-PWY: L-arginine biosynthesis I (via L-ornithine)|g__Blautia.s__Blautia_hansenii	0.0038517735
ARGSYN-PWY: L-arginine biosynthesis I (via L-ornithine)|g__Tyzzerella.s__Tyzzerella_nexilis	0.0790073638
ARGSYN-PWY: L-arginine biosynthesis I (via L-ornithine)|g__Lachnospiraceae_unclassified.s__Eubacterium_rectale	0.0002728903
ARGSYN-PWY: L-arginine biosynthesis I (via L-ornithine)|g__Dorea.s__Dorea_formicigenerans	0.0737585850
ARGSYN-PWY: L-arginine biosynthesis I (via L-ornithine)|g__Blautia.s__Blautia_obeum	0.0000000000
PWY-6609: adenine and adenosine salvage III	1.0000000000
PWY-6609: adenine and adenosine salvage III|unclassified	1.0000000000
PWY-6609: adenine and adenosine salvage III|g__Blautia.s__Blautia_obeum	0.9212981182
PWY-6609: adenine and adenosine salvage III|g__Anaerostipes.s__Anaerostipes_hadrus	0.0301714740
PWY-6609: adenine and adenosine salvage III|g__Dorea.s__Dorea_longicatena	0.8344018386
PWY-6609: adenine and adenosine salvage III|g__Blautia.s__Blautia_hansenii	0.3308774411
PWY-6609: adenine and adenosine salvage III|g__Tyzzerella.s__Tyzzerella_nexilis	0.8897678187
PWY-6609: adenine and adenosine salvage III|g__Lachnospiraceae_unclassified.s__Eubacterium_rectale	0.6359794704
PWY-6609: adenine and adenosine salvage III|g__Blautia.s__Blautia_wexlerae	0.1747047424
PWY-6609: adenine and adenosine salvage III|g__Eggerthella.s__Eggerthella_lenta	0.8943993893
PWY-6609: adenine and adenosine salvage III|g__Dorea.s__Dorea_formicigenerans	0.7243167001
PWY-6609: adenine and adenosine salvage III|g__Clostridium.s__Clostridium_disporicum	0.9451365171
PWY-6609: adenine and adenosine salvage III|g__Erysipelatoclostridium.s__Clostridium_innocuum	0.2905725645
PWY-6609: adenine and adenosine salvage III|g__Gordonibacter.s__Gordonibacter_pamelaeae	0.7267828615
PWY-6609: adenine and adenosine salvage III|g__Lachnoclostridium.s__Clostridium_scindens	0.2396156454
PWY-6122: 5-aminoimidazole ribonucleotide biosynthesis II	1.0000000000
PWY-6122: 5-aminoimidazole ribonucleotide biosynthesis II|unclassified	1.0000000000
PWY-6122: 5-aminoimidazole ribonucleotide biosynthesis II|g__Blautia.s__Blautia_obeum	0.9899026772
PWY-6122: 5-aminoimidazole ribonucleotide biosynthesis II|g__Anaerostipes.s__Anaerostipes_hadrus	0.0527976186
PWY-6122: 5-aminoimidazole ribonucleotide biosynthesis II|g__Tyzzerella.s__Tyzzerella_nexilis	0.8353844159
PWY-6122: 5-aminoimidazole ribonucleotide biosynthesis II|g__Blautia.s__Blautia_wexlerae	0.6965642941
PWY-6122: 5-aminoimidazole ribonucleotide biosynthesis II|g__Blautia.s__Blautia_hansenii	0.0170746379
PWY-6122: 5-aminoimidazole ribonucleotide biosynthesis II|g__Dorea.s__Dorea_longicatena	0.1009000349
PWY-6122: 5-aminoimidazole ribonucleotide biosynthesis II|g__Lachnospiraceae_unclassified.s__Eubacterium_rectale	0.1620908586
PWY-6122: 5-aminoimidazole ribonucleotide biosynthesis II|g__Eggerthella.s__Eggerthella_lenta	0.7660114809
PWY-6122: 5-aminoimidazole ribonucleotide biosynthesis II|g__Dorea.s__Dorea_formicigenerans	0.2622076036
PWY-6122: 5-aminoimidazole ribonucleotide biosynthesis II|g__Erysipelatoclostridium.s__Clostridium_innocuum	0.3252732277
PWY-6122: 5-aminoimidazole ribonucleotide biosynthesis II|g__Lachnoclostridium.s__Clostridium_scindens	0.3019334011
PWY-6277: superpathway of 5-aminoimidazole ribonucleotide biosynthesis	1.0000000000
PWY-6277: superpathway of 5-aminoimidazole ribonucleotide biosynthesis|unclassified	1.0000000000
PWY-6277: superpathway of 5-aminoimidazole ribonucleotide biosynthesis|g__Blautia.s__Blautia_obeum	0.9899026772
PWY-6277: superpathway of 5-aminoimidazole ribonucleotide biosynthesis|g__Anaerostipes.s__Anaerostipes_hadrus	0.0527976186
PWY-6277: superpathway of 5-aminoimidazole ribonucleotide biosynthesis|g__Tyzzerella.s__Tyzzerella_nexilis	0.8353844159
PWY-6277: superpathway of 5-aminoimidazole ribonucleotide biosynthesis|g__Blautia.s__Blautia_wexlerae	0.6965642941
PWY-6277: superpathway of 5-aminoimidazole ribonucleotide biosynthesis|g__Blautia.s__Blautia_hansenii	0.0170746379
PWY-6277: superpathway of 5-aminoimidazole ribonucleotide biosynthesis|g__Dorea.s__Dorea_longicatena	0.1009000349
PWY-6277: superpathway of 5-aminoimidazole ribonucleotide biosynthesis|g__Lachnospiraceae_unclassified.s__Eubacterium_rectale	0.1620908586
PWY-6277: superpathway of 5-aminoimidazole ribonucleotide biosynthesis|g__Eggerthella.s__Eggerthella_lenta	0.7660114809
PWY-6277: superpathway of 5-aminoimidazole ribonucleotide biosynthesis|g__Dorea.s__Dorea_formicigenerans	0.2622076036
PWY-6277: superpathway of 5-aminoimidazole ribonucleotide biosynthesis|g__Erysipelatoclostridium.s__Clostridium_innocuum	0.3252732277
PWY-6277: superpathway of 5-aminoimidazole ribonucleotide biosynthesis|g__Lachnoclostridium.s__Clostridium_scindens	0.3019334011
PWY-5667: CDP-diacylglycerol biosynthesis I	1.0000000000
PWY-5667: CDP-diacylglycerol biosynthesis I|unclassified	1.0000000000
PWY-5667: CDP-diacylglycerol biosynthesis I|g__Anaerostipes.s__Anaerostipes_hadrus	0.2293944982
PWY-5667: CDP-diacylglycerol biosynthesis I|g__Lachnospiraceae_unclassified.s__Eubacterium_rectale	0.6065002858
PWY-5667: CDP-diacylglycerol biosynthesis I|g__Blautia.s__Blautia_obeum	0.0010366204
PWY-5667: CDP-diacylglycerol biosynthesis I|g__Blautia.s__Blautia_hansenii	0.0000039918
PWY-5667: CDP-diacylglycerol biosynthesis I|g__Dorea.s__Dorea_longicatena	0.0000036656
PWY-5667: CDP-diacylglycerol biosynthesis I|g__Tyzzerella.s__Tyzzerella_nexilis	0.0003821081
PWY-5667: CDP-diacylglycerol biosynthesis I|g__Blautia.s__Blautia_wexlerae	0.0000197806
PWY-5667: CDP-diacylglycerol biosynthesis I|g__Dorea.s__Dorea_formicigenerans	0.0546222689
PWY0-1319: CDP-diacylglycerol biosynthesis II	1.0000000000
PWY0-1319: CDP-diacylglycerol biosynthesis II|unclassified	1.0000000000
PWY0-1319: CDP-diacylglycerol biosynthesis II|g__Anaerostipes.s__Anaerostipes_hadrus	0.2293944982
PWY0-1319: CDP-diacylglycerol biosynthesis II|g__Lachnospiraceae_unclassified.s__Eubacterium_rectale	0.6065002858
PWY0-1319: CDP-diacylglycerol biosynthesis II|g__Blautia.s__Blautia_obeum	0.0010366204
PWY0-1319: CDP-diacylglycerol biosynthesis II|g__Blautia.s__Blautia_hansenii	0.0000039918
PWY0-1319: CDP-diacylglycerol biosynthesis II|g__Dorea.s__Dorea_longicatena	0.0000036656
PWY0-1319: CDP-diacylglycerol biosynthesis II|g__Tyzzerella.s__Tyzzerella_nexilis	0.0003821081
PWY0-1319: CDP-diacylglycerol biosynthesis II|g__Blautia.s__Blautia_wexlerae	0.0000197806
PWY0-1319: CDP-diacylglycerol biosynthesis II|g__Dorea.s__Dorea_formicigenerans	0.0546222689
PWY-6121: 5-aminoimidazole ribonucleotide biosynthesis I	1.0000000000
PWY-6121: 5-aminoimidazole ribonucleotide biosynthesis I|unclassified	1.0000000000
PWY-6121: 5-aminoimidazole ribonucleotide biosynthesis I|g__Anaerostipes.s__Anaerostipes_hadrus	0.0639451456
PWY-6121: 5-aminoimidazole ribonucleotide biosynthesis I|g__Tyzzerella.s__Tyzzerella_nexilis	0.8571922005
PWY-6121: 5-aminoimidazole ribonucleotide biosynthesis I|g__Blautia.s__Blautia_wexlerae	0.7297807166
PWY-6121: 5-aminoimidazole ribonucleotide biosynthesis I|g__Blautia.s__Blautia_hansenii	0.0212288317
PWY-6121: 5-aminoimidazole ribonucleotide biosynthesis I|g__Blautia.s__Blautia_obeum	0.0000012496
PWY-6121: 5-aminoimidazole ribonucleotide biosynthesis I|g__Dorea.s__Dorea_longicatena	0.0007061274
PWY-6121: 5-aminoimidazole ribonucleotide biosynthesis I|g__Lachnospiraceae_unclassified.s__Eubacterium_rectale	0.1817619807
PWY-6121: 5-aminoimidazole ribonucleotide biosynthesis I|g__Eggerthella.s__Eggerthella_lenta	0.6637445470
PWY-6121: 5-aminoimidazole ribonucleotide biosynthesis I|g__Erysipelatoclostridium.s__Clostridium_innocuum	0.2334251736
PWY-6121: 5-aminoimidazole ribonucleotide biosynthesis I|g__Lachnoclostridium.s__Clostridium_scindens	0.0831714988
COA-PWY: coenzyme A biosynthesis I (prokaryotic)	1.0000000000
COA-PWY: coenzyme A biosynthesis I (prokaryotic)|unclassified	1.0000000000
COA-PWY: coenzyme A biosynthesis I (prokaryotic)|g__Anaerostipes.s__Anaerostipes_hadrus	0.4963456232
COA-PWY: coenzyme A biosynthesis I (prokaryotic)|g__Blautia.s__Blautia_obeum	0.6674493638
COA-PWY: coenzyme A biosynthesis I (prokaryotic)|g__Blautia.s__Blautia_hansenii	0.2488171875
COA-PWY: coenzyme A biosynthesis I (prokaryotic)|g__Dorea.s__Dorea_longicatena	0.0807623994
COA-PWY: coenzyme A biosynthesis I (prokaryotic)|g__Tyzzerella.s__Tyzzerella_nexilis	0.4458388741
COA-PWY: coenzyme A biosynthesis I (prokaryotic)|g__Blautia.s__Blautia_wexlerae	0.0387280740
COA-PWY: coenzyme A biosynthesis I (prokaryotic)|g__Lachnospiraceae_unclassified.s__Eubacterium_rectale	0.1164472474
COA-PWY: coenzyme A biosynthesis I (prokaryotic)|g__Eggerthella.s__Eggerthella_lenta	0.5295857554
COA-PWY: coenzyme A biosynthesis I (prokaryotic)|g__Dorea.s__Dorea_formicigenerans	0.3670131687
COA-PWY: coenzyme A biosynthesis I (prokaryotic)|g__Gordonibacter.s__Gordonibacter_pamelaeae	0.6011851374
COA-PWY: coenzyme A biosynthesis I (prokaryotic)|g__Erysipelatoclostridium.s__Clostridium_innocuum	0.1623991514
COA-PWY: coenzyme A biosynthesis I (prokaryotic)|g__Lachnoclostridium.s__Clostridium_scindens	0.2416732855
COA-PWY: coenzyme A biosynthesis I (prokaryotic)|g__Blautia.s__Blautia_hydrogenotrophica	0.4176827694
TRNA-CHARGING-PWY: tRNA charging	1.0000000000
TRNA-CHARGING-PWY: tRNA charging|unclassified	0.9999980947
TRNA-CHARGING-PWY: tRNA charging|g__Anaerostipes.s__Anaerostipes_hadrus	0.0001365318
TRNA-CHARGING-PWY: tRNA charging|g__Dorea.s__Dorea_longicatena	0.0464862335
TRNA-CHARGING-PWY: tRNA charging|g__Lachnospiraceae_unclassified.s__Eubacterium_rectale	0.0043449525
PWY-6823: molybdopterin biosynthesis	1.0000000000
PWY-6823: molybdopterin biosynthesis|unclassified	1.0000000000
PWY-6823: molybdopterin biosynthesis|g__Blautia.s__Blautia_obeum	0.7610914356
PWY-6823: molybdopterin biosynthesis|g__Anaerostipes.s__Anaerostipes_hadrus	0.0030548895
PWY-6823: molybdopterin biosynthesis|g__Tyzzerella.s__Tyzzerella_nexilis	0.2052228589
PWY-6823: molybdopterin biosynthesis|g__Eggerthella.s__Eggerthella_lenta	0.7485846753
PWY-6823: molybdopterin biosynthesis|g__Lachnospiraceae_unclassified.s__Eubacterium_rectale	0.0000956685
PWY-6823: molybdopterin biosynthesis|g__Dorea.s__Dorea_formicigenerans	0.1597561625
PWY-6823: molybdopterin biosynthesis|g__Gordonibacter.s__Gordonibacter_pamelaeae	0.0011184085
NONMEVIPP-PWY: methylerythritol phosphate pathway I	1.0000000000
NONMEVIPP-PWY: methylerythritol phosphate pathway I|unclassified	1.0000000000
NONMEVIPP-PWY: methylerythritol phosphate pathway I|g__Anaerostipes.s__Anaerostipes_hadrus	0.0346637830
NONMEVIPP-PWY: methylerythritol phosphate pathway I|g__Blautia.s__Blautia_obeum	0.0008893874
NONMEVIPP-PWY: methylerythritol phosphate pathway I|g__Dorea.s__Dorea_longicatena	0.0101747467
NONMEVIPP-PWY: methylerythritol phosphate pathway I|g__Blautia.s__Blautia_hansenii	0.0000141918
NONMEVIPP-PWY: methylerythritol phosphate pathway I|g__Tyzzerella.s__Tyzzerella_nexilis	0.1453201064
NONMEVIPP-PWY: methylerythritol phosphate pathway I|g__Eggerthella.s__Eggerthella_lenta	0.1455952970
NONMEVIPP-PWY: methylerythritol phosphate pathway I|g__Blautia.s__Blautia_wexlerae	0.0000000000
NONMEVIPP-PWY: methylerythritol phosphate pathway I|g__Dorea.s__Dorea_formicigenerans	0.0668767071
ANAGLYCOLYSIS-PWY: glycolysis III (from glucose)	0.0000030720
ANAGLYCOLYSIS-PWY: glycolysis III (from glucose)|unclassified	0.0000000000
ANAGLYCOLYSIS-PWY: glycolysis III (from glucose)|g__Anaerostipes.s__Anaerostipes_hadrus	0.0031856387
ANAGLYCOLYSIS-PWY: glycolysis III (from glucose)|g__Dorea.s__Dorea_longicatena	0.0020177824
ANAGLYCOLYSIS-PWY: glycolysis III (from glucose)|g__Lachnospiraceae_unclassified.s__Eubacterium_rectale	0.0013428644
ANAGLYCOLYSIS-PWY: glycolysis III (from glucose)|g__Blautia.s__Blautia_obeum	0.0000000000
ANAGLYCOLYSIS-PWY: glycolysis III (from glucose)|g__Blautia.s__Blautia_wexlerae	0.0000000000
PWY-3841: folate transformations II (plants)	1.0000000000
PWY-3841: folate transformations II (plants)|unclassified	1.0000000000
PWY-3841: folate transformations II (plants)|g__Blautia.s__Blautia_obeum	0.8310294298
PWY-3841: folate transformations II (plants)|g__Anaerostipes.s__Anaerostipes_hadrus	0.2178187039
PWY-3841: folate transformations II (plants)|g__Lachnospiraceae_unclassified.s__Eubacterium_rectale	0.7375293482
PWY-3841: folate transformations II (plants)|g__Tyzzerella.s__Tyzzerella_nexilis	0.6542607914
PWY-3841: folate transformations II (plants)|g__Dorea.s__Dorea_longicatena	0.0000014459
PWY-3841: folate transformations II (plants)|g__Erysipelatoclostridium.s__Erysipelatoclostridium_ramosum	0.5441483703
PWY-3841: folate transformations II (plants)|g__Blautia.s__Blautia_wexlerae	0.0000000000
PWY-5097: L-lysine biosynthesis VI	0.9999999981
PWY-5097: L-lysine biosynthesis VI|unclassified	0.0327004721
PWY-5097: L-lysine biosynthesis VI|g__Anaerostipes.s__Anaerostipes_hadrus	0.0176833327
PWY-5097: L-lysine biosynthesis VI|g__Dorea.s__Dorea_longicatena	0.0031138963
PWY-5097: L-lysine biosynthesis VI|g__Blautia.s__Blautia_wexlerae	0.2103677461
PWY-5097: L-lysine biosynthesis VI|g__Blautia.s__Blautia_obeum	0.0000000293
PWY-5097: L-lysine biosynthesis VI|g__Tyzzerella.s__Tyzzerella_nexilis	0.0012455149
PWY-5097: L-lysine biosynthesis VI|g__Dorea.s__Dorea_formicigenerans	0.1965214223
PWY-6151: S-adenosyl-L-methionine salvage I	1.0000000000
PWY-6151: S-adenosyl-L-methionine salvage I|unclassified	0.9999949053
PWY-6151: S-adenosyl-L-methionine salvage I|g__Anaerostipes.s__Anaerostipes_hadrus	0.8126683724
PWY-6151: S-adenosyl-L-methionine salvage I|g__Dorea.s__Dorea_longicatena	0.1201407624
PWY-6151: S-adenosyl-L-methionine salvage I|g__Blautia.s__Blautia_hansenii	0.8599301826
PWY-6151: S-adenosyl-L-methionine salvage I|g__Dorea.s__Dorea_formicigenerans	0.9312972716
PWY-6151: S-adenosyl-L-methionine salvage I|g__Lachnospiraceae_unclassified.s__Eubacterium_rectale	0.0004659220
PWY-6151: S-adenosyl-L-methionine salvage I|g__Blautia.s__Blautia_wexlerae	0.0000626997
PWY-6151: S-adenosyl-L-methionine salvage I|g__Blautia.s__Blautia_obeum	0.0000000102
PWY-6151: S-adenosyl-L-methionine salvage I|g__Tyzzerella.s__Tyzzerella_nexilis	0.0004085296
PWY-6151: S-adenosyl-L-methionine salvage I|g__Streptococcus.s__Streptococcus_thermophilus	0.7776592353
PWY-6151: S-adenosyl-L-methionine salvage I|g__Clostridium.s__Clostridium_disporicum	0.3671258535
GLUTORN-PWY: L-ornithine biosynthesis I	1.0000000000
GLUTORN-PWY: L-ornithine biosynthesis I|unclassified	1.0000000000
GLUTORN-PWY: L-ornithine biosynthesis I|g__Anaerostipes.s__Anaerostipes_hadrus	0.0024246032
GLUTORN-PWY: L-ornithine biosynthesis I|g__Dorea.s__Dorea_longicatena	0.1061160414
GLUTORN-PWY: L-ornithine biosynthesis I|g__Blautia.s__Blautia_obeum	0.0000093674
GLUTORN-PWY: L-ornithine biosynthesis I|g__Blautia.s__Blautia_hansenii	0.0008059412
GLUTORN-PWY: L-ornithine biosynthesis I|g__Tyzzerella.s__Tyzzerella_nexilis	0.0940252555
GLUTORN-PWY: L-ornithine biosynthesis I|g__Blautia.s__Blautia_wexlerae	0.0086026924
GLUTORN-PWY: L-ornithine biosynthesis I|g__Lachnospiraceae_unclassified.s__Eubacterium_rectale	0.0000570425
GLUTORN-PWY: L-ornithine biosynthesis I|g__Dorea.s__Dorea_formicigenerans	0.1827922800
NONOXIPENT-PWY: pentose phosphate pathway (non-oxidative branch) I	1.0000000000
NONOXIPENT-PWY: pentose phosphate pathway (non-oxidative branch) I|unclassified	1.0000000000
NONOXIPENT-PWY: pentose phosphate pathway (non-oxidative branch) I|g__Anaerostipes.s__Anaerostipes_hadrus	0.9999541700
NONOXIPENT-PWY: pentose phosphate pathway (non-oxidative branch) I|g__Blautia.s__Blautia_obeum	0.9973039096
NONOXIPENT-PWY: pentose phosphate pathway (non-oxidative branch) I|g__Lachnospiraceae_unclassified.s__Eubacterium_rectale	0.4298496304
NONOXIPENT-PWY: pentose phosphate pathway (non-oxidative branch) I|g__Erysipelatoclostridium.s__Clostridium_innocuum	0.8371368028
NONOXIPENT-PWY: pentose phosphate pathway (non-oxidative branch) I|g__Blautia.s__Blautia_wexlerae	0.0000000000
NONOXIPENT-PWY: pentose phosphate pathway (non-oxidative branch) I|g__Eisenbergiella.s__Eisenbergiella_tayi	0.3805839432
NONOXIPENT-PWY: pentose phosphate pathway (non-oxidative branch) I|g__Erysipelatoclostridium.s__Erysipelatoclostridium_ramosum	0.2307012178
NONOXIPENT-PWY: pentose phosphate pathway (non-oxidative branch) I|g__Clostridium.s__Clostridium_disporicum	0.1130440750
ILEUSYN-PWY: L-isoleucine biosynthesis I (from threonine)	0.9999994607
ILEUSYN-PWY: L-isoleucine biosynthesis I (from threonine)|unclassified	0.0000006011
ILEUSYN-PWY: L-isoleucine biosynthesis I (from threonine)|g__Anaerostipes.s__Anaerostipes_hadrus	0.0328788459
ILEUSYN-PWY: L-isoleucine biosynthesis I (from threonine)|g__Dorea.s__Dorea_longicatena	0.1291044951
ILEUSYN-PWY: L-isoleucine biosynthesis I (from threonine)|g__Blautia.s__Blautia_hansenii	0.0237188857
ILEUSYN-PWY: L-isoleucine biosynthesis I (from threonine)|g__Lachnospiraceae_unclassified.s__Eubacterium_rectale	0.2439693198
ILEUSYN-PWY: L-isoleucine biosynthesis I (from threonine)|g__Blautia.s__Blautia_obeum	0.0000000043
ILEUSYN-PWY: L-isoleucine biosynthesis I (from threonine)|g__Eggerthella.s__Eggerthella_lenta	0.5859764856
ILEUSYN-PWY: L-isoleucine biosynthesis I (from threonine)|g__Blautia.s__Blautia_wexlerae	0.0000000007
ILEUSYN-PWY: L-isoleucine biosynthesis I (from threonine)|g__Dorea.s__Dorea_formicigenerans	0.3023328693
ILEUSYN-PWY: L-isoleucine biosynthesis I (from threonine)|g__Gordonibacter.s__Gordonibacter_pamelaeae	0.0763169825
COA-PWY-1: superpathway of coenzyme A biosynthesis III (mammals)	1.0000000000
COA-PWY-1: superpathway of coenzyme A biosynthesis III (mammals)|unclassified	1.0000000000
COA-PWY-1: superpathway of coenzyme A biosynthesis III (mammals)|g__Anaerostipes.s__Anaerostipes_hadrus	0.0746916692
COA-PWY-1: superpathway of coenzyme A biosynthesis III (mammals)|g__Tyzzerella.s__Tyzzerella_nexilis	0.5014113303
COA-PWY-1: superpathway of coenzyme A biosynthesis III (mammals)|g__Blautia.s__Blautia_hansenii	0.0111476886
COA-PWY-1: superpathway of coenzyme A biosynthesis III (mammals)|g__Blautia.s__Blautia_obeum	0.0000005273
COA-PWY-1: superpathway of coenzyme A biosynthesis III (mammals)|g__Eggerthella.s__Eggerthella_lenta	0.5790545802
COA-PWY-1: superpathway of coenzyme A biosynthesis III (mammals)|g__Lachnospiraceae_unclassified.s__Eubacterium_rectale	0.0079085503
COA-PWY-1: superpathway of coenzyme A biosynthesis III (mammals)|g__Blautia.s__Blautia_wexlerae	0.0024374892
COA-PWY-1: superpathway of coenzyme A biosynthesis III (mammals)|g__Dorea.s__Dorea_longicatena	0.0000000584
COA-PWY-1: superpathway of coenzyme A biosynthesis III (mammals)|g__Lachnoclostridium.s__Clostridium_scindens	0.1210070776
PWY-2942: L-lysine biosynthesis III	0.9999999978
PWY-2942: L-lysine biosynthesis III|unclassified	0.0281605278
PWY-2942: L-lysine biosynthesis III|g__Anaerostipes.s__Anaerostipes_hadrus	0.0351189958
PWY-2942: L-lysine biosynthesis III|g__Dorea.s__Dorea_longicatena	0.5733937926
PWY-2942: L-lysine biosynthesis III|g__Blautia.s__Blautia_obeum	0.0516801655
PWY-2942: L-lysine biosynthesis III|g__Tyzzerella.s__Tyzzerella_nexilis	0.1424338121
PWY-2942: L-lysine biosynthesis III|g__Blautia.s__Blautia_wexlerae	0.0017023032
PWY-2942: L-lysine biosynthesis III|g__Eggerthella.s__Eggerthella_lenta	0.6715385201
PWY-2942: L-lysine biosynthesis III|g__Dorea.s__Dorea_formicigenerans	0.2388056719
PWY-2942: L-lysine biosynthesis III|g__Gordonibacter.s__Gordonibacter_pamelaeae	0.5910112905
PWY-2942: L-lysine biosynthesis III|g__Lachnoclostridium.s__Clostridium_scindens	0.0970665810
PWY-7851: coenzyme A biosynthesis II (eukaryotic)	1.0000000000
PWY-7851: coenzyme A biosynthesis II (eukaryotic)|unclassified	1.0000000000
PWY-7851: coenzyme A biosynthesis II (eukaryotic)|g__Anaerostipes.s__Anaerostipes_hadrus	0.0606594871
PWY-7851: coenzyme A biosynthesis II (eukaryotic)|g__Tyzzerella.s__Tyzzerella_nexilis	0.4458388741
PWY-7851: coenzyme A biosynthesis II (eukaryotic)|g__Blautia.s__Blautia_hansenii	0.0089426593
PWY-7851: coenzyme A biosynthesis II (eukaryotic)|g__Blautia.s__Blautia_obeum	0.0000004218
PWY-7851: coenzyme A biosynthesis II (eukaryotic)|g__Dorea.s__Dorea_longicatena	0.0000372146
PWY-7851: coenzyme A biosynthesis II (eukaryotic)|g__Lachnospiraceae_unclassified.s__Eubacterium_rectale	0.0156475024
PWY-7851: coenzyme A biosynthesis II (eukaryotic)|g__Blautia.s__Blautia_wexlerae	0.0043452858
PWY-7851: coenzyme A biosynthesis II (eukaryotic)|g__Eggerthella.s__Eggerthella_lenta	0.5295857554
PWY-7851: coenzyme A biosynthesis II (eukaryotic)|g__Dorea.s__Dorea_formicigenerans	0.0493639037
PWY-7851: coenzyme A biosynthesis II (eukaryotic)|g__Lachnoclostridium.s__Clostridium_scindens	0.1475140573
BRANCHED-CHAIN-AA-SYN-PWY: superpathway of branched chain amino acid biosynthesis	0.9999993529
BRANCHED-CHAIN-AA-SYN-PWY: superpathway of branched chain amino acid biosynthesis|unclassified	0.0000005009
BRANCHED-CHAIN-AA-SYN-PWY: superpathway of branched chain amino acid biosynthesis|g__Anaerostipes.s__Anaerostipes_hadrus	0.0397903865
BRANCHED-CHAIN-AA-SYN-PWY: superpathway of branched chain amino acid biosynthesis|g__Dorea.s__Dorea_longicatena	0.0099821637
BRANCHED-CHAIN-AA-SYN-PWY: superpathway of branched chain amino acid biosynthesis|g__Lachnospiraceae_unclassified.s__Eubacterium_rectale	0.2575495316
BRANCHED-CHAIN-AA-SYN-PWY: superpathway of branched chain amino acid biosynthesis|g__Blautia.s__Blautia_hansenii	0.0195293610
BRANCHED-CHAIN-AA-SYN-PWY: superpathway of branched chain amino acid biosynthesis|g__Blautia.s__Blautia_obeum	0.0000000054
BRANCHED-CHAIN-AA-SYN-PWY: superpathway of branched chain amino acid biosynthesis|g__Eggerthella.s__Eggerthella_lenta	0.4503222057
BRANCHED-CHAIN-AA-SYN-PWY: superpathway of branched chain amino acid biosynthesis|g__Blautia.s__Blautia_wexlerae	0.0000000006
BRANCHED-CHAIN-AA-SYN-PWY: superpathway of branched chain amino acid biosynthesis|g__Dorea.s__Dorea_formicigenerans	0.0000353049
PWY-6700: queuosine biosynthesis I (de novo)	1.0000000000
PWY-6700: queuosine biosynthesis I (de novo)|unclassified	0.9856361783
PWY-6700: queuosine biosynthesis I (de novo)|g__Anaerostipes.s__Anaerostipes_hadrus	0.3869307789
PWY-6700: queuosine biosynthesis I (de novo)|g__Dorea.s__Dorea_longicatena	0.5590557234
PWY-6700: queuosine biosynthesis I (de novo)|g__Lachnospiraceae_unclassified.s__Eubacterium_rectale	0.1526237210
PWY-6700: queuosine biosynthesis I (de novo)|g__Blautia.s__Blautia_hansenii	0.0068866749
PWY-6700: queuosine biosynthesis I (de novo)|g__Tyzzerella.s__Tyzzerella_nexilis	0.0535821047
PWY-6700: queuosine biosynthesis I (de novo)|g__Blautia.s__Blautia_obeum	0.0000000672
PWY-6700: queuosine biosynthesis I (de novo)|g__Blautia.s__Blautia_wexlerae	0.0000875074
PWY-6700: queuosine biosynthesis I (de novo)|g__Dorea.s__Dorea_formicigenerans	0.1713197103
PWY-6700: queuosine biosynthesis I (de novo)|g__Erysipelatoclostridium.s__Erysipelatoclostridium_ramosum	0.2899355831
PWY-6527: stachyose degradation	1.0000000000
PWY-6527: stachyose degradation|unclassified	0.6141994591
PWY-6527: stachyose degradation|g__Blautia.s__Blautia_wexlerae	0.7767219560
PWY-6527: stachyose degradation|g__Blautia.s__Blautia_hansenii	0.0319454688
PWY-6527: stachyose degradation|g__Dorea.s__Dorea_longicatena	0.1823387074
PWY-6527: stachyose degradation|g__Blautia.s__Blautia_obeum	0.0117733539
PWY-6527: stachyose degradation|g__Tyzzerella.s__Tyzzerella_nexilis	0.1686728731
PWY-6527: stachyose degradation|g__Lachnospiraceae_unclassified.s__Eubacterium_rectale	0.0070908923
PWY-5103: L-isoleucine biosynthesis III	0.9999991372
PWY-5103: L-isoleucine biosynthesis III|unclassified	0.0000003757
PWY-5103: L-isoleucine biosynthesis III|g__Anaerostipes.s__Anaerostipes_hadrus	0.0215653873
PWY-5103: L-isoleucine biosynthesis III|g__Blautia.s__Blautia_hansenii	0.5473793849
PWY-5103: L-isoleucine biosynthesis III|g__Dorea.s__Dorea_longicatena	0.0922915122
PWY-5103: L-isoleucine biosynthesis III|g__Lachnospiraceae_unclassified.s__Eubacterium_rectale	0.1816049011
PWY-5103: L-isoleucine biosynthesis III|g__Blautia.s__Blautia_obeum	0.0000000027
PWY-5103: L-isoleucine biosynthesis III|g__Eggerthella.s__Eggerthella_lenta	0.5151713847
PWY-5103: L-isoleucine biosynthesis III|g__Dorea.s__Dorea_formicigenerans	0.2249703530
PWY-5103: L-isoleucine biosynthesis III|g__Blautia.s__Blautia_wexlerae	0.0000000005
PWY-5103: L-isoleucine biosynthesis III|g__Gordonibacter.s__Gordonibacter_pamelaeae	0.0568935547
PWY-6317: D-galactose degradation I (Leloir pathway)	1.0000000000
PWY-6317: D-galactose degradation I (Leloir pathway)|unclassified	0.4524146764
PWY-6317: D-galactose degradation I (Leloir pathway)|g__Anaerostipes.s__Anaerostipes_hadrus	0.3193043482
PWY-6317: D-galactose degradation I (Leloir pathway)|g__Blautia.s__Blautia_wexlerae	0.6729343214
PWY-6317: D-galactose degradation I (Leloir pathway)|g__Dorea.s__Dorea_longicatena	0.2370709517
PWY-6317: D-galactose degradation I (Leloir pathway)|g__Blautia.s__Blautia_obeum	0.0275294387
PWY-6317: D-galactose degradation I (Leloir pathway)|g__Tyzzerella.s__Tyzzerella_nexilis	0.1823320667
PWY-6317: D-galactose degradation I (Leloir pathway)|g__Dorea.s__Dorea_formicigenerans	0.1250993038
PWY-6317: D-galactose degradation I (Leloir pathway)|g__Lachnoclostridium.s__Clostridium_scindens	0.6312577816
PWY-724: superpathway of L-lysine, L-threonine and L-methionine biosynthesis II	0.7539104249
PWY-724: superpathway of L-lysine, L-threonine and L-methionine biosynthesis II|unclassified	0.0000000000
PWY-724: superpathway of L-lysine, L-threonine and L-methionine biosynthesis II|g__Anaerostipes.s__Anaerostipes_hadrus	0.0011100189
PWY-724: superpathway of L-lysine, L-threonine and L-methionine biosynthesis II|g__Dorea.s__Dorea_longicatena	0.0013696408
PYRIDNUCSYN-PWY: NAD de novo biosynthesis I (from aspartate)	0.9999999357
PYRIDNUCSYN-PWY: NAD de novo biosynthesis I (from aspartate)|unclassified	0.3879440198
PYRIDNUCSYN-PWY: NAD de novo biosynthesis I (from aspartate)|g__Anaerostipes.s__Anaerostipes_hadrus	0.3267958061
PYRIDNUCSYN-PWY: NAD de novo biosynthesis I (from aspartate)|g__Dorea.s__Dorea_longicatena	0.0000017200
P41-PWY: pyruvate fermentation to acetate and (S)-lactate I	1.0000000000
P41-PWY: pyruvate fermentation to acetate and (S)-lactate I|unclassified	0.0004556689
P41-PWY: pyruvate fermentation to acetate and (S)-lactate I|g__Anaerostipes.s__Anaerostipes_hadrus	0.4504780100
P41-PWY: pyruvate fermentation to acetate and (S)-lactate I|g__Blautia.s__Blautia_obeum	0.0871677749
P41-PWY: pyruvate fermentation to acetate and (S)-lactate I|g__Blautia.s__Blautia_wexlerae	0.5974503547
P41-PWY: pyruvate fermentation to acetate and (S)-lactate I|g__Lachnospiraceae_unclassified.s__Eubacterium_rectale	0.0001744019
P41-PWY: pyruvate fermentation to acetate and (S)-lactate I|g__Eggerthella.s__Eggerthella_lenta	0.0107594140
P41-PWY: pyruvate fermentation to acetate and (S)-lactate I|g__Clostridium.s__Clostridium_disporicum	0.6478302671
P41-PWY: pyruvate fermentation to acetate and (S)-lactate I|g__Dorea.s__Dorea_formicigenerans	0.0072809087
PWY-5100: pyruvate fermentation to acetate and lactate II	1.0000000000
PWY-5100: pyruvate fermentation to acetate and lactate II|unclassified	0.0004556689
PWY-5100: pyruvate fermentation to acetate and lactate II|g__Anaerostipes.s__Anaerostipes_hadrus	0.8529563125
PWY-5100: pyruvate fermentation to acetate and lactate II|g__Blautia.s__Blautia_obeum	0.0871677749
PWY-5100: pyruvate fermentation to acetate and lactate II|g__Blautia.s__Blautia_wexlerae	0.5974503547
PWY-5100: pyruvate fermentation to acetate and lactate II|g__Eggerthella.s__Eggerthella_lenta	0.4870890731
PWY-5100: pyruvate fermentation to acetate and lactate II|g__Lachnospiraceae_unclassified.s__Eubacterium_rectale	0.0001744019
PWY-5100: pyruvate fermentation to acetate and lactate II|g__Clostridium.s__Clostridium_disporicum	0.6478302671
PWY-5100: pyruvate fermentation to acetate and lactate II|g__Dorea.s__Dorea_formicigenerans	0.0072809087
PWY-5100: pyruvate fermentation to acetate and lactate II|g__Gordonibacter.s__Gordonibacter_pamelaeae	0.0232542039
1CMET2-PWY: folate transformations III (E. coli)	0.3472212645
1CMET2-PWY: folate transformations III (E. coli)|unclassified	0.0000000000
1CMET2-PWY: folate transformations III (E. coli)|g__Anaerostipes.s__Anaerostipes_hadrus	0.0780923789
1CMET2-PWY: folate transformations III (E. coli)|g__Blautia.s__Blautia_obeum	0.0000000392
PWY-6270: isoprene biosynthesis I	0.0000000000
PWY-6270: isoprene biosynthesis I|unclassified	0.0000000000
PWY-6270: isoprene biosynthesis I|g__Anaerostipes.s__Anaerostipes_hadrus	0.0002201359
PWY-6270: isoprene biosynthesis I|g__Dorea.s__Dorea_longicatena	0.0071710310
PWY-6936: seleno-amino acid biosynthesis (plants)	0.9999999968
PWY-6936: seleno-amino acid biosynthesis (plants)|unclassified	0.0000023989
PWY-6936: seleno-amino acid biosynthesis (plants)|g__Anaerostipes.s__Anaerostipes_hadrus	0.4699717045
PWY-6936: seleno-amino acid biosynthesis (plants)|g__Dorea.s__Dorea_formicigenerans	0.1746433268
PWY-7560: methylerythritol phosphate pathway II	0.0000000000
PWY-7560: methylerythritol phosphate pathway II|unclassified	0.0000000000
PWY-7560: methylerythritol phosphate pathway II|g__Anaerostipes.s__Anaerostipes_hadrus	0.0346637830
PWY-7560: methylerythritol phosphate pathway II|g__Dorea.s__Dorea_longicatena	0.0066499157
HSERMETANA-PWY: L-methionine biosynthesis III	0.9899422087
HSERMETANA-PWY: L-methionine biosynthesis III|unclassified	0.0000019495
HSERMETANA-PWY: L-methionine biosynthesis III|g__Anaerostipes.s__Anaerostipes_hadrus	0.6883841762
HSERMETANA-PWY: L-methionine biosynthesis III|g__Dorea.s__Dorea_longicatena	0.5472037629
HSERMETANA-PWY: L-methionine biosynthesis III|g__Blautia.s__Blautia_wexlerae	0.4545579212
HSERMETANA-PWY: L-methionine biosynthesis III|g__Blautia.s__Blautia_obeum	0.0000000059
HSERMETANA-PWY: L-methionine biosynthesis III|g__Erysipelatoclostridium.s__Clostridium_innocuum	0.3459107293
METH-ACETATE-PWY: methanogenesis from acetate	0.0000000000
METH-ACETATE-PWY: methanogenesis from acetate|unclassified	0.0000000000
METH-ACETATE-PWY: methanogenesis from acetate|g__Blautia.s__Blautia_obeum	0.4363395270
METH-ACETATE-PWY: methanogenesis from acetate|g__Blautia.s__Blautia_wexlerae	0.9070084560
PWY-6123: inosine-5'-phosphate biosynthesis I	0.0039277866
PWY-6123: inosine-5'-phosphate biosynthesis I|unclassified	0.0000000000
PWY-6123: inosine-5'-phosphate biosynthesis I|g__Anaerostipes.s__Anaerostipes_hadrus	0.0284430746
PWY-6123: inosine-5'-phosphate biosynthesis I|g__Blautia.s__Blautia_wexlerae	0.0055710365
PWY-6123: inosine-5'-phosphate biosynthesis I|g__Eggerthella.s__Eggerthella_lenta	0.3565606703
PWY-6123: inosine-5'-phosphate biosynthesis I|g__Blautia.s__Blautia_obeum	0.0000000000
PWY-6123: inosine-5'-phosphate biosynthesis I|g__Erysipelatoclostridium.s__Erysipelatoclostridium_ramosum	0.4582383164
PWY-6123: inosine-5'-phosphate biosynthesis I|g__Gordonibacter.s__Gordonibacter_pamelaeae	0.1630514843
PWY-7400: L-arginine biosynthesis IV (archaebacteria)	0.0000000000
PWY-7400: L-arginine biosynthesis IV (archaebacteria)|unclassified	0.0000000000
PWY-7357: thiamine phosphate formation from pyrithiamine and oxythiamine (yeast)	0.0000000000
PWY-7357: thiamine phosphate formation from pyrithiamine and oxythiamine (yeast)|unclassified	0.0000000000
PWY-7357: thiamine phosphate formation from pyrithiamine and oxythiamine (yeast)|g__Anaerostipes.s__Anaerostipes_hadrus	0.0161303645
PWY-7357: thiamine phosphate formation from pyrithiamine and oxythiamine (yeast)|g__Dorea.s__Dorea_longicatena	0.0711587245
PWY-7357: thiamine phosphate formation from pyrithiamine and oxythiamine (yeast)|g__Blautia.s__Blautia_obeum	0.0000000270
PWY-7357: thiamine phosphate formation from pyrithiamine and oxythiamine (yeast)|g__Lachnospiraceae_unclassified.s__Eubacterium_rectale	0.0004955993
PWY-7357: thiamine phosphate formation from pyrithiamine and oxythiamine (yeast)|g__Eggerthella.s__Eggerthella_lenta	0.0363897539
PWY-7357: thiamine phosphate formation from pyrithiamine and oxythiamine (yeast)|g__Dorea.s__Dorea_formicigenerans	0.0458285413
PWY-5188: tetrapyrrole biosynthesis I (from glutamate)	0.6008152193
PWY-5188: tetrapyrrole biosynthesis I (from glutamate)|unclassified	0.0000001404
PWY-5188: tetrapyrrole biosynthesis I (from glutamate)|g__Anaerostipes.s__Anaerostipes_hadrus	0.0068965315
PWY-5188: tetrapyrrole biosynthesis I (from glutamate)|g__Blautia.s__Blautia_wexlerae	0.2597382091
PWY-5188: tetrapyrrole biosynthesis I (from glutamate)|g__Blautia.s__Blautia_hansenii	0.0001690657
PWY-5188: tetrapyrrole biosynthesis I (from glutamate)|g__Blautia.s__Blautia_obeum	0.0000000000
PWY-7977: L-methionine biosynthesis IV	0.2100833324
PWY-7977: L-methionine biosynthesis IV|unclassified	0.0000000000
PWY-7977: L-methionine biosynthesis IV|g__Anaerostipes.s__Anaerostipes_hadrus	0.2255041426
PWY-7977: L-methionine biosynthesis IV|g__Dorea.s__Dorea_longicatena	0.3594240617
PWY-7977: L-methionine biosynthesis IV|g__Erysipelatoclostridium.s__Clostridium_innocuum	0.9202083245
PHOSLIPSYN-PWY: superpathway of phospholipid biosynthesis I (bacteria)	0.0000000000
PHOSLIPSYN-PWY: superpathway of phospholipid biosynthesis I (bacteria)|unclassified	0.0000000000
PWY-6124: inosine-5'-phosphate biosynthesis II	0.0032752996
PWY-6124: inosine-5'-phosphate biosynthesis II|unclassified	0.0000000000
PWY-6124: inosine-5'-phosphate biosynthesis II|g__Blautia.s__Blautia_wexlerae	0.9944550382
PWY-6124: inosine-5'-phosphate biosynthesis II|g__Anaerostipes.s__Anaerostipes_hadrus	0.0238390052
PWY-6124: inosine-5'-phosphate biosynthesis II|g__Eggerthella.s__Eggerthella_lenta	0.3657881683
PWY-6124: inosine-5'-phosphate biosynthesis II|g__Blautia.s__Blautia_obeum	0.0000000000
PWY-6124: inosine-5'-phosphate biosynthesis II|g__Erysipelatoclostridium.s__Erysipelatoclostridium_ramosum	0.4248106374
PWY-6124: inosine-5'-phosphate biosynthesis II|g__Gordonibacter.s__Gordonibacter_pamelaeae	0.1520714429
PWY-6124: inosine-5'-phosphate biosynthesis II|g__Erysipelatoclostridium.s__Clostridium_spiroforme	0.0040716102
PWY-8131: 5'-deoxyadenosine degradation II	0.5892281643
PWY-8131: 5'-deoxyadenosine degradation II|unclassified	0.3968147808
PWY-8131: 5'-deoxyadenosine degradation II|g__Erysipelatoclostridium.s__Clostridium_innocuum	0.4808133386
HISTSYN-PWY: L-histidine biosynthesis	0.0000000000
HISTSYN-PWY: L-histidine biosynthesis|unclassified	0.0000000000
HISTSYN-PWY: L-histidine biosynthesis|g__Blautia.s__Blautia_obeum	0.0000000131
HISTSYN-PWY: L-histidine biosynthesis|g__Lachnoclostridium.s__Clostridium_scindens	0.2099375854
PWY-7199: pyrimidine deoxyribonucleosides salvage	0.0000000000
PWY-7199: pyrimidine deoxyribonucleosides salvage|unclassified	0.0000000000
PWY-7199: pyrimidine deoxyribonucleosides salvage|g__Blautia.s__Blautia_hansenii	0.0012226483
PANTOSYN-PWY: superpathway of coenzyme A biosynthesis I (bacteria)	0.0000000000
PANTOSYN-PWY: superpathway of coenzyme A biosynthesis I (bacteria)|unclassified	0.0000000000
PANTOSYN-PWY: superpathway of coenzyme A biosynthesis I (bacteria)|g__Anaerostipes.s__Anaerostipes_hadrus	0.3096641042
PANTOSYN-PWY: superpathway of coenzyme A biosynthesis I (bacteria)|g__Dorea.s__Dorea_longicatena	0.0000001052
PANTOSYN-PWY: superpathway of coenzyme A biosynthesis I (bacteria)|g__Blautia.s__Blautia_wexlerae	0.0043522091
PANTOSYN-PWY: superpathway of coenzyme A biosynthesis I (bacteria)|g__Lachnospiraceae_unclassified.s__Eubacterium_rectale	0.0124303274
PANTOSYN-PWY: superpathway of coenzyme A biosynthesis I (bacteria)|g__Eggerthella.s__Eggerthella_lenta	0.1735521832
PANTOSYN-PWY: superpathway of coenzyme A biosynthesis I (bacteria)|g__Dorea.s__Dorea_formicigenerans	0.0918456656
RHAMCAT-PWY: L-rhamnose degradation I	0.0000295311
RHAMCAT-PWY: L-rhamnose degradation I|unclassified	0.0000177564
SER-GLYSYN-PWY: superpathway of L-serine and glycine biosynthesis I	0.0000000014
SER-GLYSYN-PWY: superpathway of L-serine and glycine biosynthesis I|unclassified	0.0000000000
SER-GLYSYN-PWY: superpathway of L-serine and glycine biosynthesis I|g__Anaerostipes.s__Anaerostipes_hadrus	0.0025420816
SER-GLYSYN-PWY: superpathway of L-serine and glycine biosynthesis I|g__Dorea.s__Dorea_longicatena	0.0142916432
SER-GLYSYN-PWY: superpathway of L-serine and glycine biosynthesis I|g__Blautia.s__Blautia_obeum	0.0000000004
SER-GLYSYN-PWY: superpathway of L-serine and glycine biosynthesis I|g__Eggerthella.s__Eggerthella_lenta	0.4495928997
SER-GLYSYN-PWY: superpathway of L-serine and glycine biosynthesis I|g__Gordonibacter.s__Gordonibacter_pamelaeae	0.5472434367
SER-GLYSYN-PWY: superpathway of L-serine and glycine biosynthesis I|g__Blautia.s__Blautia_wexlerae	0.0000000000
THISYNARA-PWY: superpathway of thiamine diphosphate biosynthesis III (eukaryotes)	0.0000000000
THISYNARA-PWY: superpathway of thiamine diphosphate biosynthesis III (eukaryotes)|unclassified	0.0000000000
THISYNARA-PWY: superpathway of thiamine diphosphate biosynthesis III (eukaryotes)|g__Lachnospiraceae_unclassified.s__Eubacterium_rectale	0.0006596597
THISYNARA-PWY: superpathway of thiamine diphosphate biosynthesis III (eukaryotes)|g__Gordonibacter.s__Gordonibacter_pamelaeae	0.3277687860
PWY-1861: formaldehyde assimilation II (assimilatory RuMP Cycle)	0.0000000000
PWY-1861: formaldehyde assimilation II (assimilatory RuMP Cycle)|g__Anaerostipes.s__Anaerostipes_hadrus	0.2188001282
PWY-1861: formaldehyde assimilation II (assimilatory RuMP Cycle)|unclassified	0.0000000000
PWY-1861: formaldehyde assimilation II (assimilatory RuMP Cycle)|g__Blautia.s__Blautia_obeum	0.0000000000
PWY-1861: formaldehyde assimilation II (assimilatory RuMP Cycle)|g__Erysipelatoclostridium.s__Clostridium_innocuum	0.2563781869
PWY-3001: superpathway of L-isoleucine biosynthesis I	0.0000000000
PWY-3001: superpathway of L-isoleucine biosynthesis I|unclassified	0.0000000000
PWY4FS-7: phosphatidylglycerol biosynthesis I (plastidic)	0.0000000000
PWY4FS-7: phosphatidylglycerol biosynthesis I (plastidic)|unclassified	0.0000000000
PWY4FS-8: phosphatidylglycerol biosynthesis II (non-plastidic)	0.0000000000
PWY4FS-8: phosphatidylglycerol biosynthesis II (non-plastidic)|unclassified	0.0000000000
PWY-6897: thiamine diphosphate salvage II	0.0000000000
PWY-6897: thiamine diphosphate salvage II|unclassified	0.0000000000
PWY-6897: thiamine diphosphate salvage II|g__Lachnospiraceae_unclassified.s__Eubacterium_rectale	0.0002188339
THRESYN-PWY: superpathway of L-threonine biosynthesis	0.0000000000
THRESYN-PWY: superpathway of L-threonine biosynthesis|unclassified	0.0000000000
THRESYN-PWY: superpathway of L-threonine biosynthesis|g__Anaerostipes.s__Anaerostipes_hadrus	0.0000000067
THRESYN-PWY: superpathway of L-threonine biosynthesis|g__Gordonibacter.s__Gordonibacter_pamelaeae	0.6224193184
THRESYN-PWY: superpathway of L-threonine biosynthesis|g__Erysipelatoclostridium.s__Clostridium_innocuum	0.1007592428
THRESYN-PWY: superpathway of L-threonine biosynthesis|g__Escherichia.s__Escherichia_coli	0.0347320147
GLUCOSE1PMETAB-PWY: glucose and glucose-1-phosphate degradation	0.0098152992
GLUCOSE1PMETAB-PWY: glucose and glucose-1-phosphate degradation|unclassified	0.0000000000
RIBOSYN2-PWY: flavin biosynthesis I (bacteria and plants)	0.0000000000
RIBOSYN2-PWY: flavin biosynthesis I (bacteria and plants)|g__Anaerostipes.s__Anaerostipes_hadrus	0.0125030129
RIBOSYN2-PWY: flavin biosynthesis I (bacteria and plants)|unclassified	0.0000000000
RIBOSYN2-PWY: flavin biosynthesis I (bacteria and plants)|g__Blautia.s__Blautia_obeum	0.0011423834
RIBOSYN2-PWY: flavin biosynthesis I (bacteria and plants)|g__Blautia.s__Blautia_hansenii	0.0000000000
RIBOSYN2-PWY: flavin biosynthesis I (bacteria and plants)|g__Dorea.s__Dorea_longicatena	0.0000000020
RIBOSYN2-PWY: flavin biosynthesis I (bacteria and plants)|g__Lachnospiraceae_unclassified.s__Eubacterium_rectale	0.0047386571
RIBOSYN2-PWY: flavin biosynthesis I (bacteria and plants)|g__Eggerthella.s__Eggerthella_lenta	0.4888095520
RIBOSYN2-PWY: flavin biosynthesis I (bacteria and plants)|g__Blautia.s__Blautia_wexlerae	0.0000000002
PANTO-PWY: phosphopantothenate biosynthesis I	0.0000000000
PANTO-PWY: phosphopantothenate biosynthesis I|unclassified	0.0000000000
PANTO-PWY: phosphopantothenate biosynthesis I|g__Anaerostipes.s__Anaerostipes_hadrus	0.6619918395
PANTO-PWY: phosphopantothenate biosynthesis I|g__Blautia.s__Blautia_obeum	0.0000389163
PANTO-PWY: phosphopantothenate biosynthesis I|g__Lachnospiraceae_unclassified.s__Eubacterium_rectale	0.0076644982
PANTO-PWY: phosphopantothenate biosynthesis I|g__Blautia.s__Blautia_wexlerae	0.0025322898
PANTO-PWY: phosphopantothenate biosynthesis I|g__Dorea.s__Dorea_longicatena	0.0000000468
PANTO-PWY: phosphopantothenate biosynthesis I|g__Eggerthella.s__Eggerthella_lenta	0.1060378295
PANTO-PWY: phosphopantothenate biosynthesis I|g__Dorea.s__Dorea_formicigenerans	0.1716375469
PANTO-PWY: phosphopantothenate biosynthesis I|g__Clostridium.s__Clostridium_disporicum	0.4041930984
PWY-7237: myo-, chiro- and scyllo-inositol degradation	0.0000000043
PWY-7237: myo-, chiro- and scyllo-inositol degradation|g__Anaerostipes.s__Anaerostipes_hadrus	1.0000000000
PWY-7237: myo-, chiro- and scyllo-inositol degradation|unclassified	0.0000000000
PWY-7237: myo-, chiro- and scyllo-inositol degradation|g__Dorea.s__Dorea_longicatena	0.9999978049
PWY-7237: myo-, chiro- and scyllo-inositol degradation|g__Blautia.s__Blautia_wexlerae	0.9999999790
PWY-7237: myo-, chiro- and scyllo-inositol degradation|g__Lachnospiraceae_unclassified.s__Eubacterium_rectale	0.0576007712
PWY-7237: myo-, chiro- and scyllo-inositol degradation|g__Blautia.s__Blautia_obeum	0.0000369162
PWY-7237: myo-, chiro- and scyllo-inositol degradation|g__Erysipelatoclostridium.s__Clostridium_innocuum	0.6322648266
PWY-7237: myo-, chiro- and scyllo-inositol degradation|g__Eisenbergiella.s__Eisenbergiella_tayi	0.5681440499
PWY-7237: myo-, chiro- and scyllo-inositol degradation|g__Clostridium.s__Clostridium_disporicum	0.2209652436
OANTIGEN-PWY: O-antigen building blocks biosynthesis (E. coli)	0.0000000000
OANTIGEN-PWY: O-antigen building blocks biosynthesis (E. coli)|unclassified	0.0000000000
OANTIGEN-PWY: O-antigen building blocks biosynthesis (E. coli)|g__Eggerthella.s__Eggerthella_lenta	0.3662347856
PWY-7229: superpathway of adenosine nucleotides de novo biosynthesis I	0.0000000000
PWY-7229: superpathway of adenosine nucleotides de novo biosynthesis I|unclassified	0.0000000000
PWY-7229: superpathway of adenosine nucleotides de novo biosynthesis I|g__Eggerthella.s__Eggerthella_lenta	0.2608743058
PWY-7229: superpathway of adenosine nucleotides de novo biosynthesis I|g__Erysipelatoclostridium.s__Clostridium_innocuum	0.0633196169
PWY-5695: inosine 5'-phosphate degradation	0.0000000000
PWY-5695: inosine 5'-phosphate degradation|unclassified	0.0000000000
PWY-5695: inosine 5'-phosphate degradation|g__Anaerostipes.s__Anaerostipes_hadrus	0.0391058946
PWY-5695: inosine 5'-phosphate degradation|g__Dorea.s__Dorea_longicatena	0.0001002519
PWY-5695: inosine 5'-phosphate degradation|g__Blautia.s__Blautia_wexlerae	0.0573500051
PWY-5695: inosine 5'-phosphate degradation|g__Blautia.s__Blautia_obeum	0.0000000278
PWY-5695: inosine 5'-phosphate degradation|g__Lachnoclostridium.s__Clostridium_scindens	0.5657592492
PWY-6628: superpathway of L-phenylalanine biosynthesis	0.0000000000
PWY-6628: superpathway of L-phenylalanine biosynthesis|unclassified	0.0000000000
COBALSYN-PWY: superpathway of adenosylcobalamin salvage from cobinamide I	0.0000000000
COBALSYN-PWY: superpathway of adenosylcobalamin salvage from cobinamide I|unclassified	0.0000000000
COBALSYN-PWY: superpathway of adenosylcobalamin salvage from cobinamide I|g__Dorea.s__Dorea_longicatena	0.1472999551
COBALSYN-PWY: superpathway of adenosylcobalamin salvage from cobinamide I|g__Blautia.s__Blautia_wexlerae	0.0024365896
COBALSYN-PWY: superpathway of adenosylcobalamin salvage from cobinamide I|g__Blautia.s__Blautia_obeum	0.0000000029
PWY-7208: superpathway of pyrimidine nucleobases salvage	0.0000000000
PWY-7208: superpathway of pyrimidine nucleobases salvage|unclassified	0.0000000000
PWY-7208: superpathway of pyrimidine nucleobases salvage|g__Eggerthella.s__Eggerthella_lenta	0.0297863146
PWY-7208: superpathway of pyrimidine nucleobases salvage|g__Erysipelatoclostridium.s__Clostridium_innocuum	0.2192911103
PWY-7208: superpathway of pyrimidine nucleobases salvage|g__Blautia.s__Blautia_obeum	0.0000000000
PWY-841: superpathway of purine nucleotides de novo biosynthesis I	0.0000000000
PWY-841: superpathway of purine nucleotides de novo biosynthesis I|unclassified	0.0000000000
PWY-841: superpathway of purine nucleotides de novo biosynthesis I|g__Eggerthella.s__Eggerthella_lenta	0.4217599720
GOLPDLCAT-PWY: superpathway of glycerol degradation to 1,3-propanediol	0.0000000000
GOLPDLCAT-PWY: superpathway of glycerol degradation to 1,3-propanediol|unclassified	0.0000000000
GOLPDLCAT-PWY: superpathway of glycerol degradation to 1,3-propanediol|g__Anaerostipes.s__Anaerostipes_hadrus	0.0002153990
P164-PWY: purine nucleobases degradation I (anaerobic)	0.0000000000
P164-PWY: purine nucleobases degradation I (anaerobic)|unclassified	0.0000000000
PWY0-1297: superpathway of purine deoxyribonucleosides degradation	0.0000000000
PWY0-1297: superpathway of purine deoxyribonucleosides degradation|unclassified	0.0000000000
P461-PWY: hexitol fermentation to lactate, formate, ethanol and acetate	0.0000000000
P461-PWY: hexitol fermentation to lactate, formate, ethanol and acetate|g__Anaerostipes.s__Anaerostipes_hadrus	0.6535115574
P461-PWY: hexitol fermentation to lactate, formate, ethanol and acetate|unclassified	0.0000000000
P461-PWY: hexitol fermentation to lactate, formate, ethanol and acetate|g__Erysipelatoclostridium.s__Clostridium_innocuum	0.8149846126
PWY66-409: superpathway of purine nucleotide salvage	0.0000000000
PWY66-409: superpathway of purine nucleotide salvage|unclassified	0.0000000000
GLUCONEO-PWY: gluconeogenesis I	0.0000000000
GLUCONEO-PWY: gluconeogenesis I|unclassified	0.0000000000
PWY-6608: guanosine nucleotides degradation III	0.0000000000
PWY-6608: guanosine nucleotides degradation III|unclassified	0.0000000000
PWY-6608: guanosine nucleotides degradation III|g__Anaerostipes.s__Anaerostipes_hadrus	0.0391058946
PWY-6608: guanosine nucleotides degradation III|g__Dorea.s__Dorea_longicatena	0.0001002519
PWY-6608: guanosine nucleotides degradation III|g__Blautia.s__Blautia_wexlerae	0.0572843972
PWY-6608: guanosine nucleotides degradation III|g__Blautia.s__Blautia_obeum	0.0000000278
PWY-6353: purine nucleotides degradation II (aerobic)	0.0000000000
PWY-6353: purine nucleotides degradation II (aerobic)|unclassified	0.0000000000
PWY0-1586: peptidoglycan maturation (meso-diaminopimelate containing)	0.0000000000
PWY0-1586: peptidoglycan maturation (meso-diaminopimelate containing)|unclassified	0.0000000000
PWY0-1586: peptidoglycan maturation (meso-diaminopimelate containing)|g__Anaerostipes.s__Anaerostipes_hadrus	0.2778356656
PWY0-1586: peptidoglycan maturation (meso-diaminopimelate containing)|g__Eggerthella.s__Eggerthella_lenta	0.3694775455
PWY0-1586: peptidoglycan maturation (meso-diaminopimelate containing)|g__Clostridium.s__Clostridium_disporicum	0.5210329883
ASPASN-PWY: superpathway of L-aspartate and L-asparagine biosynthesis	0.0000000000
ASPASN-PWY: superpathway of L-aspartate and L-asparagine biosynthesis|unclassified	0.0000000000
ASPASN-PWY: superpathway of L-aspartate and L-asparagine biosynthesis|g__Blautia.s__Blautia_obeum	0.0000035422
ASPASN-PWY: superpathway of L-aspartate and L-asparagine biosynthesis|g__Blautia.s__Blautia_wexlerae	0.0000000000
PWY-5659: GDP-mannose biosynthesis	0.0000000000
PWY-5659: GDP-mannose biosynthesis|unclassified	0.0000000000
PWY-5659: GDP-mannose biosynthesis|g__Lachnospiraceae_unclassified.s__Eubacterium_rectale	0.9701658104
PWY-5659: GDP-mannose biosynthesis|g__Clostridium.s__Clostridium_disporicum	0.4013857256
PWY0-162: superpathway of pyrimidine ribonucleotides de novo biosynthesis	0.0000000000
PWY0-162: superpathway of pyrimidine ribonucleotides de novo biosynthesis|unclassified	0.0000000000
PWY-5676: acetyl-CoA fermentation to butanoate II	0.0000000000
PWY-5676: acetyl-CoA fermentation to butanoate II|g__Anaerostipes.s__Anaerostipes_hadrus	0.0038111572
PWY-5676: acetyl-CoA fermentation to butanoate II|unclassified	0.0000000000
PWY-6126: superpathway of adenosine nucleotides de novo biosynthesis II	0.0000000000
PWY-6126: superpathway of adenosine nucleotides de novo biosynthesis II|unclassified	0.0000000000
PWY-6126: superpathway of adenosine nucleotides de novo biosynthesis II|g__Eggerthella.s__Eggerthella_lenta	0.2851514360
PWY-6126: superpathway of adenosine nucleotides de novo biosynthesis II|g__Erysipelatoclostridium.s__Clostridium_innocuum	0.0725470204
PWY-6630: superpathway of L-tyrosine biosynthesis	0.0000000000
PWY-6630: superpathway of L-tyrosine biosynthesis|unclassified	0.0000000000
PWY-6703: preQ0 biosynthesis	0.0000000000
PWY-6703: preQ0 biosynthesis|unclassified	0.0000000000
PWY-6703: preQ0 biosynthesis|g__Anaerostipes.s__Anaerostipes_hadrus	0.3115141528
PWY-6703: preQ0 biosynthesis|g__Blautia.s__Blautia_obeum	0.0000131827
PWY-5384: sucrose degradation IV (sucrose phosphorylase)	0.0000000000
PWY-5384: sucrose degradation IV (sucrose phosphorylase)|g__Anaerostipes.s__Anaerostipes_hadrus	0.9901649724
PWY-5384: sucrose degradation IV (sucrose phosphorylase)|unclassified	0.0000000000
PWY-5384: sucrose degradation IV (sucrose phosphorylase)|g__Clostridium.s__Clostridium_disporicum	0.2646249533
UDPNAGSYN-PWY: UDP-N-acetyl-D-glucosamine biosynthesis I	0.0000000000
UDPNAGSYN-PWY: UDP-N-acetyl-D-glucosamine biosynthesis I|unclassified	0.0000000000
UDPNAGSYN-PWY: UDP-N-acetyl-D-glucosamine biosynthesis I|g__Eggerthella.s__Eggerthella_lenta	0.7659632649
UDPNAGSYN-PWY: UDP-N-acetyl-D-glucosamine biosynthesis I|g__Clostridium.s__Clostridium_disporicum	0.3596607666
PWY-621: sucrose degradation III (sucrose invertase)	0.0000000000
PWY-621: sucrose degradation III (sucrose invertase)|g__Anaerostipes.s__Anaerostipes_hadrus	0.9999932709
PWY-621: sucrose degradation III (sucrose invertase)|g__Streptococcus.s__Streptococcus_thermophilus	0.2731675432
PWY-621: sucrose degradation III (sucrose invertase)|unclassified	0.0000000000
SALVADEHYPOX-PWY: adenosine nucleotides degradation II	0.0000000000
SALVADEHYPOX-PWY: adenosine nucleotides degradation II|unclassified	0.0000000000
SALVADEHYPOX-PWY: adenosine nucleotides degradation II|g__Anaerostipes.s__Anaerostipes_hadrus	0.0483541992
DAPLYSINESYN-PWY: L-lysine biosynthesis I	0.0000000000
PWY-5973: cis-vaccenate biosynthesis	0.0000000000
PWY-5973: cis-vaccenate biosynthesis|unclassified	0.0000000000
PWY-7228: superpathway of guanosine nucleotides de novo biosynthesis I	0.0000000000
PWY-7228: superpathway of guanosine nucleotides de novo biosynthesis I|unclassified	0.0000000000
PWY-7228: superpathway of guanosine nucleotides de novo biosynthesis I|g__Eggerthella.s__Eggerthella_lenta	0.7798504202
PWY-7228: superpathway of guanosine nucleotides de novo biosynthesis I|g__Gordonibacter.s__Gordonibacter_pamelaeae	0.5116487587
PWY-6606: guanosine nucleotides degradation II	0.0000000000
PWY-6606: guanosine nucleotides degradation II|unclassified	0.0000000000
PWY-I9: L-cysteine biosynthesis VI (from L-methionine)	0.0000000000
PWY-I9: L-cysteine biosynthesis VI (from L-methionine)|unclassified	0.0000000000
PWY-I9: L-cysteine biosynthesis VI (from L-methionine)|g__Anaerostipes.s__Anaerostipes_hadrus	0.0668524215
GLYCOLYSIS: glycolysis I (from glucose 6-phosphate)	0.0000000000
GLYCOLYSIS: glycolysis I (from glucose 6-phosphate)|unclassified	0.0000000000
PWY-5367: petroselinate biosynthesis	0.0000000000
PWY-5367: petroselinate biosynthesis|unclassified	0.0000000000
PWY-2941: L-lysine biosynthesis II	0.0000000000
PWY-2941: L-lysine biosynthesis II|unclassified	0.0000000000
PWY-2941: L-lysine biosynthesis II|g__Erysipelatoclostridium.s__Clostridium_innocuum	0.4579014409
P185-PWY: formaldehyde assimilation III (dihydroxyacetone cycle)	0.0000000000
P185-PWY: formaldehyde assimilation III (dihydroxyacetone cycle)|unclassified	0.0000000000
PWY-8187: L-arginine degradation XIII (reductive Stickland reaction)	0.0000000000
PWY-8187: L-arginine degradation XIII (reductive Stickland reaction)|unclassified	0.0000000000
PWY-8187: L-arginine degradation XIII (reductive Stickland reaction)|g__Eggerthella.s__Eggerthella_lenta	0.7297500019
PWY-8187: L-arginine degradation XIII (reductive Stickland reaction)|g__Escherichia.s__Escherichia_coli	0.5787585739
PWY-6125: superpathway of guanosine nucleotides de novo biosynthesis II	0.0000000000
PWY-6125: superpathway of guanosine nucleotides de novo biosynthesis II|unclassified	0.0000000000
PWY-6125: superpathway of guanosine nucleotides de novo biosynthesis II|g__Eggerthella.s__Eggerthella_lenta	0.7551799870
ARG+POLYAMINE-SYN: superpathway of arginine and polyamine biosynthesis	0.0000000000
ARG+POLYAMINE-SYN: superpathway of arginine and polyamine biosynthesis|unclassified	0.0000000000
PWY-5154: L-arginine biosynthesis III (via N-acetyl-L-citrulline)	0.0000000000
PWY-5154: L-arginine biosynthesis III (via N-acetyl-L-citrulline)|unclassified	0.0000000000
COLANSYN-PWY: colanic acid building blocks biosynthesis	0.0000000000
COLANSYN-PWY: colanic acid building blocks biosynthesis|unclassified	0.0000000000
PWY-6731: starch degradation III	0.0000000000
PWY-6731: starch degradation III|unclassified	0.0000000000
PWY-6731: starch degradation III|g__Blautia.s__Blautia_wexlerae	0.0074098961
PWY-6731: starch degradation III|g__Blautia.s__Blautia_obeum	0.0000000002
PWY-6731: starch degradation III|g__Clostridium.s__Clostridium_disporicum	0.2895656425
PWY-702: L-methionine biosynthesis II	0.0000000000
PWY-702: L-methionine biosynthesis II|unclassified	0.0000000000
PWY-7328: superpathway of UDP-glucose-derived O-antigen building blocks biosynthesis	0.0000000000
PWY-7328: superpathway of UDP-glucose-derived O-antigen building blocks biosynthesis|unclassified	0.0000000000
GALACTUROCAT-PWY: D-galacturonate degradation I	0.0000000000
GALACTUROCAT-PWY: D-galacturonate degradation I|unclassified	0.0000000000
ANAEROFRUCAT-PWY: homolactic fermentation	0.0000000000
ANAEROFRUCAT-PWY: homolactic fermentation|unclassified	0.0000000000
PWY-7761: NAD salvage pathway II (PNC IV cycle)	0.0000000000
PWY-7761: NAD salvage pathway II (PNC IV cycle)|unclassified	0.0000000000
PPGPPMET-PWY: ppGpp metabolism	0.0000000000
PWY-6507: 4-deoxy-L-threo-hex-4-enopyranuronate degradation	0.0000000000
PWY-6507: 4-deoxy-L-threo-hex-4-enopyranuronate degradation|unclassified	0.0000000000
PWY-5121: superpathway of geranylgeranyl diphosphate biosynthesis II (via MEP)	0.0000000000
PWY-5121: superpathway of geranylgeranyl diphosphate biosynthesis II (via MEP)|unclassified	0.0000000000
PWY-7242: D-fructuronate degradation	0.0000000000
PWY-7242: D-fructuronate degradation|unclassified	0.0000000000
PWY-7013: (S)-propane-1,2-diol degradation	0.0000000000
PWY-7013: (S)-propane-1,2-diol degradation|unclassified	0.0000000000
PWY-6470: peptidoglycan biosynthesis V (&beta;-lactam resistance)	0.0000000000
PWY-6470: peptidoglycan biosynthesis V (&beta;-lactam resistance)|unclassified	0.0000000000
PWY-7220: adenosine deoxyribonucleotides de novo biosynthesis II	0.0000000000
PWY-7220: adenosine deoxyribonucleotides de novo biosynthesis II|unclassified	0.0000000000
PWY-7220: adenosine deoxyribonucleotides de novo biosynthesis II|g__Eggerthella.s__Eggerthella_lenta	0.7317346859
PWY-7220: adenosine deoxyribonucleotides de novo biosynthesis II|g__Erysipelatoclostridium.s__Clostridium_innocuum	0.5895913015
PWY-7222: guanosine deoxyribonucleotides de novo biosynthesis II	0.0000000000
PWY-7222: guanosine deoxyribonucleotides de novo biosynthesis II|unclassified	0.0000000000
PWY-7222: guanosine deoxyribonucleotides de novo biosynthesis II|g__Eggerthella.s__Eggerthella_lenta	0.7317346859
PWY-7222: guanosine deoxyribonucleotides de novo biosynthesis II|g__Erysipelatoclostridium.s__Clostridium_innocuum	0.5895913015
PWY-5484: glycolysis II (from fructose 6-phosphate)	0.0000000000
PWY-5484: glycolysis II (from fructose 6-phosphate)|unclassified	0.0000000000
PWY0-1298: superpathway of pyrimidine deoxyribonucleosides degradation	0.0000000000
PWY0-1298: superpathway of pyrimidine deoxyribonucleosides degradation|unclassified	0.0000000000
PWY-7356: thiamine diphosphate salvage IV (yeast)	0.0000000000
PWY-7356: thiamine diphosphate salvage IV (yeast)|unclassified	0.0000000000
LACTOSECAT-PWY: lactose and galactose degradation I	0.0000000000
LACTOSECAT-PWY: lactose and galactose degradation I|unclassified	0.0000000000
LACTOSECAT-PWY: lactose and galactose degradation I|g__Anaerostipes.s__Anaerostipes_hadrus	0.0000000000
LACTOSECAT-PWY: lactose and galactose degradation I|g__Lactococcus.s__Lactococcus_lactis	0.4538256713
PENTOSE-P-PWY: pentose phosphate pathway	0.0000000000
PENTOSE-P-PWY: pentose phosphate pathway|unclassified	0.0000000000
PENTOSE-P-PWY: pentose phosphate pathway|g__Erysipelatoclostridium.s__Clostridium_innocuum	0.1265102155
PWY-6901: superpathway of glucose and xylose degradation	0.0000000000
PWY-6901: superpathway of glucose and xylose degradation|unclassified	0.0000000000
PWY-5723: Rubisco shunt	0.0000000000
PWY-7345: superpathway of anaerobic sucrose degradation	0.0000000000
PWY-7197: pyrimidine deoxyribonucleotide phosphorylation	0.0000000000
PWY-7197: pyrimidine deoxyribonucleotide phosphorylation|unclassified	0.0000000000
PWY-7197: pyrimidine deoxyribonucleotide phosphorylation|g__Eggerthella.s__Eggerthella_lenta	0.3601630674
PWY-7197: pyrimidine deoxyribonucleotide phosphorylation|g__Streptococcus.s__Streptococcus_thermophilus	0.6558257716
P441-PWY: superpathway of N-acetylneuraminate degradation	0.0000000000
POLYAMSYN-PWY: superpathway of polyamine biosynthesis I	0.0000000000
POLYAMSYN-PWY: superpathway of polyamine biosynthesis I|unclassified	0.0000000000
PWY4LZ-257: superpathway of fermentation (Chlamydomonas reinhardtii)	0.0000000000
PWY4LZ-257: superpathway of fermentation (Chlamydomonas reinhardtii)|unclassified	0.0000000000
PWY-7117: C4 photosynthetic carbon assimilation cycle, PEPCK type	0.0000000000
PWY-7117: C4 photosynthetic carbon assimilation cycle, PEPCK type|unclassified	0.0000000000
PWY-5265: peptidoglycan biosynthesis II (staphylococci)	0.0000000000
GLCMANNANAUT-PWY: superpathway of N-acetylglucosamine, N-acetylmannosamine and N-acetylneuraminate degradation	0.0000000000
PWY-241: C4 photosynthetic carbon assimilation cycle, NADP-ME type	0.0000000000
PWY-241: C4 photosynthetic carbon assimilation cycle, NADP-ME type|unclassified	0.0000000000
HISDEG-PWY: L-histidine degradation I	0.0000000000
HISDEG-PWY: L-histidine degradation I|g__Blautia.s__Blautia_hansenii	0.6811666379
HISDEG-PWY: L-histidine degradation I|unclassified	0.0000000000
PWY0-1477: ethanolamine utilization	0.0000000000
PWY0-1477: ethanolamine utilization|unclassified	0.0000000000
PWY-7198: pyrimidine deoxyribonucleotides de novo biosynthesis IV	0.0000000000
PWY-7198: pyrimidine deoxyribonucleotides de novo biosynthesis IV|unclassified	0.0000000000
P161-PWY: acetylene degradation (anaerobic)	0.0000000000
P161-PWY: acetylene degradation (anaerobic)|unclassified	0.0000000000
PWY1ZNC-1: assimilatory sulfate reduction IV	0.0000000000
PWY1ZNC-1: assimilatory sulfate reduction IV|unclassified	0.0000000000
PWY-4041: &gamma;-glutamyl cycle	0.0000000000
PWY-4041: &gamma;-glutamyl cycle|unclassified	0.0000000000
PWY-5005: biotin biosynthesis II	0.0000000000
PWY-5005: biotin biosynthesis II|unclassified	0.0000000000
PWY-5345: superpathway of L-methionine biosynthesis (by sulfhydrylation)	0.0000000000
PWY-5345: superpathway of L-methionine biosynthesis (by sulfhydrylation)|unclassified	0.0000000000
GLUCUROCAT-PWY: superpathway of &beta;-D-glucuronosides degradation	0.0000000000
GLUCUROCAT-PWY: superpathway of &beta;-D-glucuronosides degradation|unclassified	0.0000000000
GLYCOLYSIS-E-D: superpathway of glycolysis and the Entner-Doudoroff pathway	0.0000000000
GLYCOLYSIS-E-D: superpathway of glycolysis and the Entner-Doudoroff pathway|unclassified	0.0000000000
PWY0-1061: superpathway of L-alanine biosynthesis	0.0000000000
PWY0-1061: superpathway of L-alanine biosynthesis|g__Lachnospiraceae_unclassified.s__Eubacterium_rectale	0.1303438252
PWY-6549: L-glutamine biosynthesis III	0.0000000000
PWY-7315: dTDP-N-acetylthomosamine biosynthesis	0.0000000000
PWY-7315: dTDP-N-acetylthomosamine biosynthesis|g__Lachnospiraceae_unclassified.s__Eubacterium_rectale	0.4944453016
PWY-6292: superpathway of L-cysteine biosynthesis (mammalian)	0.0000000000
PWY-8004: Entner-Doudoroff pathway I	0.0000000000
PWY-8004: Entner-Doudoroff pathway I|unclassified	0.0000000000
SULFATE-CYS-PWY: superpathway of sulfate assimilation and cysteine biosynthesis	0.0000000000
SULFATE-CYS-PWY: superpathway of sulfate assimilation and cysteine biosynthesis|unclassified	0.0000000000
PWY-6305: superpathway of putrescine biosynthesis	0.0000000000
PWY-6305: superpathway of putrescine biosynthesis|unclassified	0.0000000000
PWY-7115: C4 photosynthetic carbon assimilation cycle, NAD-ME type	0.0000000000
PYRIDNUCSAL-PWY: NAD salvage pathway I (PNC VI cycle)	0.0000000000
HEMESYN2-PWY: heme b biosynthesis II (oxygen-independent)	0.0000000000
HEMESYN2-PWY: heme b biosynthesis II (oxygen-independent)|unclassified	0.0000000000
PWY66-399: gluconeogenesis III	0.0000000000
RUMP-PWY: formaldehyde oxidation I	0.0000000000
RUMP-PWY: formaldehyde oxidation I|unclassified	0.0000000000
PWY3O-4107: NAD salvage pathway V (PNC V cycle)	0.0000000000
P42-PWY: incomplete reductive TCA cycle	0.0000000000
PWY0-1261: anhydromuropeptides recycling I	0.0000000000
PWY0-1261: anhydromuropeptides recycling I|unclassified	0.0000000000
GLUCARDEG-PWY: D-glucarate degradation I	0.0000000000
GALACTARDEG-PWY: D-galactarate degradation I	0.0000000000
GLUCARGALACTSUPER-PWY: superpathway of D-glucarate and D-galactarate degradation	0.0000000000
PWY-7282: 4-amino-2-methyl-5-diphosphomethylpyrimidine biosynthesis II	0.0000000000
KETOGLUCONMET-PWY: ketogluconate metabolism	0.0000000000
PWY-5913: partial TCA cycle (obligate autotrophs)	0.0000000000
PWY-6168: flavin biosynthesis III (fungi)	0.0000000000
PWY-6168: flavin biosynthesis III (fungi)|unclassified	0.0000000000
PWY-6895: superpathway of thiamine diphosphate biosynthesis II	0.0000000000
PWY-6895: superpathway of thiamine diphosphate biosynthesis II|unclassified	0.0000000000
PWY-5136: fatty acid &beta;-oxidation II (plant peroxisome)	0.0000000000
PWY-5136: fatty acid &beta;-oxidation II (plant peroxisome)|unclassified	0.0000000000
PWY0-781: aspartate superpathway	0.0000000000
PWY-5837: 2-carboxy-1,4-naphthoquinol biosynthesis	0.0000000000
PWY-7383: anaerobic energy metabolism (invertebrates, cytosol)	0.0000000000
PWY-7383: anaerobic energy metabolism (invertebrates, cytosol)|unclassified	0.0000000000
PWY-5989: stearate biosynthesis II (bacteria and plants)	0.0000000000
PWY-5989: stearate biosynthesis II (bacteria and plants)|unclassified	0.0000000000
PWY-6969: TCA cycle V (2-oxoglutarate synthase)	0.0000000000
P4-PWY: superpathway of L-lysine, L-threonine and L-methionine biosynthesis I	0.0000000000
PWY-821: superpathway of sulfur amino acid biosynthesis (Saccharomyces cerevisiae)	0.0000000000
PWY-821: superpathway of sulfur amino acid biosynthesis (Saccharomyces cerevisiae)|unclassified	0.0000000000
SO4ASSIM-PWY: assimilatory sulfate reduction I	0.0000000000
SO4ASSIM-PWY: assimilatory sulfate reduction I|unclassified	0.0000000000
PWY-7234: inosine-5'-phosphate biosynthesis III	0.0000000000
PWY-7234: inosine-5'-phosphate biosynthesis III|unclassified	0.0000000000
PWY-5104: L-isoleucine biosynthesis IV	0.0000000000
PWY-5981: CDP-diacylglycerol biosynthesis III	0.0000000000
PWY-6590: superpathway of Clostridium acetobutylicum acidogenic fermentation	0.0000000000
HEXITOLDEGSUPER-PWY: superpathway of hexitol degradation (bacteria)	0.0000000000
PWY-7663: gondoate biosynthesis (anaerobic)	0.0000000000
PWY-7663: gondoate biosynthesis (anaerobic)|unclassified	0.0000000000
PWY-6293: superpathway of L-cysteine biosynthesis (fungi)	0.0000000000
PWY-6876: isopropanol biosynthesis (engineered)	0.0000000000
PWY-6961: L-ascorbate degradation II (bacterial, aerobic)	0.0000000000
PWY-6961: L-ascorbate degradation II (bacterial, aerobic)|unclassified	0.0000000000
CENTFERM-PWY: pyruvate fermentation to butanoate	0.0000000000
PWY-6902: chitin degradation II (Vibrio)	0.0000000000
PWY-6902: chitin degradation II (Vibrio)|unclassified	0.0000000000
MET-SAM-PWY: superpathway of S-adenosyl-L-methionine biosynthesis	0.0000000000
PWY-5347: superpathway of L-methionine biosynthesis (transsulfuration)	0.0000000000
PWY-7323: superpathway of GDP-mannose-derived O-antigen building blocks biosynthesis	0.0000000000
PWY-7323: superpathway of GDP-mannose-derived O-antigen building blocks biosynthesis|unclassified	0.0000000000
PWY0-301: L-ascorbate degradation I (bacterial, anaerobic)	0.0000000000
PWY0-301: L-ascorbate degradation I (bacterial, anaerobic)|unclassified	0.0000000000
METSYN-PWY: superpathway of L-homoserine and L-methionine biosynthesis	0.0000000000
FAO-PWY: fatty acid &beta;-oxidation I (generic)	0.0000000000
FAO-PWY: fatty acid &beta;-oxidation I (generic)|unclassified	0.0000000000
PWY0-1479: tRNA processing	0.0000000000
PWY0-1479: tRNA processing|unclassified	0.0000000000
PWY-7118: chitin deacetylation	0.0000000000
CITRULBIO-PWY: L-citrulline biosynthesis	0.0000000000
CITRULBIO-PWY: L-citrulline biosynthesis|unclassified	0.0000000000
PWY-801: homocysteine and cysteine interconversion	0.0000000000
PWY-5840: superpathway of menaquinol-7 biosynthesis	0.0000000000
PWY-5897: superpathway of menaquinol-11 biosynthesis	0.0000000000
PWY-5898: superpathway of menaquinol-12 biosynthesis	0.0000000000
PWY-5899: superpathway of menaquinol-13 biosynthesis	0.0000000000
METHGLYUT-PWY: superpathway of methylglyoxal degradation	0.0000000000
PWY0-845: superpathway of pyridoxal 5'-phosphate biosynthesis and salvage	0.0000000000
GALACT-GLUCUROCAT-PWY: superpathway of hexuronide and hexuronate degradation	0.0000000000
GALACT-GLUCUROCAT-PWY: superpathway of hexuronide and hexuronate degradation|unclassified	0.0000000000
PWY-5030: L-histidine degradation III	0.0000000000
PWY-5030: L-histidine degradation III|unclassified	0.0000000000
PWY-5497: purine nucleobases degradation II (anaerobic)	0.0000000000
PWY-5497: purine nucleobases degradation II (anaerobic)|unclassified	0.0000000000
ARGININE-SYN4-PWY: L-ornithine biosynthesis II	0.0000000000
ARGININE-SYN4-PWY: L-ornithine biosynthesis II|unclassified	0.0000000000
HOMOSER-METSYN-PWY: L-methionine biosynthesis I	0.0000000000
PWY-8134: bile acid 7&beta;-dehydroxylation	0.0000000000
PWY-7754: bile acid 7&alpha;-dehydroxylation	0.0000000000
GALACTITOLCAT-PWY: galactitol degradation	0.0000000000
GALACTITOLCAT-PWY: galactitol degradation|unclassified	0.0000000000
PWY-6803: phosphatidylcholine acyl editing	0.0000000000
PWY-6803: phosphatidylcholine acyl editing|g__Escherichia.s__Escherichia_coli	0.1936440002
PWY-5138: fatty acid &beta;-oxidation IV (unsaturated, even number)	0.0000000000
PWY-5138: fatty acid &beta;-oxidation IV (unsaturated, even number)|unclassified	0.0000000000
PYRIDOXSYN-PWY: pyridoxal 5'-phosphate biosynthesis I	0.0000000000
PWY0-1415: superpathway of heme b biosynthesis from uroporphyrinogen-III	0.0000000000
HEME-BIOSYNTHESIS-II-1: heme b biosynthesis V (aerobic)	0.0000000000
PWY-1269: CMP-3-deoxy-D-manno-octulosonate biosynthesis	0.0000000000
LIPASYN-PWY: phospholipases	0.0000000000
PWY-7409: phospholipid remodeling (phosphatidylethanolamine, yeast)	0.0000000000
PWY-7783: plasmalogen degradation	0.0000000000
PWY-7385: 1,3-propanediol biosynthesis (engineered)	0.0000000000
PWY-7385: 1,3-propanediol biosynthesis (engineered)|unclassified	0.0000000000
PWY0-1241: ADP-L-glycero-&beta;-D-manno-heptose biosynthesis	0.0000000000