# Pathway	merged_JTT-15220354Week-4_S203_L002__kneaddata_paired_Coverage
UNMAPPED	1.0000000000
UNINTEGRATED	1.0000000000
UNINTEGRATED|g__Akkermansia.s__Akkermansia_muciniphila	1.0000000000
UNINTEGRATED|g__Alistipes.s__Alistipes_putredinis	1.0000000000
UNINTEGRATED|g__Asaccharobacter.s__Asaccharobacter_celatus	1.0000000000
UNINTEGRATED|g__Bacteroides.s__Bacteroides_cellulosilyticus	1.0000000000
UNINTEGRATED|g__Bacteroides.s__Bacteroides_ovatus	1.0000000000
UNINTEGRATED|g__Bacteroides.s__Bacteroides_stercoris	1.0000000000
UNINTEGRATED|g__Bacteroides.s__Bacteroides_thetaiotaomicron	1.0000000000
UNINTEGRATED|g__Bifidobacterium.s__Bifidobacterium_adolescentis	1.0000000000
UNINTEGRATED|g__Blautia.s__Blautia_hydrogenotrophica	1.0000000000
UNINTEGRATED|g__Blautia.s__Blautia_obeum	1.0000000000
UNINTEGRATED|g__Blautia.s__Blautia_wexlerae	1.0000000000
UNINTEGRATED|g__Collinsella.s__Collinsella_aerofaciens	1.0000000000
UNINTEGRATED|g__Dorea.s__Dorea_formicigenerans	1.0000000000
UNINTEGRATED|g__Eggerthella.s__Eggerthella_lenta	1.0000000000
UNINTEGRATED|g__Erysipelatoclostridium.s__Clostridium_spiroforme	1.0000000000
UNINTEGRATED|g__Faecalibacterium.s__Faecalibacterium_prausnitzii	1.0000000000
UNINTEGRATED|g__Faecalicoccus.s__Faecalicoccus_pleomorphus	1.0000000000
UNINTEGRATED|g__Gemmiger.s__Gemmiger_formicilis	1.0000000000
UNINTEGRATED|g__Gordonibacter.s__Gordonibacter_pamelaeae	1.0000000000
UNINTEGRATED|g__Gordonibacter.s__Gordonibacter_urolithinfaciens	1.0000000000
UNINTEGRATED|g__Ruminococcaceae_unclassified.s__Clostridium_leptum	1.0000000000
UNINTEGRATED|g__Ruminococcus.s__Ruminococcus_bromii	1.0000000000
UNINTEGRATED|unclassified	1.0000000000
PWY-7238: sucrose biosynthesis II	1.0000000000
PWY-7238: sucrose biosynthesis II|g__Bifidobacterium.s__Bifidobacterium_adolescentis	0.9999979996
PWY-7238: sucrose biosynthesis II|unclassified	1.0000000000
PWY-7238: sucrose biosynthesis II|g__Ruminococcus.s__Ruminococcus_bromii	0.9201396539
PWY-7238: sucrose biosynthesis II|g__Blautia.s__Blautia_obeum	0.9999999927
PWY-7238: sucrose biosynthesis II|g__Collinsella.s__Collinsella_aerofaciens	0.9275940403
PWY-7238: sucrose biosynthesis II|g__Blautia.s__Blautia_wexlerae	0.0879673847
PWY-7238: sucrose biosynthesis II|g__Gemmiger.s__Gemmiger_formicilis	0.9836161075
PWY-7238: sucrose biosynthesis II|g__Dorea.s__Dorea_formicigenerans	0.5645142564
PWY-7238: sucrose biosynthesis II|g__Erysipelatoclostridium.s__Clostridium_spiroforme	0.3975696251
PWY-5941: glycogen degradation II	1.0000000000
PWY-5941: glycogen degradation II|g__Bifidobacterium.s__Bifidobacterium_adolescentis	0.0721132090
PWY-5941: glycogen degradation II|unclassified	0.5122900849
PWY-5941: glycogen degradation II|g__Collinsella.s__Collinsella_aerofaciens	0.9505345570
PWY-5941: glycogen degradation II|g__Blautia.s__Blautia_obeum	0.2583105380
PWY-5941: glycogen degradation II|g__Blautia.s__Blautia_wexlerae	0.0879673847
PWY-5941: glycogen degradation II|g__Dorea.s__Dorea_formicigenerans	0.3680252642
GLYCOGENSYNTH-PWY: glycogen biosynthesis I (from ADP-D-Glucose)	1.0000000000
GLYCOGENSYNTH-PWY: glycogen biosynthesis I (from ADP-D-Glucose)|unclassified	1.0000000000
GLYCOGENSYNTH-PWY: glycogen biosynthesis I (from ADP-D-Glucose)|g__Ruminococcus.s__Ruminococcus_bromii	0.0475241232
GLYCOGENSYNTH-PWY: glycogen biosynthesis I (from ADP-D-Glucose)|g__Bifidobacterium.s__Bifidobacterium_adolescentis	0.0251494117
GLYCOGENSYNTH-PWY: glycogen biosynthesis I (from ADP-D-Glucose)|g__Collinsella.s__Collinsella_aerofaciens	0.9999967950
GLYCOGENSYNTH-PWY: glycogen biosynthesis I (from ADP-D-Glucose)|g__Blautia.s__Blautia_wexlerae	0.9999999983
GLYCOGENSYNTH-PWY: glycogen biosynthesis I (from ADP-D-Glucose)|g__Blautia.s__Blautia_obeum	0.1040157569
GLYCOGENSYNTH-PWY: glycogen biosynthesis I (from ADP-D-Glucose)|g__Gemmiger.s__Gemmiger_formicilis	0.5877570037
GLYCOGENSYNTH-PWY: glycogen biosynthesis I (from ADP-D-Glucose)|g__Dorea.s__Dorea_formicigenerans	0.2553477833
GLYCOGENSYNTH-PWY: glycogen biosynthesis I (from ADP-D-Glucose)|g__Faecalicoccus.s__Faecalicoccus_pleomorphus	0.4635281853
GLYCOGENSYNTH-PWY: glycogen biosynthesis I (from ADP-D-Glucose)|g__Erysipelatoclostridium.s__Clostridium_spiroforme	0.0622252744
GLYCOGENSYNTH-PWY: glycogen biosynthesis I (from ADP-D-Glucose)|g__Faecalibacterium.s__Faecalibacterium_prausnitzii	0.1663692906
PWY-6151: S-adenosyl-L-methionine salvage I	1.0000000000
PWY-6151: S-adenosyl-L-methionine salvage I|g__Ruminococcus.s__Ruminococcus_bromii	0.2583305984
PWY-6151: S-adenosyl-L-methionine salvage I|unclassified	0.9999995066
PWY-6151: S-adenosyl-L-methionine salvage I|g__Bifidobacterium.s__Bifidobacterium_adolescentis	0.5399319642
PWY-6151: S-adenosyl-L-methionine salvage I|g__Collinsella.s__Collinsella_aerofaciens	0.8761352873
PWY-6151: S-adenosyl-L-methionine salvage I|g__Blautia.s__Blautia_obeum	0.0000000067
PWY-6151: S-adenosyl-L-methionine salvage I|g__Blautia.s__Blautia_wexlerae	0.0069815374
PWY-6151: S-adenosyl-L-methionine salvage I|g__Gemmiger.s__Gemmiger_formicilis	0.3310142896
PWY-6151: S-adenosyl-L-methionine salvage I|g__Dorea.s__Dorea_formicigenerans	0.8665152919
PWY-6151: S-adenosyl-L-methionine salvage I|g__Erysipelatoclostridium.s__Clostridium_spiroforme	0.3391849965
VALSYN-PWY: L-valine biosynthesis	1.0000000000
VALSYN-PWY: L-valine biosynthesis|g__Ruminococcus.s__Ruminococcus_bromii	0.3997540468
VALSYN-PWY: L-valine biosynthesis|g__Bifidobacterium.s__Bifidobacterium_adolescentis	0.9332268466
VALSYN-PWY: L-valine biosynthesis|unclassified	0.6914401755
VALSYN-PWY: L-valine biosynthesis|g__Blautia.s__Blautia_obeum	0.2133772322
VALSYN-PWY: L-valine biosynthesis|g__Blautia.s__Blautia_wexlerae	0.0348279722
VALSYN-PWY: L-valine biosynthesis|g__Gemmiger.s__Gemmiger_formicilis	0.4500022764
VALSYN-PWY: L-valine biosynthesis|g__Akkermansia.s__Akkermansia_muciniphila	0.8005987236
VALSYN-PWY: L-valine biosynthesis|g__Erysipelatoclostridium.s__Clostridium_spiroforme	0.7738886047
VALSYN-PWY: L-valine biosynthesis|g__Dorea.s__Dorea_formicigenerans	0.5637081793
VALSYN-PWY: L-valine biosynthesis|g__Eggerthella.s__Eggerthella_lenta	0.4570736573
VALSYN-PWY: L-valine biosynthesis|g__Faecalicoccus.s__Faecalicoccus_pleomorphus	0.1061951490
VALSYN-PWY: L-valine biosynthesis|g__Gordonibacter.s__Gordonibacter_pamelaeae	0.0171278531
VALSYN-PWY: L-valine biosynthesis|g__Bacteroides.s__Bacteroides_ovatus	0.4255469451
VALSYN-PWY: L-valine biosynthesis|g__Gordonibacter.s__Gordonibacter_urolithinfaciens	0.0957404397
VALSYN-PWY: L-valine biosynthesis|g__Bacteroides.s__Bacteroides_thetaiotaomicron	0.1865806097
DTDPRHAMSYN-PWY: dTDP-&beta;-L-rhamnose biosynthesis	1.0000000000
DTDPRHAMSYN-PWY: dTDP-&beta;-L-rhamnose biosynthesis|unclassified	1.0000000000
DTDPRHAMSYN-PWY: dTDP-&beta;-L-rhamnose biosynthesis|g__Collinsella.s__Collinsella_aerofaciens	0.9999822655
DTDPRHAMSYN-PWY: dTDP-&beta;-L-rhamnose biosynthesis|g__Blautia.s__Blautia_obeum	0.9006536068
DTDPRHAMSYN-PWY: dTDP-&beta;-L-rhamnose biosynthesis|g__Gemmiger.s__Gemmiger_formicilis	0.8892535274
DTDPRHAMSYN-PWY: dTDP-&beta;-L-rhamnose biosynthesis|g__Blautia.s__Blautia_wexlerae	0.0000139132
DTDPRHAMSYN-PWY: dTDP-&beta;-L-rhamnose biosynthesis|g__Akkermansia.s__Akkermansia_muciniphila	0.0043805344
DTDPRHAMSYN-PWY: dTDP-&beta;-L-rhamnose biosynthesis|g__Erysipelatoclostridium.s__Clostridium_spiroforme	0.7132463768
DTDPRHAMSYN-PWY: dTDP-&beta;-L-rhamnose biosynthesis|g__Alistipes.s__Alistipes_putredinis	0.4032193917
DTDPRHAMSYN-PWY: dTDP-&beta;-L-rhamnose biosynthesis|g__Dorea.s__Dorea_formicigenerans	0.1594935931
DTDPRHAMSYN-PWY: dTDP-&beta;-L-rhamnose biosynthesis|g__Faecalibacterium.s__Faecalibacterium_prausnitzii	0.1469970452
DTDPRHAMSYN-PWY: dTDP-&beta;-L-rhamnose biosynthesis|g__Faecalicoccus.s__Faecalicoccus_pleomorphus	0.0056902113
DTDPRHAMSYN-PWY: dTDP-&beta;-L-rhamnose biosynthesis|g__Bacteroides.s__Bacteroides_thetaiotaomicron	0.5290182363
PWY-7221: guanosine ribonucleotides de novo biosynthesis	1.0000000000
PWY-7221: guanosine ribonucleotides de novo biosynthesis|g__Bifidobacterium.s__Bifidobacterium_adolescentis	0.2044819219
PWY-7221: guanosine ribonucleotides de novo biosynthesis|g__Ruminococcus.s__Ruminococcus_bromii	0.0000000001
PWY-7221: guanosine ribonucleotides de novo biosynthesis|unclassified	0.9053621304
PWY-7221: guanosine ribonucleotides de novo biosynthesis|g__Collinsella.s__Collinsella_aerofaciens	0.0105246912
PWY-7221: guanosine ribonucleotides de novo biosynthesis|g__Blautia.s__Blautia_wexlerae	1.0000000000
PWY-7221: guanosine ribonucleotides de novo biosynthesis|g__Blautia.s__Blautia_obeum	0.0000014489
PWY-7221: guanosine ribonucleotides de novo biosynthesis|g__Akkermansia.s__Akkermansia_muciniphila	0.0974044840
PWY-7221: guanosine ribonucleotides de novo biosynthesis|g__Dorea.s__Dorea_formicigenerans	0.4577848623
PWY-7221: guanosine ribonucleotides de novo biosynthesis|g__Alistipes.s__Alistipes_putredinis	0.4190574426
PWY-7221: guanosine ribonucleotides de novo biosynthesis|g__Faecalicoccus.s__Faecalicoccus_pleomorphus	0.6184914379
PWY-7221: guanosine ribonucleotides de novo biosynthesis|g__Eggerthella.s__Eggerthella_lenta	0.3351316735
PWY-7221: guanosine ribonucleotides de novo biosynthesis|g__Gordonibacter.s__Gordonibacter_pamelaeae	0.6815585866
PWY-7221: guanosine ribonucleotides de novo biosynthesis|g__Erysipelatoclostridium.s__Clostridium_spiroforme	0.0567479391
PWY-7221: guanosine ribonucleotides de novo biosynthesis|g__Gordonibacter.s__Gordonibacter_urolithinfaciens	0.6114024260
PWY-6386: UDP-N-acetylmuramoyl-pentapeptide biosynthesis II (lysine-containing)	1.0000000000
PWY-6386: UDP-N-acetylmuramoyl-pentapeptide biosynthesis II (lysine-containing)|unclassified	0.9931229657
PWY-6386: UDP-N-acetylmuramoyl-pentapeptide biosynthesis II (lysine-containing)|g__Bifidobacterium.s__Bifidobacterium_adolescentis	0.6080742121
PWY-6386: UDP-N-acetylmuramoyl-pentapeptide biosynthesis II (lysine-containing)|g__Blautia.s__Blautia_obeum	0.6502623451
PWY-6386: UDP-N-acetylmuramoyl-pentapeptide biosynthesis II (lysine-containing)|g__Collinsella.s__Collinsella_aerofaciens	0.0000000288
PWY-6386: UDP-N-acetylmuramoyl-pentapeptide biosynthesis II (lysine-containing)|g__Blautia.s__Blautia_wexlerae	0.0216828150
PWY-6386: UDP-N-acetylmuramoyl-pentapeptide biosynthesis II (lysine-containing)|g__Gemmiger.s__Gemmiger_formicilis	0.0705879178
PWY-6386: UDP-N-acetylmuramoyl-pentapeptide biosynthesis II (lysine-containing)|g__Dorea.s__Dorea_formicigenerans	0.0493452590
ILEUSYN-PWY: L-isoleucine biosynthesis I (from threonine)	1.0000000000
ILEUSYN-PWY: L-isoleucine biosynthesis I (from threonine)|g__Bifidobacterium.s__Bifidobacterium_adolescentis	0.9308814700
ILEUSYN-PWY: L-isoleucine biosynthesis I (from threonine)|unclassified	0.0000002512
ILEUSYN-PWY: L-isoleucine biosynthesis I (from threonine)|g__Blautia.s__Blautia_wexlerae	0.0000008768
ILEUSYN-PWY: L-isoleucine biosynthesis I (from threonine)|g__Blautia.s__Blautia_obeum	0.0000000000
ILEUSYN-PWY: L-isoleucine biosynthesis I (from threonine)|g__Gemmiger.s__Gemmiger_formicilis	0.3950198041
ILEUSYN-PWY: L-isoleucine biosynthesis I (from threonine)|g__Akkermansia.s__Akkermansia_muciniphila	0.7385614515
ILEUSYN-PWY: L-isoleucine biosynthesis I (from threonine)|g__Dorea.s__Dorea_formicigenerans	0.3221384548
ARGSYNBSUB-PWY: L-arginine biosynthesis II (acetyl cycle)	1.0000000000
ARGSYNBSUB-PWY: L-arginine biosynthesis II (acetyl cycle)|g__Ruminococcus.s__Ruminococcus_bromii	0.7088701059
ARGSYNBSUB-PWY: L-arginine biosynthesis II (acetyl cycle)|unclassified	0.9564055287
ARGSYNBSUB-PWY: L-arginine biosynthesis II (acetyl cycle)|g__Bifidobacterium.s__Bifidobacterium_adolescentis	0.0009482231
ARGSYNBSUB-PWY: L-arginine biosynthesis II (acetyl cycle)|g__Collinsella.s__Collinsella_aerofaciens	0.1375960381
ARGSYNBSUB-PWY: L-arginine biosynthesis II (acetyl cycle)|g__Blautia.s__Blautia_wexlerae	0.5637792426
ARGSYNBSUB-PWY: L-arginine biosynthesis II (acetyl cycle)|g__Blautia.s__Blautia_obeum	0.0000000862
ARGSYNBSUB-PWY: L-arginine biosynthesis II (acetyl cycle)|g__Gemmiger.s__Gemmiger_formicilis	0.3936495200
ARGSYNBSUB-PWY: L-arginine biosynthesis II (acetyl cycle)|g__Akkermansia.s__Akkermansia_muciniphila	0.4164194858
ARGSYNBSUB-PWY: L-arginine biosynthesis II (acetyl cycle)|g__Erysipelatoclostridium.s__Clostridium_spiroforme	0.2213452916
ARO-PWY: chorismate biosynthesis I	1.0000000000
ARO-PWY: chorismate biosynthesis I|g__Ruminococcus.s__Ruminococcus_bromii	0.4521429518
ARO-PWY: chorismate biosynthesis I|unclassified	0.8073097872
ARO-PWY: chorismate biosynthesis I|g__Bifidobacterium.s__Bifidobacterium_adolescentis	0.0000000060
ARO-PWY: chorismate biosynthesis I|g__Collinsella.s__Collinsella_aerofaciens	0.0006938052
ARO-PWY: chorismate biosynthesis I|g__Blautia.s__Blautia_obeum	0.4445278361
ARO-PWY: chorismate biosynthesis I|g__Blautia.s__Blautia_wexlerae	0.0000000000
ARO-PWY: chorismate biosynthesis I|g__Akkermansia.s__Akkermansia_muciniphila	0.1252055312
ARO-PWY: chorismate biosynthesis I|g__Erysipelatoclostridium.s__Clostridium_spiroforme	0.4021448355
ARO-PWY: chorismate biosynthesis I|g__Faecalibacterium.s__Faecalibacterium_prausnitzii	0.4913483876
ARO-PWY: chorismate biosynthesis I|g__Dorea.s__Dorea_formicigenerans	0.2626785136
PWY-6387: UDP-N-acetylmuramoyl-pentapeptide biosynthesis I (meso-diaminopimelate containing)	1.0000000000
PWY-6387: UDP-N-acetylmuramoyl-pentapeptide biosynthesis I (meso-diaminopimelate containing)|unclassified	0.9917589014
PWY-6387: UDP-N-acetylmuramoyl-pentapeptide biosynthesis I (meso-diaminopimelate containing)|g__Bifidobacterium.s__Bifidobacterium_adolescentis	0.5786531672
PWY-6387: UDP-N-acetylmuramoyl-pentapeptide biosynthesis I (meso-diaminopimelate containing)|g__Blautia.s__Blautia_obeum	0.9676648146
PWY-6387: UDP-N-acetylmuramoyl-pentapeptide biosynthesis I (meso-diaminopimelate containing)|g__Collinsella.s__Collinsella_aerofaciens	0.0000000240
PWY-6387: UDP-N-acetylmuramoyl-pentapeptide biosynthesis I (meso-diaminopimelate containing)|g__Blautia.s__Blautia_wexlerae	0.0944926014
PWY-6387: UDP-N-acetylmuramoyl-pentapeptide biosynthesis I (meso-diaminopimelate containing)|g__Gemmiger.s__Gemmiger_formicilis	0.0635324236
PWY-6387: UDP-N-acetylmuramoyl-pentapeptide biosynthesis I (meso-diaminopimelate containing)|g__Akkermansia.s__Akkermansia_muciniphila	0.0871899136
PWY-6387: UDP-N-acetylmuramoyl-pentapeptide biosynthesis I (meso-diaminopimelate containing)|g__Dorea.s__Dorea_formicigenerans	0.4424263122
PWY-6387: UDP-N-acetylmuramoyl-pentapeptide biosynthesis I (meso-diaminopimelate containing)|g__Eggerthella.s__Eggerthella_lenta	0.3948465577
BRANCHED-CHAIN-AA-SYN-PWY: superpathway of branched chain amino acid biosynthesis	1.0000000000
BRANCHED-CHAIN-AA-SYN-PWY: superpathway of branched chain amino acid biosynthesis|g__Bifidobacterium.s__Bifidobacterium_adolescentis	0.9439216738
BRANCHED-CHAIN-AA-SYN-PWY: superpathway of branched chain amino acid biosynthesis|unclassified	0.0000003140
BRANCHED-CHAIN-AA-SYN-PWY: superpathway of branched chain amino acid biosynthesis|g__Blautia.s__Blautia_wexlerae	0.0000010960
BRANCHED-CHAIN-AA-SYN-PWY: superpathway of branched chain amino acid biosynthesis|g__Blautia.s__Blautia_obeum	0.0000000000
BRANCHED-CHAIN-AA-SYN-PWY: superpathway of branched chain amino acid biosynthesis|g__Gemmiger.s__Gemmiger_formicilis	0.3827179891
BRANCHED-CHAIN-AA-SYN-PWY: superpathway of branched chain amino acid biosynthesis|g__Akkermansia.s__Akkermansia_muciniphila	0.7401767109
BRANCHED-CHAIN-AA-SYN-PWY: superpathway of branched chain amino acid biosynthesis|g__Dorea.s__Dorea_formicigenerans	0.2442905578
PEPTIDOGLYCANSYN-PWY: peptidoglycan biosynthesis I (meso-diaminopimelate containing)	1.0000000000
PEPTIDOGLYCANSYN-PWY: peptidoglycan biosynthesis I (meso-diaminopimelate containing)|unclassified	0.9933962366
PEPTIDOGLYCANSYN-PWY: peptidoglycan biosynthesis I (meso-diaminopimelate containing)|g__Bifidobacterium.s__Bifidobacterium_adolescentis	0.0063722752
PEPTIDOGLYCANSYN-PWY: peptidoglycan biosynthesis I (meso-diaminopimelate containing)|g__Collinsella.s__Collinsella_aerofaciens	0.0000000300
PEPTIDOGLYCANSYN-PWY: peptidoglycan biosynthesis I (meso-diaminopimelate containing)|g__Blautia.s__Blautia_obeum	0.4443281449
PEPTIDOGLYCANSYN-PWY: peptidoglycan biosynthesis I (meso-diaminopimelate containing)|g__Blautia.s__Blautia_wexlerae	0.1137866277
PEPTIDOGLYCANSYN-PWY: peptidoglycan biosynthesis I (meso-diaminopimelate containing)|g__Gemmiger.s__Gemmiger_formicilis	0.0666438692
PEPTIDOGLYCANSYN-PWY: peptidoglycan biosynthesis I (meso-diaminopimelate containing)|g__Akkermansia.s__Akkermansia_muciniphila	0.1047804773
PEPTIDOGLYCANSYN-PWY: peptidoglycan biosynthesis I (meso-diaminopimelate containing)|g__Dorea.s__Dorea_formicigenerans	0.0451941241
NONMEVIPP-PWY: methylerythritol phosphate pathway I	1.0000000000
NONMEVIPP-PWY: methylerythritol phosphate pathway I|g__Ruminococcus.s__Ruminococcus_bromii	0.0000000000
NONMEVIPP-PWY: methylerythritol phosphate pathway I|g__Bifidobacterium.s__Bifidobacterium_adolescentis	0.2070658970
NONMEVIPP-PWY: methylerythritol phosphate pathway I|unclassified	0.7607307146
NONMEVIPP-PWY: methylerythritol phosphate pathway I|g__Blautia.s__Blautia_obeum	0.0000363485
NONMEVIPP-PWY: methylerythritol phosphate pathway I|g__Collinsella.s__Collinsella_aerofaciens	0.0000000000
NONMEVIPP-PWY: methylerythritol phosphate pathway I|g__Blautia.s__Blautia_wexlerae	0.2900407055
NONMEVIPP-PWY: methylerythritol phosphate pathway I|g__Gemmiger.s__Gemmiger_formicilis	0.2203181922
NONMEVIPP-PWY: methylerythritol phosphate pathway I|g__Dorea.s__Dorea_formicigenerans	0.0151181082
PWY-5103: L-isoleucine biosynthesis III	1.0000000000
PWY-5103: L-isoleucine biosynthesis III|g__Bifidobacterium.s__Bifidobacterium_adolescentis	0.9172791539
PWY-5103: L-isoleucine biosynthesis III|unclassified	0.0000001570
PWY-5103: L-isoleucine biosynthesis III|g__Blautia.s__Blautia_wexlerae	0.0000005480
PWY-5103: L-isoleucine biosynthesis III|g__Gemmiger.s__Gemmiger_formicilis	0.3403916769
PWY-5103: L-isoleucine biosynthesis III|g__Blautia.s__Blautia_obeum	0.0000000000
PWY-5103: L-isoleucine biosynthesis III|g__Akkermansia.s__Akkermansia_muciniphila	0.6913803496
PWY-5103: L-isoleucine biosynthesis III|g__Dorea.s__Dorea_formicigenerans	0.2507690359
PWY-6163: chorismate biosynthesis from 3-dehydroquinate	1.0000000000
PWY-6163: chorismate biosynthesis from 3-dehydroquinate|g__Ruminococcus.s__Ruminococcus_bromii	0.5757515460
PWY-6163: chorismate biosynthesis from 3-dehydroquinate|unclassified	0.7498143770
PWY-6163: chorismate biosynthesis from 3-dehydroquinate|g__Bifidobacterium.s__Bifidobacterium_adolescentis	0.0000000043
PWY-6163: chorismate biosynthesis from 3-dehydroquinate|g__Blautia.s__Blautia_obeum	0.3749735083
PWY-6163: chorismate biosynthesis from 3-dehydroquinate|g__Collinsella.s__Collinsella_aerofaciens	0.0004971930
PWY-6163: chorismate biosynthesis from 3-dehydroquinate|g__Blautia.s__Blautia_wexlerae	0.0000001077
PWY-6163: chorismate biosynthesis from 3-dehydroquinate|g__Akkermansia.s__Akkermansia_muciniphila	0.0932606791
PWY-6163: chorismate biosynthesis from 3-dehydroquinate|g__Faecalibacterium.s__Faecalibacterium_prausnitzii	0.5552037041
PWY-6163: chorismate biosynthesis from 3-dehydroquinate|g__Erysipelatoclostridium.s__Clostridium_spiroforme	0.4889192671
PWY-6163: chorismate biosynthesis from 3-dehydroquinate|g__Dorea.s__Dorea_formicigenerans	0.2437843416
PWY-1042: glycolysis IV	1.0000000000
PWY-1042: glycolysis IV|unclassified	0.9998815367
PWY-1042: glycolysis IV|g__Collinsella.s__Collinsella_aerofaciens	0.0000456441
PWY-1042: glycolysis IV|g__Blautia.s__Blautia_wexlerae	0.0000000023
PWY-1042: glycolysis IV|g__Blautia.s__Blautia_obeum	0.0000000000
PWY-1042: glycolysis IV|g__Dorea.s__Dorea_formicigenerans	0.1803812000
PWY-1042: glycolysis IV|g__Faecalibacterium.s__Faecalibacterium_prausnitzii	0.2062001587
COMPLETE-ARO-PWY: superpathway of aromatic amino acid biosynthesis	1.0000000000
COMPLETE-ARO-PWY: superpathway of aromatic amino acid biosynthesis|unclassified	0.0129727259
COMPLETE-ARO-PWY: superpathway of aromatic amino acid biosynthesis|g__Blautia.s__Blautia_obeum	0.4055986182
COMPLETE-ARO-PWY: superpathway of aromatic amino acid biosynthesis|g__Blautia.s__Blautia_wexlerae	0.0000000000
COMPLETE-ARO-PWY: superpathway of aromatic amino acid biosynthesis|g__Erysipelatoclostridium.s__Clostridium_spiroforme	0.0745605697
PWY-5686: UMP biosynthesis I	1.0000000000
PWY-5686: UMP biosynthesis I|g__Bifidobacterium.s__Bifidobacterium_adolescentis	0.0077948875
PWY-5686: UMP biosynthesis I|unclassified	0.8976780198
PWY-5686: UMP biosynthesis I|g__Collinsella.s__Collinsella_aerofaciens	0.0002631880
PWY-5686: UMP biosynthesis I|g__Blautia.s__Blautia_obeum	0.0000024391
PWY-5686: UMP biosynthesis I|g__Blautia.s__Blautia_wexlerae	0.0305950187
PWY-5686: UMP biosynthesis I|g__Gemmiger.s__Gemmiger_formicilis	0.3878424969
PWY-5686: UMP biosynthesis I|g__Akkermansia.s__Akkermansia_muciniphila	0.2485623260
PWY-5686: UMP biosynthesis I|g__Alistipes.s__Alistipes_putredinis	0.3049516467
PWY-5686: UMP biosynthesis I|g__Faecalicoccus.s__Faecalicoccus_pleomorphus	0.3615425484
PWY-7790: UMP biosynthesis II	1.0000000000
PWY-7790: UMP biosynthesis II|g__Bifidobacterium.s__Bifidobacterium_adolescentis	0.0023778725
PWY-7790: UMP biosynthesis II|unclassified	0.8976780198
PWY-7790: UMP biosynthesis II|g__Collinsella.s__Collinsella_aerofaciens	0.0002631880
PWY-7790: UMP biosynthesis II|g__Blautia.s__Blautia_obeum	0.0000024391
PWY-7790: UMP biosynthesis II|g__Blautia.s__Blautia_wexlerae	0.0305950187
PWY-7790: UMP biosynthesis II|g__Gemmiger.s__Gemmiger_formicilis	0.3878424969
PWY-7790: UMP biosynthesis II|g__Akkermansia.s__Akkermansia_muciniphila	0.0156516697
PWY-7790: UMP biosynthesis II|g__Faecalicoccus.s__Faecalicoccus_pleomorphus	0.3615425484
PWY-7791: UMP biosynthesis III	1.0000000000
PWY-7791: UMP biosynthesis III|g__Bifidobacterium.s__Bifidobacterium_adolescentis	0.0023778725
PWY-7791: UMP biosynthesis III|unclassified	0.8976780198
PWY-7791: UMP biosynthesis III|g__Collinsella.s__Collinsella_aerofaciens	0.0002631880
PWY-7791: UMP biosynthesis III|g__Blautia.s__Blautia_obeum	0.0000024391
PWY-7791: UMP biosynthesis III|g__Blautia.s__Blautia_wexlerae	0.0305950187
PWY-7791: UMP biosynthesis III|g__Gemmiger.s__Gemmiger_formicilis	0.3878424969
PWY-7791: UMP biosynthesis III|g__Akkermansia.s__Akkermansia_muciniphila	0.0156516697
PWY-7791: UMP biosynthesis III|g__Faecalicoccus.s__Faecalicoccus_pleomorphus	0.3615425484
PWY-6122: 5-aminoimidazole ribonucleotide biosynthesis II	1.0000000000
PWY-6122: 5-aminoimidazole ribonucleotide biosynthesis II|unclassified	0.9999999998
PWY-6122: 5-aminoimidazole ribonucleotide biosynthesis II|g__Ruminococcus.s__Ruminococcus_bromii	0.0000000235
PWY-6122: 5-aminoimidazole ribonucleotide biosynthesis II|g__Bifidobacterium.s__Bifidobacterium_adolescentis	0.0000000051
PWY-6122: 5-aminoimidazole ribonucleotide biosynthesis II|g__Collinsella.s__Collinsella_aerofaciens	0.9315927117
PWY-6122: 5-aminoimidazole ribonucleotide biosynthesis II|g__Blautia.s__Blautia_obeum	0.9303657446
PWY-6122: 5-aminoimidazole ribonucleotide biosynthesis II|g__Blautia.s__Blautia_wexlerae	0.0201633407
PWY-6122: 5-aminoimidazole ribonucleotide biosynthesis II|g__Gemmiger.s__Gemmiger_formicilis	0.2658395623
PWY-6122: 5-aminoimidazole ribonucleotide biosynthesis II|g__Akkermansia.s__Akkermansia_muciniphila	0.0978691233
PWY-6122: 5-aminoimidazole ribonucleotide biosynthesis II|g__Alistipes.s__Alistipes_putredinis	0.5686444770
PWY-6122: 5-aminoimidazole ribonucleotide biosynthesis II|g__Erysipelatoclostridium.s__Clostridium_spiroforme	0.3266524993
PWY-6122: 5-aminoimidazole ribonucleotide biosynthesis II|g__Faecalicoccus.s__Faecalicoccus_pleomorphus	0.4748171426
PWY-6122: 5-aminoimidazole ribonucleotide biosynthesis II|g__Eggerthella.s__Eggerthella_lenta	0.1613351208
PWY-6122: 5-aminoimidazole ribonucleotide biosynthesis II|g__Asaccharobacter.s__Asaccharobacter_celatus	0.4894098406
PWY-6122: 5-aminoimidazole ribonucleotide biosynthesis II|g__Faecalibacterium.s__Faecalibacterium_prausnitzii	0.0765938754
PWY-6122: 5-aminoimidazole ribonucleotide biosynthesis II|g__Ruminococcaceae_unclassified.s__Clostridium_leptum	0.1863189629
PWY-6122: 5-aminoimidazole ribonucleotide biosynthesis II|g__Gordonibacter.s__Gordonibacter_pamelaeae	0.1657660187
PWY-6122: 5-aminoimidazole ribonucleotide biosynthesis II|g__Dorea.s__Dorea_formicigenerans	0.0000209250
PWY-6122: 5-aminoimidazole ribonucleotide biosynthesis II|g__Gordonibacter.s__Gordonibacter_urolithinfaciens	0.2098956984
PWY-6277: superpathway of 5-aminoimidazole ribonucleotide biosynthesis	1.0000000000
PWY-6277: superpathway of 5-aminoimidazole ribonucleotide biosynthesis|unclassified	0.9999999998
PWY-6277: superpathway of 5-aminoimidazole ribonucleotide biosynthesis|g__Ruminococcus.s__Ruminococcus_bromii	0.0000000235
PWY-6277: superpathway of 5-aminoimidazole ribonucleotide biosynthesis|g__Bifidobacterium.s__Bifidobacterium_adolescentis	0.0000000051
PWY-6277: superpathway of 5-aminoimidazole ribonucleotide biosynthesis|g__Collinsella.s__Collinsella_aerofaciens	0.9315927117
PWY-6277: superpathway of 5-aminoimidazole ribonucleotide biosynthesis|g__Blautia.s__Blautia_obeum	0.9303657446
PWY-6277: superpathway of 5-aminoimidazole ribonucleotide biosynthesis|g__Blautia.s__Blautia_wexlerae	0.0201633407
PWY-6277: superpathway of 5-aminoimidazole ribonucleotide biosynthesis|g__Gemmiger.s__Gemmiger_formicilis	0.2658395623
PWY-6277: superpathway of 5-aminoimidazole ribonucleotide biosynthesis|g__Akkermansia.s__Akkermansia_muciniphila	0.0978691233
PWY-6277: superpathway of 5-aminoimidazole ribonucleotide biosynthesis|g__Alistipes.s__Alistipes_putredinis	0.5686444770
PWY-6277: superpathway of 5-aminoimidazole ribonucleotide biosynthesis|g__Erysipelatoclostridium.s__Clostridium_spiroforme	0.3266524993
PWY-6277: superpathway of 5-aminoimidazole ribonucleotide biosynthesis|g__Faecalicoccus.s__Faecalicoccus_pleomorphus	0.4748171426
PWY-6277: superpathway of 5-aminoimidazole ribonucleotide biosynthesis|g__Eggerthella.s__Eggerthella_lenta	0.1613351208
PWY-6277: superpathway of 5-aminoimidazole ribonucleotide biosynthesis|g__Asaccharobacter.s__Asaccharobacter_celatus	0.4894098406
PWY-6277: superpathway of 5-aminoimidazole ribonucleotide biosynthesis|g__Faecalibacterium.s__Faecalibacterium_prausnitzii	0.0765938754
PWY-6277: superpathway of 5-aminoimidazole ribonucleotide biosynthesis|g__Ruminococcaceae_unclassified.s__Clostridium_leptum	0.1863189629
PWY-6277: superpathway of 5-aminoimidazole ribonucleotide biosynthesis|g__Gordonibacter.s__Gordonibacter_pamelaeae	0.1657660187
PWY-6277: superpathway of 5-aminoimidazole ribonucleotide biosynthesis|g__Dorea.s__Dorea_formicigenerans	0.0000209250
PWY-6277: superpathway of 5-aminoimidazole ribonucleotide biosynthesis|g__Gordonibacter.s__Gordonibacter_urolithinfaciens	0.2098956984
ARGSYN-PWY: L-arginine biosynthesis I (via L-ornithine)	1.0000000000
ARGSYN-PWY: L-arginine biosynthesis I (via L-ornithine)|unclassified	0.9833335652
ARGSYN-PWY: L-arginine biosynthesis I (via L-ornithine)|g__Bifidobacterium.s__Bifidobacterium_adolescentis	0.0010544411
ARGSYN-PWY: L-arginine biosynthesis I (via L-ornithine)|g__Collinsella.s__Collinsella_aerofaciens	0.0004506820
ARGSYN-PWY: L-arginine biosynthesis I (via L-ornithine)|g__Blautia.s__Blautia_wexlerae	0.7758065498
ARGSYN-PWY: L-arginine biosynthesis I (via L-ornithine)|g__Gemmiger.s__Gemmiger_formicilis	0.4746520799
ARGSYN-PWY: L-arginine biosynthesis I (via L-ornithine)|g__Blautia.s__Blautia_obeum	0.0000000000
GLUTORN-PWY: L-ornithine biosynthesis I	1.0000000000
GLUTORN-PWY: L-ornithine biosynthesis I|g__Ruminococcus.s__Ruminococcus_bromii	0.8391826058
GLUTORN-PWY: L-ornithine biosynthesis I|unclassified	0.9251559686
GLUTORN-PWY: L-ornithine biosynthesis I|g__Bifidobacterium.s__Bifidobacterium_adolescentis	0.0003272735
GLUTORN-PWY: L-ornithine biosynthesis I|g__Collinsella.s__Collinsella_aerofaciens	0.0000940167
GLUTORN-PWY: L-ornithine biosynthesis I|g__Blautia.s__Blautia_obeum	0.0000000485
GLUTORN-PWY: L-ornithine biosynthesis I|g__Blautia.s__Blautia_wexlerae	0.4189182329
GLUTORN-PWY: L-ornithine biosynthesis I|g__Gemmiger.s__Gemmiger_formicilis	0.3331280902
PWY-5097: L-lysine biosynthesis VI	1.0000000000
PWY-5097: L-lysine biosynthesis VI|g__Bifidobacterium.s__Bifidobacterium_adolescentis	0.5455715262
PWY-5097: L-lysine biosynthesis VI|g__Ruminococcus.s__Ruminococcus_bromii	0.0002468659
PWY-5097: L-lysine biosynthesis VI|unclassified	0.8442518789
PWY-5097: L-lysine biosynthesis VI|g__Blautia.s__Blautia_obeum	0.0000000000
PWY-5097: L-lysine biosynthesis VI|g__Blautia.s__Blautia_wexlerae	0.0000000001
PWY-5097: L-lysine biosynthesis VI|g__Gemmiger.s__Gemmiger_formicilis	0.1712802362
PWY-5097: L-lysine biosynthesis VI|g__Akkermansia.s__Akkermansia_muciniphila	0.2914746186
PWY-5097: L-lysine biosynthesis VI|g__Erysipelatoclostridium.s__Clostridium_spiroforme	0.2320501554
PWY-6121: 5-aminoimidazole ribonucleotide biosynthesis I	1.0000000000
PWY-6121: 5-aminoimidazole ribonucleotide biosynthesis I|g__Ruminococcus.s__Ruminococcus_bromii	0.0000000206
PWY-6121: 5-aminoimidazole ribonucleotide biosynthesis I|unclassified	0.9999746523
PWY-6121: 5-aminoimidazole ribonucleotide biosynthesis I|g__Bifidobacterium.s__Bifidobacterium_adolescentis	0.0000000000
PWY-6121: 5-aminoimidazole ribonucleotide biosynthesis I|g__Collinsella.s__Collinsella_aerofaciens	0.9444928873
PWY-6121: 5-aminoimidazole ribonucleotide biosynthesis I|g__Blautia.s__Blautia_obeum	0.0000000109
PWY-6121: 5-aminoimidazole ribonucleotide biosynthesis I|g__Blautia.s__Blautia_wexlerae	0.0250626670
PWY-6121: 5-aminoimidazole ribonucleotide biosynthesis I|g__Gemmiger.s__Gemmiger_formicilis	0.3096097671
PWY-6121: 5-aminoimidazole ribonucleotide biosynthesis I|g__Akkermansia.s__Akkermansia_muciniphila	0.1183116031
PWY-6121: 5-aminoimidazole ribonucleotide biosynthesis I|g__Alistipes.s__Alistipes_putredinis	0.5868025486
PWY-6121: 5-aminoimidazole ribonucleotide biosynthesis I|g__Erysipelatoclostridium.s__Clostridium_spiroforme	0.3534173583
PWY-6121: 5-aminoimidazole ribonucleotide biosynthesis I|g__Faecalicoccus.s__Faecalicoccus_pleomorphus	0.5165752867
PWY-6121: 5-aminoimidazole ribonucleotide biosynthesis I|g__Eggerthella.s__Eggerthella_lenta	0.1936143259
PWY-6121: 5-aminoimidazole ribonucleotide biosynthesis I|g__Faecalibacterium.s__Faecalibacterium_prausnitzii	0.0855734286
PWY-6121: 5-aminoimidazole ribonucleotide biosynthesis I|g__Dorea.s__Dorea_formicigenerans	0.0000261558
TRNA-CHARGING-PWY: tRNA charging	0.9999999997
TRNA-CHARGING-PWY: tRNA charging|unclassified	0.9962218015
TRNA-CHARGING-PWY: tRNA charging|g__Gemmiger.s__Gemmiger_formicilis	0.4982087404
CALVIN-PWY: Calvin-Benson-Bassham cycle	1.0000000000
CALVIN-PWY: Calvin-Benson-Bassham cycle|unclassified	0.9990058298
CALVIN-PWY: Calvin-Benson-Bassham cycle|g__Collinsella.s__Collinsella_aerofaciens	0.3950137832
CALVIN-PWY: Calvin-Benson-Bassham cycle|g__Blautia.s__Blautia_wexlerae	0.0243616191
CALVIN-PWY: Calvin-Benson-Bassham cycle|g__Blautia.s__Blautia_obeum	0.0000000000
NONOXIPENT-PWY: pentose phosphate pathway (non-oxidative branch) I	1.0000000000
NONOXIPENT-PWY: pentose phosphate pathway (non-oxidative branch) I|unclassified	1.0000000000
NONOXIPENT-PWY: pentose phosphate pathway (non-oxidative branch) I|g__Collinsella.s__Collinsella_aerofaciens	0.9161963147
NONOXIPENT-PWY: pentose phosphate pathway (non-oxidative branch) I|g__Blautia.s__Blautia_obeum	0.0000065263
NONOXIPENT-PWY: pentose phosphate pathway (non-oxidative branch) I|g__Blautia.s__Blautia_wexlerae	0.9130556042
NONOXIPENT-PWY: pentose phosphate pathway (non-oxidative branch) I|g__Faecalicoccus.s__Faecalicoccus_pleomorphus	0.1892585022
NONOXIPENT-PWY: pentose phosphate pathway (non-oxidative branch) I|g__Erysipelatoclostridium.s__Clostridium_spiroforme	0.0411505053
PWY-3841: folate transformations II (plants)	1.0000000000
PWY-3841: folate transformations II (plants)|g__Bifidobacterium.s__Bifidobacterium_adolescentis	0.0166531270
PWY-3841: folate transformations II (plants)|unclassified	0.0034378794
PWY-3841: folate transformations II (plants)|g__Akkermansia.s__Akkermansia_muciniphila	0.0000800898
PWY-3841: folate transformations II (plants)|g__Blautia.s__Blautia_wexlerae	0.0000000000
PWY-3841: folate transformations II (plants)|g__Dorea.s__Dorea_formicigenerans	0.5704396161
PWY-3841: folate transformations II (plants)|g__Erysipelatoclostridium.s__Clostridium_spiroforme	0.3724380661
PWY-3841: folate transformations II (plants)|g__Alistipes.s__Alistipes_putredinis	0.3246790134
PWY-3841: folate transformations II (plants)|g__Faecalicoccus.s__Faecalicoccus_pleomorphus	0.2015498650
PWY-3841: folate transformations II (plants)|g__Blautia.s__Blautia_obeum	0.0000000000
PWY-2942: L-lysine biosynthesis III	1.0000000000
PWY-2942: L-lysine biosynthesis III|g__Bifidobacterium.s__Bifidobacterium_adolescentis	0.5162166863
PWY-2942: L-lysine biosynthesis III|unclassified	0.0011898637
PWY-2942: L-lysine biosynthesis III|g__Blautia.s__Blautia_obeum	0.0000000000
PWY-2942: L-lysine biosynthesis III|g__Blautia.s__Blautia_wexlerae	0.0000001879
PWY-2942: L-lysine biosynthesis III|g__Akkermansia.s__Akkermansia_muciniphila	0.2616267739
PWY-2942: L-lysine biosynthesis III|g__Erysipelatoclostridium.s__Clostridium_spiroforme	0.2194622965
PWY-2942: L-lysine biosynthesis III|g__Eggerthella.s__Eggerthella_lenta	0.1757858106
HISTSYN-PWY: L-histidine biosynthesis	1.0000000000
HISTSYN-PWY: L-histidine biosynthesis|g__Ruminococcus.s__Ruminococcus_bromii	0.0000036088
HISTSYN-PWY: L-histidine biosynthesis|g__Bifidobacterium.s__Bifidobacterium_adolescentis	0.0004287691
HISTSYN-PWY: L-histidine biosynthesis|unclassified	0.0000050886
HISTSYN-PWY: L-histidine biosynthesis|g__Collinsella.s__Collinsella_aerofaciens	0.0000000000
HISTSYN-PWY: L-histidine biosynthesis|g__Blautia.s__Blautia_obeum	0.0000000000
PWY-6385: peptidoglycan biosynthesis III (mycobacteria)	0.8363462452
PWY-6385: peptidoglycan biosynthesis III (mycobacteria)|g__Bifidobacterium.s__Bifidobacterium_adolescentis	0.5751964165
PWY-6385: peptidoglycan biosynthesis III (mycobacteria)|unclassified	0.9550422137
PWY-6385: peptidoglycan biosynthesis III (mycobacteria)|g__Collinsella.s__Collinsella_aerofaciens	0.0000000300
PWY-6385: peptidoglycan biosynthesis III (mycobacteria)|g__Blautia.s__Blautia_obeum	0.4443281449
PWY-6385: peptidoglycan biosynthesis III (mycobacteria)|g__Blautia.s__Blautia_wexlerae	0.0209981071
PWY-6385: peptidoglycan biosynthesis III (mycobacteria)|g__Dorea.s__Dorea_formicigenerans	0.0451941241
COA-PWY-1: superpathway of coenzyme A biosynthesis III (mammals)	1.0000000000
COA-PWY-1: superpathway of coenzyme A biosynthesis III (mammals)|g__Bifidobacterium.s__Bifidobacterium_adolescentis	0.0002770534
COA-PWY-1: superpathway of coenzyme A biosynthesis III (mammals)|unclassified	0.0000045002
COA-PWY-1: superpathway of coenzyme A biosynthesis III (mammals)|g__Blautia.s__Blautia_obeum	0.0000298666
COA-PWY-1: superpathway of coenzyme A biosynthesis III (mammals)|g__Gemmiger.s__Gemmiger_formicilis	0.5042342690
COA-PWY-1: superpathway of coenzyme A biosynthesis III (mammals)|g__Blautia.s__Blautia_wexlerae	0.0000000001
COA-PWY-1: superpathway of coenzyme A biosynthesis III (mammals)|g__Faecalicoccus.s__Faecalicoccus_pleomorphus	0.1889524872
PWY-8178: pentose phosphate pathway (non-oxidative branch) II	1.0000000000
PWY-8178: pentose phosphate pathway (non-oxidative branch) II|unclassified	0.9999999995
PWY-8178: pentose phosphate pathway (non-oxidative branch) II|g__Collinsella.s__Collinsella_aerofaciens	0.0000058039
PWY-8178: pentose phosphate pathway (non-oxidative branch) II|g__Blautia.s__Blautia_wexlerae	0.9292135870
PWY-8178: pentose phosphate pathway (non-oxidative branch) II|g__Blautia.s__Blautia_obeum	0.0000000000
PWY-8178: pentose phosphate pathway (non-oxidative branch) II|g__Erysipelatoclostridium.s__Clostridium_spiroforme	0.1226411338
PWY66-429: fatty acid biosynthesis initiation (mitochondria)	1.0000000000
PWY66-429: fatty acid biosynthesis initiation (mitochondria)|unclassified	1.0000000000
PWY66-429: fatty acid biosynthesis initiation (mitochondria)|g__Blautia.s__Blautia_obeum	0.8050460438
PWY66-429: fatty acid biosynthesis initiation (mitochondria)|g__Blautia.s__Blautia_wexlerae	0.0000249890
PWY66-429: fatty acid biosynthesis initiation (mitochondria)|g__Erysipelatoclostridium.s__Clostridium_spiroforme	0.4885878795
PWY66-429: fatty acid biosynthesis initiation (mitochondria)|g__Dorea.s__Dorea_formicigenerans	0.1379844716
P41-PWY: pyruvate fermentation to acetate and (S)-lactate I	1.0000000000
P41-PWY: pyruvate fermentation to acetate and (S)-lactate I|unclassified	0.9951466229
P41-PWY: pyruvate fermentation to acetate and (S)-lactate I|g__Bifidobacterium.s__Bifidobacterium_adolescentis	0.0000220563
P41-PWY: pyruvate fermentation to acetate and (S)-lactate I|g__Collinsella.s__Collinsella_aerofaciens	0.8805372678
P41-PWY: pyruvate fermentation to acetate and (S)-lactate I|g__Blautia.s__Blautia_obeum	0.0001082262
P41-PWY: pyruvate fermentation to acetate and (S)-lactate I|g__Blautia.s__Blautia_wexlerae	0.0002360133
P41-PWY: pyruvate fermentation to acetate and (S)-lactate I|g__Dorea.s__Dorea_formicigenerans	0.1091872842
P41-PWY: pyruvate fermentation to acetate and (S)-lactate I|g__Eggerthella.s__Eggerthella_lenta	0.1298644646
PWY-5100: pyruvate fermentation to acetate and lactate II	1.0000000000
PWY-5100: pyruvate fermentation to acetate and lactate II|unclassified	0.9951466229
PWY-5100: pyruvate fermentation to acetate and lactate II|g__Bifidobacterium.s__Bifidobacterium_adolescentis	0.0000220563
PWY-5100: pyruvate fermentation to acetate and lactate II|g__Collinsella.s__Collinsella_aerofaciens	0.8805372678
PWY-5100: pyruvate fermentation to acetate and lactate II|g__Blautia.s__Blautia_obeum	0.0001082262
PWY-5100: pyruvate fermentation to acetate and lactate II|g__Blautia.s__Blautia_wexlerae	0.0002360133
PWY-5100: pyruvate fermentation to acetate and lactate II|g__Eggerthella.s__Eggerthella_lenta	0.4313681045
PWY-5100: pyruvate fermentation to acetate and lactate II|g__Dorea.s__Dorea_formicigenerans	0.1091872842
PWY-5100: pyruvate fermentation to acetate and lactate II|g__Gordonibacter.s__Gordonibacter_urolithinfaciens	0.2043377096
PWY-724: superpathway of L-lysine, L-threonine and L-methionine biosynthesis II	0.9999979481
PWY-724: superpathway of L-lysine, L-threonine and L-methionine biosynthesis II|g__Bifidobacterium.s__Bifidobacterium_adolescentis	0.0000870817
PWY-724: superpathway of L-lysine, L-threonine and L-methionine biosynthesis II|unclassified	0.0051770221
PWY-724: superpathway of L-lysine, L-threonine and L-methionine biosynthesis II|g__Blautia.s__Blautia_obeum	0.0000000000
PWY-724: superpathway of L-lysine, L-threonine and L-methionine biosynthesis II|g__Erysipelatoclostridium.s__Clostridium_spiroforme	0.0018212561
SER-GLYSYN-PWY: superpathway of L-serine and glycine biosynthesis I	1.0000000000
SER-GLYSYN-PWY: superpathway of L-serine and glycine biosynthesis I|g__Bifidobacterium.s__Bifidobacterium_adolescentis	0.8247816862
SER-GLYSYN-PWY: superpathway of L-serine and glycine biosynthesis I|unclassified	0.0000012015
SER-GLYSYN-PWY: superpathway of L-serine and glycine biosynthesis I|g__Collinsella.s__Collinsella_aerofaciens	0.0000148041
SER-GLYSYN-PWY: superpathway of L-serine and glycine biosynthesis I|g__Blautia.s__Blautia_wexlerae	0.0000007822
SER-GLYSYN-PWY: superpathway of L-serine and glycine biosynthesis I|g__Blautia.s__Blautia_obeum	0.0000000000
SER-GLYSYN-PWY: superpathway of L-serine and glycine biosynthesis I|g__Alistipes.s__Alistipes_putredinis	0.4559927369
SER-GLYSYN-PWY: superpathway of L-serine and glycine biosynthesis I|g__Eggerthella.s__Eggerthella_lenta	0.2021711960
SER-GLYSYN-PWY: superpathway of L-serine and glycine biosynthesis I|g__Faecalicoccus.s__Faecalicoccus_pleomorphus	0.1295093053
PWY-7111: pyruvate fermentation to isobutanol (engineered)	1.0000000000
PWY-7111: pyruvate fermentation to isobutanol (engineered)|g__Bifidobacterium.s__Bifidobacterium_adolescentis	0.2151036143
PWY-7111: pyruvate fermentation to isobutanol (engineered)|unclassified	0.0000001570
PWY-7111: pyruvate fermentation to isobutanol (engineered)|g__Blautia.s__Blautia_obeum	0.0000000000
PWY-7111: pyruvate fermentation to isobutanol (engineered)|g__Blautia.s__Blautia_wexlerae	0.0000000000
PWY-7111: pyruvate fermentation to isobutanol (engineered)|g__Erysipelatoclostridium.s__Clostridium_spiroforme	0.8105375555
PWY-7111: pyruvate fermentation to isobutanol (engineered)|g__Dorea.s__Dorea_formicigenerans	0.2483586227
ANAGLYCOLYSIS-PWY: glycolysis III (from glucose)	0.0000000000
ANAGLYCOLYSIS-PWY: glycolysis III (from glucose)|unclassified	0.0000000008
ANAGLYCOLYSIS-PWY: glycolysis III (from glucose)|g__Collinsella.s__Collinsella_aerofaciens	0.0000273715
ANAGLYCOLYSIS-PWY: glycolysis III (from glucose)|g__Blautia.s__Blautia_wexlerae	0.0000000014
ANAGLYCOLYSIS-PWY: glycolysis III (from glucose)|g__Blautia.s__Blautia_obeum	0.0000000000
COA-PWY: coenzyme A biosynthesis I (prokaryotic)	1.0000000000
COA-PWY: coenzyme A biosynthesis I (prokaryotic)|g__Bifidobacterium.s__Bifidobacterium_adolescentis	0.3379794226
COA-PWY: coenzyme A biosynthesis I (prokaryotic)|unclassified	0.9870861454
COA-PWY: coenzyme A biosynthesis I (prokaryotic)|g__Blautia.s__Blautia_obeum	0.0117817955
COA-PWY: coenzyme A biosynthesis I (prokaryotic)|g__Blautia.s__Blautia_wexlerae	0.0005422612
COA-PWY: coenzyme A biosynthesis I (prokaryotic)|g__Gemmiger.s__Gemmiger_formicilis	0.4497744408
COA-PWY: coenzyme A biosynthesis I (prokaryotic)|g__Akkermansia.s__Akkermansia_muciniphila	0.2837846534
COA-PWY: coenzyme A biosynthesis I (prokaryotic)|g__Erysipelatoclostridium.s__Clostridium_spiroforme	0.3925639172
COA-PWY: coenzyme A biosynthesis I (prokaryotic)|g__Alistipes.s__Alistipes_putredinis	0.5880947685
COA-PWY: coenzyme A biosynthesis I (prokaryotic)|g__Faecalicoccus.s__Faecalicoccus_pleomorphus	0.4138107378
COA-PWY: coenzyme A biosynthesis I (prokaryotic)|g__Eggerthella.s__Eggerthella_lenta	0.2083790910
PWY-7851: coenzyme A biosynthesis II (eukaryotic)	1.0000000000
PWY-7851: coenzyme A biosynthesis II (eukaryotic)|g__Bifidobacterium.s__Bifidobacterium_adolescentis	0.0002216649
PWY-7851: coenzyme A biosynthesis II (eukaryotic)|unclassified	0.0000036002
PWY-7851: coenzyme A biosynthesis II (eukaryotic)|g__Blautia.s__Blautia_obeum	0.0000239959
PWY-7851: coenzyme A biosynthesis II (eukaryotic)|g__Gemmiger.s__Gemmiger_formicilis	0.4492445596
PWY-7851: coenzyme A biosynthesis II (eukaryotic)|g__Blautia.s__Blautia_wexlerae	0.0000000001
PWY-7851: coenzyme A biosynthesis II (eukaryotic)|g__Faecalicoccus.s__Faecalicoccus_pleomorphus	0.1648778457
1CMET2-PWY: folate transformations III (E. coli)	1.0000000000
1CMET2-PWY: folate transformations III (E. coli)|unclassified	0.0034298692
1CMET2-PWY: folate transformations III (E. coli)|g__Akkermansia.s__Akkermansia_muciniphila	0.0000800816
1CMET2-PWY: folate transformations III (E. coli)|g__Blautia.s__Blautia_wexlerae	0.0000000000
1CMET2-PWY: folate transformations III (E. coli)|g__Alistipes.s__Alistipes_putredinis	0.2726184633
1CMET2-PWY: folate transformations III (E. coli)|g__Blautia.s__Blautia_obeum	0.0000000000
PWY-7357: thiamine phosphate formation from pyrithiamine and oxythiamine (yeast)	0.1711404058
PWY-7357: thiamine phosphate formation from pyrithiamine and oxythiamine (yeast)|g__Bifidobacterium.s__Bifidobacterium_adolescentis	0.0000000000
PWY-7357: thiamine phosphate formation from pyrithiamine and oxythiamine (yeast)|unclassified	0.0000000094
PWY-7357: thiamine phosphate formation from pyrithiamine and oxythiamine (yeast)|g__Blautia.s__Blautia_obeum	0.0000076713
PWY-7357: thiamine phosphate formation from pyrithiamine and oxythiamine (yeast)|g__Collinsella.s__Collinsella_aerofaciens	0.0597965780
PWY-7357: thiamine phosphate formation from pyrithiamine and oxythiamine (yeast)|g__Dorea.s__Dorea_formicigenerans	0.5517289072
PWY-7357: thiamine phosphate formation from pyrithiamine and oxythiamine (yeast)|g__Erysipelatoclostridium.s__Clostridium_spiroforme	0.6361674503
PWY-7357: thiamine phosphate formation from pyrithiamine and oxythiamine (yeast)|g__Blautia.s__Blautia_wexlerae	0.0000000000
PWY-6700: queuosine biosynthesis I (de novo)	1.0000000000
PWY-6700: queuosine biosynthesis I (de novo)|g__Ruminococcus.s__Ruminococcus_bromii	0.0000000012
PWY-6700: queuosine biosynthesis I (de novo)|unclassified	0.4606786454
PWY-6700: queuosine biosynthesis I (de novo)|g__Collinsella.s__Collinsella_aerofaciens	0.0000224309
PWY-6700: queuosine biosynthesis I (de novo)|g__Blautia.s__Blautia_obeum	0.0002083261
PWY-6700: queuosine biosynthesis I (de novo)|g__Blautia.s__Blautia_wexlerae	0.0000056129
PWY-6700: queuosine biosynthesis I (de novo)|g__Gemmiger.s__Gemmiger_formicilis	0.0980228050
PWY-6700: queuosine biosynthesis I (de novo)|g__Akkermansia.s__Akkermansia_muciniphila	0.5275132552
PWY-6700: queuosine biosynthesis I (de novo)|g__Faecalibacterium.s__Faecalibacterium_prausnitzii	0.4074735454
PWY-7977: L-methionine biosynthesis IV	1.0000000000
PWY-7977: L-methionine biosynthesis IV|unclassified	0.0007933584
PWY-7977: L-methionine biosynthesis IV|g__Collinsella.s__Collinsella_aerofaciens	0.6703563192
PWY-7977: L-methionine biosynthesis IV|g__Akkermansia.s__Akkermansia_muciniphila	0.5520890868
PWY-7953: UDP-N-acetylmuramoyl-pentapeptide biosynthesis III (meso-diaminopimelate containing)	0.0008421464
PWY-7953: UDP-N-acetylmuramoyl-pentapeptide biosynthesis III (meso-diaminopimelate containing)|unclassified	0.9369886696
PWY-7953: UDP-N-acetylmuramoyl-pentapeptide biosynthesis III (meso-diaminopimelate containing)|g__Blautia.s__Blautia_obeum	0.9632155258
PWY-7953: UDP-N-acetylmuramoyl-pentapeptide biosynthesis III (meso-diaminopimelate containing)|g__Blautia.s__Blautia_wexlerae	0.0148251680
PWY-7953: UDP-N-acetylmuramoyl-pentapeptide biosynthesis III (meso-diaminopimelate containing)|g__Akkermansia.s__Akkermansia_muciniphila	0.0784849726
PWY-7953: UDP-N-acetylmuramoyl-pentapeptide biosynthesis III (meso-diaminopimelate containing)|g__Dorea.s__Dorea_formicigenerans	0.4507846761
PWY-7953: UDP-N-acetylmuramoyl-pentapeptide biosynthesis III (meso-diaminopimelate containing)|g__Eggerthella.s__Eggerthella_lenta	0.3714010422
PWY-7953: UDP-N-acetylmuramoyl-pentapeptide biosynthesis III (meso-diaminopimelate containing)|g__Faecalicoccus.s__Faecalicoccus_pleomorphus	0.2651792641
PWY-3001: superpathway of L-isoleucine biosynthesis I	0.0000000000
PWY-3001: superpathway of L-isoleucine biosynthesis I|unclassified	0.0000000000
OANTIGEN-PWY: O-antigen building blocks biosynthesis (E. coli)	0.0000000000
OANTIGEN-PWY: O-antigen building blocks biosynthesis (E. coli)|g__Collinsella.s__Collinsella_aerofaciens	0.3775787643
OANTIGEN-PWY: O-antigen building blocks biosynthesis (E. coli)|unclassified	0.0000000000
OANTIGEN-PWY: O-antigen building blocks biosynthesis (E. coli)|g__Erysipelatoclostridium.s__Clostridium_spiroforme	0.4310238340
PWY-6317: D-galactose degradation I (Leloir pathway)	1.0000000000
PWY-6317: D-galactose degradation I (Leloir pathway)|unclassified	0.3784305660
PWY-6317: D-galactose degradation I (Leloir pathway)|g__Collinsella.s__Collinsella_aerofaciens	0.0000001020
PWY-6317: D-galactose degradation I (Leloir pathway)|g__Blautia.s__Blautia_obeum	0.0000235572
PWY-6317: D-galactose degradation I (Leloir pathway)|g__Blautia.s__Blautia_wexlerae	0.5374749845
THRESYN-PWY: superpathway of L-threonine biosynthesis	0.9999927170
THRESYN-PWY: superpathway of L-threonine biosynthesis|g__Bifidobacterium.s__Bifidobacterium_adolescentis	0.0000266427
THRESYN-PWY: superpathway of L-threonine biosynthesis|unclassified	0.0009994838
THRESYN-PWY: superpathway of L-threonine biosynthesis|g__Collinsella.s__Collinsella_aerofaciens	0.0779291497
THRESYN-PWY: superpathway of L-threonine biosynthesis|g__Blautia.s__Blautia_obeum	0.0000000000
THRESYN-PWY: superpathway of L-threonine biosynthesis|g__Faecalicoccus.s__Faecalicoccus_pleomorphus	0.2782577656
THRESYN-PWY: superpathway of L-threonine biosynthesis|g__Erysipelatoclostridium.s__Clostridium_spiroforme	0.0010967608
PWY-6609: adenine and adenosine salvage III	1.0000000000
PWY-6609: adenine and adenosine salvage III|unclassified	1.0000000000
PWY-6609: adenine and adenosine salvage III|g__Blautia.s__Blautia_obeum	0.0901993301
PWY-6609: adenine and adenosine salvage III|g__Gemmiger.s__Gemmiger_formicilis	0.0515255893
PWY-6609: adenine and adenosine salvage III|g__Blautia.s__Blautia_wexlerae	0.0000000000
PWY-6609: adenine and adenosine salvage III|g__Eggerthella.s__Eggerthella_lenta	0.5484367238
PWY-6609: adenine and adenosine salvage III|g__Ruminococcaceae_unclassified.s__Clostridium_leptum	0.7587310787
PWY-6609: adenine and adenosine salvage III|g__Dorea.s__Dorea_formicigenerans	0.0566463939
PWY-6609: adenine and adenosine salvage III|g__Alistipes.s__Alistipes_putredinis	0.1100852632
PWY-5667: CDP-diacylglycerol biosynthesis I	0.9999999999
PWY-5667: CDP-diacylglycerol biosynthesis I|unclassified	0.6502900544
PWY-5667: CDP-diacylglycerol biosynthesis I|g__Blautia.s__Blautia_obeum	0.0078770023
PWY-5667: CDP-diacylglycerol biosynthesis I|g__Blautia.s__Blautia_wexlerae	0.0000000166
PWY-5667: CDP-diacylglycerol biosynthesis I|g__Erysipelatoclostridium.s__Clostridium_spiroforme	0.2552065711
PWY-5667: CDP-diacylglycerol biosynthesis I|g__Gordonibacter.s__Gordonibacter_pamelaeae	0.4338579996
PWY-5667: CDP-diacylglycerol biosynthesis I|g__Gordonibacter.s__Gordonibacter_urolithinfaciens	0.3092132010
PWY0-1319: CDP-diacylglycerol biosynthesis II	0.9999999999
PWY0-1319: CDP-diacylglycerol biosynthesis II|unclassified	0.6502900544
PWY0-1319: CDP-diacylglycerol biosynthesis II|g__Blautia.s__Blautia_obeum	0.0078770023
PWY0-1319: CDP-diacylglycerol biosynthesis II|g__Blautia.s__Blautia_wexlerae	0.0000000166
PWY0-1319: CDP-diacylglycerol biosynthesis II|g__Erysipelatoclostridium.s__Clostridium_spiroforme	0.2552065711
PWY0-1319: CDP-diacylglycerol biosynthesis II|g__Gordonibacter.s__Gordonibacter_pamelaeae	0.4338579996
PWY0-1319: CDP-diacylglycerol biosynthesis II|g__Gordonibacter.s__Gordonibacter_urolithinfaciens	0.3092132010
PWY-6123: inosine-5'-phosphate biosynthesis I	0.9957945247
PWY-6123: inosine-5'-phosphate biosynthesis I|g__Bifidobacterium.s__Bifidobacterium_adolescentis	0.0000000007
PWY-6123: inosine-5'-phosphate biosynthesis I|unclassified	0.0000000000
PWY-6123: inosine-5'-phosphate biosynthesis I|g__Collinsella.s__Collinsella_aerofaciens	0.0000034864
PWY-6123: inosine-5'-phosphate biosynthesis I|g__Blautia.s__Blautia_obeum	0.0000001358
PWY-6123: inosine-5'-phosphate biosynthesis I|g__Blautia.s__Blautia_wexlerae	0.0000000000
PWY-6123: inosine-5'-phosphate biosynthesis I|g__Akkermansia.s__Akkermansia_muciniphila	0.0892086214
PWY-6123: inosine-5'-phosphate biosynthesis I|g__Alistipes.s__Alistipes_putredinis	0.7137777874
PWY-6123: inosine-5'-phosphate biosynthesis I|g__Eggerthella.s__Eggerthella_lenta	0.2071435131
PWY-6123: inosine-5'-phosphate biosynthesis I|g__Erysipelatoclostridium.s__Clostridium_spiroforme	0.0011564465
PWY-6123: inosine-5'-phosphate biosynthesis I|g__Gordonibacter.s__Gordonibacter_pamelaeae	0.2305975635
PWY-6123: inosine-5'-phosphate biosynthesis I|g__Gordonibacter.s__Gordonibacter_urolithinfaciens	0.3798329451
PWY0-1586: peptidoglycan maturation (meso-diaminopimelate containing)	0.6715048179
PWY0-1586: peptidoglycan maturation (meso-diaminopimelate containing)|g__Collinsella.s__Collinsella_aerofaciens	0.1954075554
PWY0-1586: peptidoglycan maturation (meso-diaminopimelate containing)|unclassified	0.0000000000
PWY0-1586: peptidoglycan maturation (meso-diaminopimelate containing)|g__Eggerthella.s__Eggerthella_lenta	0.7728629138
PWY-6270: isoprene biosynthesis I	0.0000000000
PWY-6270: isoprene biosynthesis I|unclassified	0.0000000000
PWY-6270: isoprene biosynthesis I|g__Blautia.s__Blautia_wexlerae	0.1794469893
PWY-6270: isoprene biosynthesis I|g__Blautia.s__Blautia_obeum	0.0000000000
PWY-6124: inosine-5'-phosphate biosynthesis II	0.9949576707
PWY-6124: inosine-5'-phosphate biosynthesis II|g__Bifidobacterium.s__Bifidobacterium_adolescentis	0.0000000004
PWY-6124: inosine-5'-phosphate biosynthesis II|g__Collinsella.s__Collinsella_aerofaciens	0.0000029053
PWY-6124: inosine-5'-phosphate biosynthesis II|unclassified	0.0000000000
PWY-6124: inosine-5'-phosphate biosynthesis II|g__Blautia.s__Blautia_wexlerae	0.9999004181
PWY-6124: inosine-5'-phosphate biosynthesis II|g__Blautia.s__Blautia_obeum	0.0000001131
PWY-6124: inosine-5'-phosphate biosynthesis II|g__Akkermansia.s__Akkermansia_muciniphila	0.0801168334
PWY-6124: inosine-5'-phosphate biosynthesis II|g__Alistipes.s__Alistipes_putredinis	0.6495168171
PWY-6124: inosine-5'-phosphate biosynthesis II|g__Faecalibacterium.s__Faecalibacterium_prausnitzii	0.2372436057
PWY-6124: inosine-5'-phosphate biosynthesis II|g__Eggerthella.s__Eggerthella_lenta	0.1788169784
PWY-6124: inosine-5'-phosphate biosynthesis II|g__Gordonibacter.s__Gordonibacter_pamelaeae	0.2710803807
PWY-6124: inosine-5'-phosphate biosynthesis II|g__Erysipelatoclostridium.s__Clostridium_spiroforme	0.0009642591
PWY-6124: inosine-5'-phosphate biosynthesis II|g__Bacteroides.s__Bacteroides_ovatus	0.6556471426
PWY-6124: inosine-5'-phosphate biosynthesis II|g__Gordonibacter.s__Gordonibacter_urolithinfaciens	0.3544938237
PWY-6124: inosine-5'-phosphate biosynthesis II|g__Bacteroides.s__Bacteroides_stercoris	0.5908502676
PWY-6124: inosine-5'-phosphate biosynthesis II|g__Bacteroides.s__Bacteroides_thetaiotaomicron	0.3335966625
PWY-6124: inosine-5'-phosphate biosynthesis II|g__Bacteroides.s__Bacteroides_cellulosilyticus	0.3793783306
PWY-7560: methylerythritol phosphate pathway II	0.0000000000
PWY-7560: methylerythritol phosphate pathway II|unclassified	0.0000000000
PWY-7560: methylerythritol phosphate pathway II|g__Blautia.s__Blautia_wexlerae	0.1606189388
PWY-7560: methylerythritol phosphate pathway II|g__Blautia.s__Blautia_obeum	0.0000000000
PWY-6628: superpathway of L-phenylalanine biosynthesis	0.0000000000
PWY-6628: superpathway of L-phenylalanine biosynthesis|unclassified	0.0000000000
GLYCOLYSIS: glycolysis I (from glucose 6-phosphate)	0.0000000000
GLYCOLYSIS: glycolysis I (from glucose 6-phosphate)|unclassified	0.0000000000
UDPNAGSYN-PWY: UDP-N-acetyl-D-glucosamine biosynthesis I	0.0000000000
UDPNAGSYN-PWY: UDP-N-acetyl-D-glucosamine biosynthesis I|g__Bifidobacterium.s__Bifidobacterium_adolescentis	0.0047880303
UDPNAGSYN-PWY: UDP-N-acetyl-D-glucosamine biosynthesis I|g__Collinsella.s__Collinsella_aerofaciens	0.4778316492
UDPNAGSYN-PWY: UDP-N-acetyl-D-glucosamine biosynthesis I|unclassified	0.0000000000
UDPNAGSYN-PWY: UDP-N-acetyl-D-glucosamine biosynthesis I|g__Eggerthella.s__Eggerthella_lenta	0.7503240738
UDPNAGSYN-PWY: UDP-N-acetyl-D-glucosamine biosynthesis I|g__Erysipelatoclostridium.s__Clostridium_spiroforme	0.3835191910
PWY0-1296: purine ribonucleosides degradation	0.9999999841
PWY0-1296: purine ribonucleosides degradation|unclassified	0.9775939778
PWY0-1296: purine ribonucleosides degradation|g__Blautia.s__Blautia_obeum	1.0000000000
PWY0-1296: purine ribonucleosides degradation|g__Gemmiger.s__Gemmiger_formicilis	0.3361272590
PWY0-1296: purine ribonucleosides degradation|g__Blautia.s__Blautia_wexlerae	0.0000000000
PWY0-1296: purine ribonucleosides degradation|g__Faecalicoccus.s__Faecalicoccus_pleomorphus	0.9991991725
PWY0-1296: purine ribonucleosides degradation|g__Erysipelatoclostridium.s__Clostridium_spiroforme	0.4897872716
PWY0-1296: purine ribonucleosides degradation|g__Ruminococcaceae_unclassified.s__Clostridium_leptum	0.6841084565
PWY0-1296: purine ribonucleosides degradation|g__Dorea.s__Dorea_formicigenerans	0.0631663778
PWY-5695: inosine 5'-phosphate degradation	0.5918507788
PWY-5695: inosine 5'-phosphate degradation|unclassified	0.0000022497
PWY-5695: inosine 5'-phosphate degradation|g__Blautia.s__Blautia_obeum	0.0000000000
PWY-5695: inosine 5'-phosphate degradation|g__Blautia.s__Blautia_wexlerae	0.0000000000
PWY-5695: inosine 5'-phosphate degradation|g__Alistipes.s__Alistipes_putredinis	0.4060101693
PWY-5695: inosine 5'-phosphate degradation|g__Blautia.s__Blautia_hydrogenotrophica	0.0302312946
DAPLYSINESYN-PWY: L-lysine biosynthesis I	0.0000000000
DAPLYSINESYN-PWY: L-lysine biosynthesis I|g__Bifidobacterium.s__Bifidobacterium_adolescentis	0.0044472187
DAPLYSINESYN-PWY: L-lysine biosynthesis I|unclassified	0.0000000000
ANAEROFRUCAT-PWY: homolactic fermentation	0.0000000000
ANAEROFRUCAT-PWY: homolactic fermentation|unclassified	0.0000000000
PWY-5188: tetrapyrrole biosynthesis I (from glutamate)	0.9150170164
PWY-5188: tetrapyrrole biosynthesis I (from glutamate)|g__Ruminococcus.s__Ruminococcus_bromii	0.3482350020
PWY-5188: tetrapyrrole biosynthesis I (from glutamate)|unclassified	0.0000000000
PWY-5188: tetrapyrrole biosynthesis I (from glutamate)|g__Blautia.s__Blautia_obeum	0.0000000005
PWY-5188: tetrapyrrole biosynthesis I (from glutamate)|g__Blautia.s__Blautia_wexlerae	0.0761980410
PWY-5188: tetrapyrrole biosynthesis I (from glutamate)|g__Akkermansia.s__Akkermansia_muciniphila	0.0385568613
PWY-5484: glycolysis II (from fructose 6-phosphate)	0.0000000000
PWY-5484: glycolysis II (from fructose 6-phosphate)|unclassified	0.0000000000
PWY-6901: superpathway of glucose and xylose degradation	0.0000000000
PWY-6901: superpathway of glucose and xylose degradation|unclassified	0.0000000000
PENTOSE-P-PWY: pentose phosphate pathway	0.0000000000
PENTOSE-P-PWY: pentose phosphate pathway|unclassified	0.0000000000
PWY-5384: sucrose degradation IV (sucrose phosphorylase)	0.0000000007
PWY-5384: sucrose degradation IV (sucrose phosphorylase)|g__Bifidobacterium.s__Bifidobacterium_adolescentis	0.0492423715
PWY-5384: sucrose degradation IV (sucrose phosphorylase)|g__Blautia.s__Blautia_wexlerae	0.9958569442
PWY-5384: sucrose degradation IV (sucrose phosphorylase)|g__Faecalibacterium.s__Faecalibacterium_prausnitzii	0.1744723268
PWY-7234: inosine-5'-phosphate biosynthesis III	0.0000000000
PWY-7234: inosine-5'-phosphate biosynthesis III|g__Bifidobacterium.s__Bifidobacterium_adolescentis	0.0000000007
PWY-7234: inosine-5'-phosphate biosynthesis III|g__Alistipes.s__Alistipes_putredinis	0.6516202543
PWY-8187: L-arginine degradation XIII (reductive Stickland reaction)	0.0000000000
PWY-8187: L-arginine degradation XIII (reductive Stickland reaction)|unclassified	0.9999999999
PWY-8187: L-arginine degradation XIII (reductive Stickland reaction)|g__Eggerthella.s__Eggerthella_lenta	0.2285226060
P124-PWY: Bifidobacterium shunt	0.0000000000
P124-PWY: Bifidobacterium shunt|g__Collinsella.s__Collinsella_aerofaciens	0.0209237581
HSERMETANA-PWY: L-methionine biosynthesis III	0.0000000000
HSERMETANA-PWY: L-methionine biosynthesis III|g__Bifidobacterium.s__Bifidobacterium_adolescentis	0.0000000000
HSERMETANA-PWY: L-methionine biosynthesis III|unclassified	0.0000000000
HSERMETANA-PWY: L-methionine biosynthesis III|g__Blautia.s__Blautia_obeum	0.0000000000
HSERMETANA-PWY: L-methionine biosynthesis III|g__Blautia.s__Blautia_wexlerae	0.0025844548
HSERMETANA-PWY: L-methionine biosynthesis III|g__Akkermansia.s__Akkermansia_muciniphila	0.3766463233
PWY-7237: myo-, chiro- and scyllo-inositol degradation	0.4761896319
PWY-7237: myo-, chiro- and scyllo-inositol degradation|g__Blautia.s__Blautia_wexlerae	1.0000000000
PWY-7237: myo-, chiro- and scyllo-inositol degradation|unclassified	0.2068162687
PWY-7237: myo-, chiro- and scyllo-inositol degradation|g__Bifidobacterium.s__Bifidobacterium_adolescentis	0.0000000000
PWY-7237: myo-, chiro- and scyllo-inositol degradation|g__Blautia.s__Blautia_obeum	0.0000572028
PWY-7237: myo-, chiro- and scyllo-inositol degradation|g__Faecalibacterium.s__Faecalibacterium_prausnitzii	0.2349191326
PWY-7237: myo-, chiro- and scyllo-inositol degradation|g__Blautia.s__Blautia_hydrogenotrophica	0.3017664503
PWY-6527: stachyose degradation	0.0000000000
PWY-6527: stachyose degradation|unclassified	0.0243912168
PWY-6527: stachyose degradation|g__Blautia.s__Blautia_obeum	0.0000000519
PWY-6527: stachyose degradation|g__Blautia.s__Blautia_wexlerae	0.6353264619
PYRIDNUCSYN-PWY: NAD de novo biosynthesis I (from aspartate)	0.0000000000
PYRIDNUCSYN-PWY: NAD de novo biosynthesis I (from aspartate)|unclassified	0.0000021121
PYRIDNUCSYN-PWY: NAD de novo biosynthesis I (from aspartate)|g__Faecalicoccus.s__Faecalicoccus_pleomorphus	0.1486569705
GLUCONEO-PWY: gluconeogenesis I	0.0000000000
GLUCONEO-PWY: gluconeogenesis I|unclassified	0.0000000000
PANTOSYN-PWY: superpathway of coenzyme A biosynthesis I (bacteria)	0.0000000000
PANTOSYN-PWY: superpathway of coenzyme A biosynthesis I (bacteria)|unclassified	0.0000000001
PANTOSYN-PWY: superpathway of coenzyme A biosynthesis I (bacteria)|g__Blautia.s__Blautia_obeum	0.0000448508
PANTOSYN-PWY: superpathway of coenzyme A biosynthesis I (bacteria)|g__Blautia.s__Blautia_wexlerae	0.0000000000
LACTOSECAT-PWY: lactose and galactose degradation I	0.0000000000
LACTOSECAT-PWY: lactose and galactose degradation I|g__Collinsella.s__Collinsella_aerofaciens	1.0000000000
LACTOSECAT-PWY: lactose and galactose degradation I|unclassified	0.0000000000
PWY-6823: molybdopterin biosynthesis	0.0000956739
PWY-6823: molybdopterin biosynthesis|unclassified	0.1197557668
PWY-6823: molybdopterin biosynthesis|g__Blautia.s__Blautia_obeum	0.1506110939
PWY-6823: molybdopterin biosynthesis|g__Dorea.s__Dorea_formicigenerans	0.9224208198
PWY-6823: molybdopterin biosynthesis|g__Eggerthella.s__Eggerthella_lenta	0.0127901484
PWY-6823: molybdopterin biosynthesis|g__Gordonibacter.s__Gordonibacter_pamelaeae	0.2565878217
PWY-7328: superpathway of UDP-glucose-derived O-antigen building blocks biosynthesis	0.0000000000
PWY-7328: superpathway of UDP-glucose-derived O-antigen building blocks biosynthesis|unclassified	0.0000000000
PWY0-162: superpathway of pyrimidine ribonucleotides de novo biosynthesis	0.0000000000
PWY0-162: superpathway of pyrimidine ribonucleotides de novo biosynthesis|unclassified	0.0000000000
PWY0-1061: superpathway of L-alanine biosynthesis	0.0000000000
PWY0-1061: superpathway of L-alanine biosynthesis|g__Bifidobacterium.s__Bifidobacterium_adolescentis	0.0000602474
PWY-6936: seleno-amino acid biosynthesis (plants)	0.0000000000
PWY-6936: seleno-amino acid biosynthesis (plants)|unclassified	0.0000000000
PWY-6936: seleno-amino acid biosynthesis (plants)|g__Dorea.s__Dorea_formicigenerans	0.0237913766
COBALSYN-PWY: superpathway of adenosylcobalamin salvage from cobinamide I	0.0000000000
COBALSYN-PWY: superpathway of adenosylcobalamin salvage from cobinamide I|unclassified	0.0000000000
COBALSYN-PWY: superpathway of adenosylcobalamin salvage from cobinamide I|g__Blautia.s__Blautia_obeum	0.0000000085
COBALSYN-PWY: superpathway of adenosylcobalamin salvage from cobinamide I|g__Gordonibacter.s__Gordonibacter_pamelaeae	1.0000000000
COBALSYN-PWY: superpathway of adenosylcobalamin salvage from cobinamide I|g__Blautia.s__Blautia_wexlerae	0.0000000036
COBALSYN-PWY: superpathway of adenosylcobalamin salvage from cobinamide I|g__Collinsella.s__Collinsella_aerofaciens	0.0000000000
PWY-841: superpathway of purine nucleotides de novo biosynthesis I	0.0000000000
PWY-841: superpathway of purine nucleotides de novo biosynthesis I|unclassified	0.0000000000
PWY-841: superpathway of purine nucleotides de novo biosynthesis I|g__Eggerthella.s__Eggerthella_lenta	0.2066463447
PWY-7229: superpathway of adenosine nucleotides de novo biosynthesis I	0.0000000000
PWY-7229: superpathway of adenosine nucleotides de novo biosynthesis I|unclassified	0.0000000000
PWY-7229: superpathway of adenosine nucleotides de novo biosynthesis I|g__Eggerthella.s__Eggerthella_lenta	0.5366304270
PWY-2941: L-lysine biosynthesis II	0.0000000000
PWY-2941: L-lysine biosynthesis II|unclassified	0.0000000000
PWY-2941: L-lysine biosynthesis II|g__Erysipelatoclostridium.s__Clostridium_spiroforme	0.2514048788
PWY-8004: Entner-Doudoroff pathway I	0.0000000000
PWY-8004: Entner-Doudoroff pathway I|unclassified	0.0000000000
PWY-7117: C4 photosynthetic carbon assimilation cycle, PEPCK type	0.0000000000
METH-ACETATE-PWY: methanogenesis from acetate	0.0000000000
METH-ACETATE-PWY: methanogenesis from acetate|unclassified	0.0000000000
METH-ACETATE-PWY: methanogenesis from acetate|g__Blautia.s__Blautia_obeum	0.0000000000
METH-ACETATE-PWY: methanogenesis from acetate|g__Blautia.s__Blautia_wexlerae	0.0000007945
PWY-6897: thiamine diphosphate salvage II	0.0000000000
PWY-6897: thiamine diphosphate salvage II|g__Bifidobacterium.s__Bifidobacterium_adolescentis	0.0000000000
PWY-6897: thiamine diphosphate salvage II|unclassified	0.0000000000
PWY-241: C4 photosynthetic carbon assimilation cycle, NADP-ME type	0.0000000000
PANTO-PWY: phosphopantothenate biosynthesis I	0.0000000000
PANTO-PWY: phosphopantothenate biosynthesis I|unclassified	0.0000000745
PANTO-PWY: phosphopantothenate biosynthesis I|g__Blautia.s__Blautia_obeum	0.0000598331
PANTO-PWY: phosphopantothenate biosynthesis I|g__Akkermansia.s__Akkermansia_muciniphila	0.6603339566
PANTO-PWY: phosphopantothenate biosynthesis I|g__Eggerthella.s__Eggerthella_lenta	0.7645390415
PANTO-PWY: phosphopantothenate biosynthesis I|g__Dorea.s__Dorea_formicigenerans	0.2541840650
PANTO-PWY: phosphopantothenate biosynthesis I|g__Erysipelatoclostridium.s__Clostridium_spiroforme	0.2267227430
PANTO-PWY: phosphopantothenate biosynthesis I|g__Blautia.s__Blautia_wexlerae	0.0000000000
PWY-7356: thiamine diphosphate salvage IV (yeast)	0.0000000000
PWY-7356: thiamine diphosphate salvage IV (yeast)|g__Bifidobacterium.s__Bifidobacterium_adolescentis	0.0000000000
PWY-7356: thiamine diphosphate salvage IV (yeast)|unclassified	0.0000000000
ASPASN-PWY: superpathway of L-aspartate and L-asparagine biosynthesis	0.0000000000
ASPASN-PWY: superpathway of L-aspartate and L-asparagine biosynthesis|unclassified	0.0000000000
ASPASN-PWY: superpathway of L-aspartate and L-asparagine biosynthesis|g__Blautia.s__Blautia_wexlerae	0.9089879389
ASPASN-PWY: superpathway of L-aspartate and L-asparagine biosynthesis|g__Blautia.s__Blautia_obeum	0.0000000000
RIBOSYN2-PWY: flavin biosynthesis I (bacteria and plants)	0.0000000000
RIBOSYN2-PWY: flavin biosynthesis I (bacteria and plants)|unclassified	0.0000000000
RIBOSYN2-PWY: flavin biosynthesis I (bacteria and plants)|g__Blautia.s__Blautia_obeum	0.0000000000
RIBOSYN2-PWY: flavin biosynthesis I (bacteria and plants)|g__Blautia.s__Blautia_wexlerae	0.0000000000
PWY-6731: starch degradation III	0.0000000000
PWY-6731: starch degradation III|unclassified	0.0000011522
PWY-6731: starch degradation III|g__Blautia.s__Blautia_obeum	0.0000000000
PWY-6731: starch degradation III|g__Blautia.s__Blautia_wexlerae	0.0055720699
PWY-7400: L-arginine biosynthesis IV (archaebacteria)	0.0000000000
PWY-7400: L-arginine biosynthesis IV (archaebacteria)|unclassified	0.0000000000
PWY-6126: superpathway of adenosine nucleotides de novo biosynthesis II	0.0000000000
PWY-6126: superpathway of adenosine nucleotides de novo biosynthesis II|unclassified	0.0000000000
PWY-6126: superpathway of adenosine nucleotides de novo biosynthesis II|g__Eggerthella.s__Eggerthella_lenta	0.4333692797
THISYNARA-PWY: superpathway of thiamine diphosphate biosynthesis III (eukaryotes)	0.0000000000
THISYNARA-PWY: superpathway of thiamine diphosphate biosynthesis III (eukaryotes)|unclassified	0.0000000000
PWY-7228: superpathway of guanosine nucleotides de novo biosynthesis I	0.0000000000
PWY-7228: superpathway of guanosine nucleotides de novo biosynthesis I|g__Collinsella.s__Collinsella_aerofaciens	0.0023729399
PWY-7228: superpathway of guanosine nucleotides de novo biosynthesis I|unclassified	0.0000000000
PWY-7228: superpathway of guanosine nucleotides de novo biosynthesis I|g__Eggerthella.s__Eggerthella_lenta	0.3319315810
PWY-7228: superpathway of guanosine nucleotides de novo biosynthesis I|g__Gordonibacter.s__Gordonibacter_pamelaeae	0.3099549457
PWY-7208: superpathway of pyrimidine nucleobases salvage	0.0000000000
PWY-7208: superpathway of pyrimidine nucleobases salvage|g__Collinsella.s__Collinsella_aerofaciens	0.0000000160
PWY-7208: superpathway of pyrimidine nucleobases salvage|unclassified	0.0000000000
PWY-7208: superpathway of pyrimidine nucleobases salvage|g__Blautia.s__Blautia_obeum	0.0000000000
PWY-6608: guanosine nucleotides degradation III	0.0000000000
PWY-6608: guanosine nucleotides degradation III|unclassified	0.0000000000
PWY-6608: guanosine nucleotides degradation III|g__Blautia.s__Blautia_obeum	0.0000000000
PWY-6608: guanosine nucleotides degradation III|g__Blautia.s__Blautia_wexlerae	0.0000000000
PWY-7199: pyrimidine deoxyribonucleosides salvage	0.0000000000
PWY-7199: pyrimidine deoxyribonucleosides salvage|unclassified	0.0006275432
PWY-7663: gondoate biosynthesis (anaerobic)	0.0000000000
PWY-7663: gondoate biosynthesis (anaerobic)|unclassified	0.0000000000
PWY-6703: preQ0 biosynthesis	0.0000000000
PWY-6703: preQ0 biosynthesis|unclassified	0.0000000000
PWY-6703: preQ0 biosynthesis|g__Blautia.s__Blautia_obeum	0.0000006022
PWY-6703: preQ0 biosynthesis|g__Akkermansia.s__Akkermansia_muciniphila	0.1056309369
PWY-6703: preQ0 biosynthesis|g__Erysipelatoclostridium.s__Clostridium_spiroforme	0.0293186086
PWY-6125: superpathway of guanosine nucleotides de novo biosynthesis II	0.0000000000
PWY-6125: superpathway of guanosine nucleotides de novo biosynthesis II|unclassified	0.0000000000
PWY-6125: superpathway of guanosine nucleotides de novo biosynthesis II|g__Eggerthella.s__Eggerthella_lenta	0.3037187150
PWY-7115: C4 photosynthetic carbon assimilation cycle, NAD-ME type	0.0000000000
PWY-7198: pyrimidine deoxyribonucleotides de novo biosynthesis IV	0.0000000000
PWY-7198: pyrimidine deoxyribonucleotides de novo biosynthesis IV|unclassified	0.0000000000
PWY-4041: &gamma;-glutamyl cycle	0.0000000000
PWY-4041: &gamma;-glutamyl cycle|unclassified	0.0000000000
PWY-5121: superpathway of geranylgeranyl diphosphate biosynthesis II (via MEP)	0.0000000000
PWY-5121: superpathway of geranylgeranyl diphosphate biosynthesis II (via MEP)|unclassified	0.0000000000
PWY-7197: pyrimidine deoxyribonucleotide phosphorylation	0.0000000000
PWY-7197: pyrimidine deoxyribonucleotide phosphorylation|g__Collinsella.s__Collinsella_aerofaciens	0.1129348210
PWY-7197: pyrimidine deoxyribonucleotide phosphorylation|unclassified	0.0000000000
PWY-7197: pyrimidine deoxyribonucleotide phosphorylation|g__Eggerthella.s__Eggerthella_lenta	0.2393960441
PHOSLIPSYN-PWY: superpathway of phospholipid biosynthesis I (bacteria)	0.0000000000
PHOSLIPSYN-PWY: superpathway of phospholipid biosynthesis I (bacteria)|unclassified	0.0000000000
PWY-7013: (S)-propane-1,2-diol degradation	0.0000000000
PWY-7013: (S)-propane-1,2-diol degradation|unclassified	0.0000000000
PWY66-399: gluconeogenesis III	0.0000000000
PWY66-399: gluconeogenesis III|unclassified	0.0000000000
PWY-7282: 4-amino-2-methyl-5-diphosphomethylpyrimidine biosynthesis II	0.0000000000
PWY-7220: adenosine deoxyribonucleotides de novo biosynthesis II	0.0000000000
PWY-7220: adenosine deoxyribonucleotides de novo biosynthesis II|unclassified	0.0000000000
PWY-7220: adenosine deoxyribonucleotides de novo biosynthesis II|g__Eggerthella.s__Eggerthella_lenta	0.2728309079
PWY-7222: guanosine deoxyribonucleotides de novo biosynthesis II	0.0000000000
PWY-7222: guanosine deoxyribonucleotides de novo biosynthesis II|unclassified	0.0000000000
PWY-7222: guanosine deoxyribonucleotides de novo biosynthesis II|g__Eggerthella.s__Eggerthella_lenta	0.2728309079
COLANSYN-PWY: colanic acid building blocks biosynthesis	0.0000000000
COLANSYN-PWY: colanic acid building blocks biosynthesis|unclassified	0.0000000000
PWY4FS-7: phosphatidylglycerol biosynthesis I (plastidic)	0.0000000000
PWY4FS-7: phosphatidylglycerol biosynthesis I (plastidic)|unclassified	0.0000000000
PWY4FS-8: phosphatidylglycerol biosynthesis II (non-plastidic)	0.0000000000
PWY4FS-8: phosphatidylglycerol biosynthesis II (non-plastidic)|unclassified	0.0000000000
PWY-6549: L-glutamine biosynthesis III	0.0000000000
PWY-7383: anaerobic energy metabolism (invertebrates, cytosol)	0.0000000000
PWY-7383: anaerobic energy metabolism (invertebrates, cytosol)|unclassified	0.0000000000
FASYN-ELONG-PWY: fatty acid elongation -- saturated	0.0000000000
PWY-7761: NAD salvage pathway II (PNC IV cycle)	0.0000000000
PWY-7761: NAD salvage pathway II (PNC IV cycle)|unclassified	0.0000000000
P164-PWY: purine nucleobases degradation I (anaerobic)	0.0000000000
P164-PWY: purine nucleobases degradation I (anaerobic)|unclassified	0.0000000000
PWY-5971: palmitate biosynthesis (type II fatty acid synthase)	0.0000000000
PWY66-409: superpathway of purine nucleotide salvage	0.0000000000
PWY66-409: superpathway of purine nucleotide salvage|unclassified	0.0000000000
PWY-7664: oleate biosynthesis IV (anaerobic)	0.0000000000
PWY-6895: superpathway of thiamine diphosphate biosynthesis II	0.0000000000
PWY-6895: superpathway of thiamine diphosphate biosynthesis II|unclassified	0.0000000000
PWY-5265: peptidoglycan biosynthesis II (staphylococci)	0.0000000000
FERMENTATION-PWY: mixed acid fermentation	0.0000000000
FERMENTATION-PWY: mixed acid fermentation|unclassified	0.0000000000
FUCCAT-PWY: fucose degradation	0.0000000000
PWY-5989: stearate biosynthesis II (bacteria and plants)	0.0000000000
PWY-5989: stearate biosynthesis II (bacteria and plants)|unclassified	0.0000000000
PWY0-862: (5Z)-dodecenoate biosynthesis I	0.0000000000
PWY-6282: palmitoleate biosynthesis I (from (5Z)-dodec-5-enoate)	0.0000000000
PWY-5973: cis-vaccenate biosynthesis	0.0000000000
PWY-5973: cis-vaccenate biosynthesis|unclassified	0.0000000000
PWY-6292: superpathway of L-cysteine biosynthesis (mammalian)	0.0000000000
PWY-6292: superpathway of L-cysteine biosynthesis (mammalian)|unclassified	0.0000000000
PWY-5913: partial TCA cycle (obligate autotrophs)	0.0000000000
P185-PWY: formaldehyde assimilation III (dihydroxyacetone cycle)	0.0000000000
P185-PWY: formaldehyde assimilation III (dihydroxyacetone cycle)|unclassified	0.0000000000
PWY-6630: superpathway of L-tyrosine biosynthesis	0.0000000000
PWY-6630: superpathway of L-tyrosine biosynthesis|unclassified	0.0000000000
PWY-6630: superpathway of L-tyrosine biosynthesis|g__Erysipelatoclostridium.s__Clostridium_spiroforme	0.0489099198
PWY-5659: GDP-mannose biosynthesis	0.0000000000
PWY-5659: GDP-mannose biosynthesis|unclassified	0.0000000000
PWY-5659: GDP-mannose biosynthesis|g__Blautia.s__Blautia_obeum	0.0000000000
PWY-702: L-methionine biosynthesis II	0.0000000000
PWY-702: L-methionine biosynthesis II|unclassified	0.0000000000
PWY-1861: formaldehyde assimilation II (assimilatory RuMP Cycle)	0.0000000000
PWY-1861: formaldehyde assimilation II (assimilatory RuMP Cycle)|g__Blautia.s__Blautia_obeum	0.0000000000
PWY-1861: formaldehyde assimilation II (assimilatory RuMP Cycle)|unclassified	0.0000000000
GOLPDLCAT-PWY: superpathway of glycerol degradation to 1,3-propanediol	0.0000000000
GOLPDLCAT-PWY: superpathway of glycerol degradation to 1,3-propanediol|unclassified	0.0000000000
PWY-I9: L-cysteine biosynthesis VI (from L-methionine)	0.0000000000
PWY-I9: L-cysteine biosynthesis VI (from L-methionine)|unclassified	0.0000000000
PWY-8131: 5'-deoxyadenosine degradation II	0.0000000000
PWY-8131: 5'-deoxyadenosine degradation II|unclassified	0.0000000000
PWY-8131: 5'-deoxyadenosine degradation II|g__Blautia.s__Blautia_obeum	0.0000000000
RHAMCAT-PWY: L-rhamnose degradation I	0.0000000000
RHAMCAT-PWY: L-rhamnose degradation I|unclassified	0.0000000000
PWY-7456: &beta;-(1,4)-mannan degradation	0.0000000000
BIOTIN-BIOSYNTHESIS-PWY: biotin biosynthesis I	0.0000000000
PWY0-1479: tRNA processing	0.0000000000
PWY-6519: 8-amino-7-oxononanoate biosynthesis I	0.0000000000
PWY0-1477: ethanolamine utilization	0.0000000000
PWY0-1477: ethanolamine utilization|g__Blautia.s__Blautia_obeum	0.0000000000
PWY0-1477: ethanolamine utilization|unclassified	0.0000000000
GLCMANNANAUT-PWY: superpathway of N-acetylglucosamine, N-acetylmannosamine and N-acetylneuraminate degradation	0.0000000000
GLCMANNANAUT-PWY: superpathway of N-acetylglucosamine, N-acetylmannosamine and N-acetylneuraminate degradation|unclassified	0.0000000000
GLCMANNANAUT-PWY: superpathway of N-acetylglucosamine, N-acetylmannosamine and N-acetylneuraminate degradation|g__Blautia.s__Blautia_wexlerae	0.0000000000
PWY-7323: superpathway of GDP-mannose-derived O-antigen building blocks biosynthesis	0.0000000000
PWY-7323: superpathway of GDP-mannose-derived O-antigen building blocks biosynthesis|unclassified	0.0000000000
PWY-6284: superpathway of unsaturated fatty acids biosynthesis (E. coli)	0.0000000000
PWY-6470: peptidoglycan biosynthesis V (&beta;-lactam resistance)	0.0000000000
PWY-6470: peptidoglycan biosynthesis V (&beta;-lactam resistance)|unclassified	0.0000000000
PWY-6969: TCA cycle V (2-oxoglutarate synthase)	0.0000000000
PWY0-845: superpathway of pyridoxal 5'-phosphate biosynthesis and salvage	0.0000000000
PWY-6353: purine nucleotides degradation II (aerobic)	0.0000000000
PWY-6353: purine nucleotides degradation II (aerobic)|unclassified	0.0000000000
PWY-5981: CDP-diacylglycerol biosynthesis III	0.0000000000
PWY-6902: chitin degradation II (Vibrio)	0.0000000000
PWY-6902: chitin degradation II (Vibrio)|unclassified	0.0000000000
PWY0-1297: superpathway of purine deoxyribonucleosides degradation	0.0000000000
PWY0-1297: superpathway of purine deoxyribonucleosides degradation|unclassified	0.0000000000
PWY-7209: superpathway of pyrimidine ribonucleosides degradation	0.0000000000
PWY-5154: L-arginine biosynthesis III (via N-acetyl-L-citrulline)	0.0000000000
PWY-5154: L-arginine biosynthesis III (via N-acetyl-L-citrulline)|unclassified	0.0000000000
P42-PWY: incomplete reductive TCA cycle	0.0000000000
P441-PWY: superpathway of N-acetylneuraminate degradation	0.0000000000
PYRIDOXSYN-PWY: pyridoxal 5'-phosphate biosynthesis I	0.0000000000
P461-PWY: hexitol fermentation to lactate, formate, ethanol and acetate	0.0000000000
P461-PWY: hexitol fermentation to lactate, formate, ethanol and acetate|unclassified	0.0000000000
PWY-5367: petroselinate biosynthesis	0.0000000000
PWY-5367: petroselinate biosynthesis|unclassified	0.0000000000
PWY0-1261: anhydromuropeptides recycling I	0.0000000000
PWY0-1261: anhydromuropeptides recycling I|unclassified	0.0000000000
ARG+POLYAMINE-SYN: superpathway of arginine and polyamine biosynthesis	0.0000000000
ARG+POLYAMINE-SYN: superpathway of arginine and polyamine biosynthesis|unclassified	0.0000000000
PWY-6606: guanosine nucleotides degradation II	0.0000000000
PWY-6606: guanosine nucleotides degradation II|unclassified	0.0000000000
PWY0-1298: superpathway of pyrimidine deoxyribonucleosides degradation	0.0000000000
PWY0-1298: superpathway of pyrimidine deoxyribonucleosides degradation|unclassified	0.0000000000
SALVADEHYPOX-PWY: adenosine nucleotides degradation II	0.0000000000
SALVADEHYPOX-PWY: adenosine nucleotides degradation II|unclassified	0.0000000000
PWY-1269: CMP-3-deoxy-D-manno-octulosonate biosynthesis	0.0000000000
PWY-1269: CMP-3-deoxy-D-manno-octulosonate biosynthesis|unclassified	0.0000000000
PWY-6590: superpathway of Clostridium acetobutylicum acidogenic fermentation	0.0000000000
P105-PWY: TCA cycle IV (2-oxoglutarate decarboxylase)	0.0000000000
PWY0-1241: ADP-L-glycero-&beta;-D-manno-heptose biosynthesis	0.0000000000
PWY0-1241: ADP-L-glycero-&beta;-D-manno-heptose biosynthesis|g__Akkermansia.s__Akkermansia_muciniphila	0.0708038865
PWY-5676: acetyl-CoA fermentation to butanoate II	0.0000000000
PWY-5676: acetyl-CoA fermentation to butanoate II|unclassified	0.0000000000
PWY-5505: L-glutamate and L-glutamine biosynthesis	0.0000000000
CENTFERM-PWY: pyruvate fermentation to butanoate	0.0000000000
PWY-5130: 2-oxobutanoate degradation I	0.0000000000
PWY-5130: 2-oxobutanoate degradation I|g__Alistipes.s__Alistipes_putredinis	0.0994369340
GLUCUROCAT-PWY: superpathway of &beta;-D-glucuronosides degradation	0.0000000000
GLUCUROCAT-PWY: superpathway of &beta;-D-glucuronosides degradation|unclassified	0.0000000000
POLYAMSYN-PWY: superpathway of polyamine biosynthesis I	0.0000000000
POLYAMSYN-PWY: superpathway of polyamine biosynthesis I|unclassified	0.0000000000
PWY-7315: dTDP-N-acetylthomosamine biosynthesis	0.0000000000
PWY-7315: dTDP-N-acetylthomosamine biosynthesis|unclassified	0.0000000000
PWY-5030: L-histidine degradation III	0.0000000000
PWY-5030: L-histidine degradation III|g__Alistipes.s__Alistipes_putredinis	0.2488353364
CITRULBIO-PWY: L-citrulline biosynthesis	0.0000000000
CITRULBIO-PWY: L-citrulline biosynthesis|unclassified	0.0000000000
PWY-5005: biotin biosynthesis II	0.0000000000
PWY-5005: biotin biosynthesis II|unclassified	0.0000000000
PWY-5022: 4-aminobutanoate degradation V	0.0000000000
PWY-621: sucrose degradation III (sucrose invertase)	0.0000000000
HISDEG-PWY: L-histidine degradation I	0.0000000000
HISDEG-PWY: L-histidine degradation I|g__Alistipes.s__Alistipes_putredinis	0.2649864205
ARGININE-SYN4-PWY: L-ornithine biosynthesis II	0.0000000000
ARGININE-SYN4-PWY: L-ornithine biosynthesis II|unclassified	0.0000000000
PWY-6305: superpathway of putrescine biosynthesis	0.0000000000
PWY-6305: superpathway of putrescine biosynthesis|unclassified	0.0000000000
PWY-7242: D-fructuronate degradation	0.0000000000
PWY-7242: D-fructuronate degradation|unclassified	0.0000000000
GLUDEG-I-PWY: GABA shunt	0.0000000000
RUMP-PWY: formaldehyde oxidation I	0.0000000000
GALACTUROCAT-PWY: D-galacturonate degradation I	0.0000000000
PWY4LZ-257: superpathway of fermentation (Chlamydomonas reinhardtii)	0.0000000000
PWY-6803: phosphatidylcholine acyl editing	0.0000000000
PWY-6803: phosphatidylcholine acyl editing|unclassified	0.0000000000
PWY-4984: urea cycle	0.0000000000
PWY-6507: 4-deoxy-L-threo-hex-4-enopyranuronate degradation	0.0000000000
PWY-6507: 4-deoxy-L-threo-hex-4-enopyranuronate degradation|g__Faecalibacterium.s__Faecalibacterium_prausnitzii	0.0660934070
P161-PWY: acetylene degradation (anaerobic)	0.0000000000
PWY-6531: mannitol cycle	0.0000000000