# Pathway	merged_LHC-15273040Week-0_S96_L002__kneaddata_paired_Coverage
UNMAPPED	1.0000000000
UNINTEGRATED	1.0000000000
UNINTEGRATED|g__Anaerotignum.s__Anaerotignum_lactatifermentans	1.0000000000
UNINTEGRATED|g__Asaccharobacter.s__Asaccharobacter_celatus	1.0000000000
UNINTEGRATED|g__Bacteroides.s__Bacteroides_dorei	1.0000000000
UNINTEGRATED|g__Bacteroides.s__Bacteroides_finegoldii	1.0000000000
UNINTEGRATED|g__Bacteroides.s__Bacteroides_stercoris	1.0000000000
UNINTEGRATED|g__Bacteroides.s__Bacteroides_thetaiotaomicron	1.0000000000
UNINTEGRATED|g__Bacteroides.s__Bacteroides_vulgatus	1.0000000000
UNINTEGRATED|g__Blautia.s__Blautia_obeum	1.0000000000
UNINTEGRATED|g__Blautia.s__Blautia_wexlerae	1.0000000000
UNINTEGRATED|g__Clostridium.s__Clostridium_sp_AM22_11AC	1.0000000000
UNINTEGRATED|g__Erysipelatoclostridium.s__Clostridium_innocuum	1.0000000000
UNINTEGRATED|g__Erysipelatoclostridium.s__Erysipelatoclostridium_ramosum	1.0000000000
UNINTEGRATED|g__Flavonifractor.s__Flavonifractor_plautii	1.0000000000
UNINTEGRATED|g__Hungatella.s__Hungatella_hathewayi	1.0000000000
UNINTEGRATED|g__Roseburia.s__Roseburia_intestinalis	1.0000000000
UNINTEGRATED|g__Streptococcus.s__Streptococcus_thermophilus	1.0000000000
UNINTEGRATED|unclassified	1.0000000000
PWY-7238: sucrose biosynthesis II	1.0000000000
PWY-7238: sucrose biosynthesis II|g__Blautia.s__Blautia_wexlerae	0.9999999986
PWY-7238: sucrose biosynthesis II|g__Blautia.s__Blautia_obeum	0.9999999998
PWY-7238: sucrose biosynthesis II|unclassified	1.0000000000
PWY-7238: sucrose biosynthesis II|g__Roseburia.s__Roseburia_intestinalis	0.9867337035
PWY-7238: sucrose biosynthesis II|g__Bacteroides.s__Bacteroides_stercoris	0.2927274372
PWY-7238: sucrose biosynthesis II|g__Clostridium.s__Clostridium_sp_AM22_11AC	0.8689057247
PWY-7238: sucrose biosynthesis II|g__Erysipelatoclostridium.s__Clostridium_innocuum	0.0065117259
PWY-7238: sucrose biosynthesis II|g__Erysipelatoclostridium.s__Erysipelatoclostridium_ramosum	0.1196403385
PWY-7238: sucrose biosynthesis II|g__Anaerotignum.s__Anaerotignum_lactatifermentans	0.3325088117
PWY-5941: glycogen degradation II	0.9999940154
PWY-5941: glycogen degradation II|g__Blautia.s__Blautia_wexlerae	0.9978697042
PWY-5941: glycogen degradation II|g__Blautia.s__Blautia_obeum	0.9999853940
PWY-5941: glycogen degradation II|unclassified	0.0000000000
PWY-5941: glycogen degradation II|g__Roseburia.s__Roseburia_intestinalis	0.9829190142
PWY-5941: glycogen degradation II|g__Erysipelatoclostridium.s__Clostridium_innocuum	0.0095340856
GLYCOGENSYNTH-PWY: glycogen biosynthesis I (from ADP-D-Glucose)	1.0000000000
GLYCOGENSYNTH-PWY: glycogen biosynthesis I (from ADP-D-Glucose)|g__Blautia.s__Blautia_obeum	0.9999561839
GLYCOGENSYNTH-PWY: glycogen biosynthesis I (from ADP-D-Glucose)|g__Blautia.s__Blautia_wexlerae	0.9936362288
GLYCOGENSYNTH-PWY: glycogen biosynthesis I (from ADP-D-Glucose)|unclassified	0.6780068849
GLYCOGENSYNTH-PWY: glycogen biosynthesis I (from ADP-D-Glucose)|g__Roseburia.s__Roseburia_intestinalis	0.9556052593
GLYCOGENSYNTH-PWY: glycogen biosynthesis I (from ADP-D-Glucose)|g__Erysipelatoclostridium.s__Clostridium_innocuum	0.8718033490
GLYCOGENSYNTH-PWY: glycogen biosynthesis I (from ADP-D-Glucose)|g__Erysipelatoclostridium.s__Erysipelatoclostridium_ramosum	0.4336032504
GLYCOGENSYNTH-PWY: glycogen biosynthesis I (from ADP-D-Glucose)|g__Clostridium.s__Clostridium_sp_AM22_11AC	0.0535619533
GLYCOGENSYNTH-PWY: glycogen biosynthesis I (from ADP-D-Glucose)|g__Anaerotignum.s__Anaerotignum_lactatifermentans	0.0818453312
PWY-6823: molybdopterin biosynthesis	1.0000000000
PWY-6823: molybdopterin biosynthesis|g__Blautia.s__Blautia_obeum	1.0000000000
PWY-6823: molybdopterin biosynthesis|unclassified	0.9999992320
PWY-6823: molybdopterin biosynthesis|g__Roseburia.s__Roseburia_intestinalis	0.9670729680
PWY-6823: molybdopterin biosynthesis|g__Clostridium.s__Clostridium_sp_AM22_11AC	0.3285733555
PWY-6823: molybdopterin biosynthesis|g__Blautia.s__Blautia_wexlerae	0.0000000000
PWY-1042: glycolysis IV	0.8828157633
PWY-1042: glycolysis IV|unclassified	0.6471200100
PWY-1042: glycolysis IV|g__Blautia.s__Blautia_wexlerae	0.0000000000
PWY-1042: glycolysis IV|g__Blautia.s__Blautia_obeum	0.0000000000
PWY-1042: glycolysis IV|g__Roseburia.s__Roseburia_intestinalis	0.3236307923
PWY-1042: glycolysis IV|g__Erysipelatoclostridium.s__Clostridium_innocuum	0.1894375049
PWY-1042: glycolysis IV|g__Bacteroides.s__Bacteroides_vulgatus	0.6128399825
PWY-8178: pentose phosphate pathway (non-oxidative branch) II	1.0000000000
PWY-8178: pentose phosphate pathway (non-oxidative branch) II|unclassified	1.0000000000
PWY-8178: pentose phosphate pathway (non-oxidative branch) II|g__Blautia.s__Blautia_wexlerae	0.0000000000
PWY-8178: pentose phosphate pathway (non-oxidative branch) II|g__Blautia.s__Blautia_obeum	0.0000000001
PWY-8178: pentose phosphate pathway (non-oxidative branch) II|g__Erysipelatoclostridium.s__Clostridium_innocuum	0.9999036288
PWY-8178: pentose phosphate pathway (non-oxidative branch) II|g__Roseburia.s__Roseburia_intestinalis	0.6300456798
PWY-8178: pentose phosphate pathway (non-oxidative branch) II|g__Erysipelatoclostridium.s__Erysipelatoclostridium_ramosum	0.2638831179
PWY-8178: pentose phosphate pathway (non-oxidative branch) II|g__Clostridium.s__Clostridium_sp_AM22_11AC	0.4208605554
PWY-8178: pentose phosphate pathway (non-oxidative branch) II|g__Hungatella.s__Hungatella_hathewayi	0.3480463170
PWY0-1296: purine ribonucleosides degradation	1.0000000000
PWY0-1296: purine ribonucleosides degradation|g__Blautia.s__Blautia_obeum	0.9999937516
PWY0-1296: purine ribonucleosides degradation|unclassified	0.9796023398
PWY0-1296: purine ribonucleosides degradation|g__Blautia.s__Blautia_wexlerae	0.0000164415
PWY0-1296: purine ribonucleosides degradation|g__Erysipelatoclostridium.s__Clostridium_innocuum	0.7896829725
PWY0-1296: purine ribonucleosides degradation|g__Roseburia.s__Roseburia_intestinalis	0.1316196419
PWY0-1296: purine ribonucleosides degradation|g__Erysipelatoclostridium.s__Erysipelatoclostridium_ramosum	0.1265940046
PWY0-1296: purine ribonucleosides degradation|g__Clostridium.s__Clostridium_sp_AM22_11AC	0.1764227467
PWY-7221: guanosine ribonucleotides de novo biosynthesis	1.0000000000
PWY-7221: guanosine ribonucleotides de novo biosynthesis|g__Blautia.s__Blautia_wexlerae	0.5683133802
PWY-7221: guanosine ribonucleotides de novo biosynthesis|unclassified	0.9670006204
PWY-7221: guanosine ribonucleotides de novo biosynthesis|g__Blautia.s__Blautia_obeum	0.0000000000
PWY-7221: guanosine ribonucleotides de novo biosynthesis|g__Bacteroides.s__Bacteroides_stercoris	0.6108073272
PWY-7221: guanosine ribonucleotides de novo biosynthesis|g__Erysipelatoclostridium.s__Clostridium_innocuum	0.9571138680
PWY-7221: guanosine ribonucleotides de novo biosynthesis|g__Roseburia.s__Roseburia_intestinalis	0.4299444169
PWY-7221: guanosine ribonucleotides de novo biosynthesis|g__Asaccharobacter.s__Asaccharobacter_celatus	0.2192736005
PWY-7221: guanosine ribonucleotides de novo biosynthesis|g__Erysipelatoclostridium.s__Erysipelatoclostridium_ramosum	0.3011175786
PWY-7221: guanosine ribonucleotides de novo biosynthesis|g__Bacteroides.s__Bacteroides_vulgatus	0.7834390449
PWY-7221: guanosine ribonucleotides de novo biosynthesis|g__Hungatella.s__Hungatella_hathewayi	0.8387538386
PWY-7221: guanosine ribonucleotides de novo biosynthesis|g__Clostridium.s__Clostridium_sp_AM22_11AC	0.1240320040
PWY-7221: guanosine ribonucleotides de novo biosynthesis|g__Bacteroides.s__Bacteroides_thetaiotaomicron	0.6322744051
PWY-7221: guanosine ribonucleotides de novo biosynthesis|g__Bacteroides.s__Bacteroides_finegoldii	0.7159156455
PWY-6163: chorismate biosynthesis from 3-dehydroquinate	0.9999999542
PWY-6163: chorismate biosynthesis from 3-dehydroquinate|unclassified	0.9999974698
PWY-6163: chorismate biosynthesis from 3-dehydroquinate|g__Blautia.s__Blautia_obeum	0.0926508346
PWY-6163: chorismate biosynthesis from 3-dehydroquinate|g__Blautia.s__Blautia_wexlerae	0.0000000000
PWY-6163: chorismate biosynthesis from 3-dehydroquinate|g__Roseburia.s__Roseburia_intestinalis	0.8138627625
PWY-6163: chorismate biosynthesis from 3-dehydroquinate|g__Bacteroides.s__Bacteroides_stercoris	0.3151070651
PWY-6163: chorismate biosynthesis from 3-dehydroquinate|g__Erysipelatoclostridium.s__Clostridium_innocuum	0.5264373395
PWY-6163: chorismate biosynthesis from 3-dehydroquinate|g__Asaccharobacter.s__Asaccharobacter_celatus	0.0305769565
PWY-6163: chorismate biosynthesis from 3-dehydroquinate|g__Erysipelatoclostridium.s__Erysipelatoclostridium_ramosum	0.4658770348
PWY-6163: chorismate biosynthesis from 3-dehydroquinate|g__Flavonifractor.s__Flavonifractor_plautii	0.2028298125
ARGSYNBSUB-PWY: L-arginine biosynthesis II (acetyl cycle)	1.0000000000
ARGSYNBSUB-PWY: L-arginine biosynthesis II (acetyl cycle)|g__Blautia.s__Blautia_wexlerae	0.0000000000
ARGSYNBSUB-PWY: L-arginine biosynthesis II (acetyl cycle)|unclassified	0.9891172312
ARGSYNBSUB-PWY: L-arginine biosynthesis II (acetyl cycle)|g__Blautia.s__Blautia_obeum	0.0000000000
ARGSYNBSUB-PWY: L-arginine biosynthesis II (acetyl cycle)|g__Roseburia.s__Roseburia_intestinalis	0.3282225071
ARGSYNBSUB-PWY: L-arginine biosynthesis II (acetyl cycle)|g__Erysipelatoclostridium.s__Erysipelatoclostridium_ramosum	0.2528145478
ARGSYNBSUB-PWY: L-arginine biosynthesis II (acetyl cycle)|g__Erysipelatoclostridium.s__Clostridium_innocuum	0.0121839106
ARGSYNBSUB-PWY: L-arginine biosynthesis II (acetyl cycle)|g__Clostridium.s__Clostridium_sp_AM22_11AC	0.5680689290
ARGSYNBSUB-PWY: L-arginine biosynthesis II (acetyl cycle)|g__Anaerotignum.s__Anaerotignum_lactatifermentans	0.4198363517
PWY-6527: stachyose degradation	0.9849347824
PWY-6527: stachyose degradation|g__Blautia.s__Blautia_obeum	0.7740329473
PWY-6527: stachyose degradation|g__Blautia.s__Blautia_wexlerae	0.0262661558
PWY-6527: stachyose degradation|unclassified	0.1175980108
PWY-6527: stachyose degradation|g__Roseburia.s__Roseburia_intestinalis	0.4639737893
PWY-6386: UDP-N-acetylmuramoyl-pentapeptide biosynthesis II (lysine-containing)	1.0000000000
PWY-6386: UDP-N-acetylmuramoyl-pentapeptide biosynthesis II (lysine-containing)|unclassified	0.9939570961
PWY-6386: UDP-N-acetylmuramoyl-pentapeptide biosynthesis II (lysine-containing)|g__Blautia.s__Blautia_wexlerae	0.0000031681
PWY-6386: UDP-N-acetylmuramoyl-pentapeptide biosynthesis II (lysine-containing)|g__Blautia.s__Blautia_obeum	0.0000000000
PWY-6386: UDP-N-acetylmuramoyl-pentapeptide biosynthesis II (lysine-containing)|g__Bacteroides.s__Bacteroides_stercoris	0.4581414353
PWY-6386: UDP-N-acetylmuramoyl-pentapeptide biosynthesis II (lysine-containing)|g__Erysipelatoclostridium.s__Clostridium_innocuum	0.2366636322
ARO-PWY: chorismate biosynthesis I	0.9999991643
ARO-PWY: chorismate biosynthesis I|g__Blautia.s__Blautia_obeum	0.0129171240
ARO-PWY: chorismate biosynthesis I|unclassified	0.9754409330
ARO-PWY: chorismate biosynthesis I|g__Blautia.s__Blautia_wexlerae	0.0000000000
ARO-PWY: chorismate biosynthesis I|g__Roseburia.s__Roseburia_intestinalis	0.8102254364
ARO-PWY: chorismate biosynthesis I|g__Bacteroides.s__Bacteroides_stercoris	0.0396618584
ARO-PWY: chorismate biosynthesis I|g__Erysipelatoclostridium.s__Clostridium_innocuum	0.0658155725
ARO-PWY: chorismate biosynthesis I|g__Erysipelatoclostridium.s__Erysipelatoclostridium_ramosum	0.2292048246
NONOXIPENT-PWY: pentose phosphate pathway (non-oxidative branch) I	0.9999990561
NONOXIPENT-PWY: pentose phosphate pathway (non-oxidative branch) I|unclassified	0.9065867447
NONOXIPENT-PWY: pentose phosphate pathway (non-oxidative branch) I|g__Blautia.s__Blautia_obeum	0.0000000001
NONOXIPENT-PWY: pentose phosphate pathway (non-oxidative branch) I|g__Blautia.s__Blautia_wexlerae	0.0000000000
NONOXIPENT-PWY: pentose phosphate pathway (non-oxidative branch) I|g__Erysipelatoclostridium.s__Clostridium_innocuum	0.9999317454
NONOXIPENT-PWY: pentose phosphate pathway (non-oxidative branch) I|g__Roseburia.s__Roseburia_intestinalis	0.0558273500
NONOXIPENT-PWY: pentose phosphate pathway (non-oxidative branch) I|g__Erysipelatoclostridium.s__Erysipelatoclostridium_ramosum	0.3015326738
PWY-6387: UDP-N-acetylmuramoyl-pentapeptide biosynthesis I (meso-diaminopimelate containing)	1.0000000000
PWY-6387: UDP-N-acetylmuramoyl-pentapeptide biosynthesis I (meso-diaminopimelate containing)|unclassified	0.9992532590
PWY-6387: UDP-N-acetylmuramoyl-pentapeptide biosynthesis I (meso-diaminopimelate containing)|g__Blautia.s__Blautia_wexlerae	0.0000026401
PWY-6387: UDP-N-acetylmuramoyl-pentapeptide biosynthesis I (meso-diaminopimelate containing)|g__Blautia.s__Blautia_obeum	0.0028133258
PWY-6387: UDP-N-acetylmuramoyl-pentapeptide biosynthesis I (meso-diaminopimelate containing)|g__Bacteroides.s__Bacteroides_stercoris	0.5344516968
PWY-6387: UDP-N-acetylmuramoyl-pentapeptide biosynthesis I (meso-diaminopimelate containing)|g__Roseburia.s__Roseburia_intestinalis	0.2817168351
PWY-6387: UDP-N-acetylmuramoyl-pentapeptide biosynthesis I (meso-diaminopimelate containing)|g__Erysipelatoclostridium.s__Clostridium_innocuum	0.2357058902
PWY-6387: UDP-N-acetylmuramoyl-pentapeptide biosynthesis I (meso-diaminopimelate containing)|g__Asaccharobacter.s__Asaccharobacter_celatus	0.0433840342
PWY-6387: UDP-N-acetylmuramoyl-pentapeptide biosynthesis I (meso-diaminopimelate containing)|g__Erysipelatoclostridium.s__Erysipelatoclostridium_ramosum	0.0135354182
PEPTIDOGLYCANSYN-PWY: peptidoglycan biosynthesis I (meso-diaminopimelate containing)	1.0000000000
PEPTIDOGLYCANSYN-PWY: peptidoglycan biosynthesis I (meso-diaminopimelate containing)|unclassified	0.9994025177
PEPTIDOGLYCANSYN-PWY: peptidoglycan biosynthesis I (meso-diaminopimelate containing)|g__Blautia.s__Blautia_wexlerae	0.0000032812
PEPTIDOGLYCANSYN-PWY: peptidoglycan biosynthesis I (meso-diaminopimelate containing)|g__Blautia.s__Blautia_obeum	0.0035085038
PEPTIDOGLYCANSYN-PWY: peptidoglycan biosynthesis I (meso-diaminopimelate containing)|g__Bacteroides.s__Bacteroides_stercoris	0.4644575470
PEPTIDOGLYCANSYN-PWY: peptidoglycan biosynthesis I (meso-diaminopimelate containing)|g__Roseburia.s__Roseburia_intestinalis	0.0995419490
PEPTIDOGLYCANSYN-PWY: peptidoglycan biosynthesis I (meso-diaminopimelate containing)|g__Erysipelatoclostridium.s__Clostridium_innocuum	0.2716018624
PEPTIDOGLYCANSYN-PWY: peptidoglycan biosynthesis I (meso-diaminopimelate containing)|g__Asaccharobacter.s__Asaccharobacter_celatus	0.0532202423
PEPTIDOGLYCANSYN-PWY: peptidoglycan biosynthesis I (meso-diaminopimelate containing)|g__Erysipelatoclostridium.s__Erysipelatoclostridium_ramosum	0.0168414883
CALVIN-PWY: Calvin-Benson-Bassham cycle	0.9999967545
CALVIN-PWY: Calvin-Benson-Bassham cycle|g__Blautia.s__Blautia_wexlerae	0.0000160832
CALVIN-PWY: Calvin-Benson-Bassham cycle|unclassified	0.9308578604
CALVIN-PWY: Calvin-Benson-Bassham cycle|g__Blautia.s__Blautia_obeum	0.0000000000
CALVIN-PWY: Calvin-Benson-Bassham cycle|g__Roseburia.s__Roseburia_intestinalis	0.2492929141
CALVIN-PWY: Calvin-Benson-Bassham cycle|g__Clostridium.s__Clostridium_sp_AM22_11AC	0.4133922859
CALVIN-PWY: Calvin-Benson-Bassham cycle|g__Hungatella.s__Hungatella_hathewayi	0.4467910919
PWY-6609: adenine and adenosine salvage III	1.0000000000
PWY-6609: adenine and adenosine salvage III|unclassified	0.9999878553
PWY-6609: adenine and adenosine salvage III|g__Blautia.s__Blautia_wexlerae	0.0000146147
PWY-6609: adenine and adenosine salvage III|g__Blautia.s__Blautia_obeum	0.0000000000
PWY-6609: adenine and adenosine salvage III|g__Bacteroides.s__Bacteroides_stercoris	0.5023364312
PWY-6609: adenine and adenosine salvage III|g__Erysipelatoclostridium.s__Clostridium_innocuum	0.4603299380
PWY-6609: adenine and adenosine salvage III|g__Roseburia.s__Roseburia_intestinalis	0.1237031851
PWY-6609: adenine and adenosine salvage III|g__Asaccharobacter.s__Asaccharobacter_celatus	0.0000456373
PWY-6609: adenine and adenosine salvage III|g__Bacteroides.s__Bacteroides_vulgatus	0.4767139660
PWY-6609: adenine and adenosine salvage III|g__Bacteroides.s__Bacteroides_finegoldii	0.6687648184
PWY-6385: peptidoglycan biosynthesis III (mycobacteria)	1.0000000000
PWY-6385: peptidoglycan biosynthesis III (mycobacteria)|unclassified	0.9908551487
PWY-6385: peptidoglycan biosynthesis III (mycobacteria)|g__Blautia.s__Blautia_obeum	0.0000000000
PWY-6385: peptidoglycan biosynthesis III (mycobacteria)|g__Blautia.s__Blautia_wexlerae	0.0000000000
PWY-6385: peptidoglycan biosynthesis III (mycobacteria)|g__Bacteroides.s__Bacteroides_stercoris	0.3895616879
PWY-6385: peptidoglycan biosynthesis III (mycobacteria)|g__Erysipelatoclostridium.s__Clostridium_innocuum	0.1883667500
GLUTORN-PWY: L-ornithine biosynthesis I	1.0000000000
GLUTORN-PWY: L-ornithine biosynthesis I|unclassified	0.9999909787
GLUTORN-PWY: L-ornithine biosynthesis I|g__Blautia.s__Blautia_wexlerae	0.0000000000
GLUTORN-PWY: L-ornithine biosynthesis I|g__Blautia.s__Blautia_obeum	0.0000000000
GLUTORN-PWY: L-ornithine biosynthesis I|g__Roseburia.s__Roseburia_intestinalis	0.0930491530
GLUTORN-PWY: L-ornithine biosynthesis I|g__Clostridium.s__Clostridium_sp_AM22_11AC	0.4888464606
PWY-7953: UDP-N-acetylmuramoyl-pentapeptide biosynthesis III (meso-diaminopimelate containing)	1.0000000000
PWY-7953: UDP-N-acetylmuramoyl-pentapeptide biosynthesis III (meso-diaminopimelate containing)|unclassified	0.9869869279
PWY-7953: UDP-N-acetylmuramoyl-pentapeptide biosynthesis III (meso-diaminopimelate containing)|g__Blautia.s__Blautia_obeum	0.0000000000
PWY-7953: UDP-N-acetylmuramoyl-pentapeptide biosynthesis III (meso-diaminopimelate containing)|g__Blautia.s__Blautia_wexlerae	0.0000000000
PWY-7953: UDP-N-acetylmuramoyl-pentapeptide biosynthesis III (meso-diaminopimelate containing)|g__Bacteroides.s__Bacteroides_stercoris	0.4135831770
PWY-7953: UDP-N-acetylmuramoyl-pentapeptide biosynthesis III (meso-diaminopimelate containing)|g__Roseburia.s__Roseburia_intestinalis	0.2555481849
PWY-7953: UDP-N-acetylmuramoyl-pentapeptide biosynthesis III (meso-diaminopimelate containing)|g__Erysipelatoclostridium.s__Clostridium_innocuum	0.1604774977
PWY-6317: D-galactose degradation I (Leloir pathway)	0.9999910231
PWY-6317: D-galactose degradation I (Leloir pathway)|g__Blautia.s__Blautia_wexlerae	0.2799824515
PWY-6317: D-galactose degradation I (Leloir pathway)|g__Blautia.s__Blautia_obeum	0.1048000789
PWY-6317: D-galactose degradation I (Leloir pathway)|unclassified	0.1508828403
PWY-6317: D-galactose degradation I (Leloir pathway)|g__Roseburia.s__Roseburia_intestinalis	0.8694213894
PWY-6151: S-adenosyl-L-methionine salvage I	0.9999989826
PWY-6151: S-adenosyl-L-methionine salvage I|g__Blautia.s__Blautia_wexlerae	0.0000000000
PWY-6151: S-adenosyl-L-methionine salvage I|unclassified	0.7148504490
PWY-6151: S-adenosyl-L-methionine salvage I|g__Bacteroides.s__Bacteroides_stercoris	0.5823327828
PWY-6151: S-adenosyl-L-methionine salvage I|g__Erysipelatoclostridium.s__Clostridium_innocuum	0.6720511867
PWY-6151: S-adenosyl-L-methionine salvage I|g__Roseburia.s__Roseburia_intestinalis	0.0431166209
PWY-6151: S-adenosyl-L-methionine salvage I|g__Erysipelatoclostridium.s__Erysipelatoclostridium_ramosum	0.4886049175
PWY-6151: S-adenosyl-L-methionine salvage I|g__Clostridium.s__Clostridium_sp_AM22_11AC	0.7854263326
PWY-6151: S-adenosyl-L-methionine salvage I|g__Anaerotignum.s__Anaerotignum_lactatifermentans	0.7087040569
PWY-6151: S-adenosyl-L-methionine salvage I|g__Bacteroides.s__Bacteroides_vulgatus	0.6135687278
PWY-5097: L-lysine biosynthesis VI	0.9999063160
PWY-5097: L-lysine biosynthesis VI|g__Blautia.s__Blautia_obeum	0.2269938960
PWY-5097: L-lysine biosynthesis VI|unclassified	0.0003522215
PWY-5097: L-lysine biosynthesis VI|g__Blautia.s__Blautia_wexlerae	0.0000000000
PWY-5097: L-lysine biosynthesis VI|g__Bacteroides.s__Bacteroides_stercoris	0.0004283240
PWY-5097: L-lysine biosynthesis VI|g__Asaccharobacter.s__Asaccharobacter_celatus	0.3680819935
PWY-5097: L-lysine biosynthesis VI|g__Erysipelatoclostridium.s__Clostridium_innocuum	0.2898483513
PWY-5097: L-lysine biosynthesis VI|g__Roseburia.s__Roseburia_intestinalis	0.0000197273
DTDPRHAMSYN-PWY: dTDP-&beta;-L-rhamnose biosynthesis	1.0000000000
DTDPRHAMSYN-PWY: dTDP-&beta;-L-rhamnose biosynthesis|g__Blautia.s__Blautia_wexlerae	0.5297171502
DTDPRHAMSYN-PWY: dTDP-&beta;-L-rhamnose biosynthesis|unclassified	0.9999849438
DTDPRHAMSYN-PWY: dTDP-&beta;-L-rhamnose biosynthesis|g__Blautia.s__Blautia_obeum	0.2663492457
DTDPRHAMSYN-PWY: dTDP-&beta;-L-rhamnose biosynthesis|g__Roseburia.s__Roseburia_intestinalis	0.9998269641
DTDPRHAMSYN-PWY: dTDP-&beta;-L-rhamnose biosynthesis|g__Bacteroides.s__Bacteroides_stercoris	0.8943685894
DTDPRHAMSYN-PWY: dTDP-&beta;-L-rhamnose biosynthesis|g__Erysipelatoclostridium.s__Clostridium_innocuum	0.2699412023
DTDPRHAMSYN-PWY: dTDP-&beta;-L-rhamnose biosynthesis|g__Erysipelatoclostridium.s__Erysipelatoclostridium_ramosum	0.6126358148
DTDPRHAMSYN-PWY: dTDP-&beta;-L-rhamnose biosynthesis|g__Bacteroides.s__Bacteroides_vulgatus	0.3230712677
DTDPRHAMSYN-PWY: dTDP-&beta;-L-rhamnose biosynthesis|g__Bacteroides.s__Bacteroides_thetaiotaomicron	0.2472703055
1CMET2-PWY: folate transformations III (E. coli)	0.9999999372
1CMET2-PWY: folate transformations III (E. coli)|unclassified	0.9283937545
1CMET2-PWY: folate transformations III (E. coli)|g__Blautia.s__Blautia_wexlerae	0.0000000000
1CMET2-PWY: folate transformations III (E. coli)|g__Blautia.s__Blautia_obeum	0.0000000000
1CMET2-PWY: folate transformations III (E. coli)|g__Bacteroides.s__Bacteroides_stercoris	0.0293401847
COMPLETE-ARO-PWY: superpathway of aromatic amino acid biosynthesis	0.5290693730
COMPLETE-ARO-PWY: superpathway of aromatic amino acid biosynthesis|unclassified	0.7759987060
COMPLETE-ARO-PWY: superpathway of aromatic amino acid biosynthesis|g__Blautia.s__Blautia_obeum	0.0000000000
COMPLETE-ARO-PWY: superpathway of aromatic amino acid biosynthesis|g__Blautia.s__Blautia_wexlerae	0.0000000000
COMPLETE-ARO-PWY: superpathway of aromatic amino acid biosynthesis|g__Roseburia.s__Roseburia_intestinalis	0.0508541472
COMPLETE-ARO-PWY: superpathway of aromatic amino acid biosynthesis|g__Erysipelatoclostridium.s__Clostridium_innocuum	0.0658936266
VALSYN-PWY: L-valine biosynthesis	0.9999924535
VALSYN-PWY: L-valine biosynthesis|g__Blautia.s__Blautia_obeum	0.9988906222
VALSYN-PWY: L-valine biosynthesis|g__Blautia.s__Blautia_wexlerae	0.0000047443
VALSYN-PWY: L-valine biosynthesis|unclassified	0.0274981125
VALSYN-PWY: L-valine biosynthesis|g__Bacteroides.s__Bacteroides_stercoris	0.2678858866
VALSYN-PWY: L-valine biosynthesis|g__Roseburia.s__Roseburia_intestinalis	0.3477751664
VALSYN-PWY: L-valine biosynthesis|g__Asaccharobacter.s__Asaccharobacter_celatus	0.2595514148
VALSYN-PWY: L-valine biosynthesis|g__Erysipelatoclostridium.s__Clostridium_innocuum	0.1024360635
VALSYN-PWY: L-valine biosynthesis|g__Erysipelatoclostridium.s__Erysipelatoclostridium_ramosum	0.4292866473
VALSYN-PWY: L-valine biosynthesis|g__Clostridium.s__Clostridium_sp_AM22_11AC	0.2324955643
VALSYN-PWY: L-valine biosynthesis|g__Anaerotignum.s__Anaerotignum_lactatifermentans	0.3362759895
VALSYN-PWY: L-valine biosynthesis|g__Bacteroides.s__Bacteroides_vulgatus	0.4108380669
VALSYN-PWY: L-valine biosynthesis|g__Bacteroides.s__Bacteroides_thetaiotaomicron	0.0625756756
VALSYN-PWY: L-valine biosynthesis|g__Bacteroides.s__Bacteroides_finegoldii	0.5381480826
NONMEVIPP-PWY: methylerythritol phosphate pathway I	0.9545663928
NONMEVIPP-PWY: methylerythritol phosphate pathway I|unclassified	0.8548701011
NONMEVIPP-PWY: methylerythritol phosphate pathway I|g__Blautia.s__Blautia_obeum	0.0022567281
NONMEVIPP-PWY: methylerythritol phosphate pathway I|g__Blautia.s__Blautia_wexlerae	0.0000000000
NONMEVIPP-PWY: methylerythritol phosphate pathway I|g__Bacteroides.s__Bacteroides_stercoris	0.0053178212
NONMEVIPP-PWY: methylerythritol phosphate pathway I|g__Asaccharobacter.s__Asaccharobacter_celatus	0.3411681773
NONMEVIPP-PWY: methylerythritol phosphate pathway I|g__Roseburia.s__Roseburia_intestinalis	0.0007160387
NONMEVIPP-PWY: methylerythritol phosphate pathway I|g__Erysipelatoclostridium.s__Clostridium_innocuum	0.0015355641
ILEUSYN-PWY: L-isoleucine biosynthesis I (from threonine)	0.9999809775
ILEUSYN-PWY: L-isoleucine biosynthesis I (from threonine)|g__Blautia.s__Blautia_wexlerae	0.0000000000
ILEUSYN-PWY: L-isoleucine biosynthesis I (from threonine)|unclassified	0.0000104882
ILEUSYN-PWY: L-isoleucine biosynthesis I (from threonine)|g__Bacteroides.s__Bacteroides_stercoris	0.0492716842
ILEUSYN-PWY: L-isoleucine biosynthesis I (from threonine)|g__Blautia.s__Blautia_obeum	0.0000000000
ILEUSYN-PWY: L-isoleucine biosynthesis I (from threonine)|g__Asaccharobacter.s__Asaccharobacter_celatus	0.1336407926
ILEUSYN-PWY: L-isoleucine biosynthesis I (from threonine)|g__Roseburia.s__Roseburia_intestinalis	0.0000024620
ILEUSYN-PWY: L-isoleucine biosynthesis I (from threonine)|g__Erysipelatoclostridium.s__Clostridium_innocuum	0.0487873298
ILEUSYN-PWY: L-isoleucine biosynthesis I (from threonine)|g__Clostridium.s__Clostridium_sp_AM22_11AC	0.2324955643
ILEUSYN-PWY: L-isoleucine biosynthesis I (from threonine)|g__Bacteroides.s__Bacteroides_thetaiotaomicron	0.0613190204
PWY-6122: 5-aminoimidazole ribonucleotide biosynthesis II	0.9999999991
PWY-6122: 5-aminoimidazole ribonucleotide biosynthesis II|g__Blautia.s__Blautia_obeum	0.9896205065
PWY-6122: 5-aminoimidazole ribonucleotide biosynthesis II|unclassified	0.9999996900
PWY-6122: 5-aminoimidazole ribonucleotide biosynthesis II|g__Blautia.s__Blautia_wexlerae	0.0020145507
PWY-6122: 5-aminoimidazole ribonucleotide biosynthesis II|g__Bacteroides.s__Bacteroides_stercoris	0.0393474124
PWY-6122: 5-aminoimidazole ribonucleotide biosynthesis II|g__Erysipelatoclostridium.s__Clostridium_innocuum	0.7383078461
PWY-6122: 5-aminoimidazole ribonucleotide biosynthesis II|g__Roseburia.s__Roseburia_intestinalis	0.2021979241
PWY-6122: 5-aminoimidazole ribonucleotide biosynthesis II|g__Asaccharobacter.s__Asaccharobacter_celatus	0.0303653333
PWY-6122: 5-aminoimidazole ribonucleotide biosynthesis II|g__Erysipelatoclostridium.s__Erysipelatoclostridium_ramosum	0.5618018799
PWY-6122: 5-aminoimidazole ribonucleotide biosynthesis II|g__Anaerotignum.s__Anaerotignum_lactatifermentans	0.2537414784
PWY-6122: 5-aminoimidazole ribonucleotide biosynthesis II|g__Clostridium.s__Clostridium_sp_AM22_11AC	0.0395523379
PWY-6277: superpathway of 5-aminoimidazole ribonucleotide biosynthesis	0.9999999991
PWY-6277: superpathway of 5-aminoimidazole ribonucleotide biosynthesis|g__Blautia.s__Blautia_obeum	0.9896205065
PWY-6277: superpathway of 5-aminoimidazole ribonucleotide biosynthesis|unclassified	0.9999996900
PWY-6277: superpathway of 5-aminoimidazole ribonucleotide biosynthesis|g__Blautia.s__Blautia_wexlerae	0.0020145507
PWY-6277: superpathway of 5-aminoimidazole ribonucleotide biosynthesis|g__Bacteroides.s__Bacteroides_stercoris	0.0393474124
PWY-6277: superpathway of 5-aminoimidazole ribonucleotide biosynthesis|g__Erysipelatoclostridium.s__Clostridium_innocuum	0.7383078461
PWY-6277: superpathway of 5-aminoimidazole ribonucleotide biosynthesis|g__Roseburia.s__Roseburia_intestinalis	0.2021979241
PWY-6277: superpathway of 5-aminoimidazole ribonucleotide biosynthesis|g__Asaccharobacter.s__Asaccharobacter_celatus	0.0303653333
PWY-6277: superpathway of 5-aminoimidazole ribonucleotide biosynthesis|g__Erysipelatoclostridium.s__Erysipelatoclostridium_ramosum	0.5618018799
PWY-6277: superpathway of 5-aminoimidazole ribonucleotide biosynthesis|g__Anaerotignum.s__Anaerotignum_lactatifermentans	0.2537414784
PWY-6277: superpathway of 5-aminoimidazole ribonucleotide biosynthesis|g__Clostridium.s__Clostridium_sp_AM22_11AC	0.0395523379
PWY-2942: L-lysine biosynthesis III	0.9999393032
PWY-2942: L-lysine biosynthesis III|g__Blautia.s__Blautia_obeum	0.9820305661
PWY-2942: L-lysine biosynthesis III|unclassified	0.0003019204
PWY-2942: L-lysine biosynthesis III|g__Blautia.s__Blautia_wexlerae	0.0000000000
PWY-2942: L-lysine biosynthesis III|g__Bacteroides.s__Bacteroides_stercoris	0.5854969620
PWY-2942: L-lysine biosynthesis III|g__Erysipelatoclostridium.s__Clostridium_innocuum	0.4279100490
PWY-2942: L-lysine biosynthesis III|g__Asaccharobacter.s__Asaccharobacter_celatus	0.4807797529
PWY-2942: L-lysine biosynthesis III|g__Erysipelatoclostridium.s__Erysipelatoclostridium_ramosum	0.8541850401
PWY-2942: L-lysine biosynthesis III|g__Bacteroides.s__Bacteroides_thetaiotaomicron	0.1298081621
PWY-5686: UMP biosynthesis I	0.9999996037
PWY-5686: UMP biosynthesis I|unclassified	0.9999240360
PWY-5686: UMP biosynthesis I|g__Blautia.s__Blautia_wexlerae	0.0000001364
PWY-5686: UMP biosynthesis I|g__Blautia.s__Blautia_obeum	0.0000000000
PWY-5686: UMP biosynthesis I|g__Bacteroides.s__Bacteroides_stercoris	0.1355493441
PWY-5686: UMP biosynthesis I|g__Roseburia.s__Roseburia_intestinalis	0.1413712392
PWY-5686: UMP biosynthesis I|g__Erysipelatoclostridium.s__Erysipelatoclostridium_ramosum	0.5774054824
PWY-5686: UMP biosynthesis I|g__Asaccharobacter.s__Asaccharobacter_celatus	0.0189138267
PWY-7790: UMP biosynthesis II	0.9999996037
PWY-7790: UMP biosynthesis II|unclassified	0.9999240360
PWY-7790: UMP biosynthesis II|g__Blautia.s__Blautia_wexlerae	0.0000001364
PWY-7790: UMP biosynthesis II|g__Blautia.s__Blautia_obeum	0.0000000000
PWY-7790: UMP biosynthesis II|g__Bacteroides.s__Bacteroides_stercoris	0.1954431189
PWY-7790: UMP biosynthesis II|g__Roseburia.s__Roseburia_intestinalis	0.1413712392
PWY-7790: UMP biosynthesis II|g__Erysipelatoclostridium.s__Erysipelatoclostridium_ramosum	0.5774054824
PWY-7790: UMP biosynthesis II|g__Asaccharobacter.s__Asaccharobacter_celatus	0.0189138267
PWY-7791: UMP biosynthesis III	0.9999996037
PWY-7791: UMP biosynthesis III|unclassified	0.9999240360
PWY-7791: UMP biosynthesis III|g__Blautia.s__Blautia_wexlerae	0.0000001364
PWY-7791: UMP biosynthesis III|g__Blautia.s__Blautia_obeum	0.0000000000
PWY-7791: UMP biosynthesis III|g__Bacteroides.s__Bacteroides_stercoris	0.1355493441
PWY-7791: UMP biosynthesis III|g__Roseburia.s__Roseburia_intestinalis	0.1413712392
PWY-7791: UMP biosynthesis III|g__Erysipelatoclostridium.s__Erysipelatoclostridium_ramosum	0.5774054824
PWY-7791: UMP biosynthesis III|g__Asaccharobacter.s__Asaccharobacter_celatus	0.0189138267
PWY-6121: 5-aminoimidazole ribonucleotide biosynthesis I	0.9999999993
PWY-6121: 5-aminoimidazole ribonucleotide biosynthesis I|g__Blautia.s__Blautia_obeum	0.9916791319
PWY-6121: 5-aminoimidazole ribonucleotide biosynthesis I|unclassified	0.9999997520
PWY-6121: 5-aminoimidazole ribonucleotide biosynthesis I|g__Blautia.s__Blautia_wexlerae	0.0000000000
PWY-6121: 5-aminoimidazole ribonucleotide biosynthesis I|g__Bacteroides.s__Bacteroides_stercoris	0.0453102216
PWY-6121: 5-aminoimidazole ribonucleotide biosynthesis I|g__Roseburia.s__Roseburia_intestinalis	0.2364284231
PWY-6121: 5-aminoimidazole ribonucleotide biosynthesis I|g__Erysipelatoclostridium.s__Clostridium_innocuum	0.7514715540
PWY-6121: 5-aminoimidazole ribonucleotide biosynthesis I|g__Erysipelatoclostridium.s__Erysipelatoclostridium_ramosum	0.5852951138
PWY-6121: 5-aminoimidazole ribonucleotide biosynthesis I|g__Anaerotignum.s__Anaerotignum_lactatifermentans	0.2624343432
PWY-6121: 5-aminoimidazole ribonucleotide biosynthesis I|g__Clostridium.s__Clostridium_sp_AM22_11AC	0.0483009707
HSERMETANA-PWY: L-methionine biosynthesis III	0.9902224196
HSERMETANA-PWY: L-methionine biosynthesis III|g__Blautia.s__Blautia_wexlerae	0.0000000000
HSERMETANA-PWY: L-methionine biosynthesis III|unclassified	0.1784704049
HSERMETANA-PWY: L-methionine biosynthesis III|g__Blautia.s__Blautia_obeum	0.0000000000
HSERMETANA-PWY: L-methionine biosynthesis III|g__Roseburia.s__Roseburia_intestinalis	0.3145054555
HSERMETANA-PWY: L-methionine biosynthesis III|g__Erysipelatoclostridium.s__Clostridium_innocuum	0.2549848957
ARGSYN-PWY: L-arginine biosynthesis I (via L-ornithine)	0.9996882026
ARGSYN-PWY: L-arginine biosynthesis I (via L-ornithine)|g__Blautia.s__Blautia_wexlerae	0.0000000001
ARGSYN-PWY: L-arginine biosynthesis I (via L-ornithine)|unclassified	0.9664720347
ARGSYN-PWY: L-arginine biosynthesis I (via L-ornithine)|g__Roseburia.s__Roseburia_intestinalis	0.2040449311
ARGSYN-PWY: L-arginine biosynthesis I (via L-ornithine)|g__Blautia.s__Blautia_obeum	0.0000000000
PWY-3841: folate transformations II (plants)	0.9999999446
PWY-3841: folate transformations II (plants)|g__Blautia.s__Blautia_wexlerae	0.0000000000
PWY-3841: folate transformations II (plants)|unclassified	0.9269385441
PWY-3841: folate transformations II (plants)|g__Blautia.s__Blautia_obeum	0.0000000000
PWY-3841: folate transformations II (plants)|g__Bacteroides.s__Bacteroides_stercoris	0.1039270371
PWY-3841: folate transformations II (plants)|g__Roseburia.s__Roseburia_intestinalis	0.2463357037
PWY-3841: folate transformations II (plants)|g__Erysipelatoclostridium.s__Erysipelatoclostridium_ramosum	0.4809436183
PWY-3841: folate transformations II (plants)|g__Anaerotignum.s__Anaerotignum_lactatifermentans	0.8166393362
PWY-3841: folate transformations II (plants)|g__Bacteroides.s__Bacteroides_vulgatus	0.8106883624
PWY-3841: folate transformations II (plants)|g__Clostridium.s__Clostridium_sp_AM22_11AC	0.0574278442
PWY-3841: folate transformations II (plants)|g__Bacteroides.s__Bacteroides_thetaiotaomicron	0.6068342332
ANAGLYCOLYSIS-PWY: glycolysis III (from glucose)	0.8022362380
ANAGLYCOLYSIS-PWY: glycolysis III (from glucose)|unclassified	0.4420284939
ANAGLYCOLYSIS-PWY: glycolysis III (from glucose)|g__Blautia.s__Blautia_wexlerae	0.0000000000
ANAGLYCOLYSIS-PWY: glycolysis III (from glucose)|g__Blautia.s__Blautia_obeum	0.0000000000
ANAGLYCOLYSIS-PWY: glycolysis III (from glucose)|g__Roseburia.s__Roseburia_intestinalis	0.2132693957
BRANCHED-CHAIN-AA-SYN-PWY: superpathway of branched chain amino acid biosynthesis	0.9999720728
BRANCHED-CHAIN-AA-SYN-PWY: superpathway of branched chain amino acid biosynthesis|g__Blautia.s__Blautia_wexlerae	0.0000000000
BRANCHED-CHAIN-AA-SYN-PWY: superpathway of branched chain amino acid biosynthesis|unclassified	0.0000087407
BRANCHED-CHAIN-AA-SYN-PWY: superpathway of branched chain amino acid biosynthesis|g__Blautia.s__Blautia_obeum	0.0000000000
BRANCHED-CHAIN-AA-SYN-PWY: superpathway of branched chain amino acid biosynthesis|g__Bacteroides.s__Bacteroides_stercoris	0.0605190078
BRANCHED-CHAIN-AA-SYN-PWY: superpathway of branched chain amino acid biosynthesis|g__Asaccharobacter.s__Asaccharobacter_celatus	0.1219665224
BRANCHED-CHAIN-AA-SYN-PWY: superpathway of branched chain amino acid biosynthesis|g__Roseburia.s__Roseburia_intestinalis	0.0000030775
BRANCHED-CHAIN-AA-SYN-PWY: superpathway of branched chain amino acid biosynthesis|g__Erysipelatoclostridium.s__Clostridium_innocuum	0.0579352960
BRANCHED-CHAIN-AA-SYN-PWY: superpathway of branched chain amino acid biosynthesis|g__Bacteroides.s__Bacteroides_thetaiotaomicron	0.0606357635
PWY-5103: L-isoleucine biosynthesis III	0.9999735513
PWY-5103: L-isoleucine biosynthesis III|g__Blautia.s__Blautia_wexlerae	0.0000000000
PWY-5103: L-isoleucine biosynthesis III|unclassified	0.0000065557
PWY-5103: L-isoleucine biosynthesis III|g__Bacteroides.s__Bacteroides_stercoris	0.0328679538
PWY-5103: L-isoleucine biosynthesis III|g__Blautia.s__Blautia_obeum	0.0000000000
PWY-5103: L-isoleucine biosynthesis III|g__Asaccharobacter.s__Asaccharobacter_celatus	0.0992695665
PWY-5103: L-isoleucine biosynthesis III|g__Erysipelatoclostridium.s__Clostridium_innocuum	0.0348899502
PWY-5103: L-isoleucine biosynthesis III|g__Roseburia.s__Roseburia_intestinalis	0.0000015388
PWY-5103: L-isoleucine biosynthesis III|g__Bacteroides.s__Bacteroides_thetaiotaomicron	0.0521045651
PWY66-429: fatty acid biosynthesis initiation (mitochondria)	1.0000000000
PWY66-429: fatty acid biosynthesis initiation (mitochondria)|unclassified	1.0000000000
PWY66-429: fatty acid biosynthesis initiation (mitochondria)|g__Blautia.s__Blautia_obeum	0.8006552711
PWY66-429: fatty acid biosynthesis initiation (mitochondria)|g__Blautia.s__Blautia_wexlerae	0.0000000000
PWY66-429: fatty acid biosynthesis initiation (mitochondria)|g__Erysipelatoclostridium.s__Clostridium_innocuum	0.5396635202
PWY66-429: fatty acid biosynthesis initiation (mitochondria)|g__Erysipelatoclostridium.s__Erysipelatoclostridium_ramosum	0.4084914388
PWY-5667: CDP-diacylglycerol biosynthesis I	0.9995984598
PWY-5667: CDP-diacylglycerol biosynthesis I|unclassified	0.9466940191
PWY-5667: CDP-diacylglycerol biosynthesis I|g__Blautia.s__Blautia_wexlerae	0.0000000032
PWY-5667: CDP-diacylglycerol biosynthesis I|g__Blautia.s__Blautia_obeum	0.0000000002
PWY-5667: CDP-diacylglycerol biosynthesis I|g__Bacteroides.s__Bacteroides_stercoris	0.6793363100
PWY-5667: CDP-diacylglycerol biosynthesis I|g__Erysipelatoclostridium.s__Clostridium_innocuum	0.0324879572
PWY-5667: CDP-diacylglycerol biosynthesis I|g__Roseburia.s__Roseburia_intestinalis	0.0000012733
PWY-5667: CDP-diacylglycerol biosynthesis I|g__Erysipelatoclostridium.s__Erysipelatoclostridium_ramosum	0.1040112785
PWY-5667: CDP-diacylglycerol biosynthesis I|g__Anaerotignum.s__Anaerotignum_lactatifermentans	0.5017577298
PWY0-1319: CDP-diacylglycerol biosynthesis II	0.9995984598
PWY0-1319: CDP-diacylglycerol biosynthesis II|unclassified	0.9466940191
PWY0-1319: CDP-diacylglycerol biosynthesis II|g__Blautia.s__Blautia_wexlerae	0.0000000032
PWY0-1319: CDP-diacylglycerol biosynthesis II|g__Blautia.s__Blautia_obeum	0.0000000002
PWY0-1319: CDP-diacylglycerol biosynthesis II|g__Bacteroides.s__Bacteroides_stercoris	0.6793363100
PWY0-1319: CDP-diacylglycerol biosynthesis II|g__Erysipelatoclostridium.s__Clostridium_innocuum	0.0324879572
PWY0-1319: CDP-diacylglycerol biosynthesis II|g__Roseburia.s__Roseburia_intestinalis	0.0000012733
PWY0-1319: CDP-diacylglycerol biosynthesis II|g__Erysipelatoclostridium.s__Erysipelatoclostridium_ramosum	0.1040112785
PWY0-1319: CDP-diacylglycerol biosynthesis II|g__Anaerotignum.s__Anaerotignum_lactatifermentans	0.5017577298
PWY-7111: pyruvate fermentation to isobutanol (engineered)	0.9989473124
PWY-7111: pyruvate fermentation to isobutanol (engineered)|g__Blautia.s__Blautia_wexlerae	0.0000000004
PWY-7111: pyruvate fermentation to isobutanol (engineered)|unclassified	0.0341086297
PWY-7111: pyruvate fermentation to isobutanol (engineered)|g__Blautia.s__Blautia_obeum	0.0000000000
PWY-7111: pyruvate fermentation to isobutanol (engineered)|g__Erysipelatoclostridium.s__Clostridium_innocuum	0.0349606404
PWY-7111: pyruvate fermentation to isobutanol (engineered)|g__Erysipelatoclostridium.s__Erysipelatoclostridium_ramosum	0.4276804648
PWY-7111: pyruvate fermentation to isobutanol (engineered)|g__Roseburia.s__Roseburia_intestinalis	0.0000015388
PWY-6270: isoprene biosynthesis I	0.0064659539
PWY-6270: isoprene biosynthesis I|unclassified	0.0000000000
PWY-6270: isoprene biosynthesis I|g__Blautia.s__Blautia_wexlerae	0.0000000000
PWY-6270: isoprene biosynthesis I|g__Blautia.s__Blautia_obeum	0.0000000000
PWY-7357: thiamine phosphate formation from pyrithiamine and oxythiamine (yeast)	0.0018880075
PWY-7357: thiamine phosphate formation from pyrithiamine and oxythiamine (yeast)|g__Blautia.s__Blautia_obeum	0.9942238002
PWY-7357: thiamine phosphate formation from pyrithiamine and oxythiamine (yeast)|unclassified	0.0000000000
PWY-7357: thiamine phosphate formation from pyrithiamine and oxythiamine (yeast)|g__Roseburia.s__Roseburia_intestinalis	0.8203158326
PWY-7357: thiamine phosphate formation from pyrithiamine and oxythiamine (yeast)|g__Erysipelatoclostridium.s__Clostridium_innocuum	0.5636899870
PWY-7357: thiamine phosphate formation from pyrithiamine and oxythiamine (yeast)|g__Erysipelatoclostridium.s__Erysipelatoclostridium_ramosum	0.8280131842
PWY-7357: thiamine phosphate formation from pyrithiamine and oxythiamine (yeast)|g__Asaccharobacter.s__Asaccharobacter_celatus	0.0000007144
PWY-7357: thiamine phosphate formation from pyrithiamine and oxythiamine (yeast)|g__Blautia.s__Blautia_wexlerae	0.0000000000
PWY-7560: methylerythritol phosphate pathway II	0.0056622862
PWY-7560: methylerythritol phosphate pathway II|g__Blautia.s__Blautia_obeum	0.0022567281
PWY-7560: methylerythritol phosphate pathway II|unclassified	0.0000000000
PWY-7560: methylerythritol phosphate pathway II|g__Blautia.s__Blautia_wexlerae	0.0000000000
SER-GLYSYN-PWY: superpathway of L-serine and glycine biosynthesis I	0.9999998846
SER-GLYSYN-PWY: superpathway of L-serine and glycine biosynthesis I|g__Blautia.s__Blautia_wexlerae	0.8939293858
SER-GLYSYN-PWY: superpathway of L-serine and glycine biosynthesis I|g__Blautia.s__Blautia_obeum	0.0000000001
SER-GLYSYN-PWY: superpathway of L-serine and glycine biosynthesis I|unclassified	0.0000206094
SER-GLYSYN-PWY: superpathway of L-serine and glycine biosynthesis I|g__Roseburia.s__Roseburia_intestinalis	0.4561653790
SER-GLYSYN-PWY: superpathway of L-serine and glycine biosynthesis I|g__Bacteroides.s__Bacteroides_stercoris	0.0079935947
SER-GLYSYN-PWY: superpathway of L-serine and glycine biosynthesis I|g__Asaccharobacter.s__Asaccharobacter_celatus	0.1648831524
SER-GLYSYN-PWY: superpathway of L-serine and glycine biosynthesis I|g__Bacteroides.s__Bacteroides_thetaiotaomicron	0.5755616516
SER-GLYSYN-PWY: superpathway of L-serine and glycine biosynthesis I|g__Bacteroides.s__Bacteroides_finegoldii	0.2596677399
COA-PWY-1: superpathway of coenzyme A biosynthesis III (mammals)	0.9988953628
COA-PWY-1: superpathway of coenzyme A biosynthesis III (mammals)|unclassified	0.9963330354
COA-PWY-1: superpathway of coenzyme A biosynthesis III (mammals)|g__Blautia.s__Blautia_obeum	0.0001857017
COA-PWY-1: superpathway of coenzyme A biosynthesis III (mammals)|g__Blautia.s__Blautia_wexlerae	0.0000000000
COA-PWY-1: superpathway of coenzyme A biosynthesis III (mammals)|g__Bacteroides.s__Bacteroides_stercoris	0.0934947121
COA-PWY-1: superpathway of coenzyme A biosynthesis III (mammals)|g__Roseburia.s__Roseburia_intestinalis	0.0849198866
COA-PWY-1: superpathway of coenzyme A biosynthesis III (mammals)|g__Erysipelatoclostridium.s__Clostridium_innocuum	0.0277360896
COA-PWY-1: superpathway of coenzyme A biosynthesis III (mammals)|g__Anaerotignum.s__Anaerotignum_lactatifermentans	0.5553381937
COA-PWY-1: superpathway of coenzyme A biosynthesis III (mammals)|g__Erysipelatoclostridium.s__Erysipelatoclostridium_ramosum	0.0337443138
ASPASN-PWY: superpathway of L-aspartate and L-asparagine biosynthesis	0.9999184399
ASPASN-PWY: superpathway of L-aspartate and L-asparagine biosynthesis|g__Blautia.s__Blautia_wexlerae	0.9919867405
ASPASN-PWY: superpathway of L-aspartate and L-asparagine biosynthesis|g__Blautia.s__Blautia_obeum	0.0000000000
ASPASN-PWY: superpathway of L-aspartate and L-asparagine biosynthesis|unclassified	0.0000000000
ASPASN-PWY: superpathway of L-aspartate and L-asparagine biosynthesis|g__Bacteroides.s__Bacteroides_stercoris	0.0854512178
ASPASN-PWY: superpathway of L-aspartate and L-asparagine biosynthesis|g__Erysipelatoclostridium.s__Clostridium_innocuum	0.1969003398
ASPASN-PWY: superpathway of L-aspartate and L-asparagine biosynthesis|g__Bacteroides.s__Bacteroides_vulgatus	0.7008914491
COA-PWY: coenzyme A biosynthesis I (prokaryotic)	0.9994573678
COA-PWY: coenzyme A biosynthesis I (prokaryotic)|unclassified	0.9999344446
COA-PWY: coenzyme A biosynthesis I (prokaryotic)|g__Blautia.s__Blautia_wexlerae	0.0000015809
COA-PWY: coenzyme A biosynthesis I (prokaryotic)|g__Blautia.s__Blautia_obeum	0.0001579192
COA-PWY: coenzyme A biosynthesis I (prokaryotic)|g__Bacteroides.s__Bacteroides_stercoris	0.1077926774
COA-PWY: coenzyme A biosynthesis I (prokaryotic)|g__Roseburia.s__Roseburia_intestinalis	0.0727691620
COA-PWY: coenzyme A biosynthesis I (prokaryotic)|g__Erysipelatoclostridium.s__Erysipelatoclostridium_ramosum	0.6935949866
COA-PWY: coenzyme A biosynthesis I (prokaryotic)|g__Anaerotignum.s__Anaerotignum_lactatifermentans	0.7687910757
COA-PWY: coenzyme A biosynthesis I (prokaryotic)|g__Erysipelatoclostridium.s__Clostridium_innocuum	0.0223127707
P41-PWY: pyruvate fermentation to acetate and (S)-lactate I	0.9944595620
P41-PWY: pyruvate fermentation to acetate and (S)-lactate I|g__Blautia.s__Blautia_obeum	0.0000000066
P41-PWY: pyruvate fermentation to acetate and (S)-lactate I|unclassified	0.1610627965
P41-PWY: pyruvate fermentation to acetate and (S)-lactate I|g__Erysipelatoclostridium.s__Clostridium_innocuum	0.3998487374
P41-PWY: pyruvate fermentation to acetate and (S)-lactate I|g__Roseburia.s__Roseburia_intestinalis	0.0003926105
P41-PWY: pyruvate fermentation to acetate and (S)-lactate I|g__Clostridium.s__Clostridium_sp_AM22_11AC	0.1155203859
PWY-5100: pyruvate fermentation to acetate and lactate II	0.9944595620
PWY-5100: pyruvate fermentation to acetate and lactate II|g__Blautia.s__Blautia_obeum	0.0000000066
PWY-5100: pyruvate fermentation to acetate and lactate II|unclassified	0.1610627965
PWY-5100: pyruvate fermentation to acetate and lactate II|g__Roseburia.s__Roseburia_intestinalis	0.6470592307
PWY-5100: pyruvate fermentation to acetate and lactate II|g__Erysipelatoclostridium.s__Clostridium_innocuum	0.3998487374
PWY-5100: pyruvate fermentation to acetate and lactate II|g__Clostridium.s__Clostridium_sp_AM22_11AC	0.1155203859
PWY-7851: coenzyme A biosynthesis II (eukaryotic)	0.9986195847
PWY-7851: coenzyme A biosynthesis II (eukaryotic)|unclassified	0.9954204924
PWY-7851: coenzyme A biosynthesis II (eukaryotic)|g__Blautia.s__Blautia_obeum	0.0001579192
PWY-7851: coenzyme A biosynthesis II (eukaryotic)|g__Blautia.s__Blautia_wexlerae	0.0000000000
PWY-7851: coenzyme A biosynthesis II (eukaryotic)|g__Bacteroides.s__Bacteroides_stercoris	0.0762210393
PWY-7851: coenzyme A biosynthesis II (eukaryotic)|g__Roseburia.s__Roseburia_intestinalis	0.0727691620
PWY-7851: coenzyme A biosynthesis II (eukaryotic)|g__Erysipelatoclostridium.s__Clostridium_innocuum	0.0223127707
PWY-7851: coenzyme A biosynthesis II (eukaryotic)|g__Anaerotignum.s__Anaerotignum_lactatifermentans	0.4997988162
PWY-7851: coenzyme A biosynthesis II (eukaryotic)|g__Erysipelatoclostridium.s__Erysipelatoclostridium_ramosum	0.0272247454
PANTO-PWY: phosphopantothenate biosynthesis I	0.9627392054
PANTO-PWY: phosphopantothenate biosynthesis I|g__Blautia.s__Blautia_wexlerae	0.0000000008
PANTO-PWY: phosphopantothenate biosynthesis I|g__Blautia.s__Blautia_obeum	0.0000000143
PANTO-PWY: phosphopantothenate biosynthesis I|unclassified	0.0000000000
PANTO-PWY: phosphopantothenate biosynthesis I|g__Bacteroides.s__Bacteroides_stercoris	0.7417820517
PANTO-PWY: phosphopantothenate biosynthesis I|g__Roseburia.s__Roseburia_intestinalis	0.0148386389
PANTO-PWY: phosphopantothenate biosynthesis I|g__Anaerotignum.s__Anaerotignum_lactatifermentans	0.8248237290
PANTO-PWY: phosphopantothenate biosynthesis I|g__Asaccharobacter.s__Asaccharobacter_celatus	0.0093920007
PANTO-PWY: phosphopantothenate biosynthesis I|g__Bacteroides.s__Bacteroides_vulgatus	0.5612715315
PANTOSYN-PWY: superpathway of coenzyme A biosynthesis I (bacteria)	0.9799111077
PANTOSYN-PWY: superpathway of coenzyme A biosynthesis I (bacteria)|g__Blautia.s__Blautia_wexlerae	0.0000000000
PANTOSYN-PWY: superpathway of coenzyme A biosynthesis I (bacteria)|g__Blautia.s__Blautia_obeum	0.0000000000
PANTOSYN-PWY: superpathway of coenzyme A biosynthesis I (bacteria)|unclassified	0.0000000000
PANTOSYN-PWY: superpathway of coenzyme A biosynthesis I (bacteria)|g__Bacteroides.s__Bacteroides_stercoris	0.2054659807
PANTOSYN-PWY: superpathway of coenzyme A biosynthesis I (bacteria)|g__Roseburia.s__Roseburia_intestinalis	0.0275219772
PANTOSYN-PWY: superpathway of coenzyme A biosynthesis I (bacteria)|g__Anaerotignum.s__Anaerotignum_lactatifermentans	0.6086088847
PWY-6123: inosine-5'-phosphate biosynthesis I	0.1964830449
PWY-6123: inosine-5'-phosphate biosynthesis I|g__Blautia.s__Blautia_wexlerae	0.0000000000
PWY-6123: inosine-5'-phosphate biosynthesis I|unclassified	0.0000000000
PWY-6123: inosine-5'-phosphate biosynthesis I|g__Blautia.s__Blautia_obeum	0.0000000000
PWY-6123: inosine-5'-phosphate biosynthesis I|g__Bacteroides.s__Bacteroides_stercoris	0.4057584077
PWY-6123: inosine-5'-phosphate biosynthesis I|g__Erysipelatoclostridium.s__Clostridium_innocuum	0.0153255777
PWY-6123: inosine-5'-phosphate biosynthesis I|g__Erysipelatoclostridium.s__Erysipelatoclostridium_ramosum	0.1323505998
PWY-6123: inosine-5'-phosphate biosynthesis I|g__Bacteroides.s__Bacteroides_finegoldii	0.8269707068
PWY-6123: inosine-5'-phosphate biosynthesis I|g__Bacteroides.s__Bacteroides_vulgatus	0.0002289121
PWY-6123: inosine-5'-phosphate biosynthesis I|g__Streptococcus.s__Streptococcus_thermophilus	0.0928647527
METH-ACETATE-PWY: methanogenesis from acetate	0.0861561687
METH-ACETATE-PWY: methanogenesis from acetate|g__Blautia.s__Blautia_wexlerae	0.0004118356
METH-ACETATE-PWY: methanogenesis from acetate|g__Blautia.s__Blautia_obeum	0.0000000000
METH-ACETATE-PWY: methanogenesis from acetate|unclassified	0.0000000000
PWY-6700: queuosine biosynthesis I (de novo)	0.9578928690
PWY-6700: queuosine biosynthesis I (de novo)|unclassified	0.9326624216
PWY-6700: queuosine biosynthesis I (de novo)|g__Blautia.s__Blautia_wexlerae	0.0000000000
PWY-6700: queuosine biosynthesis I (de novo)|g__Blautia.s__Blautia_obeum	0.0000000000
PWY-6700: queuosine biosynthesis I (de novo)|g__Bacteroides.s__Bacteroides_stercoris	0.7364670146
PWY-6700: queuosine biosynthesis I (de novo)|g__Roseburia.s__Roseburia_intestinalis	0.0129623647
PWY-6700: queuosine biosynthesis I (de novo)|g__Asaccharobacter.s__Asaccharobacter_celatus	0.0019909767
PWY-6700: queuosine biosynthesis I (de novo)|g__Erysipelatoclostridium.s__Erysipelatoclostridium_ramosum	0.1478453862
PWY-6700: queuosine biosynthesis I (de novo)|g__Bacteroides.s__Bacteroides_vulgatus	0.4096166043
PWY-6700: queuosine biosynthesis I (de novo)|g__Bacteroides.s__Bacteroides_dorei	0.9615873566
PWY-6700: queuosine biosynthesis I (de novo)|g__Bacteroides.s__Bacteroides_finegoldii	0.8342194727
RIBOSYN2-PWY: flavin biosynthesis I (bacteria and plants)	0.0327340197
RIBOSYN2-PWY: flavin biosynthesis I (bacteria and plants)|g__Blautia.s__Blautia_obeum	0.1215580973
RIBOSYN2-PWY: flavin biosynthesis I (bacteria and plants)|g__Blautia.s__Blautia_wexlerae	0.0000000000
RIBOSYN2-PWY: flavin biosynthesis I (bacteria and plants)|g__Asaccharobacter.s__Asaccharobacter_celatus	0.0476241566
PWY-6124: inosine-5'-phosphate biosynthesis II	0.1692792891
PWY-6124: inosine-5'-phosphate biosynthesis II|g__Blautia.s__Blautia_wexlerae	0.9969318997
PWY-6124: inosine-5'-phosphate biosynthesis II|unclassified	0.0000000000
PWY-6124: inosine-5'-phosphate biosynthesis II|g__Blautia.s__Blautia_obeum	0.0000000000
PWY-6124: inosine-5'-phosphate biosynthesis II|g__Bacteroides.s__Bacteroides_stercoris	0.3706605043
PWY-6124: inosine-5'-phosphate biosynthesis II|g__Erysipelatoclostridium.s__Clostridium_innocuum	0.0168694340
PWY-6124: inosine-5'-phosphate biosynthesis II|g__Erysipelatoclostridium.s__Erysipelatoclostridium_ramosum	0.1185323395
PWY-6124: inosine-5'-phosphate biosynthesis II|g__Bacteroides.s__Bacteroides_finegoldii	0.8207362942
PWY-6124: inosine-5'-phosphate biosynthesis II|g__Bacteroides.s__Bacteroides_vulgatus	0.0001907680
PWY-6124: inosine-5'-phosphate biosynthesis II|g__Streptococcus.s__Streptococcus_thermophilus	0.0787890251
PWY-5695: inosine 5'-phosphate degradation	0.0000611140
PWY-5695: inosine 5'-phosphate degradation|g__Blautia.s__Blautia_obeum	0.0000000000
PWY-5695: inosine 5'-phosphate degradation|unclassified	0.0004393869
PWY-5695: inosine 5'-phosphate degradation|g__Blautia.s__Blautia_wexlerae	0.0000000000
PWY-5695: inosine 5'-phosphate degradation|g__Bacteroides.s__Bacteroides_stercoris	0.1588924478
PWY-5695: inosine 5'-phosphate degradation|g__Roseburia.s__Roseburia_intestinalis	0.1458222587
PWY-5695: inosine 5'-phosphate degradation|g__Bacteroides.s__Bacteroides_vulgatus	0.6078721075
PWY-5695: inosine 5'-phosphate degradation|g__Bacteroides.s__Bacteroides_thetaiotaomicron	0.7450349182
TRNA-CHARGING-PWY: tRNA charging	0.0000000000
TRNA-CHARGING-PWY: tRNA charging|unclassified	0.0000000043
TRNA-CHARGING-PWY: tRNA charging|g__Roseburia.s__Roseburia_intestinalis	0.0696220545
TRNA-CHARGING-PWY: tRNA charging|g__Erysipelatoclostridium.s__Clostridium_innocuum	0.1594621904
PWY-724: superpathway of L-lysine, L-threonine and L-methionine biosynthesis II	0.0000000000
PWY-724: superpathway of L-lysine, L-threonine and L-methionine biosynthesis II|g__Blautia.s__Blautia_obeum	0.0000000000
PWY-724: superpathway of L-lysine, L-threonine and L-methionine biosynthesis II|unclassified	0.0000000004
PWY-724: superpathway of L-lysine, L-threonine and L-methionine biosynthesis II|g__Erysipelatoclostridium.s__Clostridium_innocuum	0.2088337231
PWY-724: superpathway of L-lysine, L-threonine and L-methionine biosynthesis II|g__Roseburia.s__Roseburia_intestinalis	0.0000281785
PWY-724: superpathway of L-lysine, L-threonine and L-methionine biosynthesis II|g__Asaccharobacter.s__Asaccharobacter_celatus	0.0009145096
HISTSYN-PWY: L-histidine biosynthesis	0.0000000000
HISTSYN-PWY: L-histidine biosynthesis|unclassified	0.0000000000
HISTSYN-PWY: L-histidine biosynthesis|g__Bacteroides.s__Bacteroides_stercoris	0.3108012441
HISTSYN-PWY: L-histidine biosynthesis|g__Roseburia.s__Roseburia_intestinalis	0.0133223798
HISTSYN-PWY: L-histidine biosynthesis|g__Erysipelatoclostridium.s__Erysipelatoclostridium_ramosum	0.0591294535
HISTSYN-PWY: L-histidine biosynthesis|g__Bacteroides.s__Bacteroides_vulgatus	0.6206984463
PWY-6608: guanosine nucleotides degradation III	0.0000611127
PWY-6608: guanosine nucleotides degradation III|g__Blautia.s__Blautia_obeum	0.8355745646
PWY-6608: guanosine nucleotides degradation III|unclassified	0.0000000000
PWY-6608: guanosine nucleotides degradation III|g__Blautia.s__Blautia_wexlerae	0.0000000000
PWY-6608: guanosine nucleotides degradation III|g__Roseburia.s__Roseburia_intestinalis	0.1478730208
PWY-3001: superpathway of L-isoleucine biosynthesis I	0.0000000000
PWY-3001: superpathway of L-isoleucine biosynthesis I|unclassified	0.0000000000
PWY-7237: myo-, chiro- and scyllo-inositol degradation	0.3188345769
PWY-7237: myo-, chiro- and scyllo-inositol degradation|unclassified	0.9999968453
PWY-7237: myo-, chiro- and scyllo-inositol degradation|g__Blautia.s__Blautia_wexlerae	0.0000033254
PWY-7237: myo-, chiro- and scyllo-inositol degradation|g__Blautia.s__Blautia_obeum	0.0000000000
PWY-7237: myo-, chiro- and scyllo-inositol degradation|g__Roseburia.s__Roseburia_intestinalis	0.9978370594
PWY-7237: myo-, chiro- and scyllo-inositol degradation|g__Erysipelatoclostridium.s__Clostridium_innocuum	0.9571662309
PWY-6731: starch degradation III	0.0000000000
PWY-6731: starch degradation III|g__Blautia.s__Blautia_obeum	0.6428671715
PWY-6731: starch degradation III|g__Blautia.s__Blautia_wexlerae	0.0000000000
PWY-6731: starch degradation III|unclassified	0.0000000000
PWY-5188: tetrapyrrole biosynthesis I (from glutamate)	0.0000001002
PWY-5188: tetrapyrrole biosynthesis I (from glutamate)|g__Blautia.s__Blautia_wexlerae	0.0000032814
PWY-5188: tetrapyrrole biosynthesis I (from glutamate)|unclassified	0.0000053934
PWY-5188: tetrapyrrole biosynthesis I (from glutamate)|g__Blautia.s__Blautia_obeum	0.0000000000
THRESYN-PWY: superpathway of L-threonine biosynthesis	0.0000000000
THRESYN-PWY: superpathway of L-threonine biosynthesis|g__Blautia.s__Blautia_obeum	0.0000000000
THRESYN-PWY: superpathway of L-threonine biosynthesis|unclassified	0.0000000001
THRESYN-PWY: superpathway of L-threonine biosynthesis|g__Bacteroides.s__Bacteroides_stercoris	0.5513906676
THRESYN-PWY: superpathway of L-threonine biosynthesis|g__Erysipelatoclostridium.s__Clostridium_innocuum	0.1785802724
THRESYN-PWY: superpathway of L-threonine biosynthesis|g__Bacteroides.s__Bacteroides_vulgatus	0.4744653936
THRESYN-PWY: superpathway of L-threonine biosynthesis|g__Bacteroides.s__Bacteroides_dorei	0.4606286536
COBALSYN-PWY: superpathway of adenosylcobalamin salvage from cobinamide I	0.0000000188
COBALSYN-PWY: superpathway of adenosylcobalamin salvage from cobinamide I|g__Blautia.s__Blautia_obeum	0.0000000000
COBALSYN-PWY: superpathway of adenosylcobalamin salvage from cobinamide I|g__Blautia.s__Blautia_wexlerae	0.0000000000
COBALSYN-PWY: superpathway of adenosylcobalamin salvage from cobinamide I|unclassified	0.0000000000
COBALSYN-PWY: superpathway of adenosylcobalamin salvage from cobinamide I|g__Roseburia.s__Roseburia_intestinalis	0.7360233620
PWY-7977: L-methionine biosynthesis IV	0.0000000000
PWY-7977: L-methionine biosynthesis IV|unclassified	0.0002013005
PWY-7977: L-methionine biosynthesis IV|g__Bacteroides.s__Bacteroides_stercoris	0.2561941442
PWY-7977: L-methionine biosynthesis IV|g__Erysipelatoclostridium.s__Clostridium_innocuum	0.8250167825
PWY-7199: pyrimidine deoxyribonucleosides salvage	0.0000000000
PWY-7199: pyrimidine deoxyribonucleosides salvage|unclassified	0.0000000000
PWY-7199: pyrimidine deoxyribonucleosides salvage|g__Bacteroides.s__Bacteroides_stercoris	0.3478733305
PWY-7199: pyrimidine deoxyribonucleosides salvage|g__Erysipelatoclostridium.s__Erysipelatoclostridium_ramosum	0.4270384431
PWY-7199: pyrimidine deoxyribonucleosides salvage|g__Bacteroides.s__Bacteroides_vulgatus	0.2333505834
PYRIDNUCSYN-PWY: NAD de novo biosynthesis I (from aspartate)	0.0000000000
PYRIDNUCSYN-PWY: NAD de novo biosynthesis I (from aspartate)|unclassified	0.0000000000
PYRIDNUCSYN-PWY: NAD de novo biosynthesis I (from aspartate)|g__Roseburia.s__Roseburia_intestinalis	0.0744140063
PWY-6703: preQ0 biosynthesis	0.0000000000
PWY-6703: preQ0 biosynthesis|g__Blautia.s__Blautia_obeum	0.0070432544
PWY-6703: preQ0 biosynthesis|g__Bacteroides.s__Bacteroides_stercoris	0.1030342325
PWY-6703: preQ0 biosynthesis|unclassified	0.0000000000
PWY-6703: preQ0 biosynthesis|g__Erysipelatoclostridium.s__Erysipelatoclostridium_ramosum	0.3672338362
PWY-6703: preQ0 biosynthesis|g__Bacteroides.s__Bacteroides_vulgatus	0.7985563685
RHAMCAT-PWY: L-rhamnose degradation I	0.0000000000
RHAMCAT-PWY: L-rhamnose degradation I|unclassified	0.0000000000
RHAMCAT-PWY: L-rhamnose degradation I|g__Roseburia.s__Roseburia_intestinalis	0.7773660244
RHAMCAT-PWY: L-rhamnose degradation I|g__Asaccharobacter.s__Asaccharobacter_celatus	0.9210863663
RHAMCAT-PWY: L-rhamnose degradation I|g__Bacteroides.s__Bacteroides_finegoldii	0.2313839799
OANTIGEN-PWY: O-antigen building blocks biosynthesis (E. coli)	0.0000000000
OANTIGEN-PWY: O-antigen building blocks biosynthesis (E. coli)|unclassified	0.0000000000
OANTIGEN-PWY: O-antigen building blocks biosynthesis (E. coli)|g__Erysipelatoclostridium.s__Clostridium_innocuum	0.1965694542
PWY-6897: thiamine diphosphate salvage II	0.0000000000
PWY-6897: thiamine diphosphate salvage II|unclassified	0.0000000000
PWY-7400: L-arginine biosynthesis IV (archaebacteria)	0.0000000000
PWY-7400: L-arginine biosynthesis IV (archaebacteria)|unclassified	0.0000000000
PENTOSE-P-PWY: pentose phosphate pathway	0.0000000000
PENTOSE-P-PWY: pentose phosphate pathway|g__Erysipelatoclostridium.s__Clostridium_innocuum	0.3873238257
PENTOSE-P-PWY: pentose phosphate pathway|unclassified	0.0000000000
PWY-7229: superpathway of adenosine nucleotides de novo biosynthesis I	0.0000000000
PWY-7229: superpathway of adenosine nucleotides de novo biosynthesis I|unclassified	0.0000000000
PWY-7229: superpathway of adenosine nucleotides de novo biosynthesis I|g__Erysipelatoclostridium.s__Clostridium_innocuum	0.0779991404
PWY-5659: GDP-mannose biosynthesis	0.0000000000
PWY-5659: GDP-mannose biosynthesis|unclassified	0.0000000000
PWY-5659: GDP-mannose biosynthesis|g__Roseburia.s__Roseburia_intestinalis	0.3433363890
THISYNARA-PWY: superpathway of thiamine diphosphate biosynthesis III (eukaryotes)	0.0000000000
THISYNARA-PWY: superpathway of thiamine diphosphate biosynthesis III (eukaryotes)|unclassified	0.0000000000
THISYNARA-PWY: superpathway of thiamine diphosphate biosynthesis III (eukaryotes)|g__Roseburia.s__Roseburia_intestinalis	0.1739352707
THISYNARA-PWY: superpathway of thiamine diphosphate biosynthesis III (eukaryotes)|g__Erysipelatoclostridium.s__Clostridium_innocuum	0.1111370107
PWY0-1586: peptidoglycan maturation (meso-diaminopimelate containing)	0.0000000000
PWY0-1586: peptidoglycan maturation (meso-diaminopimelate containing)|unclassified	0.0000000000
PWY0-1586: peptidoglycan maturation (meso-diaminopimelate containing)|g__Bacteroides.s__Bacteroides_stercoris	0.2612476245
PWY0-1586: peptidoglycan maturation (meso-diaminopimelate containing)|g__Bacteroides.s__Bacteroides_thetaiotaomicron	0.4007854023
PWY-8187: L-arginine degradation XIII (reductive Stickland reaction)	0.0000000000
PWY-8187: L-arginine degradation XIII (reductive Stickland reaction)|unclassified	0.0000000000
PWY-8187: L-arginine degradation XIII (reductive Stickland reaction)|g__Asaccharobacter.s__Asaccharobacter_celatus	0.4047674819
PWY-841: superpathway of purine nucleotides de novo biosynthesis I	0.0000000000
PWY-841: superpathway of purine nucleotides de novo biosynthesis I|unclassified	0.0000000000
PWY-841: superpathway of purine nucleotides de novo biosynthesis I|g__Erysipelatoclostridium.s__Clostridium_innocuum	0.0465705394
PWY-6901: superpathway of glucose and xylose degradation	0.0000000000
COLANSYN-PWY: colanic acid building blocks biosynthesis	0.0000000000
COLANSYN-PWY: colanic acid building blocks biosynthesis|unclassified	0.0000000000
UDPNAGSYN-PWY: UDP-N-acetyl-D-glucosamine biosynthesis I	0.0000000000
UDPNAGSYN-PWY: UDP-N-acetyl-D-glucosamine biosynthesis I|unclassified	0.0000000000
UDPNAGSYN-PWY: UDP-N-acetyl-D-glucosamine biosynthesis I|g__Erysipelatoclostridium.s__Clostridium_innocuum	0.4268722722
UDPNAGSYN-PWY: UDP-N-acetyl-D-glucosamine biosynthesis I|g__Erysipelatoclostridium.s__Erysipelatoclostridium_ramosum	0.3405815263
PWY-7208: superpathway of pyrimidine nucleobases salvage	0.0000000000
PWY-7208: superpathway of pyrimidine nucleobases salvage|unclassified	0.0000000000
PWY-7208: superpathway of pyrimidine nucleobases salvage|g__Roseburia.s__Roseburia_intestinalis	0.4646973429
PWY-7208: superpathway of pyrimidine nucleobases salvage|g__Asaccharobacter.s__Asaccharobacter_celatus	0.2371077150
PWY-7208: superpathway of pyrimidine nucleobases salvage|g__Erysipelatoclostridium.s__Clostridium_innocuum	0.0570413767
PHOSLIPSYN-PWY: superpathway of phospholipid biosynthesis I (bacteria)	0.0000000000
PHOSLIPSYN-PWY: superpathway of phospholipid biosynthesis I (bacteria)|unclassified	0.0000000000
PWY-6936: seleno-amino acid biosynthesis (plants)	0.0000000000
PWY-6936: seleno-amino acid biosynthesis (plants)|unclassified	0.0000000000
PWY-6936: seleno-amino acid biosynthesis (plants)|g__Erysipelatoclostridium.s__Erysipelatoclostridium_ramosum	0.4006524961
PWY-7328: superpathway of UDP-glucose-derived O-antigen building blocks biosynthesis	0.0000000000
PWY-7328: superpathway of UDP-glucose-derived O-antigen building blocks biosynthesis|unclassified	0.0000000000
PWY0-162: superpathway of pyrimidine ribonucleotides de novo biosynthesis	0.0000000000
PWY0-162: superpathway of pyrimidine ribonucleotides de novo biosynthesis|unclassified	0.0000000000
PWY-7282: 4-amino-2-methyl-5-diphosphomethylpyrimidine biosynthesis II	0.0000000000
PWY-I9: L-cysteine biosynthesis VI (from L-methionine)	0.0000000000
PWY-I9: L-cysteine biosynthesis VI (from L-methionine)|unclassified	0.0000000000
PWY-I9: L-cysteine biosynthesis VI (from L-methionine)|g__Roseburia.s__Roseburia_intestinalis	0.0513609058
PWY-5973: cis-vaccenate biosynthesis	0.0000000000
PWY-5973: cis-vaccenate biosynthesis|g__Bacteroides.s__Bacteroides_stercoris	0.3076540019
PWY-5973: cis-vaccenate biosynthesis|unclassified	0.0000000000
PWY-5973: cis-vaccenate biosynthesis|g__Bacteroides.s__Bacteroides_thetaiotaomicron	0.1100184472
PWY-5973: cis-vaccenate biosynthesis|g__Bacteroides.s__Bacteroides_finegoldii	0.2312211327
PWY-2941: L-lysine biosynthesis II	0.0000000000
PWY-2941: L-lysine biosynthesis II|unclassified	0.0000000000
PWY-2941: L-lysine biosynthesis II|g__Erysipelatoclostridium.s__Clostridium_innocuum	0.3008219546
PWY-6126: superpathway of adenosine nucleotides de novo biosynthesis II	0.0000000000
PWY-6126: superpathway of adenosine nucleotides de novo biosynthesis II|unclassified	0.0000000000
PWY-6126: superpathway of adenosine nucleotides de novo biosynthesis II|g__Erysipelatoclostridium.s__Clostridium_innocuum	0.0633484896
PWY-1861: formaldehyde assimilation II (assimilatory RuMP Cycle)	0.0000000000
PWY-1861: formaldehyde assimilation II (assimilatory RuMP Cycle)|g__Erysipelatoclostridium.s__Clostridium_innocuum	0.9785357880
PWY-1861: formaldehyde assimilation II (assimilatory RuMP Cycle)|unclassified	0.0000000000
PWY-7228: superpathway of guanosine nucleotides de novo biosynthesis I	0.0000000000
PWY-7228: superpathway of guanosine nucleotides de novo biosynthesis I|g__Erysipelatoclostridium.s__Clostridium_innocuum	0.0842195034
PWY-7228: superpathway of guanosine nucleotides de novo biosynthesis I|unclassified	0.0000000000
PWY-7228: superpathway of guanosine nucleotides de novo biosynthesis I|g__Bacteroides.s__Bacteroides_thetaiotaomicron	0.6904578474
PWY-7228: superpathway of guanosine nucleotides de novo biosynthesis I|g__Bacteroides.s__Bacteroides_finegoldii	0.5267232917
PWY-7663: gondoate biosynthesis (anaerobic)	0.0000000000
PWY-7663: gondoate biosynthesis (anaerobic)|g__Bacteroides.s__Bacteroides_stercoris	0.2983891999
PWY-7663: gondoate biosynthesis (anaerobic)|unclassified	0.0000000000
PWY-7663: gondoate biosynthesis (anaerobic)|g__Bacteroides.s__Bacteroides_vulgatus	0.1044949052
PWY-7663: gondoate biosynthesis (anaerobic)|g__Bacteroides.s__Bacteroides_thetaiotaomicron	0.1068267876
PWY-7663: gondoate biosynthesis (anaerobic)|g__Bacteroides.s__Bacteroides_finegoldii	0.2109733929
PWY-7761: NAD salvage pathway II (PNC IV cycle)	0.0000000000
PWY-7761: NAD salvage pathway II (PNC IV cycle)|unclassified	0.0000000000
PWY-6147: 6-hydroxymethyl-dihydropterin diphosphate biosynthesis I	0.0000000000
PWY-6147: 6-hydroxymethyl-dihydropterin diphosphate biosynthesis I|g__Bacteroides.s__Bacteroides_stercoris	0.0005736636
PWY-6147: 6-hydroxymethyl-dihydropterin diphosphate biosynthesis I|unclassified	0.0000000000
PWY-5505: L-glutamate and L-glutamine biosynthesis	0.0000000000
PWY-5345: superpathway of L-methionine biosynthesis (by sulfhydrylation)	0.0000000000
PWY4FS-7: phosphatidylglycerol biosynthesis I (plastidic)	0.0000000000
PWY4FS-7: phosphatidylglycerol biosynthesis I (plastidic)|unclassified	0.0000000000
PWY4FS-7: phosphatidylglycerol biosynthesis I (plastidic)|g__Roseburia.s__Roseburia_intestinalis	0.0000019099
PWY4FS-8: phosphatidylglycerol biosynthesis II (non-plastidic)	0.0000000000
PWY4FS-8: phosphatidylglycerol biosynthesis II (non-plastidic)|unclassified	0.0000000000
PWY4FS-8: phosphatidylglycerol biosynthesis II (non-plastidic)|g__Roseburia.s__Roseburia_intestinalis	0.0000019099
PWY-7323: superpathway of GDP-mannose-derived O-antigen building blocks biosynthesis	0.0000000000
PWY-7323: superpathway of GDP-mannose-derived O-antigen building blocks biosynthesis|unclassified	0.0000000000
PWY-6125: superpathway of guanosine nucleotides de novo biosynthesis II	0.0000000000
PWY-6125: superpathway of guanosine nucleotides de novo biosynthesis II|g__Erysipelatoclostridium.s__Clostridium_innocuum	0.0667821981
PWY-6125: superpathway of guanosine nucleotides de novo biosynthesis II|unclassified	0.0000000000
PWY-5154: L-arginine biosynthesis III (via N-acetyl-L-citrulline)	0.0000000000
PWY-5154: L-arginine biosynthesis III (via N-acetyl-L-citrulline)|unclassified	0.0000000000
ARGININE-SYN4-PWY: L-ornithine biosynthesis II	0.0000000000
ARGININE-SYN4-PWY: L-ornithine biosynthesis II|g__Bacteroides.s__Bacteroides_stercoris	0.3176761594
ARGININE-SYN4-PWY: L-ornithine biosynthesis II|g__Bacteroides.s__Bacteroides_vulgatus	0.4791910998
ARGININE-SYN4-PWY: L-ornithine biosynthesis II|g__Bacteroides.s__Bacteroides_thetaiotaomicron	0.2976941061
PWY-702: L-methionine biosynthesis II	0.0000000000
PWY-702: L-methionine biosynthesis II|unclassified	0.0000000000
SULFATE-CYS-PWY: superpathway of sulfate assimilation and cysteine biosynthesis	0.0000000000
PWY0-1298: superpathway of pyrimidine deoxyribonucleosides degradation	0.0000000000
PWY0-1298: superpathway of pyrimidine deoxyribonucleosides degradation|unclassified	0.0000000000
FUCCAT-PWY: fucose degradation	0.0000000000
FUCCAT-PWY: fucose degradation|unclassified	0.0000000000
P164-PWY: purine nucleobases degradation I (anaerobic)	0.0000000000
P164-PWY: purine nucleobases degradation I (anaerobic)|unclassified	0.0000000000
P164-PWY: purine nucleobases degradation I (anaerobic)|g__Hungatella.s__Hungatella_hathewayi	0.2179314243
GLUCONEO-PWY: gluconeogenesis I	0.0000000000
GLUCONEO-PWY: gluconeogenesis I|unclassified	0.0000000000
GLCMANNANAUT-PWY: superpathway of N-acetylglucosamine, N-acetylmannosamine and N-acetylneuraminate degradation	0.0000000000
GLCMANNANAUT-PWY: superpathway of N-acetylglucosamine, N-acetylmannosamine and N-acetylneuraminate degradation|unclassified	0.0000000000
PWY-7312: dTDP-&beta;-D-fucofuranose biosynthesis	0.0000000000
PWY-7312: dTDP-&beta;-D-fucofuranose biosynthesis|g__Bacteroides.s__Bacteroides_stercoris	0.5544641061
PWY-6168: flavin biosynthesis III (fungi)	0.0000000000
PWY0-845: superpathway of pyridoxal 5'-phosphate biosynthesis and salvage	0.0000000000
PWY-6628: superpathway of L-phenylalanine biosynthesis	0.0000000000
PWY-5030: L-histidine degradation III	0.0000000000
PWY-5030: L-histidine degradation III|g__Bacteroides.s__Bacteroides_stercoris	0.0329012451
PWY-5030: L-histidine degradation III|unclassified	0.0000000000
PWY-5030: L-histidine degradation III|g__Bacteroides.s__Bacteroides_vulgatus	0.4905765429
PWY-6630: superpathway of L-tyrosine biosynthesis	0.0000000000
PWY-6630: superpathway of L-tyrosine biosynthesis|g__Erysipelatoclostridium.s__Clostridium_innocuum	0.0533824324
PWY-6353: purine nucleotides degradation II (aerobic)	0.0000000000
PWY-6353: purine nucleotides degradation II (aerobic)|g__Roseburia.s__Roseburia_intestinalis	0.1345163215
FUC-RHAMCAT-PWY: superpathway of fucose and rhamnose degradation	0.0000000000
FUC-RHAMCAT-PWY: superpathway of fucose and rhamnose degradation|unclassified	0.0000000000
GALACTUROCAT-PWY: D-galacturonate degradation I	0.0000000000
GALACTUROCAT-PWY: D-galacturonate degradation I|unclassified	0.0000000000
GLUCUROCAT-PWY: superpathway of &beta;-D-glucuronosides degradation	0.0000000000
GLUCUROCAT-PWY: superpathway of &beta;-D-glucuronosides degradation|unclassified	0.0000000000
ARG+POLYAMINE-SYN: superpathway of arginine and polyamine biosynthesis	0.0000000000
PWY-7242: D-fructuronate degradation	0.0000000000
PWY-7242: D-fructuronate degradation|unclassified	0.0000000000
PWY-7220: adenosine deoxyribonucleotides de novo biosynthesis II	0.0000000000
PWY-7220: adenosine deoxyribonucleotides de novo biosynthesis II|g__Erysipelatoclostridium.s__Clostridium_innocuum	0.0440187585
PWY-7220: adenosine deoxyribonucleotides de novo biosynthesis II|unclassified	0.0000000000
PWY-7220: adenosine deoxyribonucleotides de novo biosynthesis II|g__Bacteroides.s__Bacteroides_thetaiotaomicron	0.8326792020
PWY-7220: adenosine deoxyribonucleotides de novo biosynthesis II|g__Bacteroides.s__Bacteroides_finegoldii	0.4052278203
PWY-7222: guanosine deoxyribonucleotides de novo biosynthesis II	0.0000000000
PWY-7222: guanosine deoxyribonucleotides de novo biosynthesis II|g__Erysipelatoclostridium.s__Clostridium_innocuum	0.0440187585
PWY-7222: guanosine deoxyribonucleotides de novo biosynthesis II|unclassified	0.0000000000
PWY-7222: guanosine deoxyribonucleotides de novo biosynthesis II|g__Bacteroides.s__Bacteroides_thetaiotaomicron	0.8326792020
PWY-7222: guanosine deoxyribonucleotides de novo biosynthesis II|g__Bacteroides.s__Bacteroides_finegoldii	0.4052278203
PWY-6507: 4-deoxy-L-threo-hex-4-enopyranuronate degradation	0.0000000000
PWY-6507: 4-deoxy-L-threo-hex-4-enopyranuronate degradation|unclassified	0.0000000000
ANAEROFRUCAT-PWY: homolactic fermentation	0.0000000000
ANAEROFRUCAT-PWY: homolactic fermentation|unclassified	0.0000000000
PWY-8131: 5'-deoxyadenosine degradation II	0.0000000000
PWY-8131: 5'-deoxyadenosine degradation II|g__Erysipelatoclostridium.s__Clostridium_innocuum	0.6710455247
PWY-8131: 5'-deoxyadenosine degradation II|unclassified	0.0000000000
HISDEG-PWY: L-histidine degradation I	0.0000000000
HISDEG-PWY: L-histidine degradation I|g__Bacteroides.s__Bacteroides_stercoris	0.2442277811
HISDEG-PWY: L-histidine degradation I|g__Bacteroides.s__Bacteroides_vulgatus	0.5420275209
HISDEG-PWY: L-histidine degradation I|unclassified	0.0000000000
PWY0-1261: anhydromuropeptides recycling I	0.0000000000
PWY0-1261: anhydromuropeptides recycling I|unclassified	0.0000000000
P461-PWY: hexitol fermentation to lactate, formate, ethanol and acetate	0.0000000000
P461-PWY: hexitol fermentation to lactate, formate, ethanol and acetate|g__Erysipelatoclostridium.s__Clostridium_innocuum	0.8759057663
P461-PWY: hexitol fermentation to lactate, formate, ethanol and acetate|unclassified	0.0000000000
PWY-5497: purine nucleobases degradation II (anaerobic)	0.0000000000
PWY0-1297: superpathway of purine deoxyribonucleosides degradation	0.0000000000
PWY0-1297: superpathway of purine deoxyribonucleosides degradation|unclassified	0.0000000000
PYRIDOXSYN-PWY: pyridoxal 5'-phosphate biosynthesis I	0.0000000000
PYRIDOXSYN-PWY: pyridoxal 5'-phosphate biosynthesis I|g__Bacteroides.s__Bacteroides_stercoris	0.0538578003
PWY-7197: pyrimidine deoxyribonucleotide phosphorylation	0.0000000000
PWY-7197: pyrimidine deoxyribonucleotide phosphorylation|g__Erysipelatoclostridium.s__Clostridium_innocuum	0.0392415264
PWY-7197: pyrimidine deoxyribonucleotide phosphorylation|unclassified	0.0000000000
P441-PWY: superpathway of N-acetylneuraminate degradation	0.0000000000
P441-PWY: superpathway of N-acetylneuraminate degradation|unclassified	0.0000000000
GLYCOLYSIS: glycolysis I (from glucose 6-phosphate)	0.0000000000
GLYCOLYSIS: glycolysis I (from glucose 6-phosphate)|unclassified	0.0000000000
PWY-1269: CMP-3-deoxy-D-manno-octulosonate biosynthesis	0.0000000000
PWY-1269: CMP-3-deoxy-D-manno-octulosonate biosynthesis|unclassified	0.0000000000
RUMP-PWY: formaldehyde oxidation I	0.0000000000
PWY-5484: glycolysis II (from fructose 6-phosphate)	0.0000000000
PWY-5484: glycolysis II (from fructose 6-phosphate)|unclassified	0.0000000000
CITRULBIO-PWY: L-citrulline biosynthesis	0.0000000000
PWY-7456: &beta;-(1,4)-mannan degradation	0.0000000000
PWY4LZ-257: superpathway of fermentation (Chlamydomonas reinhardtii)	0.0000000000
PWY1ZNC-1: assimilatory sulfate reduction IV	0.0000000000
SO4ASSIM-PWY: assimilatory sulfate reduction I	0.0000000000
PWY-7383: anaerobic energy metabolism (invertebrates, cytosol)	0.0000000000
PWY-5676: acetyl-CoA fermentation to butanoate II	0.0000000000
POLYAMSYN-PWY: superpathway of polyamine biosynthesis I	0.0000000000
GLYCOLYSIS-E-D: superpathway of glycolysis and the Entner-Doudoroff pathway	0.0000000000
GLYCOLYSIS-E-D: superpathway of glycolysis and the Entner-Doudoroff pathway|unclassified	0.0000000000
PWY-6606: guanosine nucleotides degradation II	0.0000000000
PWY-6606: guanosine nucleotides degradation II|g__Roseburia.s__Roseburia_intestinalis	0.1478730208
PWY-4984: urea cycle	0.0000000000
PWY-6906: chitin derivatives degradation	0.0000000000
PWY-8004: Entner-Doudoroff pathway I	0.0000000000
PWY66-399: gluconeogenesis III	0.0000000000
P161-PWY: acetylene degradation (anaerobic)	0.0000000000
P161-PWY: acetylene degradation (anaerobic)|unclassified	0.0000000000
PWY0-1477: ethanolamine utilization	0.0000000000
PWY0-1477: ethanolamine utilization|unclassified	0.0000000000
LACTOSECAT-PWY: lactose and galactose degradation I	0.0000000000
GALACT-GLUCUROCAT-PWY: superpathway of hexuronide and hexuronate degradation	0.0000000000
PWY-7345: superpathway of anaerobic sucrose degradation	0.0000000000
SALVADEHYPOX-PWY: adenosine nucleotides degradation II	0.0000000000
SALVADEHYPOX-PWY: adenosine nucleotides degradation II|g__Roseburia.s__Roseburia_intestinalis	0.1264554967
GOLPDLCAT-PWY: superpathway of glycerol degradation to 1,3-propanediol	0.0000000000
GOLPDLCAT-PWY: superpathway of glycerol degradation to 1,3-propanediol|unclassified	0.0000000000
ALLANTOINDEG-PWY: superpathway of allantoin degradation in yeast	0.0000000000
PWY-6305: superpathway of putrescine biosynthesis	0.0000000000
PWY-6902: chitin degradation II (Vibrio)	0.0000000000
PWY-6902: chitin degradation II (Vibrio)|g__Bacteroides.s__Bacteroides_vulgatus	0.6090017211
PWY-6902: chitin degradation II (Vibrio)|unclassified	0.0000000000
PWY-5005: biotin biosynthesis II	0.0000000000
PWY-5005: biotin biosynthesis II|unclassified	0.0000000000
GLYCOCAT-PWY: glycogen degradation I	0.0000000000
GLYCOCAT-PWY: glycogen degradation I|unclassified	0.0000000000
NAGLIPASYN-PWY: lipid IVA biosynthesis (E. coli)	0.0000000000
NAGLIPASYN-PWY: lipid IVA biosynthesis (E. coli)|g__Bacteroides.s__Bacteroides_stercoris	0.0000000001
PWY-8073: lipid IVA biosynthesis (P. putida)	0.0000000000
PWY-8073: lipid IVA biosynthesis (P. putida)|g__Bacteroides.s__Bacteroides_stercoris	0.0000000001
PWY-7198: pyrimidine deoxyribonucleotides de novo biosynthesis IV	0.0000000000
P185-PWY: formaldehyde assimilation III (dihydroxyacetone cycle)	0.0000000000
PWY-6588: pyruvate fermentation to acetone	0.0000000000
PWY-6588: pyruvate fermentation to acetone|g__Flavonifractor.s__Flavonifractor_plautii	0.6755661031
PWY-7234: inosine-5'-phosphate biosynthesis III	0.0000000000
PWY-5384: sucrose degradation IV (sucrose phosphorylase)	0.0000000000
PWY-621: sucrose degradation III (sucrose invertase)	0.0000000000
PWY-6876: isopropanol biosynthesis (engineered)	0.0000000000
FERMENTATION-PWY: mixed acid fermentation	0.0000000000
BIOTIN-BIOSYNTHESIS-PWY: biotin biosynthesis I	0.0000000000
FASYN-ELONG-PWY: fatty acid elongation -- saturated	0.0000000000
PWY-6590: superpathway of Clostridium acetobutylicum acidogenic fermentation	0.0000000000
GALACTARDEG-PWY: D-galactarate degradation I	0.0000000000
GLUCARGALACTSUPER-PWY: superpathway of D-glucarate and D-galactarate degradation	0.0000000000
PWY-6519: 8-amino-7-oxononanoate biosynthesis I	0.0000000000
PWY0-1241: ADP-L-glycero-&beta;-D-manno-heptose biosynthesis	0.0000000000
PWY0-1241: ADP-L-glycero-&beta;-D-manno-heptose biosynthesis|unclassified	0.0000000000
PWY-7664: oleate biosynthesis IV (anaerobic)	0.0000000000
PWY-5022: 4-aminobutanoate degradation V	0.0000000000
PWY-6549: L-glutamine biosynthesis III	0.0000000000
PWY-7013: (S)-propane-1,2-diol degradation	0.0000000000
PWY-7013: (S)-propane-1,2-diol degradation|g__Flavonifractor.s__Flavonifractor_plautii	0.2241321750
PWY0-862: (5Z)-dodecenoate biosynthesis I	0.0000000000
PWY-5989: stearate biosynthesis II (bacteria and plants)	0.0000000000
PWY-6282: palmitoleate biosynthesis I (from (5Z)-dodec-5-enoate)	0.0000000000
CENTFERM-PWY: pyruvate fermentation to butanoate	0.0000000000
PWY-6969: TCA cycle V (2-oxoglutarate synthase)	0.0000000000
PWY-5690: TCA cycle II (plants and fungi)	0.0000000000
HEMESYN2-PWY: heme b biosynthesis II (oxygen-independent)	0.0000000000
PWY-5136: fatty acid &beta;-oxidation II (plant peroxisome)	0.0000000000
GLYOXYLATE-BYPASS: glyoxylate cycle	0.0000000000