# Pathway	merged_SO-15043983Week-4_S62_L001__kneaddata_paired_Coverage
UNMAPPED	1.0000000000
UNINTEGRATED	1.0000000000
UNINTEGRATED|g__Agathobaculum.s__Agathobaculum_butyriciproducens	1.0000000000
UNINTEGRATED|g__Anaerostipes.s__Anaerostipes_hadrus	1.0000000000
UNINTEGRATED|g__Bacteroides.s__Bacteroides_ovatus	1.0000000000
UNINTEGRATED|g__Blautia.s__Blautia_hansenii	1.0000000000
UNINTEGRATED|g__Blautia.s__Blautia_obeum	1.0000000000
UNINTEGRATED|g__Blautia.s__Blautia_producta	1.0000000000
UNINTEGRATED|g__Blautia.s__Blautia_sp_N6H1_15	1.0000000000
UNINTEGRATED|g__Blautia.s__Blautia_wexlerae	1.0000000000
UNINTEGRATED|g__Dorea.s__Dorea_longicatena	1.0000000000
UNINTEGRATED|g__Eggerthella.s__Eggerthella_lenta	1.0000000000
UNINTEGRATED|g__Erysipelatoclostridium.s__Clostridium_innocuum	1.0000000000
UNINTEGRATED|g__Erysipelatoclostridium.s__Clostridium_spiroforme	1.0000000000
UNINTEGRATED|g__Erysipelatoclostridium.s__Erysipelatoclostridium_ramosum	1.0000000000
UNINTEGRATED|g__Gemmiger.s__Gemmiger_formicilis	1.0000000000
UNINTEGRATED|g__Roseburia.s__Roseburia_intestinalis	1.0000000000
UNINTEGRATED|g__Streptococcus.s__Streptococcus_equinus	1.0000000000
UNINTEGRATED|g__Streptococcus.s__Streptococcus_parasanguinis	1.0000000000
UNINTEGRATED|g__Streptococcus.s__Streptococcus_pneumoniae	1.0000000000
UNINTEGRATED|g__Streptococcus.s__Streptococcus_salivarius	1.0000000000
UNINTEGRATED|g__Streptococcus.s__Streptococcus_thermophilus	1.0000000000
UNINTEGRATED|g__Streptococcus.s__Streptococcus_vestibularis	1.0000000000
UNINTEGRATED|unclassified	1.0000000000
PWY-7238: sucrose biosynthesis II	1.0000000000
PWY-7238: sucrose biosynthesis II|unclassified	1.0000000000
PWY-7238: sucrose biosynthesis II|g__Anaerostipes.s__Anaerostipes_hadrus	0.2529489075
PWY-7238: sucrose biosynthesis II|g__Dorea.s__Dorea_longicatena	1.0000000000
PWY-7238: sucrose biosynthesis II|g__Blautia.s__Blautia_wexlerae	0.9904223055
PWY-7238: sucrose biosynthesis II|g__Blautia.s__Blautia_obeum	0.9997617177
PWY-7238: sucrose biosynthesis II|g__Blautia.s__Blautia_hansenii	0.9546412362
PWY-7238: sucrose biosynthesis II|g__Gemmiger.s__Gemmiger_formicilis	0.6492489197
PWY-7238: sucrose biosynthesis II|g__Streptococcus.s__Streptococcus_thermophilus	0.0081618299
PWY-7238: sucrose biosynthesis II|g__Roseburia.s__Roseburia_intestinalis	0.9759079204
PWY-7238: sucrose biosynthesis II|g__Blautia.s__Blautia_sp_N6H1_15	0.6607379312
PWY-7238: sucrose biosynthesis II|g__Streptococcus.s__Streptococcus_pneumoniae	0.1964707900
PWY-7238: sucrose biosynthesis II|g__Streptococcus.s__Streptococcus_equinus	0.0895631608
GLYCOGENSYNTH-PWY: glycogen biosynthesis I (from ADP-D-Glucose)	1.0000000000
GLYCOGENSYNTH-PWY: glycogen biosynthesis I (from ADP-D-Glucose)|unclassified	1.0000000000
GLYCOGENSYNTH-PWY: glycogen biosynthesis I (from ADP-D-Glucose)|g__Anaerostipes.s__Anaerostipes_hadrus	1.0000000000
GLYCOGENSYNTH-PWY: glycogen biosynthesis I (from ADP-D-Glucose)|g__Blautia.s__Blautia_wexlerae	0.9999241498
GLYCOGENSYNTH-PWY: glycogen biosynthesis I (from ADP-D-Glucose)|g__Dorea.s__Dorea_longicatena	0.9999951536
GLYCOGENSYNTH-PWY: glycogen biosynthesis I (from ADP-D-Glucose)|g__Blautia.s__Blautia_obeum	0.8486749399
GLYCOGENSYNTH-PWY: glycogen biosynthesis I (from ADP-D-Glucose)|g__Blautia.s__Blautia_hansenii	0.4898320726
GLYCOGENSYNTH-PWY: glycogen biosynthesis I (from ADP-D-Glucose)|g__Gemmiger.s__Gemmiger_formicilis	0.5265045961
GLYCOGENSYNTH-PWY: glycogen biosynthesis I (from ADP-D-Glucose)|g__Roseburia.s__Roseburia_intestinalis	0.4236431175
GLYCOGENSYNTH-PWY: glycogen biosynthesis I (from ADP-D-Glucose)|g__Agathobaculum.s__Agathobaculum_butyriciproducens	0.7900205906
GLYCOGENSYNTH-PWY: glycogen biosynthesis I (from ADP-D-Glucose)|g__Streptococcus.s__Streptococcus_pneumoniae	0.4628004469
GLYCOGENSYNTH-PWY: glycogen biosynthesis I (from ADP-D-Glucose)|g__Streptococcus.s__Streptococcus_salivarius	0.4121684608
PWY-1042: glycolysis IV	0.9919835685
PWY-1042: glycolysis IV|g__Anaerostipes.s__Anaerostipes_hadrus	0.0000638318
PWY-1042: glycolysis IV|unclassified	0.3721747380
PWY-1042: glycolysis IV|g__Dorea.s__Dorea_longicatena	0.0000000000
PWY-1042: glycolysis IV|g__Blautia.s__Blautia_wexlerae	0.0000000000
PWY-1042: glycolysis IV|g__Blautia.s__Blautia_hansenii	0.2815963440
PWY-1042: glycolysis IV|g__Streptococcus.s__Streptococcus_thermophilus	0.7618585384
PWY-1042: glycolysis IV|g__Eggerthella.s__Eggerthella_lenta	0.0076809996
PWY-1042: glycolysis IV|g__Streptococcus.s__Streptococcus_salivarius	0.9640145297
PWY-1042: glycolysis IV|g__Erysipelatoclostridium.s__Erysipelatoclostridium_ramosum	0.0327714970
PWY-5941: glycogen degradation II	0.9999999990
PWY-5941: glycogen degradation II|unclassified	0.0000140617
PWY-5941: glycogen degradation II|g__Anaerostipes.s__Anaerostipes_hadrus	0.3333760072
PWY-5941: glycogen degradation II|g__Blautia.s__Blautia_wexlerae	0.9935694583
PWY-5941: glycogen degradation II|g__Dorea.s__Dorea_longicatena	0.9999985020
PWY-5941: glycogen degradation II|g__Blautia.s__Blautia_obeum	0.9436863173
PWY-5941: glycogen degradation II|g__Streptococcus.s__Streptococcus_thermophilus	0.0015824690
PWY-5941: glycogen degradation II|g__Roseburia.s__Roseburia_intestinalis	0.9608704258
PWY-5941: glycogen degradation II|g__Streptococcus.s__Streptococcus_pneumoniae	0.2636709615
PWY-5941: glycogen degradation II|g__Streptococcus.s__Streptococcus_equinus	0.0849538362
CALVIN-PWY: Calvin-Benson-Bassham cycle	0.9999915936
CALVIN-PWY: Calvin-Benson-Bassham cycle|g__Anaerostipes.s__Anaerostipes_hadrus	0.0308190117
CALVIN-PWY: Calvin-Benson-Bassham cycle|unclassified	0.5467500517
CALVIN-PWY: Calvin-Benson-Bassham cycle|g__Blautia.s__Blautia_wexlerae	0.0005565362
CALVIN-PWY: Calvin-Benson-Bassham cycle|g__Blautia.s__Blautia_obeum	0.0000000000
PWY-8178: pentose phosphate pathway (non-oxidative branch) II	0.9999798556
PWY-8178: pentose phosphate pathway (non-oxidative branch) II|unclassified	0.8749942932
PWY-8178: pentose phosphate pathway (non-oxidative branch) II|g__Anaerostipes.s__Anaerostipes_hadrus	0.1344575714
PWY-8178: pentose phosphate pathway (non-oxidative branch) II|g__Blautia.s__Blautia_wexlerae	0.5802442365
PWY-8178: pentose phosphate pathway (non-oxidative branch) II|g__Streptococcus.s__Streptococcus_thermophilus	0.0000107043
PWY-8178: pentose phosphate pathway (non-oxidative branch) II|g__Blautia.s__Blautia_obeum	0.0000000000
PWY-8178: pentose phosphate pathway (non-oxidative branch) II|g__Streptococcus.s__Streptococcus_salivarius	0.7535055115
ANAGLYCOLYSIS-PWY: glycolysis III (from glucose)	0.9867100697
ANAGLYCOLYSIS-PWY: glycolysis III (from glucose)|g__Anaerostipes.s__Anaerostipes_hadrus	0.0000383000
ANAGLYCOLYSIS-PWY: glycolysis III (from glucose)|unclassified	0.0000000000
ANAGLYCOLYSIS-PWY: glycolysis III (from glucose)|g__Blautia.s__Blautia_wexlerae	0.0000000000
ANAGLYCOLYSIS-PWY: glycolysis III (from glucose)|g__Streptococcus.s__Streptococcus_thermophilus	0.3022588513
PWY0-1296: purine ribonucleosides degradation	1.0000000000
PWY0-1296: purine ribonucleosides degradation|unclassified	0.9790171945
PWY0-1296: purine ribonucleosides degradation|g__Blautia.s__Blautia_obeum	1.0000000000
PWY0-1296: purine ribonucleosides degradation|g__Anaerostipes.s__Anaerostipes_hadrus	0.0000000005
PWY0-1296: purine ribonucleosides degradation|g__Dorea.s__Dorea_longicatena	0.9496148433
PWY0-1296: purine ribonucleosides degradation|g__Blautia.s__Blautia_wexlerae	0.0009044539
PWY0-1296: purine ribonucleosides degradation|g__Blautia.s__Blautia_hansenii	0.9080001627
PWY0-1296: purine ribonucleosides degradation|g__Streptococcus.s__Streptococcus_thermophilus	0.5193259780
PWY0-1296: purine ribonucleosides degradation|g__Gemmiger.s__Gemmiger_formicilis	0.3970998786
PWY0-1296: purine ribonucleosides degradation|g__Streptococcus.s__Streptococcus_vestibularis	0.9983749495
PWY0-1296: purine ribonucleosides degradation|g__Blautia.s__Blautia_sp_N6H1_15	0.6131165627
PWY0-1296: purine ribonucleosides degradation|g__Erysipelatoclostridium.s__Clostridium_spiroforme	0.7920855629
PWY0-1296: purine ribonucleosides degradation|g__Streptococcus.s__Streptococcus_pneumoniae	0.3897405707
PWY0-1296: purine ribonucleosides degradation|g__Streptococcus.s__Streptococcus_equinus	0.2819522650
PWY0-1296: purine ribonucleosides degradation|g__Streptococcus.s__Streptococcus_salivarius	0.1159879794
PWY-6609: adenine and adenosine salvage III	1.0000000000
PWY-6609: adenine and adenosine salvage III|unclassified	0.9999884368
PWY-6609: adenine and adenosine salvage III|g__Anaerostipes.s__Anaerostipes_hadrus	0.2474624961
PWY-6609: adenine and adenosine salvage III|g__Dorea.s__Dorea_longicatena	0.9429691317
PWY-6609: adenine and adenosine salvage III|g__Blautia.s__Blautia_wexlerae	0.0008086851
PWY-6609: adenine and adenosine salvage III|g__Blautia.s__Blautia_obeum	0.0000000000
PWY-6609: adenine and adenosine salvage III|g__Blautia.s__Blautia_hansenii	0.8288785489
PWY-6609: adenine and adenosine salvage III|g__Streptococcus.s__Streptococcus_thermophilus	0.3257142114
PWY-6609: adenine and adenosine salvage III|g__Gemmiger.s__Gemmiger_formicilis	0.4333481670
PWY-6609: adenine and adenosine salvage III|g__Eggerthella.s__Eggerthella_lenta	0.0401633189
PWY-6609: adenine and adenosine salvage III|g__Agathobaculum.s__Agathobaculum_butyriciproducens	0.8043925531
PWY-6609: adenine and adenosine salvage III|g__Blautia.s__Blautia_sp_N6H1_15	0.4875927779
PWY-6609: adenine and adenosine salvage III|g__Streptococcus.s__Streptococcus_vestibularis	0.7449571368
PWY-6609: adenine and adenosine salvage III|g__Streptococcus.s__Streptococcus_pneumoniae	0.3687667389
PWY-6609: adenine and adenosine salvage III|g__Streptococcus.s__Streptococcus_salivarius	0.1488830449
PWY-6609: adenine and adenosine salvage III|g__Streptococcus.s__Streptococcus_equinus	0.2679536037
PWY-6163: chorismate biosynthesis from 3-dehydroquinate	0.9999964599
PWY-6163: chorismate biosynthesis from 3-dehydroquinate|unclassified	0.9999818642
PWY-6163: chorismate biosynthesis from 3-dehydroquinate|g__Anaerostipes.s__Anaerostipes_hadrus	0.0003525035
PWY-6163: chorismate biosynthesis from 3-dehydroquinate|g__Blautia.s__Blautia_obeum	0.8314538505
PWY-6163: chorismate biosynthesis from 3-dehydroquinate|g__Blautia.s__Blautia_wexlerae	0.0000000000
PWY-6163: chorismate biosynthesis from 3-dehydroquinate|g__Dorea.s__Dorea_longicatena	0.0016125016
PWY-6163: chorismate biosynthesis from 3-dehydroquinate|g__Streptococcus.s__Streptococcus_thermophilus	0.6279649794
PWY-6163: chorismate biosynthesis from 3-dehydroquinate|g__Blautia.s__Blautia_hansenii	0.0530623011
PWY-6163: chorismate biosynthesis from 3-dehydroquinate|g__Eggerthella.s__Eggerthella_lenta	0.0847401228
PWY-6163: chorismate biosynthesis from 3-dehydroquinate|g__Blautia.s__Blautia_sp_N6H1_15	0.3573819885
PWY-6163: chorismate biosynthesis from 3-dehydroquinate|g__Roseburia.s__Roseburia_intestinalis	0.0789805316
PWY-6163: chorismate biosynthesis from 3-dehydroquinate|g__Blautia.s__Blautia_producta	0.1533652396
PWY-6163: chorismate biosynthesis from 3-dehydroquinate|g__Agathobaculum.s__Agathobaculum_butyriciproducens	0.1791290535
PWY-6163: chorismate biosynthesis from 3-dehydroquinate|g__Streptococcus.s__Streptococcus_pneumoniae	0.6724026491
PWY-6163: chorismate biosynthesis from 3-dehydroquinate|g__Streptococcus.s__Streptococcus_salivarius	0.3987985575
PWY-6386: UDP-N-acetylmuramoyl-pentapeptide biosynthesis II (lysine-containing)	1.0000000000
PWY-6386: UDP-N-acetylmuramoyl-pentapeptide biosynthesis II (lysine-containing)|unclassified	0.9999938098
PWY-6386: UDP-N-acetylmuramoyl-pentapeptide biosynthesis II (lysine-containing)|g__Anaerostipes.s__Anaerostipes_hadrus	0.0039059791
PWY-6386: UDP-N-acetylmuramoyl-pentapeptide biosynthesis II (lysine-containing)|g__Blautia.s__Blautia_wexlerae	0.0736145712
PWY-6386: UDP-N-acetylmuramoyl-pentapeptide biosynthesis II (lysine-containing)|g__Blautia.s__Blautia_obeum	0.0000007449
PWY-6386: UDP-N-acetylmuramoyl-pentapeptide biosynthesis II (lysine-containing)|g__Streptococcus.s__Streptococcus_thermophilus	0.6038416274
PWY-6386: UDP-N-acetylmuramoyl-pentapeptide biosynthesis II (lysine-containing)|g__Blautia.s__Blautia_hansenii	0.3329279406
PWY-6386: UDP-N-acetylmuramoyl-pentapeptide biosynthesis II (lysine-containing)|g__Gemmiger.s__Gemmiger_formicilis	0.1073929825
PWY-6386: UDP-N-acetylmuramoyl-pentapeptide biosynthesis II (lysine-containing)|g__Eggerthella.s__Eggerthella_lenta	0.0097524366
PWY-6386: UDP-N-acetylmuramoyl-pentapeptide biosynthesis II (lysine-containing)|g__Blautia.s__Blautia_sp_N6H1_15	0.4843188603
PWY-6386: UDP-N-acetylmuramoyl-pentapeptide biosynthesis II (lysine-containing)|g__Streptococcus.s__Streptococcus_pneumoniae	0.3044673292
PWY-6386: UDP-N-acetylmuramoyl-pentapeptide biosynthesis II (lysine-containing)|g__Streptococcus.s__Streptococcus_salivarius	0.0721903430
ARO-PWY: chorismate biosynthesis I	0.9999774082
ARO-PWY: chorismate biosynthesis I|unclassified	0.9994025676
ARO-PWY: chorismate biosynthesis I|g__Anaerostipes.s__Anaerostipes_hadrus	0.0004843515
ARO-PWY: chorismate biosynthesis I|g__Blautia.s__Blautia_obeum	0.7413627428
ARO-PWY: chorismate biosynthesis I|g__Blautia.s__Blautia_wexlerae	0.0000000000
ARO-PWY: chorismate biosynthesis I|g__Dorea.s__Dorea_longicatena	0.0022543052
ARO-PWY: chorismate biosynthesis I|g__Blautia.s__Blautia_hansenii	0.0451646556
ARO-PWY: chorismate biosynthesis I|g__Streptococcus.s__Streptococcus_thermophilus	0.0012460609
ARO-PWY: chorismate biosynthesis I|g__Eggerthella.s__Eggerthella_lenta	0.1121206972
ARO-PWY: chorismate biosynthesis I|g__Blautia.s__Blautia_sp_N6H1_15	0.2676868669
ARO-PWY: chorismate biosynthesis I|g__Agathobaculum.s__Agathobaculum_butyriciproducens	0.2317823555
ARO-PWY: chorismate biosynthesis I|g__Blautia.s__Blautia_producta	0.1604269389
ARO-PWY: chorismate biosynthesis I|g__Streptococcus.s__Streptococcus_pneumoniae	0.7056895030
ARO-PWY: chorismate biosynthesis I|g__Streptococcus.s__Streptococcus_salivarius	0.3214704387
PWY-7111: pyruvate fermentation to isobutanol (engineered)	0.9999578099
PWY-7111: pyruvate fermentation to isobutanol (engineered)|unclassified	0.0000000000
PWY-7111: pyruvate fermentation to isobutanol (engineered)|g__Anaerostipes.s__Anaerostipes_hadrus	0.0000000641
PWY-7111: pyruvate fermentation to isobutanol (engineered)|g__Blautia.s__Blautia_wexlerae	0.0000475673
PWY-7111: pyruvate fermentation to isobutanol (engineered)|g__Streptococcus.s__Streptococcus_thermophilus	0.8187499615
PWY-7111: pyruvate fermentation to isobutanol (engineered)|g__Blautia.s__Blautia_hansenii	0.0001279928
PWY-7111: pyruvate fermentation to isobutanol (engineered)|g__Blautia.s__Blautia_obeum	0.0000000000
PWY-7111: pyruvate fermentation to isobutanol (engineered)|g__Erysipelatoclostridium.s__Erysipelatoclostridium_ramosum	0.3070518697
PWY-7111: pyruvate fermentation to isobutanol (engineered)|g__Streptococcus.s__Streptococcus_salivarius	0.7115000237
PWY-7221: guanosine ribonucleotides de novo biosynthesis	0.9999999999
PWY-7221: guanosine ribonucleotides de novo biosynthesis|unclassified	0.9770466323
PWY-7221: guanosine ribonucleotides de novo biosynthesis|g__Anaerostipes.s__Anaerostipes_hadrus	0.0000680976
PWY-7221: guanosine ribonucleotides de novo biosynthesis|g__Blautia.s__Blautia_wexlerae	0.9999999990
PWY-7221: guanosine ribonucleotides de novo biosynthesis|g__Dorea.s__Dorea_longicatena	0.0000252213
PWY-7221: guanosine ribonucleotides de novo biosynthesis|g__Streptococcus.s__Streptococcus_thermophilus	0.5198350391
PWY-7221: guanosine ribonucleotides de novo biosynthesis|g__Eggerthella.s__Eggerthella_lenta	0.9708742992
PWY-7221: guanosine ribonucleotides de novo biosynthesis|g__Blautia.s__Blautia_hansenii	0.0931305408
PWY-7221: guanosine ribonucleotides de novo biosynthesis|g__Erysipelatoclostridium.s__Erysipelatoclostridium_ramosum	0.4018356599
PWY-7221: guanosine ribonucleotides de novo biosynthesis|g__Streptococcus.s__Streptococcus_salivarius	0.9512805178
PWY-7221: guanosine ribonucleotides de novo biosynthesis|g__Erysipelatoclostridium.s__Clostridium_spiroforme	0.4325216728
PWY-7221: guanosine ribonucleotides de novo biosynthesis|g__Blautia.s__Blautia_obeum	0.0000000000
PWY-7221: guanosine ribonucleotides de novo biosynthesis|g__Streptococcus.s__Streptococcus_equinus	0.3337712047
PWY-7221: guanosine ribonucleotides de novo biosynthesis|g__Streptococcus.s__Streptococcus_vestibularis	0.2672464432
PEPTIDOGLYCANSYN-PWY: peptidoglycan biosynthesis I (meso-diaminopimelate containing)	1.0000000000
PEPTIDOGLYCANSYN-PWY: peptidoglycan biosynthesis I (meso-diaminopimelate containing)|unclassified	0.9999993186
PEPTIDOGLYCANSYN-PWY: peptidoglycan biosynthesis I (meso-diaminopimelate containing)|g__Anaerostipes.s__Anaerostipes_hadrus	0.0016614132
PEPTIDOGLYCANSYN-PWY: peptidoglycan biosynthesis I (meso-diaminopimelate containing)|g__Blautia.s__Blautia_wexlerae	0.0772253052
PEPTIDOGLYCANSYN-PWY: peptidoglycan biosynthesis I (meso-diaminopimelate containing)|g__Blautia.s__Blautia_obeum	0.0033797299
PEPTIDOGLYCANSYN-PWY: peptidoglycan biosynthesis I (meso-diaminopimelate containing)|g__Dorea.s__Dorea_longicatena	0.0000000000
PEPTIDOGLYCANSYN-PWY: peptidoglycan biosynthesis I (meso-diaminopimelate containing)|g__Streptococcus.s__Streptococcus_thermophilus	0.3880058182
PEPTIDOGLYCANSYN-PWY: peptidoglycan biosynthesis I (meso-diaminopimelate containing)|g__Blautia.s__Blautia_hansenii	0.3235655238
PEPTIDOGLYCANSYN-PWY: peptidoglycan biosynthesis I (meso-diaminopimelate containing)|g__Eggerthella.s__Eggerthella_lenta	0.0752029676
PEPTIDOGLYCANSYN-PWY: peptidoglycan biosynthesis I (meso-diaminopimelate containing)|g__Gemmiger.s__Gemmiger_formicilis	0.0034507329
PEPTIDOGLYCANSYN-PWY: peptidoglycan biosynthesis I (meso-diaminopimelate containing)|g__Blautia.s__Blautia_sp_N6H1_15	0.0477928635
PEPTIDOGLYCANSYN-PWY: peptidoglycan biosynthesis I (meso-diaminopimelate containing)|g__Streptococcus.s__Streptococcus_salivarius	0.0526970067
PWY66-429: fatty acid biosynthesis initiation (mitochondria)	1.0000000000
PWY66-429: fatty acid biosynthesis initiation (mitochondria)|unclassified	1.0000000000
PWY66-429: fatty acid biosynthesis initiation (mitochondria)|g__Anaerostipes.s__Anaerostipes_hadrus	0.7810827125
PWY66-429: fatty acid biosynthesis initiation (mitochondria)|g__Blautia.s__Blautia_wexlerae	0.0000023546
PWY66-429: fatty acid biosynthesis initiation (mitochondria)|g__Blautia.s__Blautia_obeum	0.0000216536
PWY66-429: fatty acid biosynthesis initiation (mitochondria)|g__Dorea.s__Dorea_longicatena	0.0000000000
PWY66-429: fatty acid biosynthesis initiation (mitochondria)|g__Blautia.s__Blautia_hansenii	0.3652718440
PWY66-429: fatty acid biosynthesis initiation (mitochondria)|g__Streptococcus.s__Streptococcus_thermophilus	0.3699270806
PWY66-429: fatty acid biosynthesis initiation (mitochondria)|g__Eggerthella.s__Eggerthella_lenta	0.0217715449
PWY66-429: fatty acid biosynthesis initiation (mitochondria)|g__Erysipelatoclostridium.s__Erysipelatoclostridium_ramosum	0.4698779209
PWY66-429: fatty acid biosynthesis initiation (mitochondria)|g__Agathobaculum.s__Agathobaculum_butyriciproducens	0.6115328879
PWY66-429: fatty acid biosynthesis initiation (mitochondria)|g__Streptococcus.s__Streptococcus_pneumoniae	0.4822198609
PWY66-429: fatty acid biosynthesis initiation (mitochondria)|g__Streptococcus.s__Streptococcus_salivarius	0.3709072178
PWY66-429: fatty acid biosynthesis initiation (mitochondria)|g__Streptococcus.s__Streptococcus_parasanguinis	0.1172840637
PWY-6317: D-galactose degradation I (Leloir pathway)	0.9999999982
PWY-6317: D-galactose degradation I (Leloir pathway)|g__Anaerostipes.s__Anaerostipes_hadrus	0.0039413254
PWY-6317: D-galactose degradation I (Leloir pathway)|unclassified	0.0000093743
PWY-6317: D-galactose degradation I (Leloir pathway)|g__Blautia.s__Blautia_wexlerae	0.8191432041
PWY-6317: D-galactose degradation I (Leloir pathway)|g__Blautia.s__Blautia_obeum	0.0000000423
PWY-6317: D-galactose degradation I (Leloir pathway)|g__Dorea.s__Dorea_longicatena	0.0005595354
PWY-6317: D-galactose degradation I (Leloir pathway)|g__Streptococcus.s__Streptococcus_thermophilus	0.4637753668
PWY-6317: D-galactose degradation I (Leloir pathway)|g__Roseburia.s__Roseburia_intestinalis	0.2166743054
PWY-6317: D-galactose degradation I (Leloir pathway)|g__Streptococcus.s__Streptococcus_salivarius	0.5086415324
PWY-6317: D-galactose degradation I (Leloir pathway)|g__Streptococcus.s__Streptococcus_pneumoniae	0.3349808435
PWY-6387: UDP-N-acetylmuramoyl-pentapeptide biosynthesis I (meso-diaminopimelate containing)	1.0000000000
PWY-6387: UDP-N-acetylmuramoyl-pentapeptide biosynthesis I (meso-diaminopimelate containing)|unclassified	0.9999991482
PWY-6387: UDP-N-acetylmuramoyl-pentapeptide biosynthesis I (meso-diaminopimelate containing)|g__Anaerostipes.s__Anaerostipes_hadrus	0.0013295724
PWY-6387: UDP-N-acetylmuramoyl-pentapeptide biosynthesis I (meso-diaminopimelate containing)|g__Blautia.s__Blautia_wexlerae	0.0643765287
PWY-6387: UDP-N-acetylmuramoyl-pentapeptide biosynthesis I (meso-diaminopimelate containing)|g__Blautia.s__Blautia_obeum	0.4365334571
PWY-6387: UDP-N-acetylmuramoyl-pentapeptide biosynthesis I (meso-diaminopimelate containing)|g__Dorea.s__Dorea_longicatena	0.0000000000
PWY-6387: UDP-N-acetylmuramoyl-pentapeptide biosynthesis I (meso-diaminopimelate containing)|g__Streptococcus.s__Streptococcus_thermophilus	0.6010953539
PWY-6387: UDP-N-acetylmuramoyl-pentapeptide biosynthesis I (meso-diaminopimelate containing)|g__Blautia.s__Blautia_hansenii	0.4561694397
PWY-6387: UDP-N-acetylmuramoyl-pentapeptide biosynthesis I (meso-diaminopimelate containing)|g__Eggerthella.s__Eggerthella_lenta	0.0758822740
PWY-6387: UDP-N-acetylmuramoyl-pentapeptide biosynthesis I (meso-diaminopimelate containing)|g__Gemmiger.s__Gemmiger_formicilis	0.0577456341
PWY-6387: UDP-N-acetylmuramoyl-pentapeptide biosynthesis I (meso-diaminopimelate containing)|g__Blautia.s__Blautia_sp_N6H1_15	0.3511295212
PWY-6387: UDP-N-acetylmuramoyl-pentapeptide biosynthesis I (meso-diaminopimelate containing)|g__Streptococcus.s__Streptococcus_pneumoniae	0.2806865740
PWY-6387: UDP-N-acetylmuramoyl-pentapeptide biosynthesis I (meso-diaminopimelate containing)|g__Streptococcus.s__Streptococcus_salivarius	0.0546630816
PWY-1861: formaldehyde assimilation II (assimilatory RuMP Cycle)	0.9898582068
PWY-1861: formaldehyde assimilation II (assimilatory RuMP Cycle)|unclassified	0.4448235926
PWY-1861: formaldehyde assimilation II (assimilatory RuMP Cycle)|g__Anaerostipes.s__Anaerostipes_hadrus	0.1978255065
PWY-6151: S-adenosyl-L-methionine salvage I	0.9999999701
PWY-6151: S-adenosyl-L-methionine salvage I|unclassified	0.9999760358
PWY-6151: S-adenosyl-L-methionine salvage I|g__Anaerostipes.s__Anaerostipes_hadrus	0.9884854999
PWY-6151: S-adenosyl-L-methionine salvage I|g__Blautia.s__Blautia_wexlerae	0.9013263866
PWY-6151: S-adenosyl-L-methionine salvage I|g__Dorea.s__Dorea_longicatena	0.0000000000
PWY-6151: S-adenosyl-L-methionine salvage I|g__Streptococcus.s__Streptococcus_thermophilus	0.4467206819
PWY-6151: S-adenosyl-L-methionine salvage I|g__Gemmiger.s__Gemmiger_formicilis	0.0468761006
PWY-6151: S-adenosyl-L-methionine salvage I|g__Blautia.s__Blautia_hansenii	0.0000000292
PWY-6151: S-adenosyl-L-methionine salvage I|g__Blautia.s__Blautia_sp_N6H1_15	0.4516278175
PWY-6151: S-adenosyl-L-methionine salvage I|g__Erysipelatoclostridium.s__Clostridium_innocuum	0.6711541385
PWY-6151: S-adenosyl-L-methionine salvage I|g__Erysipelatoclostridium.s__Erysipelatoclostridium_ramosum	0.2008075248
PWY-6151: S-adenosyl-L-methionine salvage I|g__Agathobaculum.s__Agathobaculum_butyriciproducens	0.2353911221
PWY-6151: S-adenosyl-L-methionine salvage I|g__Streptococcus.s__Streptococcus_pneumoniae	0.5958478686
PWY-6151: S-adenosyl-L-methionine salvage I|g__Streptococcus.s__Streptococcus_salivarius	0.0708386881
PWY-6385: peptidoglycan biosynthesis III (mycobacteria)	0.9999999981
PWY-6385: peptidoglycan biosynthesis III (mycobacteria)|unclassified	0.9999906636
PWY-6385: peptidoglycan biosynthesis III (mycobacteria)|g__Anaerostipes.s__Anaerostipes_hadrus	0.0016605519
PWY-6385: peptidoglycan biosynthesis III (mycobacteria)|g__Blautia.s__Blautia_wexlerae	0.0000000000
PWY-6385: peptidoglycan biosynthesis III (mycobacteria)|g__Blautia.s__Blautia_obeum	0.0000007759
PWY-6385: peptidoglycan biosynthesis III (mycobacteria)|g__Streptococcus.s__Streptococcus_thermophilus	0.3231744991
PWY-6385: peptidoglycan biosynthesis III (mycobacteria)|g__Blautia.s__Blautia_hansenii	0.3235655238
PWY-6385: peptidoglycan biosynthesis III (mycobacteria)|g__Eggerthella.s__Eggerthella_lenta	0.0919693360
VALSYN-PWY: L-valine biosynthesis	0.9999472630
VALSYN-PWY: L-valine biosynthesis|unclassified	0.9107191503
VALSYN-PWY: L-valine biosynthesis|g__Anaerostipes.s__Anaerostipes_hadrus	0.0000040093
VALSYN-PWY: L-valine biosynthesis|g__Blautia.s__Blautia_obeum	0.9729561258
VALSYN-PWY: L-valine biosynthesis|g__Blautia.s__Blautia_wexlerae	0.0000380662
VALSYN-PWY: L-valine biosynthesis|g__Dorea.s__Dorea_longicatena	0.0013728523
VALSYN-PWY: L-valine biosynthesis|g__Streptococcus.s__Streptococcus_thermophilus	0.8640972239
VALSYN-PWY: L-valine biosynthesis|g__Blautia.s__Blautia_hansenii	0.1520995201
VALSYN-PWY: L-valine biosynthesis|g__Gemmiger.s__Gemmiger_formicilis	0.9317752300
VALSYN-PWY: L-valine biosynthesis|g__Eggerthella.s__Eggerthella_lenta	0.6909206170
VALSYN-PWY: L-valine biosynthesis|g__Erysipelatoclostridium.s__Erysipelatoclostridium_ramosum	0.5442078591
VALSYN-PWY: L-valine biosynthesis|g__Roseburia.s__Roseburia_intestinalis	0.3474373170
VALSYN-PWY: L-valine biosynthesis|g__Streptococcus.s__Streptococcus_salivarius	0.6719419920
VALSYN-PWY: L-valine biosynthesis|g__Streptococcus.s__Streptococcus_equinus	0.5857037843
VALSYN-PWY: L-valine biosynthesis|g__Streptococcus.s__Streptococcus_pneumoniae	0.1591366628
VALSYN-PWY: L-valine biosynthesis|g__Blautia.s__Blautia_sp_N6H1_15	0.0000029845
COMPLETE-ARO-PWY: superpathway of aromatic amino acid biosynthesis	0.9986695421
COMPLETE-ARO-PWY: superpathway of aromatic amino acid biosynthesis|unclassified	0.3746703130
COMPLETE-ARO-PWY: superpathway of aromatic amino acid biosynthesis|g__Anaerostipes.s__Anaerostipes_hadrus	0.0000574718
COMPLETE-ARO-PWY: superpathway of aromatic amino acid biosynthesis|g__Blautia.s__Blautia_obeum	0.0000000000
COMPLETE-ARO-PWY: superpathway of aromatic amino acid biosynthesis|g__Blautia.s__Blautia_wexlerae	0.0000000000
COMPLETE-ARO-PWY: superpathway of aromatic amino acid biosynthesis|g__Streptococcus.s__Streptococcus_thermophilus	0.0012565700
COMPLETE-ARO-PWY: superpathway of aromatic amino acid biosynthesis|g__Blautia.s__Blautia_sp_N6H1_15	0.1311705825
COMPLETE-ARO-PWY: superpathway of aromatic amino acid biosynthesis|g__Streptococcus.s__Streptococcus_pneumoniae	0.7168145502
COMPLETE-ARO-PWY: superpathway of aromatic amino acid biosynthesis|g__Streptococcus.s__Streptococcus_salivarius	0.3209653348
PWY-7953: UDP-N-acetylmuramoyl-pentapeptide biosynthesis III (meso-diaminopimelate containing)	0.9999999972
PWY-7953: UDP-N-acetylmuramoyl-pentapeptide biosynthesis III (meso-diaminopimelate containing)|unclassified	0.9999866623
PWY-7953: UDP-N-acetylmuramoyl-pentapeptide biosynthesis III (meso-diaminopimelate containing)|g__Anaerostipes.s__Anaerostipes_hadrus	0.0000010196
PWY-7953: UDP-N-acetylmuramoyl-pentapeptide biosynthesis III (meso-diaminopimelate containing)|g__Blautia.s__Blautia_obeum	0.0000005432
PWY-7953: UDP-N-acetylmuramoyl-pentapeptide biosynthesis III (meso-diaminopimelate containing)|g__Blautia.s__Blautia_wexlerae	0.0000000000
PWY-7953: UDP-N-acetylmuramoyl-pentapeptide biosynthesis III (meso-diaminopimelate containing)|g__Dorea.s__Dorea_longicatena	0.0000000000
PWY-7953: UDP-N-acetylmuramoyl-pentapeptide biosynthesis III (meso-diaminopimelate containing)|g__Streptococcus.s__Streptococcus_thermophilus	0.5687660827
PWY-7953: UDP-N-acetylmuramoyl-pentapeptide biosynthesis III (meso-diaminopimelate containing)|g__Blautia.s__Blautia_hansenii	0.5934652737
PWY-7953: UDP-N-acetylmuramoyl-pentapeptide biosynthesis III (meso-diaminopimelate containing)|g__Eggerthella.s__Eggerthella_lenta	0.0074888729
PWY-7953: UDP-N-acetylmuramoyl-pentapeptide biosynthesis III (meso-diaminopimelate containing)|g__Blautia.s__Blautia_sp_N6H1_15	0.0352818808
PWY-7953: UDP-N-acetylmuramoyl-pentapeptide biosynthesis III (meso-diaminopimelate containing)|g__Streptococcus.s__Streptococcus_pneumoniae	0.2029590914
PWY-7953: UDP-N-acetylmuramoyl-pentapeptide biosynthesis III (meso-diaminopimelate containing)|g__Streptococcus.s__Streptococcus_salivarius	0.0516043335
ARGSYNBSUB-PWY: L-arginine biosynthesis II (acetyl cycle)	0.9999999961
ARGSYNBSUB-PWY: L-arginine biosynthesis II (acetyl cycle)|unclassified	0.9863871807
ARGSYNBSUB-PWY: L-arginine biosynthesis II (acetyl cycle)|g__Anaerostipes.s__Anaerostipes_hadrus	0.0000000000
ARGSYNBSUB-PWY: L-arginine biosynthesis II (acetyl cycle)|g__Blautia.s__Blautia_wexlerae	0.7027593416
ARGSYNBSUB-PWY: L-arginine biosynthesis II (acetyl cycle)|g__Dorea.s__Dorea_longicatena	0.0000000645
ARGSYNBSUB-PWY: L-arginine biosynthesis II (acetyl cycle)|g__Streptococcus.s__Streptococcus_thermophilus	0.4003880100
ARGSYNBSUB-PWY: L-arginine biosynthesis II (acetyl cycle)|g__Blautia.s__Blautia_hansenii	0.0774782176
ARGSYNBSUB-PWY: L-arginine biosynthesis II (acetyl cycle)|g__Eggerthella.s__Eggerthella_lenta	0.6963370946
ARGSYNBSUB-PWY: L-arginine biosynthesis II (acetyl cycle)|g__Gemmiger.s__Gemmiger_formicilis	0.3367824918
ARGSYNBSUB-PWY: L-arginine biosynthesis II (acetyl cycle)|g__Streptococcus.s__Streptococcus_salivarius	0.3843301724
ARGSYNBSUB-PWY: L-arginine biosynthesis II (acetyl cycle)|g__Blautia.s__Blautia_obeum	0.0000000000
PWY-5686: UMP biosynthesis I	0.9999322892
PWY-5686: UMP biosynthesis I|unclassified	0.9816572067
PWY-5686: UMP biosynthesis I|g__Anaerostipes.s__Anaerostipes_hadrus	0.0000071007
PWY-5686: UMP biosynthesis I|g__Blautia.s__Blautia_wexlerae	0.0005094393
PWY-5686: UMP biosynthesis I|g__Dorea.s__Dorea_longicatena	0.0000000000
PWY-5686: UMP biosynthesis I|g__Streptococcus.s__Streptococcus_thermophilus	0.2086987773
PWY-5686: UMP biosynthesis I|g__Blautia.s__Blautia_hansenii	0.0987366237
PWY-5686: UMP biosynthesis I|g__Eggerthella.s__Eggerthella_lenta	0.1845947857
PWY-5686: UMP biosynthesis I|g__Blautia.s__Blautia_sp_N6H1_15	0.2064128691
PWY-5686: UMP biosynthesis I|g__Streptococcus.s__Streptococcus_pneumoniae	0.3551752918
PWY-5686: UMP biosynthesis I|g__Streptococcus.s__Streptococcus_salivarius	0.0854413944
PWY-7790: UMP biosynthesis II	0.9999322892
PWY-7790: UMP biosynthesis II|unclassified	0.9816572067
PWY-7790: UMP biosynthesis II|g__Anaerostipes.s__Anaerostipes_hadrus	0.0000071007
PWY-7790: UMP biosynthesis II|g__Blautia.s__Blautia_wexlerae	0.0005094393
PWY-7790: UMP biosynthesis II|g__Dorea.s__Dorea_longicatena	0.0000000000
PWY-7790: UMP biosynthesis II|g__Streptococcus.s__Streptococcus_thermophilus	0.2086987773
PWY-7790: UMP biosynthesis II|g__Blautia.s__Blautia_hansenii	0.0987366237
PWY-7790: UMP biosynthesis II|g__Eggerthella.s__Eggerthella_lenta	0.1845947857
PWY-7790: UMP biosynthesis II|g__Blautia.s__Blautia_sp_N6H1_15	0.2064128691
PWY-7790: UMP biosynthesis II|g__Streptococcus.s__Streptococcus_pneumoniae	0.3551752918
PWY-7790: UMP biosynthesis II|g__Streptococcus.s__Streptococcus_salivarius	0.0854413944
PWY-7791: UMP biosynthesis III	0.9999322892
PWY-7791: UMP biosynthesis III|unclassified	0.9816572067
PWY-7791: UMP biosynthesis III|g__Anaerostipes.s__Anaerostipes_hadrus	0.0000071007
PWY-7791: UMP biosynthesis III|g__Blautia.s__Blautia_wexlerae	0.0005094393
PWY-7791: UMP biosynthesis III|g__Dorea.s__Dorea_longicatena	0.0000000000
PWY-7791: UMP biosynthesis III|g__Streptococcus.s__Streptococcus_thermophilus	0.2086987773
PWY-7791: UMP biosynthesis III|g__Blautia.s__Blautia_hansenii	0.0987366237
PWY-7791: UMP biosynthesis III|g__Eggerthella.s__Eggerthella_lenta	0.1845947857
PWY-7791: UMP biosynthesis III|g__Blautia.s__Blautia_sp_N6H1_15	0.2064128691
PWY-7791: UMP biosynthesis III|g__Streptococcus.s__Streptococcus_pneumoniae	0.3551752918
PWY-7791: UMP biosynthesis III|g__Streptococcus.s__Streptococcus_salivarius	0.0854413944
DTDPRHAMSYN-PWY: dTDP-&beta;-L-rhamnose biosynthesis	1.0000000000
DTDPRHAMSYN-PWY: dTDP-&beta;-L-rhamnose biosynthesis|unclassified	0.9892938138
DTDPRHAMSYN-PWY: dTDP-&beta;-L-rhamnose biosynthesis|g__Anaerostipes.s__Anaerostipes_hadrus	0.0144603726
DTDPRHAMSYN-PWY: dTDP-&beta;-L-rhamnose biosynthesis|g__Blautia.s__Blautia_wexlerae	0.9538163953
DTDPRHAMSYN-PWY: dTDP-&beta;-L-rhamnose biosynthesis|g__Dorea.s__Dorea_longicatena	0.3957337994
DTDPRHAMSYN-PWY: dTDP-&beta;-L-rhamnose biosynthesis|g__Blautia.s__Blautia_obeum	0.0000003115
DTDPRHAMSYN-PWY: dTDP-&beta;-L-rhamnose biosynthesis|g__Streptococcus.s__Streptococcus_thermophilus	0.0571599816
DTDPRHAMSYN-PWY: dTDP-&beta;-L-rhamnose biosynthesis|g__Gemmiger.s__Gemmiger_formicilis	0.3805522719
DTDPRHAMSYN-PWY: dTDP-&beta;-L-rhamnose biosynthesis|g__Blautia.s__Blautia_sp_N6H1_15	0.5433082604
DTDPRHAMSYN-PWY: dTDP-&beta;-L-rhamnose biosynthesis|g__Roseburia.s__Roseburia_intestinalis	0.1195905461
DTDPRHAMSYN-PWY: dTDP-&beta;-L-rhamnose biosynthesis|g__Erysipelatoclostridium.s__Clostridium_spiroforme	0.6831361769
DTDPRHAMSYN-PWY: dTDP-&beta;-L-rhamnose biosynthesis|g__Blautia.s__Blautia_producta	0.0910207639
DTDPRHAMSYN-PWY: dTDP-&beta;-L-rhamnose biosynthesis|g__Streptococcus.s__Streptococcus_parasanguinis	0.7290479773
DTDPRHAMSYN-PWY: dTDP-&beta;-L-rhamnose biosynthesis|g__Streptococcus.s__Streptococcus_salivarius	0.0929165966
PWY-5097: L-lysine biosynthesis VI	0.9632952806
PWY-5097: L-lysine biosynthesis VI|unclassified	0.0000000000
PWY-5097: L-lysine biosynthesis VI|g__Anaerostipes.s__Anaerostipes_hadrus	0.0004730711
PWY-5097: L-lysine biosynthesis VI|g__Dorea.s__Dorea_longicatena	0.0000000000
PWY-5097: L-lysine biosynthesis VI|g__Blautia.s__Blautia_obeum	0.0000000000
PWY-5097: L-lysine biosynthesis VI|g__Blautia.s__Blautia_wexlerae	0.0000000000
PWY-5667: CDP-diacylglycerol biosynthesis I	0.9744186150
PWY-5667: CDP-diacylglycerol biosynthesis I|unclassified	0.9893109578
PWY-5667: CDP-diacylglycerol biosynthesis I|g__Anaerostipes.s__Anaerostipes_hadrus	0.0000000046
PWY-5667: CDP-diacylglycerol biosynthesis I|g__Blautia.s__Blautia_wexlerae	0.0000000000
PWY-5667: CDP-diacylglycerol biosynthesis I|g__Blautia.s__Blautia_obeum	0.0000000003
PWY-5667: CDP-diacylglycerol biosynthesis I|g__Dorea.s__Dorea_longicatena	0.0000000000
PWY-5667: CDP-diacylglycerol biosynthesis I|g__Blautia.s__Blautia_hansenii	0.2519831449
PWY-5667: CDP-diacylglycerol biosynthesis I|g__Streptococcus.s__Streptococcus_thermophilus	0.0003295753
PWY-5667: CDP-diacylglycerol biosynthesis I|g__Erysipelatoclostridium.s__Clostridium_innocuum	0.2925534144
PWY0-1319: CDP-diacylglycerol biosynthesis II	0.9744186150
PWY0-1319: CDP-diacylglycerol biosynthesis II|unclassified	0.9893109578
PWY0-1319: CDP-diacylglycerol biosynthesis II|g__Anaerostipes.s__Anaerostipes_hadrus	0.0000000046
PWY0-1319: CDP-diacylglycerol biosynthesis II|g__Blautia.s__Blautia_wexlerae	0.0000000000
PWY0-1319: CDP-diacylglycerol biosynthesis II|g__Blautia.s__Blautia_obeum	0.0000000003
PWY0-1319: CDP-diacylglycerol biosynthesis II|g__Dorea.s__Dorea_longicatena	0.0000000000
PWY0-1319: CDP-diacylglycerol biosynthesis II|g__Blautia.s__Blautia_hansenii	0.2519831449
PWY0-1319: CDP-diacylglycerol biosynthesis II|g__Streptococcus.s__Streptococcus_thermophilus	0.0003295753
PWY0-1319: CDP-diacylglycerol biosynthesis II|g__Erysipelatoclostridium.s__Clostridium_innocuum	0.2925534144
PWY-6121: 5-aminoimidazole ribonucleotide biosynthesis I	0.9999999996
PWY-6121: 5-aminoimidazole ribonucleotide biosynthesis I|unclassified	0.9968411473
PWY-6121: 5-aminoimidazole ribonucleotide biosynthesis I|g__Anaerostipes.s__Anaerostipes_hadrus	0.0001764766
PWY-6121: 5-aminoimidazole ribonucleotide biosynthesis I|g__Blautia.s__Blautia_wexlerae	0.0086059673
PWY-6121: 5-aminoimidazole ribonucleotide biosynthesis I|g__Dorea.s__Dorea_longicatena	0.0000000000
PWY-6121: 5-aminoimidazole ribonucleotide biosynthesis I|g__Blautia.s__Blautia_hansenii	0.1726335746
PWY-6121: 5-aminoimidazole ribonucleotide biosynthesis I|g__Streptococcus.s__Streptococcus_thermophilus	0.0307044317
PWY-6121: 5-aminoimidazole ribonucleotide biosynthesis I|g__Blautia.s__Blautia_obeum	0.0000000000
PWY-6121: 5-aminoimidazole ribonucleotide biosynthesis I|g__Eggerthella.s__Eggerthella_lenta	0.6287291011
PWY-6121: 5-aminoimidazole ribonucleotide biosynthesis I|g__Gemmiger.s__Gemmiger_formicilis	0.2314338125
PWY-6121: 5-aminoimidazole ribonucleotide biosynthesis I|g__Agathobaculum.s__Agathobaculum_butyriciproducens	0.3942934341
PWY-6121: 5-aminoimidazole ribonucleotide biosynthesis I|g__Blautia.s__Blautia_producta	0.1387966151
PWY-6121: 5-aminoimidazole ribonucleotide biosynthesis I|g__Erysipelatoclostridium.s__Erysipelatoclostridium_ramosum	0.0009012597
ILEUSYN-PWY: L-isoleucine biosynthesis I (from threonine)	0.3114524974
ILEUSYN-PWY: L-isoleucine biosynthesis I (from threonine)|unclassified	0.0000000000
ILEUSYN-PWY: L-isoleucine biosynthesis I (from threonine)|g__Anaerostipes.s__Anaerostipes_hadrus	0.0000001019
ILEUSYN-PWY: L-isoleucine biosynthesis I (from threonine)|g__Blautia.s__Blautia_wexlerae	0.0000000000
ILEUSYN-PWY: L-isoleucine biosynthesis I (from threonine)|g__Streptococcus.s__Streptococcus_thermophilus	0.8403727749
ILEUSYN-PWY: L-isoleucine biosynthesis I (from threonine)|g__Gemmiger.s__Gemmiger_formicilis	0.7810982121
ILEUSYN-PWY: L-isoleucine biosynthesis I (from threonine)|g__Blautia.s__Blautia_hansenii	0.0002046920
ILEUSYN-PWY: L-isoleucine biosynthesis I (from threonine)|g__Eggerthella.s__Eggerthella_lenta	0.1844506920
ILEUSYN-PWY: L-isoleucine biosynthesis I (from threonine)|g__Blautia.s__Blautia_obeum	0.0000000000
ILEUSYN-PWY: L-isoleucine biosynthesis I (from threonine)|g__Streptococcus.s__Streptococcus_salivarius	0.5933321270
ILEUSYN-PWY: L-isoleucine biosynthesis I (from threonine)|g__Streptococcus.s__Streptococcus_equinus	0.3416293198
PWY-6122: 5-aminoimidazole ribonucleotide biosynthesis II	0.9999999995
PWY-6122: 5-aminoimidazole ribonucleotide biosynthesis II|unclassified	0.9960546347
PWY-6122: 5-aminoimidazole ribonucleotide biosynthesis II|g__Anaerostipes.s__Anaerostipes_hadrus	0.0003333979
PWY-6122: 5-aminoimidazole ribonucleotide biosynthesis II|g__Blautia.s__Blautia_wexlerae	0.0068966443
PWY-6122: 5-aminoimidazole ribonucleotide biosynthesis II|g__Blautia.s__Blautia_obeum	0.3746511722
PWY-6122: 5-aminoimidazole ribonucleotide biosynthesis II|g__Dorea.s__Dorea_longicatena	0.0000000000
PWY-6122: 5-aminoimidazole ribonucleotide biosynthesis II|g__Blautia.s__Blautia_hansenii	0.1453429903
PWY-6122: 5-aminoimidazole ribonucleotide biosynthesis II|g__Streptococcus.s__Streptococcus_thermophilus	0.0247153193
PWY-6122: 5-aminoimidazole ribonucleotide biosynthesis II|g__Eggerthella.s__Eggerthella_lenta	0.7183942913
PWY-6122: 5-aminoimidazole ribonucleotide biosynthesis II|g__Gemmiger.s__Gemmiger_formicilis	0.6857877695
PWY-6122: 5-aminoimidazole ribonucleotide biosynthesis II|g__Agathobaculum.s__Agathobaculum_butyriciproducens	0.3650189160
PWY-6122: 5-aminoimidazole ribonucleotide biosynthesis II|g__Blautia.s__Blautia_producta	0.1142480877
PWY-6122: 5-aminoimidazole ribonucleotide biosynthesis II|g__Erysipelatoclostridium.s__Erysipelatoclostridium_ramosum	0.0653078416
PWY-6122: 5-aminoimidazole ribonucleotide biosynthesis II|g__Erysipelatoclostridium.s__Clostridium_spiroforme	0.0620543658
PWY-6122: 5-aminoimidazole ribonucleotide biosynthesis II|g__Streptococcus.s__Streptococcus_salivarius	0.2846397484
PWY-6277: superpathway of 5-aminoimidazole ribonucleotide biosynthesis	0.9999999995
PWY-6277: superpathway of 5-aminoimidazole ribonucleotide biosynthesis|unclassified	0.9960546347
PWY-6277: superpathway of 5-aminoimidazole ribonucleotide biosynthesis|g__Anaerostipes.s__Anaerostipes_hadrus	0.0003333979
PWY-6277: superpathway of 5-aminoimidazole ribonucleotide biosynthesis|g__Blautia.s__Blautia_wexlerae	0.0068966443
PWY-6277: superpathway of 5-aminoimidazole ribonucleotide biosynthesis|g__Blautia.s__Blautia_obeum	0.3746511722
PWY-6277: superpathway of 5-aminoimidazole ribonucleotide biosynthesis|g__Dorea.s__Dorea_longicatena	0.0000000000
PWY-6277: superpathway of 5-aminoimidazole ribonucleotide biosynthesis|g__Blautia.s__Blautia_hansenii	0.1453429903
PWY-6277: superpathway of 5-aminoimidazole ribonucleotide biosynthesis|g__Streptococcus.s__Streptococcus_thermophilus	0.0247153193
PWY-6277: superpathway of 5-aminoimidazole ribonucleotide biosynthesis|g__Eggerthella.s__Eggerthella_lenta	0.7183942913
PWY-6277: superpathway of 5-aminoimidazole ribonucleotide biosynthesis|g__Gemmiger.s__Gemmiger_formicilis	0.6857877695
PWY-6277: superpathway of 5-aminoimidazole ribonucleotide biosynthesis|g__Agathobaculum.s__Agathobaculum_butyriciproducens	0.3650189160
PWY-6277: superpathway of 5-aminoimidazole ribonucleotide biosynthesis|g__Blautia.s__Blautia_producta	0.1142480877
PWY-6277: superpathway of 5-aminoimidazole ribonucleotide biosynthesis|g__Erysipelatoclostridium.s__Erysipelatoclostridium_ramosum	0.0653078416
PWY-6277: superpathway of 5-aminoimidazole ribonucleotide biosynthesis|g__Erysipelatoclostridium.s__Clostridium_spiroforme	0.0620543658
PWY-6277: superpathway of 5-aminoimidazole ribonucleotide biosynthesis|g__Streptococcus.s__Streptococcus_salivarius	0.2846397484
ARGSYN-PWY: L-arginine biosynthesis I (via L-ornithine)	0.9998606547
ARGSYN-PWY: L-arginine biosynthesis I (via L-ornithine)|unclassified	0.9791088116
ARGSYN-PWY: L-arginine biosynthesis I (via L-ornithine)|g__Anaerostipes.s__Anaerostipes_hadrus	0.0000000000
ARGSYN-PWY: L-arginine biosynthesis I (via L-ornithine)|g__Blautia.s__Blautia_wexlerae	0.8642104135
ARGSYN-PWY: L-arginine biosynthesis I (via L-ornithine)|g__Blautia.s__Blautia_hansenii	0.0864034685
ARGSYN-PWY: L-arginine biosynthesis I (via L-ornithine)|g__Streptococcus.s__Streptococcus_thermophilus	0.0502620842
ARGSYN-PWY: L-arginine biosynthesis I (via L-ornithine)|g__Streptococcus.s__Streptococcus_salivarius	0.2694853211
TRNA-CHARGING-PWY: tRNA charging	0.0013446703
TRNA-CHARGING-PWY: tRNA charging|unclassified	0.0039768421
TRNA-CHARGING-PWY: tRNA charging|g__Anaerostipes.s__Anaerostipes_hadrus	0.0000000000
TRNA-CHARGING-PWY: tRNA charging|g__Streptococcus.s__Streptococcus_thermophilus	0.2774982925
TRNA-CHARGING-PWY: tRNA charging|g__Gemmiger.s__Gemmiger_formicilis	0.4862222003
PWY-6936: seleno-amino acid biosynthesis (plants)	0.9999998878
PWY-6936: seleno-amino acid biosynthesis (plants)|g__Anaerostipes.s__Anaerostipes_hadrus	1.0000000000
PWY-6936: seleno-amino acid biosynthesis (plants)|unclassified	0.0000000000
PWY-6936: seleno-amino acid biosynthesis (plants)|g__Streptococcus.s__Streptococcus_thermophilus	0.9332258385
PWY-6936: seleno-amino acid biosynthesis (plants)|g__Streptococcus.s__Streptococcus_salivarius	0.6812369021
PWY-6936: seleno-amino acid biosynthesis (plants)|g__Streptococcus.s__Streptococcus_vestibularis	0.6733594486
NONOXIPENT-PWY: pentose phosphate pathway (non-oxidative branch) I	0.9999622299
NONOXIPENT-PWY: pentose phosphate pathway (non-oxidative branch) I|unclassified	0.9960746177
NONOXIPENT-PWY: pentose phosphate pathway (non-oxidative branch) I|g__Anaerostipes.s__Anaerostipes_hadrus	0.1105386077
NONOXIPENT-PWY: pentose phosphate pathway (non-oxidative branch) I|g__Blautia.s__Blautia_wexlerae	0.0037734312
NONOXIPENT-PWY: pentose phosphate pathway (non-oxidative branch) I|g__Streptococcus.s__Streptococcus_thermophilus	0.0000085635
NONOXIPENT-PWY: pentose phosphate pathway (non-oxidative branch) I|g__Blautia.s__Blautia_obeum	0.0000000000
NONOXIPENT-PWY: pentose phosphate pathway (non-oxidative branch) I|g__Streptococcus.s__Streptococcus_salivarius	0.7097807440
HSERMETANA-PWY: L-methionine biosynthesis III	0.9999999025
HSERMETANA-PWY: L-methionine biosynthesis III|g__Anaerostipes.s__Anaerostipes_hadrus	0.0112303580
HSERMETANA-PWY: L-methionine biosynthesis III|g__Blautia.s__Blautia_wexlerae	0.0195161722
HSERMETANA-PWY: L-methionine biosynthesis III|unclassified	0.0000000000
HSERMETANA-PWY: L-methionine biosynthesis III|g__Dorea.s__Dorea_longicatena	0.9875368434
HSERMETANA-PWY: L-methionine biosynthesis III|g__Streptococcus.s__Streptococcus_thermophilus	0.0587680860
HSERMETANA-PWY: L-methionine biosynthesis III|g__Streptococcus.s__Streptococcus_salivarius	0.3790532216
HSERMETANA-PWY: L-methionine biosynthesis III|g__Streptococcus.s__Streptococcus_equinus	0.2614502845
HSERMETANA-PWY: L-methionine biosynthesis III|g__Streptococcus.s__Streptococcus_pneumoniae	0.0834547040
PWY-3841: folate transformations II (plants)	0.9999999312
PWY-3841: folate transformations II (plants)|unclassified	0.6489211674
PWY-3841: folate transformations II (plants)|g__Anaerostipes.s__Anaerostipes_hadrus	0.0000000000
PWY-3841: folate transformations II (plants)|g__Blautia.s__Blautia_wexlerae	0.0000000000
PWY-3841: folate transformations II (plants)|g__Dorea.s__Dorea_longicatena	0.0406399674
PWY-3841: folate transformations II (plants)|g__Streptococcus.s__Streptococcus_thermophilus	0.6032182709
PWY-3841: folate transformations II (plants)|g__Blautia.s__Blautia_obeum	0.0000000000
PWY-3841: folate transformations II (plants)|g__Blautia.s__Blautia_sp_N6H1_15	0.1250476651
PWY-3841: folate transformations II (plants)|g__Blautia.s__Blautia_producta	0.5109030318
PWY-3841: folate transformations II (plants)|g__Erysipelatoclostridium.s__Erysipelatoclostridium_ramosum	0.0430810168
PWY-3841: folate transformations II (plants)|g__Erysipelatoclostridium.s__Clostridium_spiroforme	0.3164906905
PWY-3841: folate transformations II (plants)|g__Streptococcus.s__Streptococcus_equinus	0.4642364622
PWY-3841: folate transformations II (plants)|g__Streptococcus.s__Streptococcus_pneumoniae	0.2358301571
GLUTORN-PWY: L-ornithine biosynthesis I	0.9999999933
GLUTORN-PWY: L-ornithine biosynthesis I|unclassified	0.9719935746
GLUTORN-PWY: L-ornithine biosynthesis I|g__Anaerostipes.s__Anaerostipes_hadrus	0.0000000000
GLUTORN-PWY: L-ornithine biosynthesis I|g__Blautia.s__Blautia_wexlerae	0.5703929330
GLUTORN-PWY: L-ornithine biosynthesis I|g__Blautia.s__Blautia_hansenii	0.0216457357
GLUTORN-PWY: L-ornithine biosynthesis I|g__Streptococcus.s__Streptococcus_thermophilus	0.0115846366
GLUTORN-PWY: L-ornithine biosynthesis I|g__Streptococcus.s__Streptococcus_equinus	0.2187550309
GLUTORN-PWY: L-ornithine biosynthesis I|g__Streptococcus.s__Streptococcus_salivarius	0.0960109427
BRANCHED-CHAIN-AA-SYN-PWY: superpathway of branched chain amino acid biosynthesis	0.2737542142
BRANCHED-CHAIN-AA-SYN-PWY: superpathway of branched chain amino acid biosynthesis|unclassified	0.0000000000
BRANCHED-CHAIN-AA-SYN-PWY: superpathway of branched chain amino acid biosynthesis|g__Anaerostipes.s__Anaerostipes_hadrus	0.0000001270
BRANCHED-CHAIN-AA-SYN-PWY: superpathway of branched chain amino acid biosynthesis|g__Blautia.s__Blautia_wexlerae	0.0000000000
BRANCHED-CHAIN-AA-SYN-PWY: superpathway of branched chain amino acid biosynthesis|g__Streptococcus.s__Streptococcus_thermophilus	0.5743086741
BRANCHED-CHAIN-AA-SYN-PWY: superpathway of branched chain amino acid biosynthesis|g__Gemmiger.s__Gemmiger_formicilis	0.8011678071
BRANCHED-CHAIN-AA-SYN-PWY: superpathway of branched chain amino acid biosynthesis|g__Blautia.s__Blautia_hansenii	0.0002557715
BRANCHED-CHAIN-AA-SYN-PWY: superpathway of branched chain amino acid biosynthesis|g__Eggerthella.s__Eggerthella_lenta	0.2128260573
BRANCHED-CHAIN-AA-SYN-PWY: superpathway of branched chain amino acid biosynthesis|g__Streptococcus.s__Streptococcus_salivarius	0.1487971975
BRANCHED-CHAIN-AA-SYN-PWY: superpathway of branched chain amino acid biosynthesis|g__Streptococcus.s__Streptococcus_equinus	0.3127368390
NONMEVIPP-PWY: methylerythritol phosphate pathway I	0.9850149002
NONMEVIPP-PWY: methylerythritol phosphate pathway I|unclassified	0.9985818154
NONMEVIPP-PWY: methylerythritol phosphate pathway I|g__Anaerostipes.s__Anaerostipes_hadrus	0.0000000001
NONMEVIPP-PWY: methylerythritol phosphate pathway I|g__Blautia.s__Blautia_wexlerae	0.0000000000
NONMEVIPP-PWY: methylerythritol phosphate pathway I|g__Blautia.s__Blautia_hansenii	0.0042318208
NONMEVIPP-PWY: methylerythritol phosphate pathway I|g__Blautia.s__Blautia_obeum	0.0000000000
NONMEVIPP-PWY: methylerythritol phosphate pathway I|g__Eggerthella.s__Eggerthella_lenta	0.0823787695
1CMET2-PWY: folate transformations III (E. coli)	0.9998152758
1CMET2-PWY: folate transformations III (E. coli)|unclassified	0.0000000000
1CMET2-PWY: folate transformations III (E. coli)|g__Anaerostipes.s__Anaerostipes_hadrus	0.0000000000
1CMET2-PWY: folate transformations III (E. coli)|g__Dorea.s__Dorea_longicatena	0.0000012254
1CMET2-PWY: folate transformations III (E. coli)|g__Blautia.s__Blautia_wexlerae	0.0000000000
1CMET2-PWY: folate transformations III (E. coli)|g__Blautia.s__Blautia_obeum	0.0000000000
PWY-2942: L-lysine biosynthesis III	0.2158366379
PWY-2942: L-lysine biosynthesis III|unclassified	0.0000000000
PWY-2942: L-lysine biosynthesis III|g__Anaerostipes.s__Anaerostipes_hadrus	0.0000000009
PWY-2942: L-lysine biosynthesis III|g__Blautia.s__Blautia_obeum	0.0000000000
PWY-2942: L-lysine biosynthesis III|g__Dorea.s__Dorea_longicatena	0.0000000000
PWY-2942: L-lysine biosynthesis III|g__Blautia.s__Blautia_wexlerae	0.0000000000
PWY-2942: L-lysine biosynthesis III|g__Streptococcus.s__Streptococcus_thermophilus	0.0953455627
PWY-2942: L-lysine biosynthesis III|g__Eggerthella.s__Eggerthella_lenta	0.1376174135
PWY-2942: L-lysine biosynthesis III|g__Streptococcus.s__Streptococcus_salivarius	0.1931646037
PWY-5103: L-isoleucine biosynthesis III	0.2204002999
PWY-5103: L-isoleucine biosynthesis III|unclassified	0.0000000000
PWY-5103: L-isoleucine biosynthesis III|g__Anaerostipes.s__Anaerostipes_hadrus	0.0000000641
PWY-5103: L-isoleucine biosynthesis III|g__Blautia.s__Blautia_wexlerae	0.0000000000
PWY-5103: L-isoleucine biosynthesis III|g__Streptococcus.s__Streptococcus_thermophilus	0.8168466223
PWY-5103: L-isoleucine biosynthesis III|g__Blautia.s__Blautia_hansenii	0.1831596613
PWY-5103: L-isoleucine biosynthesis III|g__Gemmiger.s__Gemmiger_formicilis	0.7068412469
PWY-5103: L-isoleucine biosynthesis III|g__Eggerthella.s__Eggerthella_lenta	0.1269475673
PWY-5103: L-isoleucine biosynthesis III|g__Blautia.s__Blautia_obeum	0.0000000000
PWY-5103: L-isoleucine biosynthesis III|g__Streptococcus.s__Streptococcus_salivarius	0.5308318351
PWY-5103: L-isoleucine biosynthesis III|g__Blautia.s__Blautia_sp_N6H1_15	0.0000037306
PWY-5103: L-isoleucine biosynthesis III|g__Streptococcus.s__Streptococcus_equinus	0.2701987255
P41-PWY: pyruvate fermentation to acetate and (S)-lactate I	0.9960196817
P41-PWY: pyruvate fermentation to acetate and (S)-lactate I|unclassified	0.3277070072
P41-PWY: pyruvate fermentation to acetate and (S)-lactate I|g__Anaerostipes.s__Anaerostipes_hadrus	0.0027784948
P41-PWY: pyruvate fermentation to acetate and (S)-lactate I|g__Streptococcus.s__Streptococcus_thermophilus	0.9163626787
P41-PWY: pyruvate fermentation to acetate and (S)-lactate I|g__Blautia.s__Blautia_obeum	0.0000000000
P41-PWY: pyruvate fermentation to acetate and (S)-lactate I|g__Eggerthella.s__Eggerthella_lenta	0.3858120415
P41-PWY: pyruvate fermentation to acetate and (S)-lactate I|g__Blautia.s__Blautia_wexlerae	0.0000000000
P41-PWY: pyruvate fermentation to acetate and (S)-lactate I|g__Agathobaculum.s__Agathobaculum_butyriciproducens	0.3189475024
P41-PWY: pyruvate fermentation to acetate and (S)-lactate I|g__Streptococcus.s__Streptococcus_vestibularis	0.6875917148
P41-PWY: pyruvate fermentation to acetate and (S)-lactate I|g__Streptococcus.s__Streptococcus_equinus	0.1856161314
P41-PWY: pyruvate fermentation to acetate and (S)-lactate I|g__Streptococcus.s__Streptococcus_salivarius	0.0659660240
PWY-5100: pyruvate fermentation to acetate and lactate II	0.9960196817
PWY-5100: pyruvate fermentation to acetate and lactate II|g__Anaerostipes.s__Anaerostipes_hadrus	0.1630059660
PWY-5100: pyruvate fermentation to acetate and lactate II|unclassified	0.3277070072
PWY-5100: pyruvate fermentation to acetate and lactate II|g__Streptococcus.s__Streptococcus_thermophilus	0.9163626787
PWY-5100: pyruvate fermentation to acetate and lactate II|g__Blautia.s__Blautia_obeum	0.0000000000
PWY-5100: pyruvate fermentation to acetate and lactate II|g__Eggerthella.s__Eggerthella_lenta	0.5578497939
PWY-5100: pyruvate fermentation to acetate and lactate II|g__Blautia.s__Blautia_wexlerae	0.0000000000
PWY-5100: pyruvate fermentation to acetate and lactate II|g__Roseburia.s__Roseburia_intestinalis	0.0924163102
PWY-5100: pyruvate fermentation to acetate and lactate II|g__Agathobaculum.s__Agathobaculum_butyriciproducens	0.3189475024
PWY-5100: pyruvate fermentation to acetate and lactate II|g__Streptococcus.s__Streptococcus_vestibularis	0.6875917148
PWY-5100: pyruvate fermentation to acetate and lactate II|g__Streptococcus.s__Streptococcus_equinus	0.1856161314
PWY-5100: pyruvate fermentation to acetate and lactate II|g__Streptococcus.s__Streptococcus_salivarius	0.0659660240
COA-PWY-1: superpathway of coenzyme A biosynthesis III (mammals)	0.7182468525
COA-PWY-1: superpathway of coenzyme A biosynthesis III (mammals)|unclassified	0.0008673864
COA-PWY-1: superpathway of coenzyme A biosynthesis III (mammals)|g__Anaerostipes.s__Anaerostipes_hadrus	0.0000000006
COA-PWY-1: superpathway of coenzyme A biosynthesis III (mammals)|g__Blautia.s__Blautia_wexlerae	0.0000000000
COA-PWY-1: superpathway of coenzyme A biosynthesis III (mammals)|g__Blautia.s__Blautia_obeum	0.0000000022
COA-PWY-1: superpathway of coenzyme A biosynthesis III (mammals)|g__Eggerthella.s__Eggerthella_lenta	0.2693153481
COA-PWY-1: superpathway of coenzyme A biosynthesis III (mammals)|g__Blautia.s__Blautia_hansenii	0.0000013109
COA-PWY-1: superpathway of coenzyme A biosynthesis III (mammals)|g__Gemmiger.s__Gemmiger_formicilis	0.0696074550
COA-PWY-1: superpathway of coenzyme A biosynthesis III (mammals)|g__Agathobaculum.s__Agathobaculum_butyriciproducens	0.6952354887
PWY-6527: stachyose degradation	0.8542433309
PWY-6527: stachyose degradation|unclassified	0.0000000197
PWY-6527: stachyose degradation|g__Blautia.s__Blautia_obeum	0.3597473610
PWY-6527: stachyose degradation|g__Blautia.s__Blautia_wexlerae	0.0702383347
PWY-6527: stachyose degradation|g__Anaerostipes.s__Anaerostipes_hadrus	0.0000000000
PWY-6527: stachyose degradation|g__Blautia.s__Blautia_hansenii	0.1090733241
PWY-6527: stachyose degradation|g__Roseburia.s__Roseburia_intestinalis	0.6698028965
PWY-6527: stachyose degradation|g__Streptococcus.s__Streptococcus_salivarius	0.5548672543
COA-PWY: coenzyme A biosynthesis I (prokaryotic)	0.9996405143
COA-PWY: coenzyme A biosynthesis I (prokaryotic)|unclassified	0.8215185282
COA-PWY: coenzyme A biosynthesis I (prokaryotic)|g__Anaerostipes.s__Anaerostipes_hadrus	0.0019257863
COA-PWY: coenzyme A biosynthesis I (prokaryotic)|g__Blautia.s__Blautia_wexlerae	0.0000131577
COA-PWY: coenzyme A biosynthesis I (prokaryotic)|g__Blautia.s__Blautia_obeum	0.0721547037
COA-PWY: coenzyme A biosynthesis I (prokaryotic)|g__Blautia.s__Blautia_hansenii	0.8675217042
COA-PWY: coenzyme A biosynthesis I (prokaryotic)|g__Streptococcus.s__Streptococcus_thermophilus	0.1285133296
COA-PWY: coenzyme A biosynthesis I (prokaryotic)|g__Eggerthella.s__Eggerthella_lenta	0.6234596472
COA-PWY: coenzyme A biosynthesis I (prokaryotic)|g__Gemmiger.s__Gemmiger_formicilis	0.0748517337
COA-PWY: coenzyme A biosynthesis I (prokaryotic)|g__Agathobaculum.s__Agathobaculum_butyriciproducens	0.7837422606
PWY-6270: isoprene biosynthesis I	0.0000000000
PWY-6270: isoprene biosynthesis I|unclassified	0.0000000007
PWY-6270: isoprene biosynthesis I|g__Anaerostipes.s__Anaerostipes_hadrus	0.0000000000
PWY-7560: methylerythritol phosphate pathway II	0.0000000000
PWY-7560: methylerythritol phosphate pathway II|unclassified	0.0000000006
PWY-7560: methylerythritol phosphate pathway II|g__Anaerostipes.s__Anaerostipes_hadrus	0.0000000000
P461-PWY: hexitol fermentation to lactate, formate, ethanol and acetate	0.0000000000
P461-PWY: hexitol fermentation to lactate, formate, ethanol and acetate|g__Anaerostipes.s__Anaerostipes_hadrus	0.5277303359
P461-PWY: hexitol fermentation to lactate, formate, ethanol and acetate|unclassified	0.0000000000
PWY-724: superpathway of L-lysine, L-threonine and L-methionine biosynthesis II	0.0000000000
PWY-724: superpathway of L-lysine, L-threonine and L-methionine biosynthesis II|unclassified	0.0000000000
PWY-724: superpathway of L-lysine, L-threonine and L-methionine biosynthesis II|g__Anaerostipes.s__Anaerostipes_hadrus	0.0000000015
PWY-724: superpathway of L-lysine, L-threonine and L-methionine biosynthesis II|g__Blautia.s__Blautia_obeum	0.0000000000
PWY-724: superpathway of L-lysine, L-threonine and L-methionine biosynthesis II|g__Dorea.s__Dorea_longicatena	0.0000000000
PWY-7237: myo-, chiro- and scyllo-inositol degradation	0.9998156631
PWY-7237: myo-, chiro- and scyllo-inositol degradation|g__Anaerostipes.s__Anaerostipes_hadrus	1.0000000000
PWY-7237: myo-, chiro- and scyllo-inositol degradation|g__Blautia.s__Blautia_obeum	1.0000000000
PWY-7237: myo-, chiro- and scyllo-inositol degradation|unclassified	0.0000000000
PWY-7237: myo-, chiro- and scyllo-inositol degradation|g__Blautia.s__Blautia_wexlerae	0.0000000000
PWY-7237: myo-, chiro- and scyllo-inositol degradation|g__Agathobaculum.s__Agathobaculum_butyriciproducens	0.9940497437
PWY-7237: myo-, chiro- and scyllo-inositol degradation|g__Blautia.s__Blautia_producta	0.8187341562
PWY-7237: myo-, chiro- and scyllo-inositol degradation|g__Roseburia.s__Roseburia_intestinalis	0.2204881623
PWY-7357: thiamine phosphate formation from pyrithiamine and oxythiamine (yeast)	0.0000000020
PWY-7357: thiamine phosphate formation from pyrithiamine and oxythiamine (yeast)|g__Anaerostipes.s__Anaerostipes_hadrus	0.0000388045
PWY-7357: thiamine phosphate formation from pyrithiamine and oxythiamine (yeast)|unclassified	0.0000000000
PWY-7357: thiamine phosphate formation from pyrithiamine and oxythiamine (yeast)|g__Blautia.s__Blautia_obeum	0.8995385078
PWY-7357: thiamine phosphate formation from pyrithiamine and oxythiamine (yeast)|g__Dorea.s__Dorea_longicatena	0.9249315296
PWY-7357: thiamine phosphate formation from pyrithiamine and oxythiamine (yeast)|g__Blautia.s__Blautia_wexlerae	0.0000000000
PWY-7357: thiamine phosphate formation from pyrithiamine and oxythiamine (yeast)|g__Eggerthella.s__Eggerthella_lenta	0.2668971173
PANTOSYN-PWY: superpathway of coenzyme A biosynthesis I (bacteria)	0.0001415061
PANTOSYN-PWY: superpathway of coenzyme A biosynthesis I (bacteria)|g__Anaerostipes.s__Anaerostipes_hadrus	0.0043221878
PANTOSYN-PWY: superpathway of coenzyme A biosynthesis I (bacteria)|unclassified	0.0000000000
PANTOSYN-PWY: superpathway of coenzyme A biosynthesis I (bacteria)|g__Blautia.s__Blautia_wexlerae	0.0000000000
PANTOSYN-PWY: superpathway of coenzyme A biosynthesis I (bacteria)|g__Eggerthella.s__Eggerthella_lenta	0.2484997668
PANTOSYN-PWY: superpathway of coenzyme A biosynthesis I (bacteria)|g__Agathobaculum.s__Agathobaculum_butyriciproducens	0.4734265436
PANTO-PWY: phosphopantothenate biosynthesis I	0.0000629052
PANTO-PWY: phosphopantothenate biosynthesis I|g__Anaerostipes.s__Anaerostipes_hadrus	0.9688460846
PANTO-PWY: phosphopantothenate biosynthesis I|unclassified	0.0000000000
PANTO-PWY: phosphopantothenate biosynthesis I|g__Blautia.s__Blautia_wexlerae	0.0424049218
PANTO-PWY: phosphopantothenate biosynthesis I|g__Dorea.s__Dorea_longicatena	0.1005441282
PANTO-PWY: phosphopantothenate biosynthesis I|g__Eggerthella.s__Eggerthella_lenta	0.1933144176
PANTO-PWY: phosphopantothenate biosynthesis I|g__Agathobaculum.s__Agathobaculum_butyriciproducens	0.3180937630
PWY-7851: coenzyme A biosynthesis II (eukaryotic)	0.6709838963
PWY-7851: coenzyme A biosynthesis II (eukaryotic)|unclassified	0.0006940295
PWY-7851: coenzyme A biosynthesis II (eukaryotic)|g__Anaerostipes.s__Anaerostipes_hadrus	0.0000000005
PWY-7851: coenzyme A biosynthesis II (eukaryotic)|g__Blautia.s__Blautia_wexlerae	0.0000000000
PWY-7851: coenzyme A biosynthesis II (eukaryotic)|g__Blautia.s__Blautia_obeum	0.0000000017
PWY-7851: coenzyme A biosynthesis II (eukaryotic)|g__Eggerthella.s__Eggerthella_lenta	0.2277192733
PWY-7851: coenzyme A biosynthesis II (eukaryotic)|g__Blautia.s__Blautia_hansenii	0.0000010487
PWY-7851: coenzyme A biosynthesis II (eukaryotic)|g__Gemmiger.s__Gemmiger_formicilis	0.0575706560
PWY-7851: coenzyme A biosynthesis II (eukaryotic)|g__Agathobaculum.s__Agathobaculum_butyriciproducens	0.7055366666
PWY-6823: molybdopterin biosynthesis	0.1653116904
PWY-6823: molybdopterin biosynthesis|unclassified	0.2221276571
PWY-6823: molybdopterin biosynthesis|g__Anaerostipes.s__Anaerostipes_hadrus	0.0000000000
PWY-6823: molybdopterin biosynthesis|g__Blautia.s__Blautia_obeum	0.9987953031
PWY-6823: molybdopterin biosynthesis|g__Dorea.s__Dorea_longicatena	0.1479504670
PWY-6823: molybdopterin biosynthesis|g__Blautia.s__Blautia_wexlerae	0.0000000000
PWY-6823: molybdopterin biosynthesis|g__Eggerthella.s__Eggerthella_lenta	0.8947905118
PWY-6823: molybdopterin biosynthesis|g__Blautia.s__Blautia_sp_N6H1_15	0.2767909045
PWY-6823: molybdopterin biosynthesis|g__Blautia.s__Blautia_producta	0.6307677537
SER-GLYSYN-PWY: superpathway of L-serine and glycine biosynthesis I	0.0837511687
SER-GLYSYN-PWY: superpathway of L-serine and glycine biosynthesis I|unclassified	0.0000000000
SER-GLYSYN-PWY: superpathway of L-serine and glycine biosynthesis I|g__Anaerostipes.s__Anaerostipes_hadrus	0.0000000000
SER-GLYSYN-PWY: superpathway of L-serine and glycine biosynthesis I|g__Blautia.s__Blautia_wexlerae	0.9999625851
SER-GLYSYN-PWY: superpathway of L-serine and glycine biosynthesis I|g__Dorea.s__Dorea_longicatena	0.0006356940
SER-GLYSYN-PWY: superpathway of L-serine and glycine biosynthesis I|g__Streptococcus.s__Streptococcus_thermophilus	0.0531236067
SER-GLYSYN-PWY: superpathway of L-serine and glycine biosynthesis I|g__Eggerthella.s__Eggerthella_lenta	0.4909931490
SER-GLYSYN-PWY: superpathway of L-serine and glycine biosynthesis I|g__Blautia.s__Blautia_obeum	0.0000000000
SER-GLYSYN-PWY: superpathway of L-serine and glycine biosynthesis I|g__Roseburia.s__Roseburia_intestinalis	0.3663085776
SER-GLYSYN-PWY: superpathway of L-serine and glycine biosynthesis I|g__Streptococcus.s__Streptococcus_pneumoniae	0.5822788207
SER-GLYSYN-PWY: superpathway of L-serine and glycine biosynthesis I|g__Streptococcus.s__Streptococcus_vestibularis	0.3943976228
PWY-6700: queuosine biosynthesis I (de novo)	0.0052713016
PWY-6700: queuosine biosynthesis I (de novo)|unclassified	0.6104499111
PWY-6700: queuosine biosynthesis I (de novo)|g__Anaerostipes.s__Anaerostipes_hadrus	0.0000130406
PWY-6700: queuosine biosynthesis I (de novo)|g__Blautia.s__Blautia_wexlerae	0.0000000020
PWY-6700: queuosine biosynthesis I (de novo)|g__Dorea.s__Dorea_longicatena	0.0179495099
PWY-6700: queuosine biosynthesis I (de novo)|g__Streptococcus.s__Streptococcus_thermophilus	0.1986952011
PWY-6700: queuosine biosynthesis I (de novo)|g__Blautia.s__Blautia_hansenii	0.0205666376
PWY-6700: queuosine biosynthesis I (de novo)|g__Gemmiger.s__Gemmiger_formicilis	0.0674856237
PWY-6700: queuosine biosynthesis I (de novo)|g__Eggerthella.s__Eggerthella_lenta	0.0005769905
PWY-6700: queuosine biosynthesis I (de novo)|g__Blautia.s__Blautia_sp_N6H1_15	0.2033287816
PWY-6700: queuosine biosynthesis I (de novo)|g__Erysipelatoclostridium.s__Erysipelatoclostridium_ramosum	0.0279004105
PWY-6700: queuosine biosynthesis I (de novo)|g__Streptococcus.s__Streptococcus_equinus	0.5508209067
PWY-7977: L-methionine biosynthesis IV	0.0000000000
PWY-7977: L-methionine biosynthesis IV|g__Anaerostipes.s__Anaerostipes_hadrus	0.0000000006
PWY-7977: L-methionine biosynthesis IV|unclassified	0.0000000000
PWY-7977: L-methionine biosynthesis IV|g__Dorea.s__Dorea_longicatena	0.2831592309
PWY-6123: inosine-5'-phosphate biosynthesis I	0.0000000000
PWY-6123: inosine-5'-phosphate biosynthesis I|g__Anaerostipes.s__Anaerostipes_hadrus	0.0000000000
PWY-6123: inosine-5'-phosphate biosynthesis I|unclassified	0.0000000000
PWY-6123: inosine-5'-phosphate biosynthesis I|g__Blautia.s__Blautia_wexlerae	0.9572658134
PWY-6123: inosine-5'-phosphate biosynthesis I|g__Streptococcus.s__Streptococcus_thermophilus	0.8147250707
PWY-6123: inosine-5'-phosphate biosynthesis I|g__Eggerthella.s__Eggerthella_lenta	0.7536310185
PWY-6123: inosine-5'-phosphate biosynthesis I|g__Blautia.s__Blautia_sp_N6H1_15	0.3052150553
PWY-6123: inosine-5'-phosphate biosynthesis I|g__Erysipelatoclostridium.s__Clostridium_innocuum	0.3520253136
PWY-6123: inosine-5'-phosphate biosynthesis I|g__Erysipelatoclostridium.s__Erysipelatoclostridium_ramosum	0.0457745946
PWY-6123: inosine-5'-phosphate biosynthesis I|g__Streptococcus.s__Streptococcus_equinus	0.6541611997
PWY-6123: inosine-5'-phosphate biosynthesis I|g__Streptococcus.s__Streptococcus_salivarius	0.3769123708
PWY-6123: inosine-5'-phosphate biosynthesis I|g__Streptococcus.s__Streptococcus_parasanguinis	0.4193480571
PWY-6123: inosine-5'-phosphate biosynthesis I|g__Blautia.s__Blautia_obeum	0.0000000000
PYRIDNUCSYN-PWY: NAD de novo biosynthesis I (from aspartate)	0.0000000000
PYRIDNUCSYN-PWY: NAD de novo biosynthesis I (from aspartate)|g__Anaerostipes.s__Anaerostipes_hadrus	0.0000000241
PYRIDNUCSYN-PWY: NAD de novo biosynthesis I (from aspartate)|unclassified	0.0000000000
THRESYN-PWY: superpathway of L-threonine biosynthesis	0.0000000000
THRESYN-PWY: superpathway of L-threonine biosynthesis|g__Anaerostipes.s__Anaerostipes_hadrus	0.0000000009
THRESYN-PWY: superpathway of L-threonine biosynthesis|unclassified	0.0000000000
THRESYN-PWY: superpathway of L-threonine biosynthesis|g__Blautia.s__Blautia_obeum	0.0000000000
THRESYN-PWY: superpathway of L-threonine biosynthesis|g__Streptococcus.s__Streptococcus_thermophilus	0.2367260341
THRESYN-PWY: superpathway of L-threonine biosynthesis|g__Streptococcus.s__Streptococcus_pneumoniae	0.3168436658
THRESYN-PWY: superpathway of L-threonine biosynthesis|g__Streptococcus.s__Streptococcus_salivarius	0.2562327545
THRESYN-PWY: superpathway of L-threonine biosynthesis|g__Streptococcus.s__Streptococcus_equinus	0.3605060675
PWY-6124: inosine-5'-phosphate biosynthesis II	0.0000000000
PWY-6124: inosine-5'-phosphate biosynthesis II|g__Anaerostipes.s__Anaerostipes_hadrus	0.0000000000
PWY-6124: inosine-5'-phosphate biosynthesis II|unclassified	0.0000000000
PWY-6124: inosine-5'-phosphate biosynthesis II|g__Blautia.s__Blautia_wexlerae	0.9993722962
PWY-6124: inosine-5'-phosphate biosynthesis II|g__Streptococcus.s__Streptococcus_thermophilus	0.5140546243
PWY-6124: inosine-5'-phosphate biosynthesis II|g__Eggerthella.s__Eggerthella_lenta	0.7239745970
PWY-6124: inosine-5'-phosphate biosynthesis II|g__Blautia.s__Blautia_sp_N6H1_15	0.2689401250
PWY-6124: inosine-5'-phosphate biosynthesis II|g__Erysipelatoclostridium.s__Clostridium_spiroforme	0.6848476025
PWY-6124: inosine-5'-phosphate biosynthesis II|g__Erysipelatoclostridium.s__Clostridium_innocuum	0.3167219047
PWY-6124: inosine-5'-phosphate biosynthesis II|g__Erysipelatoclostridium.s__Erysipelatoclostridium_ramosum	0.0389694076
PWY-6124: inosine-5'-phosphate biosynthesis II|g__Streptococcus.s__Streptococcus_equinus	0.7803175969
PWY-6124: inosine-5'-phosphate biosynthesis II|g__Streptococcus.s__Streptococcus_parasanguinis	0.3232223317
PWY-6124: inosine-5'-phosphate biosynthesis II|g__Blautia.s__Blautia_obeum	0.0000000000
PWY-5695: inosine 5'-phosphate degradation	0.0000000000
PWY-5695: inosine 5'-phosphate degradation|g__Anaerostipes.s__Anaerostipes_hadrus	0.0000682442
PWY-5695: inosine 5'-phosphate degradation|unclassified	0.0000000000
PWY-5695: inosine 5'-phosphate degradation|g__Blautia.s__Blautia_wexlerae	0.0000249700
PWY-5695: inosine 5'-phosphate degradation|g__Dorea.s__Dorea_longicatena	0.0000252211
PWY-5695: inosine 5'-phosphate degradation|g__Blautia.s__Blautia_obeum	0.0000000000
PWY-5695: inosine 5'-phosphate degradation|g__Streptococcus.s__Streptococcus_salivarius	0.1733303923
HISTSYN-PWY: L-histidine biosynthesis	0.0000000000
HISTSYN-PWY: L-histidine biosynthesis|unclassified	0.0000000000
HISTSYN-PWY: L-histidine biosynthesis|g__Streptococcus.s__Streptococcus_thermophilus	0.0028152859
HISTSYN-PWY: L-histidine biosynthesis|g__Eggerthella.s__Eggerthella_lenta	0.1790143499
PWY-3001: superpathway of L-isoleucine biosynthesis I	0.0000000000
PWY-3001: superpathway of L-isoleucine biosynthesis I|unclassified	0.0000000000
PWY-3001: superpathway of L-isoleucine biosynthesis I|g__Streptococcus.s__Streptococcus_thermophilus	0.0814336854
PWY-3001: superpathway of L-isoleucine biosynthesis I|g__Streptococcus.s__Streptococcus_salivarius	0.3190133199
PWY-3001: superpathway of L-isoleucine biosynthesis I|g__Streptococcus.s__Streptococcus_equinus	0.2991151550
PWY-7208: superpathway of pyrimidine nucleobases salvage	0.0000000000
PWY-7208: superpathway of pyrimidine nucleobases salvage|g__Streptococcus.s__Streptococcus_thermophilus	0.4870755720
PWY-7208: superpathway of pyrimidine nucleobases salvage|g__Eggerthella.s__Eggerthella_lenta	0.6121379508
PWY-7208: superpathway of pyrimidine nucleobases salvage|unclassified	0.0000000000
PWY-7208: superpathway of pyrimidine nucleobases salvage|g__Streptococcus.s__Streptococcus_vestibularis	0.2746900902
METH-ACETATE-PWY: methanogenesis from acetate	0.0000000000
METH-ACETATE-PWY: methanogenesis from acetate|unclassified	0.0000000000
METH-ACETATE-PWY: methanogenesis from acetate|g__Blautia.s__Blautia_wexlerae	0.7745185617
METH-ACETATE-PWY: methanogenesis from acetate|g__Blautia.s__Blautia_obeum	0.0000000000
PWY-5676: acetyl-CoA fermentation to butanoate II	0.0000000000
PWY-5676: acetyl-CoA fermentation to butanoate II|g__Anaerostipes.s__Anaerostipes_hadrus	0.0000029872
PWY-5676: acetyl-CoA fermentation to butanoate II|unclassified	0.0000000000
PWY0-1586: peptidoglycan maturation (meso-diaminopimelate containing)	0.0000000000
PWY0-1586: peptidoglycan maturation (meso-diaminopimelate containing)|g__Anaerostipes.s__Anaerostipes_hadrus	0.3904637468
PWY0-1586: peptidoglycan maturation (meso-diaminopimelate containing)|unclassified	0.0000000000
PWY0-1586: peptidoglycan maturation (meso-diaminopimelate containing)|g__Eggerthella.s__Eggerthella_lenta	0.7648431449
PWY0-1586: peptidoglycan maturation (meso-diaminopimelate containing)|g__Bacteroides.s__Bacteroides_ovatus	0.4863779339
PWY-5188: tetrapyrrole biosynthesis I (from glutamate)	0.0000000000
PWY-5188: tetrapyrrole biosynthesis I (from glutamate)|unclassified	0.0000000000
PWY-5188: tetrapyrrole biosynthesis I (from glutamate)|g__Anaerostipes.s__Anaerostipes_hadrus	0.0000000000
PWY-5188: tetrapyrrole biosynthesis I (from glutamate)|g__Blautia.s__Blautia_wexlerae	0.0000001607
PWY-5188: tetrapyrrole biosynthesis I (from glutamate)|g__Blautia.s__Blautia_hansenii	0.0073301957
PWY-5188: tetrapyrrole biosynthesis I (from glutamate)|g__Blautia.s__Blautia_obeum	0.0000000000
PWY-7199: pyrimidine deoxyribonucleosides salvage	0.0000000000
PWY-7199: pyrimidine deoxyribonucleosides salvage|unclassified	0.0000079136
PWY-7199: pyrimidine deoxyribonucleosides salvage|g__Blautia.s__Blautia_hansenii	0.8175403601
PWY-7199: pyrimidine deoxyribonucleosides salvage|g__Streptococcus.s__Streptococcus_thermophilus	0.6531067813
RIBOSYN2-PWY: flavin biosynthesis I (bacteria and plants)	0.0000000000
RIBOSYN2-PWY: flavin biosynthesis I (bacteria and plants)|unclassified	0.0000000000
RIBOSYN2-PWY: flavin biosynthesis I (bacteria and plants)|g__Blautia.s__Blautia_wexlerae	0.0000000000
RIBOSYN2-PWY: flavin biosynthesis I (bacteria and plants)|g__Blautia.s__Blautia_obeum	0.0000013040
ASPASN-PWY: superpathway of L-aspartate and L-asparagine biosynthesis	0.0000000000
ASPASN-PWY: superpathway of L-aspartate and L-asparagine biosynthesis|unclassified	0.0000000000
ASPASN-PWY: superpathway of L-aspartate and L-asparagine biosynthesis|g__Streptococcus.s__Streptococcus_thermophilus	0.0783632742
ASPASN-PWY: superpathway of L-aspartate and L-asparagine biosynthesis|g__Blautia.s__Blautia_wexlerae	0.0000000000
ASPASN-PWY: superpathway of L-aspartate and L-asparagine biosynthesis|g__Blautia.s__Blautia_obeum	0.0000000000
PWY-6353: purine nucleotides degradation II (aerobic)	0.0000000000
PWY-6353: purine nucleotides degradation II (aerobic)|unclassified	0.0000000000
PWY-5384: sucrose degradation IV (sucrose phosphorylase)	0.0000000000
PWY-5384: sucrose degradation IV (sucrose phosphorylase)|g__Anaerostipes.s__Anaerostipes_hadrus	0.1673420465
PWY-5384: sucrose degradation IV (sucrose phosphorylase)|g__Streptococcus.s__Streptococcus_thermophilus	0.0006051591
PWY-5384: sucrose degradation IV (sucrose phosphorylase)|unclassified	0.0000000000
PWY-5384: sucrose degradation IV (sucrose phosphorylase)|g__Streptococcus.s__Streptococcus_equinus	0.1083486915
PWY-621: sucrose degradation III (sucrose invertase)	0.0000000000
PWY-621: sucrose degradation III (sucrose invertase)|g__Anaerostipes.s__Anaerostipes_hadrus	0.1686417989
PWY-621: sucrose degradation III (sucrose invertase)|g__Streptococcus.s__Streptococcus_thermophilus	0.2546019515
PWY-621: sucrose degradation III (sucrose invertase)|unclassified	0.0000000000
PWY-621: sucrose degradation III (sucrose invertase)|g__Streptococcus.s__Streptococcus_vestibularis	0.4427342013
PWY-I9: L-cysteine biosynthesis VI (from L-methionine)	0.0000000000
PWY-I9: L-cysteine biosynthesis VI (from L-methionine)|g__Anaerostipes.s__Anaerostipes_hadrus	0.0000873000
PWY-I9: L-cysteine biosynthesis VI (from L-methionine)|g__Streptococcus.s__Streptococcus_thermophilus	0.0022251181
PWY-6608: guanosine nucleotides degradation III	0.0000000000
PWY-6608: guanosine nucleotides degradation III|g__Anaerostipes.s__Anaerostipes_hadrus	0.0000000101
PWY-6608: guanosine nucleotides degradation III|g__Blautia.s__Blautia_obeum	0.2190604757
PWY-6608: guanosine nucleotides degradation III|g__Blautia.s__Blautia_wexlerae	0.0000249700
PWY-6608: guanosine nucleotides degradation III|unclassified	0.0000000000
THISYNARA-PWY: superpathway of thiamine diphosphate biosynthesis III (eukaryotes)	0.0000000000
THISYNARA-PWY: superpathway of thiamine diphosphate biosynthesis III (eukaryotes)|unclassified	0.0000000000
THISYNARA-PWY: superpathway of thiamine diphosphate biosynthesis III (eukaryotes)|g__Roseburia.s__Roseburia_intestinalis	0.2567443152
PWY-6703: preQ0 biosynthesis	0.0000000000
PWY-6703: preQ0 biosynthesis|g__Anaerostipes.s__Anaerostipes_hadrus	0.0000070695
PWY-6703: preQ0 biosynthesis|unclassified	0.0000000000
PWY-6703: preQ0 biosynthesis|g__Streptococcus.s__Streptococcus_thermophilus	0.1139938582
PWY-6703: preQ0 biosynthesis|g__Streptococcus.s__Streptococcus_equinus	0.6522054633
PWY-6703: preQ0 biosynthesis|g__Streptococcus.s__Streptococcus_salivarius	0.4656361330
GALACTITOLCAT-PWY: galactitol degradation	0.0000000000
GALACTITOLCAT-PWY: galactitol degradation|g__Anaerostipes.s__Anaerostipes_hadrus	0.1281089221
PWY-6897: thiamine diphosphate salvage II	0.0000000000
PWY-6897: thiamine diphosphate salvage II|unclassified	0.0000000000
PWY-6731: starch degradation III	0.0000000000
PWY-6731: starch degradation III|unclassified	0.0000000000
PWY-6731: starch degradation III|g__Blautia.s__Blautia_obeum	0.8213265396
PWY-6731: starch degradation III|g__Blautia.s__Blautia_wexlerae	0.0000000000
COBALSYN-PWY: superpathway of adenosylcobalamin salvage from cobinamide I	0.0000000000
COBALSYN-PWY: superpathway of adenosylcobalamin salvage from cobinamide I|g__Dorea.s__Dorea_longicatena	0.5564064808
COBALSYN-PWY: superpathway of adenosylcobalamin salvage from cobinamide I|g__Blautia.s__Blautia_wexlerae	0.0000133650
COBALSYN-PWY: superpathway of adenosylcobalamin salvage from cobinamide I|unclassified	0.0000000000
COBALSYN-PWY: superpathway of adenosylcobalamin salvage from cobinamide I|g__Blautia.s__Blautia_obeum	0.0000000000
COBALSYN-PWY: superpathway of adenosylcobalamin salvage from cobinamide I|g__Roseburia.s__Roseburia_intestinalis	0.3171998654
SALVADEHYPOX-PWY: adenosine nucleotides degradation II	0.0000000000
SALVADEHYPOX-PWY: adenosine nucleotides degradation II|g__Anaerostipes.s__Anaerostipes_hadrus	0.0000000126
SALVADEHYPOX-PWY: adenosine nucleotides degradation II|unclassified	0.0000000000
GLCMANNANAUT-PWY: superpathway of N-acetylglucosamine, N-acetylmannosamine and N-acetylneuraminate degradation	0.0000000000
GLCMANNANAUT-PWY: superpathway of N-acetylglucosamine, N-acetylmannosamine and N-acetylneuraminate degradation|unclassified	0.0000000000
OANTIGEN-PWY: O-antigen building blocks biosynthesis (E. coli)	0.0000000000
OANTIGEN-PWY: O-antigen building blocks biosynthesis (E. coli)|unclassified	0.0000000000
PWY-6628: superpathway of L-phenylalanine biosynthesis	0.0000000000
LACTOSECAT-PWY: lactose and galactose degradation I	0.0000000000
LACTOSECAT-PWY: lactose and galactose degradation I|g__Anaerostipes.s__Anaerostipes_hadrus	0.0000053019
LACTOSECAT-PWY: lactose and galactose degradation I|unclassified	0.0000000000
PWY-6606: guanosine nucleotides degradation II	0.0000000000
PWY-6606: guanosine nucleotides degradation II|unclassified	0.0000000000
P164-PWY: purine nucleobases degradation I (anaerobic)	0.0000000000
P164-PWY: purine nucleobases degradation I (anaerobic)|unclassified	0.0000000000
RHAMCAT-PWY: L-rhamnose degradation I	0.0000000000
RHAMCAT-PWY: L-rhamnose degradation I|unclassified	0.0001073748
PWY-7013: (S)-propane-1,2-diol degradation	0.0000000000
PWY-7013: (S)-propane-1,2-diol degradation|unclassified	0.0000000000
PHOSLIPSYN-PWY: superpathway of phospholipid biosynthesis I (bacteria)	0.0000000000
PHOSLIPSYN-PWY: superpathway of phospholipid biosynthesis I (bacteria)|unclassified	0.0000000000
PWY-702: L-methionine biosynthesis II	0.0000000000
PWY-702: L-methionine biosynthesis II|g__Streptococcus.s__Streptococcus_thermophilus	0.0410052059
PWY-702: L-methionine biosynthesis II|g__Streptococcus.s__Streptococcus_pneumoniae	0.8450653094
PWY-702: L-methionine biosynthesis II|g__Streptococcus.s__Streptococcus_salivarius	0.3541536952
PWY-702: L-methionine biosynthesis II|g__Streptococcus.s__Streptococcus_equinus	0.3321178402
GLYCOLYSIS: glycolysis I (from glucose 6-phosphate)	0.0000000000
GLYCOLYSIS: glycolysis I (from glucose 6-phosphate)|unclassified	0.0000000000
PWY-7229: superpathway of adenosine nucleotides de novo biosynthesis I	0.0000000000
PWY-7229: superpathway of adenosine nucleotides de novo biosynthesis I|g__Streptococcus.s__Streptococcus_thermophilus	0.4262622452
PWY-7229: superpathway of adenosine nucleotides de novo biosynthesis I|g__Eggerthella.s__Eggerthella_lenta	0.8291124619
PWY-7229: superpathway of adenosine nucleotides de novo biosynthesis I|unclassified	0.0000000000
PWY-6630: superpathway of L-tyrosine biosynthesis	0.0000000000
PWY-5121: superpathway of geranylgeranyl diphosphate biosynthesis II (via MEP)	0.0000000000
PWY-5121: superpathway of geranylgeranyl diphosphate biosynthesis II (via MEP)|unclassified	0.0000000000
PWY-841: superpathway of purine nucleotides de novo biosynthesis I	0.0000000000
PWY-841: superpathway of purine nucleotides de novo biosynthesis I|g__Eggerthella.s__Eggerthella_lenta	0.0311766563
PWY-841: superpathway of purine nucleotides de novo biosynthesis I|unclassified	0.0000000000
UDPNAGSYN-PWY: UDP-N-acetyl-D-glucosamine biosynthesis I	0.0000000000
UDPNAGSYN-PWY: UDP-N-acetyl-D-glucosamine biosynthesis I|unclassified	0.0000000000
UDPNAGSYN-PWY: UDP-N-acetyl-D-glucosamine biosynthesis I|g__Streptococcus.s__Streptococcus_thermophilus	0.3725817879
UDPNAGSYN-PWY: UDP-N-acetyl-D-glucosamine biosynthesis I|g__Eggerthella.s__Eggerthella_lenta	0.3849923666
UDPNAGSYN-PWY: UDP-N-acetyl-D-glucosamine biosynthesis I|g__Agathobaculum.s__Agathobaculum_butyriciproducens	0.4212992549
UDPNAGSYN-PWY: UDP-N-acetyl-D-glucosamine biosynthesis I|g__Streptococcus.s__Streptococcus_equinus	0.6158435972
UDPNAGSYN-PWY: UDP-N-acetyl-D-glucosamine biosynthesis I|g__Erysipelatoclostridium.s__Clostridium_innocuum	0.1788350104
GLUCONEO-PWY: gluconeogenesis I	0.0000000000
GLUCONEO-PWY: gluconeogenesis I|unclassified	0.0000000000
PWY-6470: peptidoglycan biosynthesis V (&beta;-lactam resistance)	0.0000000000
ANAEROFRUCAT-PWY: homolactic fermentation	0.0000000000
ANAEROFRUCAT-PWY: homolactic fermentation|unclassified	0.0000000000
PWY0-162: superpathway of pyrimidine ribonucleotides de novo biosynthesis	0.0000000000
PWY0-162: superpathway of pyrimidine ribonucleotides de novo biosynthesis|unclassified	0.0000000000
PPGPPMET-PWY: ppGpp metabolism	0.0000000000
PPGPPMET-PWY: ppGpp metabolism|unclassified	0.0000000000
GOLPDLCAT-PWY: superpathway of glycerol degradation to 1,3-propanediol	0.0000000000
GOLPDLCAT-PWY: superpathway of glycerol degradation to 1,3-propanediol|unclassified	0.0000000000
GOLPDLCAT-PWY: superpathway of glycerol degradation to 1,3-propanediol|g__Anaerostipes.s__Anaerostipes_hadrus	0.0000000000
PWY4FS-7: phosphatidylglycerol biosynthesis I (plastidic)	0.0000000000
PWY4FS-7: phosphatidylglycerol biosynthesis I (plastidic)|unclassified	0.0000000000
PWY4FS-7: phosphatidylglycerol biosynthesis I (plastidic)|g__Streptococcus.s__Streptococcus_thermophilus	0.0004942731
PWY4FS-8: phosphatidylglycerol biosynthesis II (non-plastidic)	0.0000000000
PWY4FS-8: phosphatidylglycerol biosynthesis II (non-plastidic)|unclassified	0.0000000000
PWY4FS-8: phosphatidylglycerol biosynthesis II (non-plastidic)|g__Streptococcus.s__Streptococcus_thermophilus	0.0004942731
PWY66-409: superpathway of purine nucleotide salvage	0.0000000000
PWY66-409: superpathway of purine nucleotide salvage|g__Streptococcus.s__Streptococcus_thermophilus	0.0005487529
P185-PWY: formaldehyde assimilation III (dihydroxyacetone cycle)	0.0000000000
P185-PWY: formaldehyde assimilation III (dihydroxyacetone cycle)|unclassified	0.0000000000
PWY-5484: glycolysis II (from fructose 6-phosphate)	0.0000000000
PWY-5484: glycolysis II (from fructose 6-phosphate)|unclassified	0.0000000000
DAPLYSINESYN-PWY: L-lysine biosynthesis I	0.0000000000
PWY-4041: &gamma;-glutamyl cycle	0.0000000000
PWY-4041: &gamma;-glutamyl cycle|unclassified	0.0000000000
PWY-4041: &gamma;-glutamyl cycle|g__Streptococcus.s__Streptococcus_thermophilus	0.0504119410
PWY-4041: &gamma;-glutamyl cycle|g__Streptococcus.s__Streptococcus_pneumoniae	0.2539432918
PWY-4041: &gamma;-glutamyl cycle|g__Streptococcus.s__Streptococcus_equinus	0.1536752831
PWY-6126: superpathway of adenosine nucleotides de novo biosynthesis II	0.0000000000
PWY-6126: superpathway of adenosine nucleotides de novo biosynthesis II|g__Streptococcus.s__Streptococcus_thermophilus	0.4136330910
PWY-6126: superpathway of adenosine nucleotides de novo biosynthesis II|g__Eggerthella.s__Eggerthella_lenta	0.8496682796
PWY-6126: superpathway of adenosine nucleotides de novo biosynthesis II|unclassified	0.0000000000
PWY-7400: L-arginine biosynthesis IV (archaebacteria)	0.0000000000
PWY-7400: L-arginine biosynthesis IV (archaebacteria)|unclassified	0.0000000000
PWY-2941: L-lysine biosynthesis II	0.0000000000
PWY-2941: L-lysine biosynthesis II|unclassified	0.0000000000
PWY-2941: L-lysine biosynthesis II|g__Streptococcus.s__Streptococcus_thermophilus	0.0331324990
PWY-7328: superpathway of UDP-glucose-derived O-antigen building blocks biosynthesis	0.0000000000
PWY-7328: superpathway of UDP-glucose-derived O-antigen building blocks biosynthesis|unclassified	0.0000000000
PWY-7761: NAD salvage pathway II (PNC IV cycle)	0.0000000000
PWY-7761: NAD salvage pathway II (PNC IV cycle)|unclassified	0.0000000000
PWY-7228: superpathway of guanosine nucleotides de novo biosynthesis I	0.0000000000
PWY-7228: superpathway of guanosine nucleotides de novo biosynthesis I|g__Streptococcus.s__Streptococcus_thermophilus	0.5198352747
PWY-7228: superpathway of guanosine nucleotides de novo biosynthesis I|g__Eggerthella.s__Eggerthella_lenta	0.9800221818
PWY-7228: superpathway of guanosine nucleotides de novo biosynthesis I|unclassified	0.0000000000
PWY-7228: superpathway of guanosine nucleotides de novo biosynthesis I|g__Streptococcus.s__Streptococcus_vestibularis	0.3076236230
PWY-8131: 5'-deoxyadenosine degradation II	0.0000000000
PWY-8131: 5'-deoxyadenosine degradation II|unclassified	0.0000000000
PWY0-1297: superpathway of purine deoxyribonucleosides degradation	0.0000000000
PWY0-1297: superpathway of purine deoxyribonucleosides degradation|g__Streptococcus.s__Streptococcus_thermophilus	0.4201461014
PWY0-1297: superpathway of purine deoxyribonucleosides degradation|g__Blautia.s__Blautia_sp_N6H1_15	0.5598968905
PWY1ZNC-1: assimilatory sulfate reduction IV	0.0000000000
PWY-6125: superpathway of guanosine nucleotides de novo biosynthesis II	0.0000000000
PWY-6125: superpathway of guanosine nucleotides de novo biosynthesis II|g__Streptococcus.s__Streptococcus_thermophilus	0.4076761589
PWY-6125: superpathway of guanosine nucleotides de novo biosynthesis II|g__Eggerthella.s__Eggerthella_lenta	0.0110748061
PWY-6125: superpathway of guanosine nucleotides de novo biosynthesis II|unclassified	0.0000000000
PWY-5981: CDP-diacylglycerol biosynthesis III	0.0000000000
PWY-5981: CDP-diacylglycerol biosynthesis III|unclassified	0.0000000000
PWY-5981: CDP-diacylglycerol biosynthesis III|g__Streptococcus.s__Streptococcus_thermophilus	0.2285176120
COLANSYN-PWY: colanic acid building blocks biosynthesis	0.0000000000
COLANSYN-PWY: colanic acid building blocks biosynthesis|unclassified	0.0000000000
PWY-8187: L-arginine degradation XIII (reductive Stickland reaction)	0.0000000000
PWY-8187: L-arginine degradation XIII (reductive Stickland reaction)|unclassified	0.0000000000
PWY-8187: L-arginine degradation XIII (reductive Stickland reaction)|g__Eggerthella.s__Eggerthella_lenta	0.3799078088
PWY-7117: C4 photosynthetic carbon assimilation cycle, PEPCK type	0.0000000000
PWY-7234: inosine-5'-phosphate biosynthesis III	0.0000000000
PWY-7234: inosine-5'-phosphate biosynthesis III|g__Streptococcus.s__Streptococcus_thermophilus	0.5429722231
PWY-7234: inosine-5'-phosphate biosynthesis III|g__Streptococcus.s__Streptococcus_parasanguinis	0.3741842531
PWY-5659: GDP-mannose biosynthesis	0.0000000000
PWY-5659: GDP-mannose biosynthesis|unclassified	0.0000000000
PWY-5659: GDP-mannose biosynthesis|g__Streptococcus.s__Streptococcus_thermophilus	0.0051127788
PWY-5659: GDP-mannose biosynthesis|g__Roseburia.s__Roseburia_intestinalis	0.3238967145
PWY-241: C4 photosynthetic carbon assimilation cycle, NADP-ME type	0.0000000000
P441-PWY: superpathway of N-acetylneuraminate degradation	0.0000000000
PWY-7220: adenosine deoxyribonucleotides de novo biosynthesis II	0.0000000000
PWY-7220: adenosine deoxyribonucleotides de novo biosynthesis II|g__Eggerthella.s__Eggerthella_lenta	0.9986126375
PWY-7220: adenosine deoxyribonucleotides de novo biosynthesis II|g__Streptococcus.s__Streptococcus_thermophilus	0.4481131315
PWY-7220: adenosine deoxyribonucleotides de novo biosynthesis II|unclassified	0.0000000000
PWY-7220: adenosine deoxyribonucleotides de novo biosynthesis II|g__Streptococcus.s__Streptococcus_vestibularis	0.3884944900
PWY-7222: guanosine deoxyribonucleotides de novo biosynthesis II	0.0000000000
PWY-7222: guanosine deoxyribonucleotides de novo biosynthesis II|g__Eggerthella.s__Eggerthella_lenta	0.9986126375
PWY-7222: guanosine deoxyribonucleotides de novo biosynthesis II|g__Streptococcus.s__Streptococcus_thermophilus	0.4481131315
PWY-7222: guanosine deoxyribonucleotides de novo biosynthesis II|unclassified	0.0000000000
PWY-7222: guanosine deoxyribonucleotides de novo biosynthesis II|g__Streptococcus.s__Streptococcus_vestibularis	0.3884944900
PWY-7197: pyrimidine deoxyribonucleotide phosphorylation	0.0000000000
PWY-7197: pyrimidine deoxyribonucleotide phosphorylation|g__Streptococcus.s__Streptococcus_thermophilus	0.0708739748
PWY-7197: pyrimidine deoxyribonucleotide phosphorylation|g__Eggerthella.s__Eggerthella_lenta	0.3596122869
PWY-7197: pyrimidine deoxyribonucleotide phosphorylation|unclassified	0.0000000000
PYRIDNUCSAL-PWY: NAD salvage pathway I (PNC VI cycle)	0.0000000000
PWY66-399: gluconeogenesis III	0.0000000000
PWY66-399: gluconeogenesis III|unclassified	0.0000000000
PWY-7282: 4-amino-2-methyl-5-diphosphomethylpyrimidine biosynthesis II	0.0000000000
PWY-7282: 4-amino-2-methyl-5-diphosphomethylpyrimidine biosynthesis II|unclassified	0.0000000000
PWY-6902: chitin degradation II (Vibrio)	0.0000000000
PWY-6902: chitin degradation II (Vibrio)|unclassified	0.0000000000
PWY-6292: superpathway of L-cysteine biosynthesis (mammalian)	0.0000000000
PWY-6292: superpathway of L-cysteine biosynthesis (mammalian)|unclassified	0.0000000000
PWY3O-4107: NAD salvage pathway V (PNC V cycle)	0.0000000000
PWY-6147: 6-hydroxymethyl-dihydropterin diphosphate biosynthesis I	0.0000000000
PWY-6147: 6-hydroxymethyl-dihydropterin diphosphate biosynthesis I|g__Streptococcus.s__Streptococcus_thermophilus	0.7963501324
PWY-5973: cis-vaccenate biosynthesis	0.0000000000
PWY-5973: cis-vaccenate biosynthesis|unclassified	0.0000000000
PWY-5265: peptidoglycan biosynthesis II (staphylococci)	0.0000000000
PWY-6549: L-glutamine biosynthesis III	0.0000000000
HEMESYN2-PWY: heme b biosynthesis II (oxygen-independent)	0.0000000000
PWY-7198: pyrimidine deoxyribonucleotides de novo biosynthesis IV	0.0000000000
PWY-7663: gondoate biosynthesis (anaerobic)	0.0000000000
PWY-7663: gondoate biosynthesis (anaerobic)|unclassified	0.0000000000
PWY-7383: anaerobic energy metabolism (invertebrates, cytosol)	0.0000000000
PWY-7383: anaerobic energy metabolism (invertebrates, cytosol)|unclassified	0.0000000000
FERMENTATION-PWY: mixed acid fermentation	0.0000000000
FERMENTATION-PWY: mixed acid fermentation|unclassified	0.0000000000
HISDEG-PWY: L-histidine degradation I	0.0000000000
HISDEG-PWY: L-histidine degradation I|g__Blautia.s__Blautia_hansenii	0.4841291275
HISDEG-PWY: L-histidine degradation I|g__Blautia.s__Blautia_sp_N6H1_15	0.3292868550
PWY-7356: thiamine diphosphate salvage IV (yeast)	0.0000000000
PWY-7356: thiamine diphosphate salvage IV (yeast)|unclassified	0.0000000000
PWY0-1261: anhydromuropeptides recycling I	0.0000000000
PWY0-1261: anhydromuropeptides recycling I|unclassified	0.0000000000
PWY-6895: superpathway of thiamine diphosphate biosynthesis II	0.0000000000
PWY-6895: superpathway of thiamine diphosphate biosynthesis II|unclassified	0.0000000000
PWY0-1298: superpathway of pyrimidine deoxyribonucleosides degradation	0.0000000000
PWY-6293: superpathway of L-cysteine biosynthesis (fungi)	0.0000000000
P124-PWY: Bifidobacterium shunt	0.0000000000
P124-PWY: Bifidobacterium shunt|unclassified	0.0000000000
P125-PWY: superpathway of (R,R)-butanediol biosynthesis	0.0000000000
P125-PWY: superpathway of (R,R)-butanediol biosynthesis|g__Streptococcus.s__Streptococcus_thermophilus	0.0092430365
PWY-5913: partial TCA cycle (obligate autotrophs)	0.0000000000
PWY0-1477: ethanolamine utilization	0.0000000000
PWY4LZ-257: superpathway of fermentation (Chlamydomonas reinhardtii)	0.0000000000
PWY-6590: superpathway of Clostridium acetobutylicum acidogenic fermentation	0.0000000000
PWY0-845: superpathway of pyridoxal 5'-phosphate biosynthesis and salvage	0.0000000000
PWY0-845: superpathway of pyridoxal 5'-phosphate biosynthesis and salvage|unclassified	0.0000000000
PWY-5154: L-arginine biosynthesis III (via N-acetyl-L-citrulline)	0.0000000000
PWY-5154: L-arginine biosynthesis III (via N-acetyl-L-citrulline)|unclassified	0.0000000000
PWY-7392: taxadiene biosynthesis (engineered)	0.0000000000
PWY-5505: L-glutamate and L-glutamine biosynthesis	0.0000000000
PWY-6969: TCA cycle V (2-oxoglutarate synthase)	0.0000000000
PWY-6969: TCA cycle V (2-oxoglutarate synthase)|unclassified	0.0000000000
P161-PWY: acetylene degradation (anaerobic)	0.0000000000
FUCCAT-PWY: fucose degradation	0.0000000000
PWY-822: fructan biosynthesis	0.0000000000
PWY-822: fructan biosynthesis|g__Streptococcus.s__Streptococcus_thermophilus	0.0003342673
PWY-822: fructan biosynthesis|g__Streptococcus.s__Streptococcus_equinus	0.9349557940
PWY-822: fructan biosynthesis|g__Streptococcus.s__Streptococcus_pneumoniae	0.2806215319
PWY-822: fructan biosynthesis|g__Streptococcus.s__Streptococcus_salivarius	0.0474056717
PWY-801: homocysteine and cysteine interconversion	0.0000000000
CENTFERM-PWY: pyruvate fermentation to butanoate	0.0000000000
PWY-5690: TCA cycle II (plants and fungi)	0.0000000000
POLYISOPRENSYN-PWY: polyisoprenoid biosynthesis (E. coli)	0.0000000000
PWY-5030: L-histidine degradation III	0.0000000000
PYRIDOXSYN-PWY: pyridoxal 5'-phosphate biosynthesis I	0.0000000000
PYRIDOXSYN-PWY: pyridoxal 5'-phosphate biosynthesis I|unclassified	0.0000000000
ARGININE-SYN4-PWY: L-ornithine biosynthesis II	0.0000000000
GALACTARDEG-PWY: D-galactarate degradation I	0.0000000000
GLUCARGALACTSUPER-PWY: superpathway of D-glucarate and D-galactarate degradation	0.0000000000
GLUCARDEG-PWY: D-glucarate degradation I	0.0000000000
GLUDEG-I-PWY: GABA shunt	0.0000000000
PWY-5130: 2-oxobutanoate degradation I	0.0000000000
PWY-5130: 2-oxobutanoate degradation I|unclassified	0.0000000000
PWY0-1241: ADP-L-glycero-&beta;-D-manno-heptose biosynthesis	0.0000000000
PWY0-1241: ADP-L-glycero-&beta;-D-manno-heptose biosynthesis|unclassified	0.0000000000
PWY-5189: tetrapyrrole biosynthesis II (from glycine)	0.0000000000
PWY-5189: tetrapyrrole biosynthesis II (from glycine)|unclassified	0.0000000000
PWY-6859: all-trans-farnesol biosynthesis	0.0000000000
P105-PWY: TCA cycle IV (2-oxoglutarate decarboxylase)	0.0000000000
P105-PWY: TCA cycle IV (2-oxoglutarate decarboxylase)|unclassified	0.0000000000
PWY-1269: CMP-3-deoxy-D-manno-octulosonate biosynthesis	0.0000000000
PWY-1269: CMP-3-deoxy-D-manno-octulosonate biosynthesis|unclassified	0.0000000000
NAD-BIOSYNTHESIS-II: NAD salvage pathway III (to nicotinamide riboside)	0.0000000000