# Pathway	merged_NEP-15267075Week-4_S117_L002__kneaddata_paired_Coverage
UNMAPPED	1.0000000000
UNINTEGRATED	1.0000000000
UNINTEGRATED|g__Agathobaculum.s__Agathobaculum_butyriciproducens	1.0000000000
UNINTEGRATED|g__Anaerostipes.s__Anaerostipes_hadrus	1.0000000000
UNINTEGRATED|g__Asaccharobacter.s__Asaccharobacter_celatus	1.0000000000
UNINTEGRATED|g__Bacteroides.s__Bacteroides_cellulosilyticus	1.0000000000
UNINTEGRATED|g__Bacteroides.s__Bacteroides_dorei	1.0000000000
UNINTEGRATED|g__Bacteroides.s__Bacteroides_fragilis	1.0000000000
UNINTEGRATED|g__Bacteroides.s__Bacteroides_stercoris	1.0000000000
UNINTEGRATED|g__Bacteroides.s__Bacteroides_thetaiotaomicron	1.0000000000
UNINTEGRATED|g__Bacteroides.s__Bacteroides_vulgatus	1.0000000000
UNINTEGRATED|g__Bacteroides.s__Bacteroides_xylanisolvens	1.0000000000
UNINTEGRATED|g__Blautia.s__Blautia_hansenii	1.0000000000
UNINTEGRATED|g__Blautia.s__Blautia_obeum	1.0000000000
UNINTEGRATED|g__Blautia.s__Blautia_wexlerae	1.0000000000
UNINTEGRATED|g__Coprococcus.s__Coprococcus_catus	1.0000000000
UNINTEGRATED|g__Dorea.s__Dorea_formicigenerans	1.0000000000
UNINTEGRATED|g__Dorea.s__Dorea_longicatena	1.0000000000
UNINTEGRATED|g__Eggerthella.s__Eggerthella_lenta	1.0000000000
UNINTEGRATED|g__Erysipelatoclostridium.s__Clostridium_spiroforme	1.0000000000
UNINTEGRATED|g__Faecalibacterium.s__Faecalibacterium_prausnitzii	1.0000000000
UNINTEGRATED|g__Gemmiger.s__Gemmiger_formicilis	1.0000000000
UNINTEGRATED|g__Lachnoclostridium.s__Clostridium_scindens	1.0000000000
UNINTEGRATED|g__Lachnospiraceae_unclassified.s__Eubacterium_rectale	1.0000000000
UNINTEGRATED|g__Parabacteroides.s__Parabacteroides_merdae	1.0000000000
UNINTEGRATED|g__Streptococcus.s__Streptococcus_pneumoniae	1.0000000000
UNINTEGRATED|unclassified	1.0000000000
PWY-7238: sucrose biosynthesis II	1.0000000000
PWY-7238: sucrose biosynthesis II|unclassified	1.0000000000
PWY-7238: sucrose biosynthesis II|g__Lachnospiraceae_unclassified.s__Eubacterium_rectale	1.0000000000
PWY-7238: sucrose biosynthesis II|g__Blautia.s__Blautia_obeum	1.0000000000
PWY-7238: sucrose biosynthesis II|g__Blautia.s__Blautia_wexlerae	0.9957547401
PWY-7238: sucrose biosynthesis II|g__Anaerostipes.s__Anaerostipes_hadrus	0.8342379195
PWY-7238: sucrose biosynthesis II|g__Dorea.s__Dorea_longicatena	0.9998074337
PWY-7238: sucrose biosynthesis II|g__Dorea.s__Dorea_formicigenerans	0.9850849633
PWY-7238: sucrose biosynthesis II|g__Blautia.s__Blautia_hansenii	0.6736674872
PWY-7238: sucrose biosynthesis II|g__Faecalibacterium.s__Faecalibacterium_prausnitzii	0.7909777764
PWY-7238: sucrose biosynthesis II|g__Gemmiger.s__Gemmiger_formicilis	0.0363411614
PWY-7238: sucrose biosynthesis II|g__Bacteroides.s__Bacteroides_stercoris	0.1128057785
PWY-5941: glycogen degradation II	1.0000000000
PWY-5941: glycogen degradation II|unclassified	0.9985320581
PWY-5941: glycogen degradation II|g__Blautia.s__Blautia_obeum	0.9999634191
PWY-5941: glycogen degradation II|g__Blautia.s__Blautia_wexlerae	0.9971162809
PWY-5941: glycogen degradation II|g__Anaerostipes.s__Anaerostipes_hadrus	0.8733341481
PWY-5941: glycogen degradation II|g__Dorea.s__Dorea_longicatena	0.6803344096
PWY-5941: glycogen degradation II|g__Dorea.s__Dorea_formicigenerans	0.4832395119
PWY-5941: glycogen degradation II|g__Faecalibacterium.s__Faecalibacterium_prausnitzii	0.7577375083
GLYCOGENSYNTH-PWY: glycogen biosynthesis I (from ADP-D-Glucose)	1.0000000000
GLYCOGENSYNTH-PWY: glycogen biosynthesis I (from ADP-D-Glucose)|unclassified	1.0000000000
GLYCOGENSYNTH-PWY: glycogen biosynthesis I (from ADP-D-Glucose)|g__Blautia.s__Blautia_obeum	0.9999894524
GLYCOGENSYNTH-PWY: glycogen biosynthesis I (from ADP-D-Glucose)|g__Blautia.s__Blautia_wexlerae	0.9998505633
GLYCOGENSYNTH-PWY: glycogen biosynthesis I (from ADP-D-Glucose)|g__Lachnospiraceae_unclassified.s__Eubacterium_rectale	0.6544395462
GLYCOGENSYNTH-PWY: glycogen biosynthesis I (from ADP-D-Glucose)|g__Anaerostipes.s__Anaerostipes_hadrus	0.9999777798
GLYCOGENSYNTH-PWY: glycogen biosynthesis I (from ADP-D-Glucose)|g__Dorea.s__Dorea_longicatena	0.9854995820
GLYCOGENSYNTH-PWY: glycogen biosynthesis I (from ADP-D-Glucose)|g__Dorea.s__Dorea_formicigenerans	0.8007331607
GLYCOGENSYNTH-PWY: glycogen biosynthesis I (from ADP-D-Glucose)|g__Gemmiger.s__Gemmiger_formicilis	0.4030155813
GLYCOGENSYNTH-PWY: glycogen biosynthesis I (from ADP-D-Glucose)|g__Blautia.s__Blautia_hansenii	0.1594225503
GLYCOGENSYNTH-PWY: glycogen biosynthesis I (from ADP-D-Glucose)|g__Faecalibacterium.s__Faecalibacterium_prausnitzii	0.6976473643
PWY-1042: glycolysis IV	0.9999998432
PWY-1042: glycolysis IV|unclassified	0.9395899475
PWY-1042: glycolysis IV|g__Lachnospiraceae_unclassified.s__Eubacterium_rectale	0.7659442587
PWY-1042: glycolysis IV|g__Anaerostipes.s__Anaerostipes_hadrus	0.5889552293
PWY-1042: glycolysis IV|g__Blautia.s__Blautia_wexlerae	0.0000000000
PWY-1042: glycolysis IV|g__Dorea.s__Dorea_longicatena	0.7836612927
PWY-1042: glycolysis IV|g__Blautia.s__Blautia_obeum	0.0000000000
DTDPRHAMSYN-PWY: dTDP-&beta;-L-rhamnose biosynthesis	1.0000000000
DTDPRHAMSYN-PWY: dTDP-&beta;-L-rhamnose biosynthesis|unclassified	1.0000000000
DTDPRHAMSYN-PWY: dTDP-&beta;-L-rhamnose biosynthesis|g__Blautia.s__Blautia_wexlerae	0.9999997631
DTDPRHAMSYN-PWY: dTDP-&beta;-L-rhamnose biosynthesis|g__Blautia.s__Blautia_obeum	0.9999997425
DTDPRHAMSYN-PWY: dTDP-&beta;-L-rhamnose biosynthesis|g__Lachnospiraceae_unclassified.s__Eubacterium_rectale	0.7998878393
DTDPRHAMSYN-PWY: dTDP-&beta;-L-rhamnose biosynthesis|g__Anaerostipes.s__Anaerostipes_hadrus	0.1345385716
DTDPRHAMSYN-PWY: dTDP-&beta;-L-rhamnose biosynthesis|g__Dorea.s__Dorea_longicatena	0.0617125217
DTDPRHAMSYN-PWY: dTDP-&beta;-L-rhamnose biosynthesis|g__Gemmiger.s__Gemmiger_formicilis	0.4853652682
DTDPRHAMSYN-PWY: dTDP-&beta;-L-rhamnose biosynthesis|g__Erysipelatoclostridium.s__Clostridium_spiroforme	0.8853028894
DTDPRHAMSYN-PWY: dTDP-&beta;-L-rhamnose biosynthesis|g__Dorea.s__Dorea_formicigenerans	0.6875259237
DTDPRHAMSYN-PWY: dTDP-&beta;-L-rhamnose biosynthesis|g__Faecalibacterium.s__Faecalibacterium_prausnitzii	0.8714355921
DTDPRHAMSYN-PWY: dTDP-&beta;-L-rhamnose biosynthesis|g__Bacteroides.s__Bacteroides_vulgatus	0.3992203504
DTDPRHAMSYN-PWY: dTDP-&beta;-L-rhamnose biosynthesis|g__Lachnoclostridium.s__Clostridium_scindens	0.7740231713
DTDPRHAMSYN-PWY: dTDP-&beta;-L-rhamnose biosynthesis|g__Bacteroides.s__Bacteroides_stercoris	0.5637375098
DTDPRHAMSYN-PWY: dTDP-&beta;-L-rhamnose biosynthesis|g__Bacteroides.s__Bacteroides_dorei	0.6049829073
DTDPRHAMSYN-PWY: dTDP-&beta;-L-rhamnose biosynthesis|g__Coprococcus.s__Coprococcus_catus	0.4915590468
PWY-8178: pentose phosphate pathway (non-oxidative branch) II	1.0000000000
PWY-8178: pentose phosphate pathway (non-oxidative branch) II|unclassified	0.9999999999
PWY-8178: pentose phosphate pathway (non-oxidative branch) II|g__Blautia.s__Blautia_wexlerae	0.3302681787
PWY-8178: pentose phosphate pathway (non-oxidative branch) II|g__Lachnospiraceae_unclassified.s__Eubacterium_rectale	0.7129187295
PWY-8178: pentose phosphate pathway (non-oxidative branch) II|g__Anaerostipes.s__Anaerostipes_hadrus	0.4533003326
PWY-8178: pentose phosphate pathway (non-oxidative branch) II|g__Blautia.s__Blautia_obeum	0.0000000000
CALVIN-PWY: Calvin-Benson-Bassham cycle	1.0000000000
CALVIN-PWY: Calvin-Benson-Bassham cycle|unclassified	0.9632416302
CALVIN-PWY: Calvin-Benson-Bassham cycle|g__Blautia.s__Blautia_wexlerae	0.0190304888
CALVIN-PWY: Calvin-Benson-Bassham cycle|g__Lachnospiraceae_unclassified.s__Eubacterium_rectale	0.7657817153
CALVIN-PWY: Calvin-Benson-Bassham cycle|g__Anaerostipes.s__Anaerostipes_hadrus	0.1872333527
CALVIN-PWY: Calvin-Benson-Bassham cycle|g__Blautia.s__Blautia_obeum	0.0000000000
PWY-6609: adenine and adenosine salvage III	1.0000000000
PWY-6609: adenine and adenosine salvage III|unclassified	1.0000000000
PWY-6609: adenine and adenosine salvage III|g__Lachnospiraceae_unclassified.s__Eubacterium_rectale	0.2763203806
PWY-6609: adenine and adenosine salvage III|g__Blautia.s__Blautia_wexlerae	0.2241816226
PWY-6609: adenine and adenosine salvage III|g__Anaerostipes.s__Anaerostipes_hadrus	0.9988361883
PWY-6609: adenine and adenosine salvage III|g__Blautia.s__Blautia_obeum	0.0000000000
PWY-6609: adenine and adenosine salvage III|g__Dorea.s__Dorea_longicatena	0.0437677275
PWY-6609: adenine and adenosine salvage III|g__Dorea.s__Dorea_formicigenerans	0.9238438745
PWY-6609: adenine and adenosine salvage III|g__Asaccharobacter.s__Asaccharobacter_celatus	0.5138748025
PWY-6609: adenine and adenosine salvage III|g__Bacteroides.s__Bacteroides_stercoris	0.1833628398
PWY-6609: adenine and adenosine salvage III|g__Bacteroides.s__Bacteroides_xylanisolvens	0.7600079544
PWY-6609: adenine and adenosine salvage III|g__Bacteroides.s__Bacteroides_fragilis	0.2700173484
NONOXIPENT-PWY: pentose phosphate pathway (non-oxidative branch) I	1.0000000000
NONOXIPENT-PWY: pentose phosphate pathway (non-oxidative branch) I|unclassified	1.0000000000
NONOXIPENT-PWY: pentose phosphate pathway (non-oxidative branch) I|g__Lachnospiraceae_unclassified.s__Eubacterium_rectale	0.9818309678
NONOXIPENT-PWY: pentose phosphate pathway (non-oxidative branch) I|g__Blautia.s__Blautia_wexlerae	0.0982424484
NONOXIPENT-PWY: pentose phosphate pathway (non-oxidative branch) I|g__Anaerostipes.s__Anaerostipes_hadrus	0.3987950521
NONOXIPENT-PWY: pentose phosphate pathway (non-oxidative branch) I|g__Blautia.s__Blautia_obeum	0.0000000000
PWY-6163: chorismate biosynthesis from 3-dehydroquinate	1.0000000000
PWY-6163: chorismate biosynthesis from 3-dehydroquinate|unclassified	0.9998096892
PWY-6163: chorismate biosynthesis from 3-dehydroquinate|g__Blautia.s__Blautia_obeum	0.9433138370
PWY-6163: chorismate biosynthesis from 3-dehydroquinate|g__Lachnospiraceae_unclassified.s__Eubacterium_rectale	0.0919589301
PWY-6163: chorismate biosynthesis from 3-dehydroquinate|g__Blautia.s__Blautia_wexlerae	0.0000000000
PWY-6163: chorismate biosynthesis from 3-dehydroquinate|g__Anaerostipes.s__Anaerostipes_hadrus	0.5693161827
PWY-6163: chorismate biosynthesis from 3-dehydroquinate|g__Dorea.s__Dorea_longicatena	0.0000000000
PWY-6163: chorismate biosynthesis from 3-dehydroquinate|g__Dorea.s__Dorea_formicigenerans	0.4322874905
PWY-6163: chorismate biosynthesis from 3-dehydroquinate|g__Asaccharobacter.s__Asaccharobacter_celatus	0.7225510363
PWY-6163: chorismate biosynthesis from 3-dehydroquinate|g__Blautia.s__Blautia_hansenii	0.0598613571
PWY-6163: chorismate biosynthesis from 3-dehydroquinate|g__Bacteroides.s__Bacteroides_vulgatus	0.4059853736
PWY-6163: chorismate biosynthesis from 3-dehydroquinate|g__Bacteroides.s__Bacteroides_stercoris	0.6659213940
PWY-6163: chorismate biosynthesis from 3-dehydroquinate|g__Parabacteroides.s__Parabacteroides_merdae	0.5390863393
PWY-6163: chorismate biosynthesis from 3-dehydroquinate|g__Bacteroides.s__Bacteroides_dorei	0.2064792992
PWY0-1296: purine ribonucleosides degradation	1.0000000000
PWY0-1296: purine ribonucleosides degradation|unclassified	0.8405043370
PWY0-1296: purine ribonucleosides degradation|g__Blautia.s__Blautia_obeum	0.9999991716
PWY0-1296: purine ribonucleosides degradation|g__Lachnospiraceae_unclassified.s__Eubacterium_rectale	0.2911838453
PWY0-1296: purine ribonucleosides degradation|g__Blautia.s__Blautia_wexlerae	0.2433792768
PWY0-1296: purine ribonucleosides degradation|g__Anaerostipes.s__Anaerostipes_hadrus	0.0305858579
PWY0-1296: purine ribonucleosides degradation|g__Dorea.s__Dorea_longicatena	0.0489707953
PWY0-1296: purine ribonucleosides degradation|g__Dorea.s__Dorea_formicigenerans	0.4765023805
PWY0-1296: purine ribonucleosides degradation|g__Faecalibacterium.s__Faecalibacterium_prausnitzii	0.4270081799
PWY-6527: stachyose degradation	0.9999999965
PWY-6527: stachyose degradation|unclassified	0.0556175259
PWY-6527: stachyose degradation|g__Blautia.s__Blautia_obeum	0.9973007419
PWY-6527: stachyose degradation|g__Blautia.s__Blautia_wexlerae	0.7143147652
PWY-6527: stachyose degradation|g__Lachnospiraceae_unclassified.s__Eubacterium_rectale	0.0000000000
PWY-6527: stachyose degradation|g__Dorea.s__Dorea_longicatena	0.0910798836
PWY-6527: stachyose degradation|g__Blautia.s__Blautia_hansenii	0.1831898359
PWY-6386: UDP-N-acetylmuramoyl-pentapeptide biosynthesis II (lysine-containing)	1.0000000000
PWY-6386: UDP-N-acetylmuramoyl-pentapeptide biosynthesis II (lysine-containing)|unclassified	0.9999999558
PWY-6386: UDP-N-acetylmuramoyl-pentapeptide biosynthesis II (lysine-containing)|g__Lachnospiraceae_unclassified.s__Eubacterium_rectale	0.0163054592
PWY-6386: UDP-N-acetylmuramoyl-pentapeptide biosynthesis II (lysine-containing)|g__Blautia.s__Blautia_wexlerae	0.0000008205
PWY-6386: UDP-N-acetylmuramoyl-pentapeptide biosynthesis II (lysine-containing)|g__Blautia.s__Blautia_obeum	0.0889290764
PWY-6386: UDP-N-acetylmuramoyl-pentapeptide biosynthesis II (lysine-containing)|g__Anaerostipes.s__Anaerostipes_hadrus	0.3051404893
PWY-6386: UDP-N-acetylmuramoyl-pentapeptide biosynthesis II (lysine-containing)|g__Dorea.s__Dorea_longicatena	0.0921629232
PWY-6386: UDP-N-acetylmuramoyl-pentapeptide biosynthesis II (lysine-containing)|g__Dorea.s__Dorea_formicigenerans	0.1565512112
PWY-6386: UDP-N-acetylmuramoyl-pentapeptide biosynthesis II (lysine-containing)|g__Bacteroides.s__Bacteroides_vulgatus	0.2696508748
PWY-6386: UDP-N-acetylmuramoyl-pentapeptide biosynthesis II (lysine-containing)|g__Bacteroides.s__Bacteroides_dorei	0.3177794790
ANAGLYCOLYSIS-PWY: glycolysis III (from glucose)	0.9999997387
ANAGLYCOLYSIS-PWY: glycolysis III (from glucose)|unclassified	0.0000000000
ANAGLYCOLYSIS-PWY: glycolysis III (from glucose)|g__Lachnospiraceae_unclassified.s__Eubacterium_rectale	0.2600819479
ANAGLYCOLYSIS-PWY: glycolysis III (from glucose)|g__Anaerostipes.s__Anaerostipes_hadrus	0.4622774189
ANAGLYCOLYSIS-PWY: glycolysis III (from glucose)|g__Blautia.s__Blautia_wexlerae	0.0000000000
ANAGLYCOLYSIS-PWY: glycolysis III (from glucose)|g__Blautia.s__Blautia_obeum	0.0000000000
ANAGLYCOLYSIS-PWY: glycolysis III (from glucose)|g__Dorea.s__Dorea_longicatena	0.0000000011
ARO-PWY: chorismate biosynthesis I	1.0000000000
ARO-PWY: chorismate biosynthesis I|unclassified	0.9927582454
ARO-PWY: chorismate biosynthesis I|g__Blautia.s__Blautia_obeum	0.4638354006
ARO-PWY: chorismate biosynthesis I|g__Lachnospiraceae_unclassified.s__Eubacterium_rectale	0.1147355317
ARO-PWY: chorismate biosynthesis I|g__Anaerostipes.s__Anaerostipes_hadrus	0.5869678627
ARO-PWY: chorismate biosynthesis I|g__Blautia.s__Blautia_wexlerae	0.0000000000
ARO-PWY: chorismate biosynthesis I|g__Dorea.s__Dorea_longicatena	0.0000000000
ARO-PWY: chorismate biosynthesis I|g__Dorea.s__Dorea_formicigenerans	0.5137812306
ARO-PWY: chorismate biosynthesis I|g__Bacteroides.s__Bacteroides_vulgatus	0.2700067235
ARO-PWY: chorismate biosynthesis I|g__Blautia.s__Blautia_hansenii	0.0327692335
PWY-7221: guanosine ribonucleotides de novo biosynthesis	1.0000000000
PWY-7221: guanosine ribonucleotides de novo biosynthesis|unclassified	0.9939143556
PWY-7221: guanosine ribonucleotides de novo biosynthesis|g__Blautia.s__Blautia_wexlerae	0.9999999948
PWY-7221: guanosine ribonucleotides de novo biosynthesis|g__Lachnospiraceae_unclassified.s__Eubacterium_rectale	0.4317595248
PWY-7221: guanosine ribonucleotides de novo biosynthesis|g__Blautia.s__Blautia_obeum	0.0000000000
PWY-7221: guanosine ribonucleotides de novo biosynthesis|g__Anaerostipes.s__Anaerostipes_hadrus	0.0000725715
PWY-7221: guanosine ribonucleotides de novo biosynthesis|g__Dorea.s__Dorea_longicatena	0.6906450928
PWY-7221: guanosine ribonucleotides de novo biosynthesis|g__Blautia.s__Blautia_hansenii	0.8874312536
PWY-7221: guanosine ribonucleotides de novo biosynthesis|g__Dorea.s__Dorea_formicigenerans	0.4265943743
PWY-7221: guanosine ribonucleotides de novo biosynthesis|g__Erysipelatoclostridium.s__Clostridium_spiroforme	0.7764971518
PWY-7221: guanosine ribonucleotides de novo biosynthesis|g__Asaccharobacter.s__Asaccharobacter_celatus	0.7523740542
PWY-7221: guanosine ribonucleotides de novo biosynthesis|g__Bacteroides.s__Bacteroides_vulgatus	0.4359395968
PWY-7221: guanosine ribonucleotides de novo biosynthesis|g__Faecalibacterium.s__Faecalibacterium_prausnitzii	0.4739026992
PWY-7221: guanosine ribonucleotides de novo biosynthesis|g__Bacteroides.s__Bacteroides_thetaiotaomicron	0.5143443561
PWY-7221: guanosine ribonucleotides de novo biosynthesis|g__Bacteroides.s__Bacteroides_fragilis	0.4149761347
PWY-7221: guanosine ribonucleotides de novo biosynthesis|g__Bacteroides.s__Bacteroides_dorei	0.1590631429
VALSYN-PWY: L-valine biosynthesis	1.0000000000
VALSYN-PWY: L-valine biosynthesis|unclassified	0.9934465327
VALSYN-PWY: L-valine biosynthesis|g__Blautia.s__Blautia_obeum	0.9997664875
VALSYN-PWY: L-valine biosynthesis|g__Lachnospiraceae_unclassified.s__Eubacterium_rectale	0.3475331144
VALSYN-PWY: L-valine biosynthesis|g__Blautia.s__Blautia_wexlerae	0.0022463522
VALSYN-PWY: L-valine biosynthesis|g__Anaerostipes.s__Anaerostipes_hadrus	0.0214652226
VALSYN-PWY: L-valine biosynthesis|g__Dorea.s__Dorea_longicatena	0.0105219204
VALSYN-PWY: L-valine biosynthesis|g__Gemmiger.s__Gemmiger_formicilis	0.6688669652
VALSYN-PWY: L-valine biosynthesis|g__Blautia.s__Blautia_hansenii	0.7807429126
VALSYN-PWY: L-valine biosynthesis|g__Dorea.s__Dorea_formicigenerans	0.7694244010
VALSYN-PWY: L-valine biosynthesis|g__Faecalibacterium.s__Faecalibacterium_prausnitzii	0.6472732961
VALSYN-PWY: L-valine biosynthesis|g__Asaccharobacter.s__Asaccharobacter_celatus	0.3860127433
VALSYN-PWY: L-valine biosynthesis|g__Bacteroides.s__Bacteroides_vulgatus	0.1036359869
VALSYN-PWY: L-valine biosynthesis|g__Bacteroides.s__Bacteroides_thetaiotaomicron	0.9153361852
VALSYN-PWY: L-valine biosynthesis|g__Lachnoclostridium.s__Clostridium_scindens	0.0553551566
VALSYN-PWY: L-valine biosynthesis|g__Bacteroides.s__Bacteroides_stercoris	0.0078645417
VALSYN-PWY: L-valine biosynthesis|g__Bacteroides.s__Bacteroides_xylanisolvens	0.4118037418
VALSYN-PWY: L-valine biosynthesis|g__Bacteroides.s__Bacteroides_fragilis	0.4750975164
VALSYN-PWY: L-valine biosynthesis|g__Bacteroides.s__Bacteroides_dorei	0.0911087856
PWY-5097: L-lysine biosynthesis VI	1.0000000000
PWY-5097: L-lysine biosynthesis VI|unclassified	0.8629157111
PWY-5097: L-lysine biosynthesis VI|g__Blautia.s__Blautia_obeum	0.1553366851
PWY-5097: L-lysine biosynthesis VI|g__Blautia.s__Blautia_wexlerae	0.0000000000
PWY-5097: L-lysine biosynthesis VI|g__Anaerostipes.s__Anaerostipes_hadrus	0.0013667857
PWY-5097: L-lysine biosynthesis VI|g__Lachnospiraceae_unclassified.s__Eubacterium_rectale	0.0000000000
PWY-5097: L-lysine biosynthesis VI|g__Dorea.s__Dorea_longicatena	0.0646928112
PWY-5097: L-lysine biosynthesis VI|g__Dorea.s__Dorea_formicigenerans	0.3447573987
PWY-5097: L-lysine biosynthesis VI|g__Asaccharobacter.s__Asaccharobacter_celatus	0.1838368133
PWY-5097: L-lysine biosynthesis VI|g__Bacteroides.s__Bacteroides_vulgatus	0.0670222651
PWY-5097: L-lysine biosynthesis VI|g__Bacteroides.s__Bacteroides_dorei	0.3332881855
ARGSYNBSUB-PWY: L-arginine biosynthesis II (acetyl cycle)	1.0000000000
ARGSYNBSUB-PWY: L-arginine biosynthesis II (acetyl cycle)|unclassified	0.9999868835
ARGSYNBSUB-PWY: L-arginine biosynthesis II (acetyl cycle)|g__Blautia.s__Blautia_wexlerae	0.1303010838
ARGSYNBSUB-PWY: L-arginine biosynthesis II (acetyl cycle)|g__Lachnospiraceae_unclassified.s__Eubacterium_rectale	0.0882619905
ARGSYNBSUB-PWY: L-arginine biosynthesis II (acetyl cycle)|g__Anaerostipes.s__Anaerostipes_hadrus	0.0000182769
ARGSYNBSUB-PWY: L-arginine biosynthesis II (acetyl cycle)|g__Blautia.s__Blautia_obeum	0.0000000000
ARGSYNBSUB-PWY: L-arginine biosynthesis II (acetyl cycle)|g__Dorea.s__Dorea_longicatena	0.1979550018
ARGSYNBSUB-PWY: L-arginine biosynthesis II (acetyl cycle)|g__Dorea.s__Dorea_formicigenerans	0.5260114713
ARGSYNBSUB-PWY: L-arginine biosynthesis II (acetyl cycle)|g__Blautia.s__Blautia_hansenii	0.1488164669
ARGSYNBSUB-PWY: L-arginine biosynthesis II (acetyl cycle)|g__Faecalibacterium.s__Faecalibacterium_prausnitzii	0.1760029513
COMPLETE-ARO-PWY: superpathway of aromatic amino acid biosynthesis	0.9999999818
COMPLETE-ARO-PWY: superpathway of aromatic amino acid biosynthesis|unclassified	0.9910370297
COMPLETE-ARO-PWY: superpathway of aromatic amino acid biosynthesis|g__Blautia.s__Blautia_obeum	0.0000000024
COMPLETE-ARO-PWY: superpathway of aromatic amino acid biosynthesis|g__Lachnospiraceae_unclassified.s__Eubacterium_rectale	0.0119164938
COMPLETE-ARO-PWY: superpathway of aromatic amino acid biosynthesis|g__Anaerostipes.s__Anaerostipes_hadrus	0.0015327626
COMPLETE-ARO-PWY: superpathway of aromatic amino acid biosynthesis|g__Blautia.s__Blautia_wexlerae	0.0000000000
PWY-6387: UDP-N-acetylmuramoyl-pentapeptide biosynthesis I (meso-diaminopimelate containing)	1.0000000000
PWY-6387: UDP-N-acetylmuramoyl-pentapeptide biosynthesis I (meso-diaminopimelate containing)|unclassified	0.9999998939
PWY-6387: UDP-N-acetylmuramoyl-pentapeptide biosynthesis I (meso-diaminopimelate containing)|g__Blautia.s__Blautia_wexlerae	0.0786489030
PWY-6387: UDP-N-acetylmuramoyl-pentapeptide biosynthesis I (meso-diaminopimelate containing)|g__Blautia.s__Blautia_obeum	0.5458399133
PWY-6387: UDP-N-acetylmuramoyl-pentapeptide biosynthesis I (meso-diaminopimelate containing)|g__Lachnospiraceae_unclassified.s__Eubacterium_rectale	0.0259372555
PWY-6387: UDP-N-acetylmuramoyl-pentapeptide biosynthesis I (meso-diaminopimelate containing)|g__Anaerostipes.s__Anaerostipes_hadrus	0.1354876025
PWY-6387: UDP-N-acetylmuramoyl-pentapeptide biosynthesis I (meso-diaminopimelate containing)|g__Dorea.s__Dorea_longicatena	0.0877283500
PWY-6387: UDP-N-acetylmuramoyl-pentapeptide biosynthesis I (meso-diaminopimelate containing)|g__Dorea.s__Dorea_formicigenerans	0.3125046111
PWY-6387: UDP-N-acetylmuramoyl-pentapeptide biosynthesis I (meso-diaminopimelate containing)|g__Bacteroides.s__Bacteroides_vulgatus	0.2876229724
PWY-6387: UDP-N-acetylmuramoyl-pentapeptide biosynthesis I (meso-diaminopimelate containing)|g__Bacteroides.s__Bacteroides_dorei	0.4354005880
PEPTIDOGLYCANSYN-PWY: peptidoglycan biosynthesis I (meso-diaminopimelate containing)	1.0000000000
PEPTIDOGLYCANSYN-PWY: peptidoglycan biosynthesis I (meso-diaminopimelate containing)|unclassified	0.9999999144
PEPTIDOGLYCANSYN-PWY: peptidoglycan biosynthesis I (meso-diaminopimelate containing)|g__Blautia.s__Blautia_wexlerae	0.0088340152
PEPTIDOGLYCANSYN-PWY: peptidoglycan biosynthesis I (meso-diaminopimelate containing)|g__Blautia.s__Blautia_obeum	0.5774518666
PEPTIDOGLYCANSYN-PWY: peptidoglycan biosynthesis I (meso-diaminopimelate containing)|g__Lachnospiraceae_unclassified.s__Eubacterium_rectale	0.0062488417
PEPTIDOGLYCANSYN-PWY: peptidoglycan biosynthesis I (meso-diaminopimelate containing)|g__Anaerostipes.s__Anaerostipes_hadrus	0.1637200060
PEPTIDOGLYCANSYN-PWY: peptidoglycan biosynthesis I (meso-diaminopimelate containing)|g__Dorea.s__Dorea_longicatena	0.0976069342
PEPTIDOGLYCANSYN-PWY: peptidoglycan biosynthesis I (meso-diaminopimelate containing)|g__Dorea.s__Dorea_formicigenerans	0.3565286988
PEPTIDOGLYCANSYN-PWY: peptidoglycan biosynthesis I (meso-diaminopimelate containing)|g__Bacteroides.s__Bacteroides_vulgatus	0.2388443636
PEPTIDOGLYCANSYN-PWY: peptidoglycan biosynthesis I (meso-diaminopimelate containing)|g__Bacteroides.s__Bacteroides_dorei	0.3108133127
PWY-6385: peptidoglycan biosynthesis III (mycobacteria)	1.0000000000
PWY-6385: peptidoglycan biosynthesis III (mycobacteria)|unclassified	0.9997302641
PWY-6385: peptidoglycan biosynthesis III (mycobacteria)|g__Blautia.s__Blautia_obeum	0.0408903210
PWY-6385: peptidoglycan biosynthesis III (mycobacteria)|g__Lachnospiraceae_unclassified.s__Eubacterium_rectale	0.0062488417
PWY-6385: peptidoglycan biosynthesis III (mycobacteria)|g__Blautia.s__Blautia_wexlerae	0.0000008547
PWY-6385: peptidoglycan biosynthesis III (mycobacteria)|g__Anaerostipes.s__Anaerostipes_hadrus	0.1609640708
PWY-6385: peptidoglycan biosynthesis III (mycobacteria)|g__Dorea.s__Dorea_longicatena	0.0688273801
PWY-6385: peptidoglycan biosynthesis III (mycobacteria)|g__Dorea.s__Dorea_formicigenerans	0.1793203637
PWY-6385: peptidoglycan biosynthesis III (mycobacteria)|g__Bacteroides.s__Bacteroides_vulgatus	0.0879081881
PWY-6385: peptidoglycan biosynthesis III (mycobacteria)|g__Bacteroides.s__Bacteroides_dorei	0.3137538735
PWY-7953: UDP-N-acetylmuramoyl-pentapeptide biosynthesis III (meso-diaminopimelate containing)	1.0000000000
PWY-7953: UDP-N-acetylmuramoyl-pentapeptide biosynthesis III (meso-diaminopimelate containing)|unclassified	0.9996147631
PWY-7953: UDP-N-acetylmuramoyl-pentapeptide biosynthesis III (meso-diaminopimelate containing)|g__Blautia.s__Blautia_obeum	0.5140766580
PWY-7953: UDP-N-acetylmuramoyl-pentapeptide biosynthesis III (meso-diaminopimelate containing)|g__Lachnospiraceae_unclassified.s__Eubacterium_rectale	0.0227712341
PWY-7953: UDP-N-acetylmuramoyl-pentapeptide biosynthesis III (meso-diaminopimelate containing)|g__Blautia.s__Blautia_wexlerae	0.0000005983
PWY-7953: UDP-N-acetylmuramoyl-pentapeptide biosynthesis III (meso-diaminopimelate containing)|g__Anaerostipes.s__Anaerostipes_hadrus	0.0056887218
PWY-7953: UDP-N-acetylmuramoyl-pentapeptide biosynthesis III (meso-diaminopimelate containing)|g__Dorea.s__Dorea_longicatena	0.0505106712
PWY-7953: UDP-N-acetylmuramoyl-pentapeptide biosynthesis III (meso-diaminopimelate containing)|g__Dorea.s__Dorea_formicigenerans	0.1427400093
PWY-7953: UDP-N-acetylmuramoyl-pentapeptide biosynthesis III (meso-diaminopimelate containing)|g__Bacteroides.s__Bacteroides_vulgatus	0.2720024739
PWY-7953: UDP-N-acetylmuramoyl-pentapeptide biosynthesis III (meso-diaminopimelate containing)|g__Bacteroides.s__Bacteroides_dorei	0.2561603936
ILEUSYN-PWY: L-isoleucine biosynthesis I (from threonine)	0.9999991824
ILEUSYN-PWY: L-isoleucine biosynthesis I (from threonine)|unclassified	0.0502490178
ILEUSYN-PWY: L-isoleucine biosynthesis I (from threonine)|g__Lachnospiraceae_unclassified.s__Eubacterium_rectale	0.1507860205
ILEUSYN-PWY: L-isoleucine biosynthesis I (from threonine)|g__Blautia.s__Blautia_wexlerae	0.0000000000
ILEUSYN-PWY: L-isoleucine biosynthesis I (from threonine)|g__Anaerostipes.s__Anaerostipes_hadrus	0.0042690727
ILEUSYN-PWY: L-isoleucine biosynthesis I (from threonine)|g__Dorea.s__Dorea_longicatena	0.0000005921
ILEUSYN-PWY: L-isoleucine biosynthesis I (from threonine)|g__Blautia.s__Blautia_obeum	0.0000000000
ILEUSYN-PWY: L-isoleucine biosynthesis I (from threonine)|g__Blautia.s__Blautia_hansenii	0.6702303994
ILEUSYN-PWY: L-isoleucine biosynthesis I (from threonine)|g__Dorea.s__Dorea_formicigenerans	0.5407090116
ILEUSYN-PWY: L-isoleucine biosynthesis I (from threonine)|g__Bacteroides.s__Bacteroides_thetaiotaomicron	0.8382657473
ILEUSYN-PWY: L-isoleucine biosynthesis I (from threonine)|g__Bacteroides.s__Bacteroides_xylanisolvens	0.1288430732
ARGSYN-PWY: L-arginine biosynthesis I (via L-ornithine)	1.0000000000
ARGSYN-PWY: L-arginine biosynthesis I (via L-ornithine)|unclassified	0.9999604986
ARGSYN-PWY: L-arginine biosynthesis I (via L-ornithine)|g__Blautia.s__Blautia_wexlerae	0.0001895969
ARGSYN-PWY: L-arginine biosynthesis I (via L-ornithine)|g__Lachnospiraceae_unclassified.s__Eubacterium_rectale	0.0231241344
ARGSYN-PWY: L-arginine biosynthesis I (via L-ornithine)|g__Anaerostipes.s__Anaerostipes_hadrus	0.0000492735
ARGSYN-PWY: L-arginine biosynthesis I (via L-ornithine)|g__Dorea.s__Dorea_longicatena	0.0262228932
ARGSYN-PWY: L-arginine biosynthesis I (via L-ornithine)|g__Blautia.s__Blautia_obeum	0.0000000000
ARGSYN-PWY: L-arginine biosynthesis I (via L-ornithine)|g__Dorea.s__Dorea_formicigenerans	0.2483657138
ARGSYN-PWY: L-arginine biosynthesis I (via L-ornithine)|g__Blautia.s__Blautia_hansenii	0.0993478302
PWY-5686: UMP biosynthesis I	1.0000000000
PWY-5686: UMP biosynthesis I|unclassified	0.9819786959
PWY-5686: UMP biosynthesis I|g__Blautia.s__Blautia_wexlerae	0.0000344606
PWY-5686: UMP biosynthesis I|g__Lachnospiraceae_unclassified.s__Eubacterium_rectale	0.0678722156
PWY-5686: UMP biosynthesis I|g__Anaerostipes.s__Anaerostipes_hadrus	0.0156529162
PWY-5686: UMP biosynthesis I|g__Blautia.s__Blautia_obeum	0.0000000000
PWY-5686: UMP biosynthesis I|g__Dorea.s__Dorea_longicatena	0.0000306299
PWY-5686: UMP biosynthesis I|g__Gemmiger.s__Gemmiger_formicilis	0.0269648124
PWY-5686: UMP biosynthesis I|g__Dorea.s__Dorea_formicigenerans	0.1109641126
PWY-5686: UMP biosynthesis I|g__Blautia.s__Blautia_hansenii	0.0251860580
PWY-5686: UMP biosynthesis I|g__Bacteroides.s__Bacteroides_vulgatus	0.0872026599
PWY-7790: UMP biosynthesis II	1.0000000000
PWY-7790: UMP biosynthesis II|unclassified	0.9819786959
PWY-7790: UMP biosynthesis II|g__Blautia.s__Blautia_wexlerae	0.0000344606
PWY-7790: UMP biosynthesis II|g__Lachnospiraceae_unclassified.s__Eubacterium_rectale	0.0678722156
PWY-7790: UMP biosynthesis II|g__Anaerostipes.s__Anaerostipes_hadrus	0.0156529162
PWY-7790: UMP biosynthesis II|g__Blautia.s__Blautia_obeum	0.0000000000
PWY-7790: UMP biosynthesis II|g__Dorea.s__Dorea_longicatena	0.0000306299
PWY-7790: UMP biosynthesis II|g__Gemmiger.s__Gemmiger_formicilis	0.0269648124
PWY-7790: UMP biosynthesis II|g__Dorea.s__Dorea_formicigenerans	0.1109641126
PWY-7790: UMP biosynthesis II|g__Blautia.s__Blautia_hansenii	0.0251860580
PWY-7790: UMP biosynthesis II|g__Bacteroides.s__Bacteroides_vulgatus	0.0872026599
PWY-7790: UMP biosynthesis II|g__Bacteroides.s__Bacteroides_xylanisolvens	0.3627938291
PWY-7791: UMP biosynthesis III	1.0000000000
PWY-7791: UMP biosynthesis III|unclassified	0.9819786959
PWY-7791: UMP biosynthesis III|g__Blautia.s__Blautia_wexlerae	0.0000344606
PWY-7791: UMP biosynthesis III|g__Lachnospiraceae_unclassified.s__Eubacterium_rectale	0.0678722156
PWY-7791: UMP biosynthesis III|g__Anaerostipes.s__Anaerostipes_hadrus	0.0156529162
PWY-7791: UMP biosynthesis III|g__Blautia.s__Blautia_obeum	0.0000000000
PWY-7791: UMP biosynthesis III|g__Dorea.s__Dorea_longicatena	0.0000306299
PWY-7791: UMP biosynthesis III|g__Gemmiger.s__Gemmiger_formicilis	0.0269648124
PWY-7791: UMP biosynthesis III|g__Dorea.s__Dorea_formicigenerans	0.1109641126
PWY-7791: UMP biosynthesis III|g__Blautia.s__Blautia_hansenii	0.0251860580
PWY-7791: UMP biosynthesis III|g__Bacteroides.s__Bacteroides_vulgatus	0.1631885967
PWY-7791: UMP biosynthesis III|g__Bacteroides.s__Bacteroides_thetaiotaomicron	0.4606977189
PWY-7791: UMP biosynthesis III|g__Bacteroides.s__Bacteroides_xylanisolvens	0.3485857218
PWY-7357: thiamine phosphate formation from pyrithiamine and oxythiamine (yeast)	0.9999999593
PWY-7357: thiamine phosphate formation from pyrithiamine and oxythiamine (yeast)|unclassified	0.0018539939
PWY-7357: thiamine phosphate formation from pyrithiamine and oxythiamine (yeast)|g__Blautia.s__Blautia_obeum	0.4633839143
PWY-7357: thiamine phosphate formation from pyrithiamine and oxythiamine (yeast)|g__Lachnospiraceae_unclassified.s__Eubacterium_rectale	0.2272693581
PWY-7357: thiamine phosphate formation from pyrithiamine and oxythiamine (yeast)|g__Blautia.s__Blautia_wexlerae	0.0000000003
PWY-7357: thiamine phosphate formation from pyrithiamine and oxythiamine (yeast)|g__Anaerostipes.s__Anaerostipes_hadrus	0.0696158832
PWY-7357: thiamine phosphate formation from pyrithiamine and oxythiamine (yeast)|g__Dorea.s__Dorea_longicatena	0.4618423421
PWY-7357: thiamine phosphate formation from pyrithiamine and oxythiamine (yeast)|g__Dorea.s__Dorea_formicigenerans	0.9326168508
PWY-7357: thiamine phosphate formation from pyrithiamine and oxythiamine (yeast)|g__Asaccharobacter.s__Asaccharobacter_celatus	0.3082765610
PWY-7357: thiamine phosphate formation from pyrithiamine and oxythiamine (yeast)|g__Bacteroides.s__Bacteroides_xylanisolvens	0.9165543399
BRANCHED-CHAIN-AA-SYN-PWY: superpathway of branched chain amino acid biosynthesis	0.9999993459
BRANCHED-CHAIN-AA-SYN-PWY: superpathway of branched chain amino acid biosynthesis|unclassified	0.0422302714
BRANCHED-CHAIN-AA-SYN-PWY: superpathway of branched chain amino acid biosynthesis|g__Lachnospiraceae_unclassified.s__Eubacterium_rectale	0.1724808297
BRANCHED-CHAIN-AA-SYN-PWY: superpathway of branched chain amino acid biosynthesis|g__Blautia.s__Blautia_wexlerae	0.0000000000
BRANCHED-CHAIN-AA-SYN-PWY: superpathway of branched chain amino acid biosynthesis|g__Anaerostipes.s__Anaerostipes_hadrus	0.0050829458
BRANCHED-CHAIN-AA-SYN-PWY: superpathway of branched chain amino acid biosynthesis|g__Blautia.s__Blautia_obeum	0.0000000000
BRANCHED-CHAIN-AA-SYN-PWY: superpathway of branched chain amino acid biosynthesis|g__Dorea.s__Dorea_longicatena	0.0000007396
BRANCHED-CHAIN-AA-SYN-PWY: superpathway of branched chain amino acid biosynthesis|g__Blautia.s__Blautia_hansenii	0.5928324276
BRANCHED-CHAIN-AA-SYN-PWY: superpathway of branched chain amino acid biosynthesis|g__Dorea.s__Dorea_formicigenerans	0.2156120827
BRANCHED-CHAIN-AA-SYN-PWY: superpathway of branched chain amino acid biosynthesis|g__Bacteroides.s__Bacteroides_thetaiotaomicron	0.7974940193
BRANCHED-CHAIN-AA-SYN-PWY: superpathway of branched chain amino acid biosynthesis|g__Bacteroides.s__Bacteroides_xylanisolvens	0.1553044981
NONMEVIPP-PWY: methylerythritol phosphate pathway I	0.9999990973
NONMEVIPP-PWY: methylerythritol phosphate pathway I|unclassified	0.9980158709
NONMEVIPP-PWY: methylerythritol phosphate pathway I|g__Blautia.s__Blautia_obeum	0.0000175050
NONMEVIPP-PWY: methylerythritol phosphate pathway I|g__Blautia.s__Blautia_wexlerae	0.0000000000
NONMEVIPP-PWY: methylerythritol phosphate pathway I|g__Anaerostipes.s__Anaerostipes_hadrus	0.0034163321
NONMEVIPP-PWY: methylerythritol phosphate pathway I|g__Dorea.s__Dorea_longicatena	0.0038058571
NONMEVIPP-PWY: methylerythritol phosphate pathway I|g__Bacteroides.s__Bacteroides_vulgatus	0.4055437025
NONMEVIPP-PWY: methylerythritol phosphate pathway I|g__Bacteroides.s__Bacteroides_stercoris	0.3833119469
PWY-6317: D-galactose degradation I (Leloir pathway)	1.0000000000
PWY-6317: D-galactose degradation I (Leloir pathway)|unclassified	0.9977993780
PWY-6317: D-galactose degradation I (Leloir pathway)|g__Blautia.s__Blautia_wexlerae	0.6250333617
PWY-6317: D-galactose degradation I (Leloir pathway)|g__Blautia.s__Blautia_obeum	0.0000003660
PWY-6317: D-galactose degradation I (Leloir pathway)|g__Anaerostipes.s__Anaerostipes_hadrus	0.0323161450
PWY-6317: D-galactose degradation I (Leloir pathway)|g__Dorea.s__Dorea_longicatena	0.0626248738
PWY-6317: D-galactose degradation I (Leloir pathway)|g__Dorea.s__Dorea_formicigenerans	0.3717328039
PWY-6122: 5-aminoimidazole ribonucleotide biosynthesis II	1.0000000000
PWY-6122: 5-aminoimidazole ribonucleotide biosynthesis II|unclassified	0.9998300599
PWY-6122: 5-aminoimidazole ribonucleotide biosynthesis II|g__Blautia.s__Blautia_obeum	0.6158771422
PWY-6122: 5-aminoimidazole ribonucleotide biosynthesis II|g__Lachnospiraceae_unclassified.s__Eubacterium_rectale	0.3456450840
PWY-6122: 5-aminoimidazole ribonucleotide biosynthesis II|g__Blautia.s__Blautia_wexlerae	0.0002387045
PWY-6122: 5-aminoimidazole ribonucleotide biosynthesis II|g__Anaerostipes.s__Anaerostipes_hadrus	0.0082095613
PWY-6122: 5-aminoimidazole ribonucleotide biosynthesis II|g__Dorea.s__Dorea_longicatena	0.0783040743
PWY-6122: 5-aminoimidazole ribonucleotide biosynthesis II|g__Dorea.s__Dorea_formicigenerans	0.4737446291
PWY-6122: 5-aminoimidazole ribonucleotide biosynthesis II|g__Blautia.s__Blautia_hansenii	0.2905559490
PWY-6122: 5-aminoimidazole ribonucleotide biosynthesis II|g__Faecalibacterium.s__Faecalibacterium_prausnitzii	0.4817068189
PWY-6122: 5-aminoimidazole ribonucleotide biosynthesis II|g__Bacteroides.s__Bacteroides_vulgatus	0.0105420284
PWY-6122: 5-aminoimidazole ribonucleotide biosynthesis II|g__Lachnoclostridium.s__Clostridium_scindens	0.1830160024
PWY-6277: superpathway of 5-aminoimidazole ribonucleotide biosynthesis	1.0000000000
PWY-6277: superpathway of 5-aminoimidazole ribonucleotide biosynthesis|unclassified	0.9998300599
PWY-6277: superpathway of 5-aminoimidazole ribonucleotide biosynthesis|g__Blautia.s__Blautia_obeum	0.6158771422
PWY-6277: superpathway of 5-aminoimidazole ribonucleotide biosynthesis|g__Lachnospiraceae_unclassified.s__Eubacterium_rectale	0.3456450840
PWY-6277: superpathway of 5-aminoimidazole ribonucleotide biosynthesis|g__Blautia.s__Blautia_wexlerae	0.0002387045
PWY-6277: superpathway of 5-aminoimidazole ribonucleotide biosynthesis|g__Anaerostipes.s__Anaerostipes_hadrus	0.0082095613
PWY-6277: superpathway of 5-aminoimidazole ribonucleotide biosynthesis|g__Dorea.s__Dorea_longicatena	0.0783040743
PWY-6277: superpathway of 5-aminoimidazole ribonucleotide biosynthesis|g__Dorea.s__Dorea_formicigenerans	0.4737446291
PWY-6277: superpathway of 5-aminoimidazole ribonucleotide biosynthesis|g__Blautia.s__Blautia_hansenii	0.2905559490
PWY-6277: superpathway of 5-aminoimidazole ribonucleotide biosynthesis|g__Faecalibacterium.s__Faecalibacterium_prausnitzii	0.4817068189
PWY-6277: superpathway of 5-aminoimidazole ribonucleotide biosynthesis|g__Bacteroides.s__Bacteroides_vulgatus	0.0105420284
PWY-6277: superpathway of 5-aminoimidazole ribonucleotide biosynthesis|g__Lachnoclostridium.s__Clostridium_scindens	0.1830160024
PWY-6151: S-adenosyl-L-methionine salvage I	1.0000000000
PWY-6151: S-adenosyl-L-methionine salvage I|unclassified	0.9999080857
PWY-6151: S-adenosyl-L-methionine salvage I|g__Blautia.s__Blautia_wexlerae	0.1217493586
PWY-6151: S-adenosyl-L-methionine salvage I|g__Lachnospiraceae_unclassified.s__Eubacterium_rectale	0.1314924865
PWY-6151: S-adenosyl-L-methionine salvage I|g__Anaerostipes.s__Anaerostipes_hadrus	0.7352616545
PWY-6151: S-adenosyl-L-methionine salvage I|g__Dorea.s__Dorea_longicatena	0.9852723333
PWY-6151: S-adenosyl-L-methionine salvage I|g__Blautia.s__Blautia_obeum	0.0000000000
PWY-6151: S-adenosyl-L-methionine salvage I|g__Dorea.s__Dorea_formicigenerans	0.5549585776
PWY-6151: S-adenosyl-L-methionine salvage I|g__Blautia.s__Blautia_hansenii	0.4001724686
PWY-6151: S-adenosyl-L-methionine salvage I|g__Bacteroides.s__Bacteroides_vulgatus	0.1544027662
PWY-6151: S-adenosyl-L-methionine salvage I|g__Bacteroides.s__Bacteroides_dorei	0.3287377976
PWY-2942: L-lysine biosynthesis III	0.9993009236
PWY-2942: L-lysine biosynthesis III|unclassified	0.4710132721
PWY-2942: L-lysine biosynthesis III|g__Blautia.s__Blautia_obeum	0.1362396126
PWY-2942: L-lysine biosynthesis III|g__Blautia.s__Blautia_wexlerae	0.0000137633
PWY-2942: L-lysine biosynthesis III|g__Anaerostipes.s__Anaerostipes_hadrus	0.0018371741
PWY-2942: L-lysine biosynthesis III|g__Dorea.s__Dorea_longicatena	0.0574566959
PWY-2942: L-lysine biosynthesis III|g__Dorea.s__Dorea_formicigenerans	0.4052182919
PWY-2942: L-lysine biosynthesis III|g__Asaccharobacter.s__Asaccharobacter_celatus	0.1367622372
PWY-2942: L-lysine biosynthesis III|g__Bacteroides.s__Bacteroides_vulgatus	0.0587715619
PWY-2942: L-lysine biosynthesis III|g__Bacteroides.s__Bacteroides_dorei	0.3135781835
PWY-6121: 5-aminoimidazole ribonucleotide biosynthesis I	1.0000000000
PWY-6121: 5-aminoimidazole ribonucleotide biosynthesis I|unclassified	0.9996876345
PWY-6121: 5-aminoimidazole ribonucleotide biosynthesis I|g__Blautia.s__Blautia_obeum	0.6671217713
PWY-6121: 5-aminoimidazole ribonucleotide biosynthesis I|g__Lachnospiraceae_unclassified.s__Eubacterium_rectale	0.3955308155
PWY-6121: 5-aminoimidazole ribonucleotide biosynthesis I|g__Blautia.s__Blautia_wexlerae	0.0000000661
PWY-6121: 5-aminoimidazole ribonucleotide biosynthesis I|g__Anaerostipes.s__Anaerostipes_hadrus	0.0099735794
PWY-6121: 5-aminoimidazole ribonucleotide biosynthesis I|g__Dorea.s__Dorea_longicatena	0.0226600417
PWY-6121: 5-aminoimidazole ribonucleotide biosynthesis I|g__Dorea.s__Dorea_formicigenerans	0.5262309786
PWY-6121: 5-aminoimidazole ribonucleotide biosynthesis I|g__Blautia.s__Blautia_hansenii	0.3143846832
PWY-6121: 5-aminoimidazole ribonucleotide biosynthesis I|g__Faecalibacterium.s__Faecalibacterium_prausnitzii	0.2961744359
PWY-6121: 5-aminoimidazole ribonucleotide biosynthesis I|g__Bacteroides.s__Bacteroides_vulgatus	0.0131421061
PWY-5103: L-isoleucine biosynthesis III	0.9999986918
PWY-5103: L-isoleucine biosynthesis III|unclassified	0.0320115979
PWY-5103: L-isoleucine biosynthesis III|g__Lachnospiraceae_unclassified.s__Eubacterium_rectale	0.1093057131
PWY-5103: L-isoleucine biosynthesis III|g__Blautia.s__Blautia_wexlerae	0.0000000000
PWY-5103: L-isoleucine biosynthesis III|g__Anaerostipes.s__Anaerostipes_hadrus	0.0028552935
PWY-5103: L-isoleucine biosynthesis III|g__Dorea.s__Dorea_longicatena	0.0000003700
PWY-5103: L-isoleucine biosynthesis III|g__Blautia.s__Blautia_obeum	0.0000000000
PWY-5103: L-isoleucine biosynthesis III|g__Blautia.s__Blautia_hansenii	0.6036870688
PWY-5103: L-isoleucine biosynthesis III|g__Dorea.s__Dorea_formicigenerans	0.4555096673
PWY-5103: L-isoleucine biosynthesis III|g__Bacteroides.s__Bacteroides_thetaiotaomicron	0.7941140779
PWY-5103: L-isoleucine biosynthesis III|g__Bacteroides.s__Bacteroides_xylanisolvens	0.0897771374
TRNA-CHARGING-PWY: tRNA charging	0.9669334603
TRNA-CHARGING-PWY: tRNA charging|unclassified	0.9972649690
TRNA-CHARGING-PWY: tRNA charging|g__Lachnospiraceae_unclassified.s__Eubacterium_rectale	0.1061162498
TRNA-CHARGING-PWY: tRNA charging|g__Anaerostipes.s__Anaerostipes_hadrus	0.0029049462
TRNA-CHARGING-PWY: tRNA charging|g__Gemmiger.s__Gemmiger_formicilis	0.3162193878
PWY66-429: fatty acid biosynthesis initiation (mitochondria)	1.0000000000
PWY66-429: fatty acid biosynthesis initiation (mitochondria)|unclassified	0.9999554823
PWY66-429: fatty acid biosynthesis initiation (mitochondria)|g__Blautia.s__Blautia_obeum	0.9967900150
PWY66-429: fatty acid biosynthesis initiation (mitochondria)|g__Anaerostipes.s__Anaerostipes_hadrus	0.1584496487
PWY66-429: fatty acid biosynthesis initiation (mitochondria)|g__Blautia.s__Blautia_wexlerae	0.0000000000
PWY66-429: fatty acid biosynthesis initiation (mitochondria)|g__Dorea.s__Dorea_longicatena	0.5665038049
PWY66-429: fatty acid biosynthesis initiation (mitochondria)|g__Bacteroides.s__Bacteroides_dorei	0.9589984965
PWY66-429: fatty acid biosynthesis initiation (mitochondria)|g__Parabacteroides.s__Parabacteroides_merdae	0.7568670440
PWY66-429: fatty acid biosynthesis initiation (mitochondria)|g__Bacteroides.s__Bacteroides_vulgatus	0.0000364252
GLUTORN-PWY: L-ornithine biosynthesis I	1.0000000000
GLUTORN-PWY: L-ornithine biosynthesis I|unclassified	0.9998802960
GLUTORN-PWY: L-ornithine biosynthesis I|g__Lachnospiraceae_unclassified.s__Eubacterium_rectale	0.0053933837
GLUTORN-PWY: L-ornithine biosynthesis I|g__Blautia.s__Blautia_wexlerae	0.0000395053
GLUTORN-PWY: L-ornithine biosynthesis I|g__Blautia.s__Blautia_obeum	0.0000000000
GLUTORN-PWY: L-ornithine biosynthesis I|g__Anaerostipes.s__Anaerostipes_hadrus	0.0000102860
GLUTORN-PWY: L-ornithine biosynthesis I|g__Dorea.s__Dorea_longicatena	0.0060545445
GLUTORN-PWY: L-ornithine biosynthesis I|g__Dorea.s__Dorea_formicigenerans	0.4096429017
GLUTORN-PWY: L-ornithine biosynthesis I|g__Blautia.s__Blautia_hansenii	0.1714272383
PWY-5667: CDP-diacylglycerol biosynthesis I	1.0000000000
PWY-5667: CDP-diacylglycerol biosynthesis I|unclassified	0.9777822121
PWY-5667: CDP-diacylglycerol biosynthesis I|g__Lachnospiraceae_unclassified.s__Eubacterium_rectale	0.0540779408
PWY-5667: CDP-diacylglycerol biosynthesis I|g__Blautia.s__Blautia_obeum	0.0000509037
PWY-5667: CDP-diacylglycerol biosynthesis I|g__Blautia.s__Blautia_wexlerae	0.0000003915
PWY-5667: CDP-diacylglycerol biosynthesis I|g__Anaerostipes.s__Anaerostipes_hadrus	0.0785741858
PWY-5667: CDP-diacylglycerol biosynthesis I|g__Dorea.s__Dorea_longicatena	0.2079415850
PWY-5667: CDP-diacylglycerol biosynthesis I|g__Dorea.s__Dorea_formicigenerans	0.4971690861
PWY-5667: CDP-diacylglycerol biosynthesis I|g__Blautia.s__Blautia_hansenii	0.0084501206
PWY0-1319: CDP-diacylglycerol biosynthesis II	1.0000000000
PWY0-1319: CDP-diacylglycerol biosynthesis II|unclassified	0.9777822121
PWY0-1319: CDP-diacylglycerol biosynthesis II|g__Lachnospiraceae_unclassified.s__Eubacterium_rectale	0.0540779408
PWY0-1319: CDP-diacylglycerol biosynthesis II|g__Blautia.s__Blautia_obeum	0.0000509037
PWY0-1319: CDP-diacylglycerol biosynthesis II|g__Blautia.s__Blautia_wexlerae	0.0000003915
PWY0-1319: CDP-diacylglycerol biosynthesis II|g__Anaerostipes.s__Anaerostipes_hadrus	0.0785741858
PWY0-1319: CDP-diacylglycerol biosynthesis II|g__Dorea.s__Dorea_longicatena	0.2079415850
PWY0-1319: CDP-diacylglycerol biosynthesis II|g__Dorea.s__Dorea_formicigenerans	0.4971690861
PWY0-1319: CDP-diacylglycerol biosynthesis II|g__Blautia.s__Blautia_hansenii	0.0084501206
PWY-7560: methylerythritol phosphate pathway II	0.9756338833
PWY-7560: methylerythritol phosphate pathway II|unclassified	0.0000833891
PWY-7560: methylerythritol phosphate pathway II|g__Blautia.s__Blautia_obeum	0.0000175050
PWY-7560: methylerythritol phosphate pathway II|g__Blautia.s__Blautia_wexlerae	0.0000000000
PWY-7560: methylerythritol phosphate pathway II|g__Anaerostipes.s__Anaerostipes_hadrus	0.0000171872
PWY-7560: methylerythritol phosphate pathway II|g__Dorea.s__Dorea_longicatena	0.0012775410
PWY-6270: isoprene biosynthesis I	0.9786145127
PWY-6270: isoprene biosynthesis I|unclassified	0.0000953007
PWY-6270: isoprene biosynthesis I|g__Blautia.s__Blautia_wexlerae	0.0000000000
PWY-6270: isoprene biosynthesis I|g__Blautia.s__Blautia_obeum	0.0000000000
PWY-6270: isoprene biosynthesis I|g__Anaerostipes.s__Anaerostipes_hadrus	0.0000196082
PWY-6270: isoprene biosynthesis I|g__Dorea.s__Dorea_longicatena	0.0014593761
PWY-7111: pyruvate fermentation to isobutanol (engineered)	0.9999431136
PWY-7111: pyruvate fermentation to isobutanol (engineered)|unclassified	0.0000140468
PWY-7111: pyruvate fermentation to isobutanol (engineered)|g__Blautia.s__Blautia_wexlerae	0.0000000000
PWY-7111: pyruvate fermentation to isobutanol (engineered)|g__Anaerostipes.s__Anaerostipes_hadrus	0.0029518346
PWY-7111: pyruvate fermentation to isobutanol (engineered)|g__Dorea.s__Dorea_longicatena	0.0000003701
PWY-7111: pyruvate fermentation to isobutanol (engineered)|g__Blautia.s__Blautia_obeum	0.0000000000
PWY-7111: pyruvate fermentation to isobutanol (engineered)|g__Dorea.s__Dorea_formicigenerans	0.4672289211
PWY-7111: pyruvate fermentation to isobutanol (engineered)|g__Blautia.s__Blautia_hansenii	0.3513116974
COA-PWY-1: superpathway of coenzyme A biosynthesis III (mammals)	1.0000000000
COA-PWY-1: superpathway of coenzyme A biosynthesis III (mammals)|unclassified	0.9998292250
COA-PWY-1: superpathway of coenzyme A biosynthesis III (mammals)|g__Blautia.s__Blautia_obeum	0.0685177195
COA-PWY-1: superpathway of coenzyme A biosynthesis III (mammals)|g__Lachnospiraceae_unclassified.s__Eubacterium_rectale	0.0020751987
COA-PWY-1: superpathway of coenzyme A biosynthesis III (mammals)|g__Blautia.s__Blautia_wexlerae	0.0000000059
COA-PWY-1: superpathway of coenzyme A biosynthesis III (mammals)|g__Anaerostipes.s__Anaerostipes_hadrus	0.0860517675
COA-PWY-1: superpathway of coenzyme A biosynthesis III (mammals)|g__Dorea.s__Dorea_longicatena	0.0000000510
COA-PWY-1: superpathway of coenzyme A biosynthesis III (mammals)|g__Dorea.s__Dorea_formicigenerans	0.2263731538
COA-PWY-1: superpathway of coenzyme A biosynthesis III (mammals)|g__Blautia.s__Blautia_hansenii	0.0687746429
COA-PWY-1: superpathway of coenzyme A biosynthesis III (mammals)|g__Bacteroides.s__Bacteroides_vulgatus	0.0001371503
COA-PWY: coenzyme A biosynthesis I (prokaryotic)	1.0000000000
COA-PWY: coenzyme A biosynthesis I (prokaryotic)|unclassified	0.9999982164
COA-PWY: coenzyme A biosynthesis I (prokaryotic)|g__Lachnospiraceae_unclassified.s__Eubacterium_rectale	0.0243076456
COA-PWY: coenzyme A biosynthesis I (prokaryotic)|g__Blautia.s__Blautia_obeum	0.1779808618
COA-PWY: coenzyme A biosynthesis I (prokaryotic)|g__Blautia.s__Blautia_wexlerae	0.0000389246
COA-PWY: coenzyme A biosynthesis I (prokaryotic)|g__Anaerostipes.s__Anaerostipes_hadrus	0.0700469467
COA-PWY: coenzyme A biosynthesis I (prokaryotic)|g__Dorea.s__Dorea_longicatena	0.2454479593
COA-PWY: coenzyme A biosynthesis I (prokaryotic)|g__Dorea.s__Dorea_formicigenerans	0.5724250840
COA-PWY: coenzyme A biosynthesis I (prokaryotic)|g__Blautia.s__Blautia_hansenii	0.5139094707
COA-PWY: coenzyme A biosynthesis I (prokaryotic)|g__Bacteroides.s__Bacteroides_vulgatus	0.1028216516
COA-PWY: coenzyme A biosynthesis I (prokaryotic)|g__Parabacteroides.s__Parabacteroides_merdae	0.1898362964
COA-PWY: coenzyme A biosynthesis I (prokaryotic)|g__Bacteroides.s__Bacteroides_dorei	0.5724289935
PWY-6823: molybdopterin biosynthesis	1.0000000000
PWY-6823: molybdopterin biosynthesis|unclassified	0.8233824633
PWY-6823: molybdopterin biosynthesis|g__Blautia.s__Blautia_obeum	0.9999724423
PWY-6823: molybdopterin biosynthesis|g__Lachnospiraceae_unclassified.s__Eubacterium_rectale	0.0612753754
PWY-6823: molybdopterin biosynthesis|g__Anaerostipes.s__Anaerostipes_hadrus	0.0000002569
PWY-6823: molybdopterin biosynthesis|g__Blautia.s__Blautia_wexlerae	0.0000000000
PWY-6823: molybdopterin biosynthesis|g__Dorea.s__Dorea_formicigenerans	0.6973466913
1CMET2-PWY: folate transformations III (E. coli)	0.9997445040
1CMET2-PWY: folate transformations III (E. coli)|unclassified	0.0120160310
1CMET2-PWY: folate transformations III (E. coli)|g__Anaerostipes.s__Anaerostipes_hadrus	0.0000000003
1CMET2-PWY: folate transformations III (E. coli)|g__Blautia.s__Blautia_wexlerae	0.0000000000
1CMET2-PWY: folate transformations III (E. coli)|g__Blautia.s__Blautia_obeum	0.0000000000
1CMET2-PWY: folate transformations III (E. coli)|g__Bacteroides.s__Bacteroides_vulgatus	0.2488647064
PWY-3841: folate transformations II (plants)	0.9998891471
PWY-3841: folate transformations II (plants)|unclassified	0.0120157784
PWY-3841: folate transformations II (plants)|g__Blautia.s__Blautia_wexlerae	0.0000000000
PWY-3841: folate transformations II (plants)|g__Lachnospiraceae_unclassified.s__Eubacterium_rectale	0.0661486349
PWY-3841: folate transformations II (plants)|g__Anaerostipes.s__Anaerostipes_hadrus	0.0000000003
PWY-3841: folate transformations II (plants)|g__Dorea.s__Dorea_longicatena	0.0000000210
PWY-3841: folate transformations II (plants)|g__Blautia.s__Blautia_obeum	0.0000000000
PWY-3841: folate transformations II (plants)|g__Bacteroides.s__Bacteroides_vulgatus	0.3667718256
PWY-3841: folate transformations II (plants)|g__Dorea.s__Dorea_formicigenerans	0.0712748347
PWY-3841: folate transformations II (plants)|g__Bacteroides.s__Bacteroides_stercoris	0.0577482996
PWY-3841: folate transformations II (plants)|g__Bacteroides.s__Bacteroides_dorei	0.2286662377
PWY-7851: coenzyme A biosynthesis II (eukaryotic)	1.0000000000
PWY-7851: coenzyme A biosynthesis II (eukaryotic)|unclassified	0.9997865403
PWY-7851: coenzyme A biosynthesis II (eukaryotic)|g__Blautia.s__Blautia_obeum	0.0575756908
PWY-7851: coenzyme A biosynthesis II (eukaryotic)|g__Lachnospiraceae_unclassified.s__Eubacterium_rectale	0.0016791157
PWY-7851: coenzyme A biosynthesis II (eukaryotic)|g__Blautia.s__Blautia_wexlerae	0.0000000047
PWY-7851: coenzyme A biosynthesis II (eukaryotic)|g__Anaerostipes.s__Anaerostipes_hadrus	0.0700469467
PWY-7851: coenzyme A biosynthesis II (eukaryotic)|g__Dorea.s__Dorea_longicatena	0.0000000426
PWY-7851: coenzyme A biosynthesis II (eukaryotic)|g__Dorea.s__Dorea_formicigenerans	0.2003582889
PWY-7851: coenzyme A biosynthesis II (eukaryotic)|g__Blautia.s__Blautia_hansenii	0.0660664512
PWY-7851: coenzyme A biosynthesis II (eukaryotic)|g__Bacteroides.s__Bacteroides_dorei	0.5724289935
PWY-7851: coenzyme A biosynthesis II (eukaryotic)|g__Bacteroides.s__Bacteroides_vulgatus	0.0001097336
P41-PWY: pyruvate fermentation to acetate and (S)-lactate I	0.9999999422
P41-PWY: pyruvate fermentation to acetate and (S)-lactate I|unclassified	0.4558907912
P41-PWY: pyruvate fermentation to acetate and (S)-lactate I|g__Lachnospiraceae_unclassified.s__Eubacterium_rectale	0.3407350545
P41-PWY: pyruvate fermentation to acetate and (S)-lactate I|g__Anaerostipes.s__Anaerostipes_hadrus	0.0300816211
P41-PWY: pyruvate fermentation to acetate and (S)-lactate I|g__Blautia.s__Blautia_obeum	0.0000000000
P41-PWY: pyruvate fermentation to acetate and (S)-lactate I|g__Dorea.s__Dorea_formicigenerans	0.0531237202
P41-PWY: pyruvate fermentation to acetate and (S)-lactate I|g__Blautia.s__Blautia_wexlerae	0.0000000000
PWY-5100: pyruvate fermentation to acetate and lactate II	0.9999999422
PWY-5100: pyruvate fermentation to acetate and lactate II|unclassified	0.4558907912
PWY-5100: pyruvate fermentation to acetate and lactate II|g__Lachnospiraceae_unclassified.s__Eubacterium_rectale	0.3407350545
PWY-5100: pyruvate fermentation to acetate and lactate II|g__Anaerostipes.s__Anaerostipes_hadrus	0.4442742669
PWY-5100: pyruvate fermentation to acetate and lactate II|g__Blautia.s__Blautia_obeum	0.0000000000
PWY-5100: pyruvate fermentation to acetate and lactate II|g__Dorea.s__Dorea_formicigenerans	0.0531237202
PWY-5100: pyruvate fermentation to acetate and lactate II|g__Blautia.s__Blautia_wexlerae	0.0000000000
PWY-724: superpathway of L-lysine, L-threonine and L-methionine biosynthesis II	0.0000000000
PWY-724: superpathway of L-lysine, L-threonine and L-methionine biosynthesis II|unclassified	0.1163757211
PWY-724: superpathway of L-lysine, L-threonine and L-methionine biosynthesis II|g__Blautia.s__Blautia_obeum	0.0000000000
PWY-724: superpathway of L-lysine, L-threonine and L-methionine biosynthesis II|g__Anaerostipes.s__Anaerostipes_hadrus	0.0014064990
PWY-724: superpathway of L-lysine, L-threonine and L-methionine biosynthesis II|g__Dorea.s__Dorea_longicatena	0.0161451675
PWY-6700: queuosine biosynthesis I (de novo)	0.9999999995
PWY-6700: queuosine biosynthesis I (de novo)|unclassified	0.9083402785
PWY-6700: queuosine biosynthesis I (de novo)|g__Lachnospiraceae_unclassified.s__Eubacterium_rectale	0.0201638938
PWY-6700: queuosine biosynthesis I (de novo)|g__Blautia.s__Blautia_wexlerae	0.0000000003
PWY-6700: queuosine biosynthesis I (de novo)|g__Anaerostipes.s__Anaerostipes_hadrus	0.7429454247
PWY-6700: queuosine biosynthesis I (de novo)|g__Blautia.s__Blautia_obeum	0.0000000005
PWY-6700: queuosine biosynthesis I (de novo)|g__Dorea.s__Dorea_longicatena	0.0090217369
PWY-6700: queuosine biosynthesis I (de novo)|g__Bacteroides.s__Bacteroides_vulgatus	0.8221685417
PWY-6700: queuosine biosynthesis I (de novo)|g__Blautia.s__Blautia_hansenii	0.1519739593
PWY-6700: queuosine biosynthesis I (de novo)|g__Parabacteroides.s__Parabacteroides_merdae	0.8610615456
PWY-6700: queuosine biosynthesis I (de novo)|g__Gemmiger.s__Gemmiger_formicilis	0.0032986876
PWY-6700: queuosine biosynthesis I (de novo)|g__Dorea.s__Dorea_formicigenerans	0.0606121596
PWY-6700: queuosine biosynthesis I (de novo)|g__Asaccharobacter.s__Asaccharobacter_celatus	0.2219159077
PWY-6700: queuosine biosynthesis I (de novo)|g__Bacteroides.s__Bacteroides_dorei	0.7470451071
PWY-6700: queuosine biosynthesis I (de novo)|g__Bacteroides.s__Bacteroides_thetaiotaomicron	0.6827930849
PANTOSYN-PWY: superpathway of coenzyme A biosynthesis I (bacteria)	0.9971694817
PANTOSYN-PWY: superpathway of coenzyme A biosynthesis I (bacteria)|unclassified	0.0000000000
PANTOSYN-PWY: superpathway of coenzyme A biosynthesis I (bacteria)|g__Lachnospiraceae_unclassified.s__Eubacterium_rectale	0.0036774249
PANTOSYN-PWY: superpathway of coenzyme A biosynthesis I (bacteria)|g__Blautia.s__Blautia_wexlerae	0.0000000106
PANTOSYN-PWY: superpathway of coenzyme A biosynthesis I (bacteria)|g__Anaerostipes.s__Anaerostipes_hadrus	0.1416059520
PANTOSYN-PWY: superpathway of coenzyme A biosynthesis I (bacteria)|g__Blautia.s__Blautia_obeum	0.0000000000
PANTOSYN-PWY: superpathway of coenzyme A biosynthesis I (bacteria)|g__Dorea.s__Dorea_longicatena	0.0000000917
PANTOSYN-PWY: superpathway of coenzyme A biosynthesis I (bacteria)|g__Dorea.s__Dorea_formicigenerans	0.6509699511
HSERMETANA-PWY: L-methionine biosynthesis III	0.0000316262
HSERMETANA-PWY: L-methionine biosynthesis III|g__Blautia.s__Blautia_wexlerae	0.0783671953
HSERMETANA-PWY: L-methionine biosynthesis III|unclassified	0.0000000000
HSERMETANA-PWY: L-methionine biosynthesis III|g__Anaerostipes.s__Anaerostipes_hadrus	0.0627482200
HSERMETANA-PWY: L-methionine biosynthesis III|g__Blautia.s__Blautia_obeum	0.0000000000
HSERMETANA-PWY: L-methionine biosynthesis III|g__Dorea.s__Dorea_longicatena	0.5379674187
HSERMETANA-PWY: L-methionine biosynthesis III|g__Streptococcus.s__Streptococcus_pneumoniae	0.4661797836
PANTO-PWY: phosphopantothenate biosynthesis I	0.9936537878
PANTO-PWY: phosphopantothenate biosynthesis I|g__Lachnospiraceae_unclassified.s__Eubacterium_rectale	0.0450783347
PANTO-PWY: phosphopantothenate biosynthesis I|unclassified	0.0000000000
PANTO-PWY: phosphopantothenate biosynthesis I|g__Anaerostipes.s__Anaerostipes_hadrus	0.9443045049
PANTO-PWY: phosphopantothenate biosynthesis I|g__Blautia.s__Blautia_wexlerae	0.0000036303
PANTO-PWY: phosphopantothenate biosynthesis I|g__Blautia.s__Blautia_obeum	0.0000000000
PANTO-PWY: phosphopantothenate biosynthesis I|g__Dorea.s__Dorea_longicatena	0.0000004660
PANTO-PWY: phosphopantothenate biosynthesis I|g__Dorea.s__Dorea_formicigenerans	0.8181335105
PANTO-PWY: phosphopantothenate biosynthesis I|g__Bacteroides.s__Bacteroides_vulgatus	0.3527443451
PANTO-PWY: phosphopantothenate biosynthesis I|g__Eggerthella.s__Eggerthella_lenta	0.6747429031
PANTO-PWY: phosphopantothenate biosynthesis I|g__Bacteroides.s__Bacteroides_stercoris	0.5491847946
RIBOSYN2-PWY: flavin biosynthesis I (bacteria and plants)	0.9839437007
RIBOSYN2-PWY: flavin biosynthesis I (bacteria and plants)|g__Lachnospiraceae_unclassified.s__Eubacterium_rectale	0.1644559807
RIBOSYN2-PWY: flavin biosynthesis I (bacteria and plants)|g__Blautia.s__Blautia_obeum	0.0317431820
RIBOSYN2-PWY: flavin biosynthesis I (bacteria and plants)|g__Blautia.s__Blautia_wexlerae	0.0000000004
RIBOSYN2-PWY: flavin biosynthesis I (bacteria and plants)|unclassified	0.0000000000
RIBOSYN2-PWY: flavin biosynthesis I (bacteria and plants)|g__Anaerostipes.s__Anaerostipes_hadrus	0.0000000018
RIBOSYN2-PWY: flavin biosynthesis I (bacteria and plants)|g__Dorea.s__Dorea_longicatena	0.0000000000
PWY-3001: superpathway of L-isoleucine biosynthesis I	0.0000000000
PWY-3001: superpathway of L-isoleucine biosynthesis I|unclassified	0.0000000000
PYRIDNUCSYN-PWY: NAD de novo biosynthesis I (from aspartate)	0.0000004877
PYRIDNUCSYN-PWY: NAD de novo biosynthesis I (from aspartate)|unclassified	0.0000000039
PYRIDNUCSYN-PWY: NAD de novo biosynthesis I (from aspartate)|g__Anaerostipes.s__Anaerostipes_hadrus	0.2714512535
PYRIDNUCSYN-PWY: NAD de novo biosynthesis I (from aspartate)|g__Dorea.s__Dorea_longicatena	0.0000000000
PYRIDNUCSYN-PWY: NAD de novo biosynthesis I (from aspartate)|g__Bacteroides.s__Bacteroides_vulgatus	0.1176835491
PYRIDNUCSYN-PWY: NAD de novo biosynthesis I (from aspartate)|g__Bacteroides.s__Bacteroides_dorei	0.2690112083
PWY-6123: inosine-5'-phosphate biosynthesis I	0.0001050264
PWY-6123: inosine-5'-phosphate biosynthesis I|unclassified	0.0000000000
PWY-6123: inosine-5'-phosphate biosynthesis I|g__Blautia.s__Blautia_wexlerae	0.0000006667
PWY-6123: inosine-5'-phosphate biosynthesis I|g__Anaerostipes.s__Anaerostipes_hadrus	0.0003157749
PWY-6123: inosine-5'-phosphate biosynthesis I|g__Blautia.s__Blautia_obeum	0.0000000000
PWY-6123: inosine-5'-phosphate biosynthesis I|g__Bacteroides.s__Bacteroides_vulgatus	0.6742380735
PWY-6123: inosine-5'-phosphate biosynthesis I|g__Bacteroides.s__Bacteroides_stercoris	0.2428999217
PWY-6123: inosine-5'-phosphate biosynthesis I|g__Bacteroides.s__Bacteroides_dorei	0.5245786641
PWY-6123: inosine-5'-phosphate biosynthesis I|g__Bacteroides.s__Bacteroides_xylanisolvens	0.4299540416
PWY-6123: inosine-5'-phosphate biosynthesis I|g__Bacteroides.s__Bacteroides_fragilis	0.3697763700
PWY-1861: formaldehyde assimilation II (assimilatory RuMP Cycle)	0.0000000000
PWY-1861: formaldehyde assimilation II (assimilatory RuMP Cycle)|unclassified	0.0000000000
PWY-1861: formaldehyde assimilation II (assimilatory RuMP Cycle)|g__Anaerostipes.s__Anaerostipes_hadrus	0.0801479699
PWY-1861: formaldehyde assimilation II (assimilatory RuMP Cycle)|g__Blautia.s__Blautia_obeum	0.0000000000
THRESYN-PWY: superpathway of L-threonine biosynthesis	0.0000000000
THRESYN-PWY: superpathway of L-threonine biosynthesis|unclassified	0.0000000000
THRESYN-PWY: superpathway of L-threonine biosynthesis|g__Blautia.s__Blautia_obeum	0.0000000000
THRESYN-PWY: superpathway of L-threonine biosynthesis|g__Anaerostipes.s__Anaerostipes_hadrus	0.0014705854
THRESYN-PWY: superpathway of L-threonine biosynthesis|g__Bacteroides.s__Bacteroides_vulgatus	0.0643080340
THRESYN-PWY: superpathway of L-threonine biosynthesis|g__Bacteroides.s__Bacteroides_dorei	0.3333135933
PWY-7977: L-methionine biosynthesis IV	0.0000000000
PWY-7977: L-methionine biosynthesis IV|unclassified	0.7848712599
PWY-7977: L-methionine biosynthesis IV|g__Anaerostipes.s__Anaerostipes_hadrus	0.0010926532
PWY-7977: L-methionine biosynthesis IV|g__Dorea.s__Dorea_longicatena	0.0399091361
PWY-7977: L-methionine biosynthesis IV|g__Bacteroides.s__Bacteroides_vulgatus	0.0449878372
PWY-7977: L-methionine biosynthesis IV|g__Parabacteroides.s__Parabacteroides_merdae	0.4649392692
PWY-7977: L-methionine biosynthesis IV|g__Bacteroides.s__Bacteroides_stercoris	0.2601846436
PWY-7977: L-methionine biosynthesis IV|g__Bacteroides.s__Bacteroides_dorei	0.2202436241
PWY-6124: inosine-5'-phosphate biosynthesis II	0.0000875236
PWY-6124: inosine-5'-phosphate biosynthesis II|g__Blautia.s__Blautia_wexlerae	0.9993798965
PWY-6124: inosine-5'-phosphate biosynthesis II|unclassified	0.0000000000
PWY-6124: inosine-5'-phosphate biosynthesis II|g__Anaerostipes.s__Anaerostipes_hadrus	0.0002631798
PWY-6124: inosine-5'-phosphate biosynthesis II|g__Blautia.s__Blautia_obeum	0.0000000000
PWY-6124: inosine-5'-phosphate biosynthesis II|g__Bacteroides.s__Bacteroides_vulgatus	0.6386342597
PWY-6124: inosine-5'-phosphate biosynthesis II|g__Parabacteroides.s__Parabacteroides_merdae	0.5621077229
PWY-6124: inosine-5'-phosphate biosynthesis II|g__Bacteroides.s__Bacteroides_stercoris	0.3776556535
PWY-6124: inosine-5'-phosphate biosynthesis II|g__Bacteroides.s__Bacteroides_dorei	0.4797937935
PWY-6124: inosine-5'-phosphate biosynthesis II|g__Bacteroides.s__Bacteroides_xylanisolvens	0.4730964457
PWY-6124: inosine-5'-phosphate biosynthesis II|g__Bacteroides.s__Bacteroides_fragilis	0.3290088852
PWY-6124: inosine-5'-phosphate biosynthesis II|g__Bacteroides.s__Bacteroides_cellulosilyticus	0.3109526592
PWY-7237: myo-, chiro- and scyllo-inositol degradation	0.8892757686
PWY-7237: myo-, chiro- and scyllo-inositol degradation|g__Lachnospiraceae_unclassified.s__Eubacterium_rectale	0.6501283288
PWY-7237: myo-, chiro- and scyllo-inositol degradation|g__Anaerostipes.s__Anaerostipes_hadrus	0.9997999101
PWY-7237: myo-, chiro- and scyllo-inositol degradation|g__Blautia.s__Blautia_wexlerae	0.0000226835
PWY-7237: myo-, chiro- and scyllo-inositol degradation|g__Blautia.s__Blautia_obeum	0.0000000692
PWY-7237: myo-, chiro- and scyllo-inositol degradation|g__Dorea.s__Dorea_longicatena	0.9999940196
PWY-7237: myo-, chiro- and scyllo-inositol degradation|unclassified	0.0000000000
PWY-7237: myo-, chiro- and scyllo-inositol degradation|g__Faecalibacterium.s__Faecalibacterium_prausnitzii	0.5436111602
PWY-7237: myo-, chiro- and scyllo-inositol degradation|g__Agathobaculum.s__Agathobaculum_butyriciproducens	0.8270877126
PWY-7237: myo-, chiro- and scyllo-inositol degradation|g__Bacteroides.s__Bacteroides_xylanisolvens	0.7617689649
PWY-7237: myo-, chiro- and scyllo-inositol degradation|g__Bacteroides.s__Bacteroides_fragilis	0.6834588591
PWY-7237: myo-, chiro- and scyllo-inositol degradation|g__Gemmiger.s__Gemmiger_formicilis	0.0000000004
HISTSYN-PWY: L-histidine biosynthesis	0.0000000000
HISTSYN-PWY: L-histidine biosynthesis|unclassified	0.0000000000
HISTSYN-PWY: L-histidine biosynthesis|g__Blautia.s__Blautia_obeum	0.0000000000
HISTSYN-PWY: L-histidine biosynthesis|g__Bacteroides.s__Bacteroides_vulgatus	0.2386258819
HISTSYN-PWY: L-histidine biosynthesis|g__Dorea.s__Dorea_formicigenerans	0.0251019356
SER-GLYSYN-PWY: superpathway of L-serine and glycine biosynthesis I	0.0099003408
SER-GLYSYN-PWY: superpathway of L-serine and glycine biosynthesis I|g__Blautia.s__Blautia_wexlerae	0.8512992800
SER-GLYSYN-PWY: superpathway of L-serine and glycine biosynthesis I|unclassified	0.0000000000
SER-GLYSYN-PWY: superpathway of L-serine and glycine biosynthesis I|g__Blautia.s__Blautia_obeum	0.0000000000
SER-GLYSYN-PWY: superpathway of L-serine and glycine biosynthesis I|g__Anaerostipes.s__Anaerostipes_hadrus	0.0000000002
SER-GLYSYN-PWY: superpathway of L-serine and glycine biosynthesis I|g__Dorea.s__Dorea_longicatena	0.0000015038
SER-GLYSYN-PWY: superpathway of L-serine and glycine biosynthesis I|g__Bacteroides.s__Bacteroides_vulgatus	0.2712375071
SER-GLYSYN-PWY: superpathway of L-serine and glycine biosynthesis I|g__Dorea.s__Dorea_formicigenerans	0.1137804590
SER-GLYSYN-PWY: superpathway of L-serine and glycine biosynthesis I|g__Eggerthella.s__Eggerthella_lenta	0.5002886270
SER-GLYSYN-PWY: superpathway of L-serine and glycine biosynthesis I|g__Bacteroides.s__Bacteroides_stercoris	0.1782817755
SER-GLYSYN-PWY: superpathway of L-serine and glycine biosynthesis I|g__Bacteroides.s__Bacteroides_dorei	0.2380654400
PWY-5695: inosine 5'-phosphate degradation	0.0000000000
PWY-5695: inosine 5'-phosphate degradation|unclassified	0.0000000000
PWY-5695: inosine 5'-phosphate degradation|g__Blautia.s__Blautia_wexlerae	0.3023253726
PWY-5695: inosine 5'-phosphate degradation|g__Anaerostipes.s__Anaerostipes_hadrus	0.0026186865
PWY-5695: inosine 5'-phosphate degradation|g__Blautia.s__Blautia_obeum	0.0000000000
PWY-5695: inosine 5'-phosphate degradation|g__Dorea.s__Dorea_longicatena	0.0519970090
PWY-5695: inosine 5'-phosphate degradation|g__Bacteroides.s__Bacteroides_stercoris	0.2234687223
ASPASN-PWY: superpathway of L-aspartate and L-asparagine biosynthesis	0.0000247516
ASPASN-PWY: superpathway of L-aspartate and L-asparagine biosynthesis|unclassified	0.0000000000
ASPASN-PWY: superpathway of L-aspartate and L-asparagine biosynthesis|g__Blautia.s__Blautia_obeum	0.0000000000
ASPASN-PWY: superpathway of L-aspartate and L-asparagine biosynthesis|g__Blautia.s__Blautia_wexlerae	0.0000000000
ASPASN-PWY: superpathway of L-aspartate and L-asparagine biosynthesis|g__Bacteroides.s__Bacteroides_vulgatus	0.1717015125
ASPASN-PWY: superpathway of L-aspartate and L-asparagine biosynthesis|g__Bacteroides.s__Bacteroides_stercoris	0.0931637422
ASPASN-PWY: superpathway of L-aspartate and L-asparagine biosynthesis|g__Bacteroides.s__Bacteroides_dorei	0.2927727520
PWY-6936: seleno-amino acid biosynthesis (plants)	0.0000000000
PWY-6936: seleno-amino acid biosynthesis (plants)|g__Anaerostipes.s__Anaerostipes_hadrus	0.5561609578
PWY-6936: seleno-amino acid biosynthesis (plants)|unclassified	0.0000000000
PWY-6936: seleno-amino acid biosynthesis (plants)|g__Dorea.s__Dorea_formicigenerans	0.0313360483
METH-ACETATE-PWY: methanogenesis from acetate	0.0000000000
METH-ACETATE-PWY: methanogenesis from acetate|g__Blautia.s__Blautia_wexlerae	0.0000614452
METH-ACETATE-PWY: methanogenesis from acetate|unclassified	0.0000000000
METH-ACETATE-PWY: methanogenesis from acetate|g__Blautia.s__Blautia_obeum	0.0000000000
COBALSYN-PWY: superpathway of adenosylcobalamin salvage from cobinamide I	0.0000000001
COBALSYN-PWY: superpathway of adenosylcobalamin salvage from cobinamide I|unclassified	0.0000000006
COBALSYN-PWY: superpathway of adenosylcobalamin salvage from cobinamide I|g__Blautia.s__Blautia_wexlerae	0.0000000000
COBALSYN-PWY: superpathway of adenosylcobalamin salvage from cobinamide I|g__Blautia.s__Blautia_obeum	0.0000000003
COBALSYN-PWY: superpathway of adenosylcobalamin salvage from cobinamide I|g__Dorea.s__Dorea_longicatena	0.0385754460
P164-PWY: purine nucleobases degradation I (anaerobic)	0.0000000000
P164-PWY: purine nucleobases degradation I (anaerobic)|unclassified	0.0000000000
PWY-7199: pyrimidine deoxyribonucleosides salvage	0.0000000000
PWY-7199: pyrimidine deoxyribonucleosides salvage|unclassified	0.1910929143
PWY-7199: pyrimidine deoxyribonucleosides salvage|g__Bacteroides.s__Bacteroides_vulgatus	0.0784591287
PWY-7199: pyrimidine deoxyribonucleosides salvage|g__Bacteroides.s__Bacteroides_stercoris	0.0871355283
PWY-6608: guanosine nucleotides degradation III	0.0000000000
PWY-6608: guanosine nucleotides degradation III|g__Blautia.s__Blautia_wexlerae	0.2885504357
PWY-6608: guanosine nucleotides degradation III|g__Anaerostipes.s__Anaerostipes_hadrus	0.6659613326
PWY-6608: guanosine nucleotides degradation III|g__Blautia.s__Blautia_obeum	0.0000000000
PWY-6608: guanosine nucleotides degradation III|unclassified	0.0000000000
PWY-5188: tetrapyrrole biosynthesis I (from glutamate)	0.0000000000
PWY-5188: tetrapyrrole biosynthesis I (from glutamate)|g__Blautia.s__Blautia_wexlerae	0.0114313607
PWY-5188: tetrapyrrole biosynthesis I (from glutamate)|unclassified	0.0000000000
PWY-5188: tetrapyrrole biosynthesis I (from glutamate)|g__Anaerostipes.s__Anaerostipes_hadrus	0.0000469949
PWY-5188: tetrapyrrole biosynthesis I (from glutamate)|g__Blautia.s__Blautia_obeum	0.0000000000
PWY-5188: tetrapyrrole biosynthesis I (from glutamate)|g__Blautia.s__Blautia_hansenii	0.0020744393
PWY-7400: L-arginine biosynthesis IV (archaebacteria)	0.0000000000
PWY-7400: L-arginine biosynthesis IV (archaebacteria)|unclassified	0.0000000000
THISYNARA-PWY: superpathway of thiamine diphosphate biosynthesis III (eukaryotes)	0.0000000000
THISYNARA-PWY: superpathway of thiamine diphosphate biosynthesis III (eukaryotes)|g__Lachnospiraceae_unclassified.s__Eubacterium_rectale	0.0068674123
THISYNARA-PWY: superpathway of thiamine diphosphate biosynthesis III (eukaryotes)|unclassified	0.0000000000
THISYNARA-PWY: superpathway of thiamine diphosphate biosynthesis III (eukaryotes)|g__Faecalibacterium.s__Faecalibacterium_prausnitzii	0.1019147151
GLCMANNANAUT-PWY: superpathway of N-acetylglucosamine, N-acetylmannosamine and N-acetylneuraminate degradation	0.0000000000
GLCMANNANAUT-PWY: superpathway of N-acetylglucosamine, N-acetylmannosamine and N-acetylneuraminate degradation|g__Blautia.s__Blautia_wexlerae	0.9998718085
GLCMANNANAUT-PWY: superpathway of N-acetylglucosamine, N-acetylmannosamine and N-acetylneuraminate degradation|unclassified	0.0000000000
GLCMANNANAUT-PWY: superpathway of N-acetylglucosamine, N-acetylmannosamine and N-acetylneuraminate degradation|g__Blautia.s__Blautia_obeum	0.0000000000
PWY-6731: starch degradation III	0.0000000000
PWY-6731: starch degradation III|unclassified	0.0000000000
PWY-6731: starch degradation III|g__Blautia.s__Blautia_obeum	0.0000003144
PWY-6731: starch degradation III|g__Blautia.s__Blautia_wexlerae	0.0000000000
PWY0-1586: peptidoglycan maturation (meso-diaminopimelate containing)	0.0000000000
PWY0-1586: peptidoglycan maturation (meso-diaminopimelate containing)|g__Lachnospiraceae_unclassified.s__Eubacterium_rectale	0.0000000011
PWY0-1586: peptidoglycan maturation (meso-diaminopimelate containing)|g__Anaerostipes.s__Anaerostipes_hadrus	0.6544597502
PWY0-1586: peptidoglycan maturation (meso-diaminopimelate containing)|unclassified	0.0000000000
PWY0-1586: peptidoglycan maturation (meso-diaminopimelate containing)|g__Streptococcus.s__Streptococcus_pneumoniae	0.9574825582
PWY0-1586: peptidoglycan maturation (meso-diaminopimelate containing)|g__Bacteroides.s__Bacteroides_stercoris	0.5404978496
PWY0-1586: peptidoglycan maturation (meso-diaminopimelate containing)|g__Bacteroides.s__Bacteroides_dorei	0.6499704986
PWY-6897: thiamine diphosphate salvage II	0.0000000000
PWY-6897: thiamine diphosphate salvage II|g__Lachnospiraceae_unclassified.s__Eubacterium_rectale	0.0000001893
PWY-6897: thiamine diphosphate salvage II|unclassified	0.0000000000
PWY-6897: thiamine diphosphate salvage II|g__Asaccharobacter.s__Asaccharobacter_celatus	0.1841478934
PWY-6897: thiamine diphosphate salvage II|g__Bacteroides.s__Bacteroides_xylanisolvens	0.7773594517
PHOSLIPSYN-PWY: superpathway of phospholipid biosynthesis I (bacteria)	0.0000000000
PHOSLIPSYN-PWY: superpathway of phospholipid biosynthesis I (bacteria)|unclassified	0.0000000000
GLUCONEO-PWY: gluconeogenesis I	0.0000000000
GLUCONEO-PWY: gluconeogenesis I|unclassified	0.0000000000
PWY0-1061: superpathway of L-alanine biosynthesis	0.0000000000
PWY0-1061: superpathway of L-alanine biosynthesis|g__Lachnospiraceae_unclassified.s__Eubacterium_rectale	0.5186576023
PWY0-1061: superpathway of L-alanine biosynthesis|unclassified	0.0000000000
PWY-5659: GDP-mannose biosynthesis	0.0000000000
PWY-5659: GDP-mannose biosynthesis|unclassified	0.0000000000
PWY-5659: GDP-mannose biosynthesis|g__Blautia.s__Blautia_obeum	0.0000000000
PWY-5659: GDP-mannose biosynthesis|g__Lachnospiraceae_unclassified.s__Eubacterium_rectale	0.0000000000
PWY-5659: GDP-mannose biosynthesis|g__Faecalibacterium.s__Faecalibacterium_prausnitzii	0.0027293686
COLANSYN-PWY: colanic acid building blocks biosynthesis	0.0000000000
COLANSYN-PWY: colanic acid building blocks biosynthesis|unclassified	0.0000000000
PWY-6703: preQ0 biosynthesis	0.0000000000
PWY-6703: preQ0 biosynthesis|unclassified	0.0000000000
PWY-6703: preQ0 biosynthesis|g__Anaerostipes.s__Anaerostipes_hadrus	0.1104283432
PWY-6703: preQ0 biosynthesis|g__Blautia.s__Blautia_obeum	0.0000000000
PWY-6703: preQ0 biosynthesis|g__Parabacteroides.s__Parabacteroides_merdae	0.7467708234
PWY-6703: preQ0 biosynthesis|g__Bacteroides.s__Bacteroides_vulgatus	0.1029365383
PWY-6703: preQ0 biosynthesis|g__Bacteroides.s__Bacteroides_thetaiotaomicron	0.9304299091
PWY-7208: superpathway of pyrimidine nucleobases salvage	0.0000000000
PWY-7208: superpathway of pyrimidine nucleobases salvage|g__Blautia.s__Blautia_obeum	0.0000000000
PWY-7208: superpathway of pyrimidine nucleobases salvage|g__Asaccharobacter.s__Asaccharobacter_celatus	0.4510518893
P461-PWY: hexitol fermentation to lactate, formate, ethanol and acetate	0.0000000000
P461-PWY: hexitol fermentation to lactate, formate, ethanol and acetate|g__Anaerostipes.s__Anaerostipes_hadrus	0.4131754481
P461-PWY: hexitol fermentation to lactate, formate, ethanol and acetate|unclassified	0.0000000000
OANTIGEN-PWY: O-antigen building blocks biosynthesis (E. coli)	0.0000000000
OANTIGEN-PWY: O-antigen building blocks biosynthesis (E. coli)|unclassified	0.0000000000
PWY4FS-7: phosphatidylglycerol biosynthesis I (plastidic)	0.0000000000
PWY4FS-7: phosphatidylglycerol biosynthesis I (plastidic)|unclassified	0.0000000000
PWY4FS-8: phosphatidylglycerol biosynthesis II (non-plastidic)	0.0000000000
PWY4FS-8: phosphatidylglycerol biosynthesis II (non-plastidic)|unclassified	0.0000000000
PWY-7323: superpathway of GDP-mannose-derived O-antigen building blocks biosynthesis	0.0000000000
PWY-7323: superpathway of GDP-mannose-derived O-antigen building blocks biosynthesis|unclassified	0.0000000000
GLYCOLYSIS: glycolysis I (from glucose 6-phosphate)	0.0000000000
GLYCOLYSIS: glycolysis I (from glucose 6-phosphate)|unclassified	0.0000000000
PWY-5676: acetyl-CoA fermentation to butanoate II	0.0000000000
PWY-5676: acetyl-CoA fermentation to butanoate II|g__Anaerostipes.s__Anaerostipes_hadrus	0.0601495299
PWY-6628: superpathway of L-phenylalanine biosynthesis	0.0000000000
PWY-6628: superpathway of L-phenylalanine biosynthesis|unclassified	0.0000000000
PWY-I9: L-cysteine biosynthesis VI (from L-methionine)	0.0000000000
PWY-I9: L-cysteine biosynthesis VI (from L-methionine)|g__Anaerostipes.s__Anaerostipes_hadrus	0.3418692178
PWY-I9: L-cysteine biosynthesis VI (from L-methionine)|unclassified	0.0000000000
PWY-5384: sucrose degradation IV (sucrose phosphorylase)	0.0000000000
PWY-5384: sucrose degradation IV (sucrose phosphorylase)|g__Anaerostipes.s__Anaerostipes_hadrus	0.8987690931
PWY-5384: sucrose degradation IV (sucrose phosphorylase)|unclassified	0.0000000000
PWY-5384: sucrose degradation IV (sucrose phosphorylase)|g__Faecalibacterium.s__Faecalibacterium_prausnitzii	0.4119677466
PWY-5384: sucrose degradation IV (sucrose phosphorylase)|g__Bacteroides.s__Bacteroides_fragilis	0.5043354497
PWY-5384: sucrose degradation IV (sucrose phosphorylase)|g__Bacteroides.s__Bacteroides_xylanisolvens	0.3181798960
PWY-621: sucrose degradation III (sucrose invertase)	0.0000000000
PWY-621: sucrose degradation III (sucrose invertase)|g__Anaerostipes.s__Anaerostipes_hadrus	0.9142639899
PWY-621: sucrose degradation III (sucrose invertase)|unclassified	0.0000000000
PWY-6353: purine nucleotides degradation II (aerobic)	0.0000000000
PWY-6353: purine nucleotides degradation II (aerobic)|g__Anaerostipes.s__Anaerostipes_hadrus	0.0027555684
PWY-7328: superpathway of UDP-glucose-derived O-antigen building blocks biosynthesis	0.0000000000
PWY-7328: superpathway of UDP-glucose-derived O-antigen building blocks biosynthesis|unclassified	0.0000000000
DAPLYSINESYN-PWY: L-lysine biosynthesis I	0.0000000000
DAPLYSINESYN-PWY: L-lysine biosynthesis I|unclassified	0.0000000000
ANAEROFRUCAT-PWY: homolactic fermentation	0.0000000000
ANAEROFRUCAT-PWY: homolactic fermentation|unclassified	0.0000000000
PWY-7013: (S)-propane-1,2-diol degradation	0.0000000000
PWY-7013: (S)-propane-1,2-diol degradation|unclassified	0.0000000000
P185-PWY: formaldehyde assimilation III (dihydroxyacetone cycle)	0.0000000000
P185-PWY: formaldehyde assimilation III (dihydroxyacetone cycle)|unclassified	0.0000000000
PWY-702: L-methionine biosynthesis II	0.0000000000
PWY-702: L-methionine biosynthesis II|unclassified	0.0000000000
GOLPDLCAT-PWY: superpathway of glycerol degradation to 1,3-propanediol	0.0000000000
GOLPDLCAT-PWY: superpathway of glycerol degradation to 1,3-propanediol|unclassified	0.0000000000
GOLPDLCAT-PWY: superpathway of glycerol degradation to 1,3-propanediol|g__Anaerostipes.s__Anaerostipes_hadrus	0.0010491331
PWY-5484: glycolysis II (from fructose 6-phosphate)	0.0000000000
PWY-5484: glycolysis II (from fructose 6-phosphate)|unclassified	0.0000000000
PWY-7229: superpathway of adenosine nucleotides de novo biosynthesis I	0.0000000000
PWY-7229: superpathway of adenosine nucleotides de novo biosynthesis I|g__Bacteroides.s__Bacteroides_vulgatus	0.0956906671
PWY1ZNC-1: assimilatory sulfate reduction IV	0.0000000000
PWY1ZNC-1: assimilatory sulfate reduction IV|unclassified	0.0000000000
UDPNAGSYN-PWY: UDP-N-acetyl-D-glucosamine biosynthesis I	0.0000000000
UDPNAGSYN-PWY: UDP-N-acetyl-D-glucosamine biosynthesis I|unclassified	0.0000000000
PWY-841: superpathway of purine nucleotides de novo biosynthesis I	0.0000000000
LACTOSECAT-PWY: lactose and galactose degradation I	0.0000000000
LACTOSECAT-PWY: lactose and galactose degradation I|unclassified	0.0000000000
LACTOSECAT-PWY: lactose and galactose degradation I|g__Anaerostipes.s__Anaerostipes_hadrus	0.0000004584
PWY-6606: guanosine nucleotides degradation II	0.0000000000
PWY-6606: guanosine nucleotides degradation II|g__Anaerostipes.s__Anaerostipes_hadrus	0.0026175389
PWY-4041: &gamma;-glutamyl cycle	0.0000000000
PWY-4041: &gamma;-glutamyl cycle|unclassified	0.0000000000
RHAMCAT-PWY: L-rhamnose degradation I	0.0000000000
RHAMCAT-PWY: L-rhamnose degradation I|unclassified	0.0000000000
RHAMCAT-PWY: L-rhamnose degradation I|g__Bacteroides.s__Bacteroides_xylanisolvens	0.5383406812
RHAMCAT-PWY: L-rhamnose degradation I|g__Bacteroides.s__Bacteroides_fragilis	0.4745217187
SALVADEHYPOX-PWY: adenosine nucleotides degradation II	0.0000000000
SALVADEHYPOX-PWY: adenosine nucleotides degradation II|g__Anaerostipes.s__Anaerostipes_hadrus	0.0032697897
PWY-7315: dTDP-N-acetylthomosamine biosynthesis	0.0000000000
PWY-7315: dTDP-N-acetylthomosamine biosynthesis|g__Lachnospiraceae_unclassified.s__Eubacterium_rectale	0.0000000000
PWY0-162: superpathway of pyrimidine ribonucleotides de novo biosynthesis	0.0000000000
PWY-2941: L-lysine biosynthesis II	0.0000000000
PWY-2941: L-lysine biosynthesis II|unclassified	0.0000000000
PWY-5121: superpathway of geranylgeranyl diphosphate biosynthesis II (via MEP)	0.0000000000
PWY-5121: superpathway of geranylgeranyl diphosphate biosynthesis II (via MEP)|unclassified	0.0000000000
PWY-5121: superpathway of geranylgeranyl diphosphate biosynthesis II (via MEP)|g__Bacteroides.s__Bacteroides_vulgatus	0.3517929853
PWY-6901: superpathway of glucose and xylose degradation	0.0000000000
PWY-6901: superpathway of glucose and xylose degradation|unclassified	0.0000000000
PWY-6126: superpathway of adenosine nucleotides de novo biosynthesis II	0.0000000000
PWY-6126: superpathway of adenosine nucleotides de novo biosynthesis II|g__Bacteroides.s__Bacteroides_vulgatus	0.1093660470
PPGPPMET-PWY: ppGpp metabolism	0.0000000000
PWY-7115: C4 photosynthetic carbon assimilation cycle, NAD-ME type	0.0000000000
PWY-7356: thiamine diphosphate salvage IV (yeast)	0.0000000000
PWY-7356: thiamine diphosphate salvage IV (yeast)|unclassified	0.0000000000
PWY-5973: cis-vaccenate biosynthesis	0.0000000000
PWY-5973: cis-vaccenate biosynthesis|unclassified	0.0000000000
PWY-5973: cis-vaccenate biosynthesis|g__Bacteroides.s__Bacteroides_stercoris	0.1198592742
PWY-5973: cis-vaccenate biosynthesis|g__Bacteroides.s__Bacteroides_xylanisolvens	0.4673502039
PWY-5973: cis-vaccenate biosynthesis|g__Bacteroides.s__Bacteroides_fragilis	0.3757901866
PWY-7228: superpathway of guanosine nucleotides de novo biosynthesis I	0.0000000000
PWY-7228: superpathway of guanosine nucleotides de novo biosynthesis I|g__Bacteroides.s__Bacteroides_vulgatus	0.5226864556
PWY-7228: superpathway of guanosine nucleotides de novo biosynthesis I|g__Bacteroides.s__Bacteroides_thetaiotaomicron	0.5018817507
PWY-7228: superpathway of guanosine nucleotides de novo biosynthesis I|g__Bacteroides.s__Bacteroides_fragilis	0.5120413864
PWY-7117: C4 photosynthetic carbon assimilation cycle, PEPCK type	0.0000000000
PWY-7117: C4 photosynthetic carbon assimilation cycle, PEPCK type|unclassified	0.0000000000
PWY-5154: L-arginine biosynthesis III (via N-acetyl-L-citrulline)	0.0000000000
PWY-5154: L-arginine biosynthesis III (via N-acetyl-L-citrulline)|unclassified	0.0000000000
PWY-241: C4 photosynthetic carbon assimilation cycle, NADP-ME type	0.0000000000
PWY-241: C4 photosynthetic carbon assimilation cycle, NADP-ME type|unclassified	0.0000000000
PENTOSE-P-PWY: pentose phosphate pathway	0.0000000000
PENTOSE-P-PWY: pentose phosphate pathway|unclassified	0.0000000000
FOLSYN-PWY: superpathway of tetrahydrofolate biosynthesis and salvage	0.0000000000
PWY-7663: gondoate biosynthesis (anaerobic)	0.0000000000
PWY-7663: gondoate biosynthesis (anaerobic)|unclassified	0.0000000000
PWY-7663: gondoate biosynthesis (anaerobic)|g__Bacteroides.s__Bacteroides_vulgatus	0.1510350252
PWY-7663: gondoate biosynthesis (anaerobic)|g__Bacteroides.s__Bacteroides_stercoris	0.3186959305
PWY-7663: gondoate biosynthesis (anaerobic)|g__Bacteroides.s__Bacteroides_thetaiotaomicron	0.3423484154
PWY-7663: gondoate biosynthesis (anaerobic)|g__Bacteroides.s__Bacteroides_xylanisolvens	0.4373872027
PWY-7663: gondoate biosynthesis (anaerobic)|g__Bacteroides.s__Bacteroides_fragilis	0.3445476534
PWY-6125: superpathway of guanosine nucleotides de novo biosynthesis II	0.0000000000
PWY-6125: superpathway of guanosine nucleotides de novo biosynthesis II|g__Bacteroides.s__Bacteroides_vulgatus	0.4189296432
PWY-6125: superpathway of guanosine nucleotides de novo biosynthesis II|g__Bacteroides.s__Bacteroides_thetaiotaomicron	0.4581963521
PWY-5505: L-glutamate and L-glutamine biosynthesis	0.0000000000
PWY-5505: L-glutamate and L-glutamine biosynthesis|unclassified	0.0000000000
PWY-7392: taxadiene biosynthesis (engineered)	0.0000000000
PWY-6902: chitin degradation II (Vibrio)	0.0000000000
PWY-6902: chitin degradation II (Vibrio)|unclassified	0.0000000000
PWY-6902: chitin degradation II (Vibrio)|g__Bacteroides.s__Bacteroides_stercoris	0.4025748261
PWY-622: starch biosynthesis	0.0000000000
PWY-622: starch biosynthesis|unclassified	0.0000000000
POLYISOPRENSYN-PWY: polyisoprenoid biosynthesis (E. coli)	0.0000000000
PWY0-1479: tRNA processing	0.0000000000
PWY0-1479: tRNA processing|unclassified	0.0000000000
GALACTITOLCAT-PWY: galactitol degradation	0.0000000000
GALACTITOLCAT-PWY: galactitol degradation|g__Anaerostipes.s__Anaerostipes_hadrus	0.0000000000
PWY-7761: NAD salvage pathway II (PNC IV cycle)	0.0000000000
PWY0-781: aspartate superpathway	0.0000000000
PWY-8187: L-arginine degradation XIII (reductive Stickland reaction)	0.0000000000
PWY-8187: L-arginine degradation XIII (reductive Stickland reaction)|g__Asaccharobacter.s__Asaccharobacter_celatus	0.8390850327
PWY-8187: L-arginine degradation XIII (reductive Stickland reaction)|unclassified	0.0000000000
P441-PWY: superpathway of N-acetylneuraminate degradation	0.0000000000
PWY-8004: Entner-Doudoroff pathway I	0.0000000000
PWY-6895: superpathway of thiamine diphosphate biosynthesis II	0.0000000000
P4-PWY: superpathway of L-lysine, L-threonine and L-methionine biosynthesis I	0.0000000000
P4-PWY: superpathway of L-lysine, L-threonine and L-methionine biosynthesis I|unclassified	0.0000000000
ARGININE-SYN4-PWY: L-ornithine biosynthesis II	0.0000000000
ARGININE-SYN4-PWY: L-ornithine biosynthesis II|g__Bacteroides.s__Bacteroides_vulgatus	0.6584222017
ARGININE-SYN4-PWY: L-ornithine biosynthesis II|g__Bacteroides.s__Bacteroides_dorei	0.6285983758
ARGININE-SYN4-PWY: L-ornithine biosynthesis II|g__Bacteroides.s__Bacteroides_xylanisolvens	0.7362811196
ARGININE-SYN4-PWY: L-ornithine biosynthesis II|g__Bacteroides.s__Bacteroides_thetaiotaomicron	0.2882750230
CITRULBIO-PWY: L-citrulline biosynthesis	0.0000000000
PWY-7282: 4-amino-2-methyl-5-diphosphomethylpyrimidine biosynthesis II	0.0000000000
PWY-7282: 4-amino-2-methyl-5-diphosphomethylpyrimidine biosynthesis II|unclassified	0.0000000000
PWY-6292: superpathway of L-cysteine biosynthesis (mammalian)	0.0000000000
PWY-6292: superpathway of L-cysteine biosynthesis (mammalian)|unclassified	0.0000000000
PWY-6612: superpathway of tetrahydrofolate biosynthesis	0.0000000000
BIOTIN-BIOSYNTHESIS-PWY: biotin biosynthesis I	0.0000000000
BIOTIN-BIOSYNTHESIS-PWY: biotin biosynthesis I|unclassified	0.0000000000
PWY66-409: superpathway of purine nucleotide salvage	0.0000000000
FASYN-ELONG-PWY: fatty acid elongation -- saturated	0.0000000000
FASYN-ELONG-PWY: fatty acid elongation -- saturated|unclassified	0.0000000000
RUMP-PWY: formaldehyde oxidation I	0.0000000000
PWY-7345: superpathway of anaerobic sucrose degradation	0.0000000000
PWY-7345: superpathway of anaerobic sucrose degradation|unclassified	0.0000000000
PWY-7664: oleate biosynthesis IV (anaerobic)	0.0000000000
PWY-7664: oleate biosynthesis IV (anaerobic)|unclassified	0.0000000000
PWY-7220: adenosine deoxyribonucleotides de novo biosynthesis II	0.0000000000
PWY-7220: adenosine deoxyribonucleotides de novo biosynthesis II|g__Bacteroides.s__Bacteroides_vulgatus	0.8317682943
PWY-7220: adenosine deoxyribonucleotides de novo biosynthesis II|g__Bacteroides.s__Bacteroides_fragilis	0.9616397714
PWY-7220: adenosine deoxyribonucleotides de novo biosynthesis II|g__Bacteroides.s__Bacteroides_thetaiotaomicron	0.4250660534
PWY-7222: guanosine deoxyribonucleotides de novo biosynthesis II	0.0000000000
PWY-7222: guanosine deoxyribonucleotides de novo biosynthesis II|g__Bacteroides.s__Bacteroides_vulgatus	0.8317682943
PWY-7222: guanosine deoxyribonucleotides de novo biosynthesis II|g__Bacteroides.s__Bacteroides_fragilis	0.9616397714
PWY-7222: guanosine deoxyribonucleotides de novo biosynthesis II|g__Bacteroides.s__Bacteroides_thetaiotaomicron	0.4250660534
PWY-7198: pyrimidine deoxyribonucleotides de novo biosynthesis IV	0.0000000000
PWY-4984: urea cycle	0.0000000000
PWY-6590: superpathway of Clostridium acetobutylicum acidogenic fermentation	0.0000000000
PWY0-862: (5Z)-dodecenoate biosynthesis I	0.0000000000
PWY0-862: (5Z)-dodecenoate biosynthesis I|unclassified	0.0000000000
PWY-5989: stearate biosynthesis II (bacteria and plants)	0.0000000000
PWY-5989: stearate biosynthesis II (bacteria and plants)|unclassified	0.0000000000
PWY-8131: 5'-deoxyadenosine degradation II	0.0000000000
PWY-8131: 5'-deoxyadenosine degradation II|unclassified	0.0000000000
PWY-6519: 8-amino-7-oxononanoate biosynthesis I	0.0000000000
PWY-6519: 8-amino-7-oxononanoate biosynthesis I|unclassified	0.0000000000
PWY-7197: pyrimidine deoxyribonucleotide phosphorylation	0.0000000000
PWY-6282: palmitoleate biosynthesis I (from (5Z)-dodec-5-enoate)	0.0000000000
PWY-6282: palmitoleate biosynthesis I (from (5Z)-dodec-5-enoate)|unclassified	0.0000000000
HISDEG-PWY: L-histidine degradation I	0.0000000000
HISDEG-PWY: L-histidine degradation I|g__Blautia.s__Blautia_hansenii	0.0463858475
HISDEG-PWY: L-histidine degradation I|unclassified	0.0000000000
HISDEG-PWY: L-histidine degradation I|g__Bacteroides.s__Bacteroides_vulgatus	0.0431439504
HISDEG-PWY: L-histidine degradation I|g__Parabacteroides.s__Parabacteroides_merdae	0.2708166333
HISDEG-PWY: L-histidine degradation I|g__Bacteroides.s__Bacteroides_dorei	0.5112345549
PWY-6630: superpathway of L-tyrosine biosynthesis	0.0000000000
PWY-5345: superpathway of L-methionine biosynthesis (by sulfhydrylation)	0.0000000000
PWY-5345: superpathway of L-methionine biosynthesis (by sulfhydrylation)|unclassified	0.0000000000
PWY0-1477: ethanolamine utilization	0.0000000000
PWY0-1477: ethanolamine utilization|unclassified	0.0000000000
PWY-6147: 6-hydroxymethyl-dihydropterin diphosphate biosynthesis I	0.0000000000
PWY-6147: 6-hydroxymethyl-dihydropterin diphosphate biosynthesis I|unclassified	0.0000000000
FUC-RHAMCAT-PWY: superpathway of fucose and rhamnose degradation	0.0000000000
FUC-RHAMCAT-PWY: superpathway of fucose and rhamnose degradation|unclassified	0.0000000000
PWY-5347: superpathway of L-methionine biosynthesis (transsulfuration)	0.0000000000
PWY-5347: superpathway of L-methionine biosynthesis (transsulfuration)|unclassified	0.0000000000
MET-SAM-PWY: superpathway of S-adenosyl-L-methionine biosynthesis	0.0000000000
MET-SAM-PWY: superpathway of S-adenosyl-L-methionine biosynthesis|unclassified	0.0000000000
PWY-7456: &beta;-(1,4)-mannan degradation	0.0000000000
PWY-7456: &beta;-(1,4)-mannan degradation|unclassified	0.0000000000
CENTFERM-PWY: pyruvate fermentation to butanoate	0.0000000000
PWY-6859: all-trans-farnesol biosynthesis	0.0000000000
PWY-6305: superpathway of putrescine biosynthesis	0.0000000000
P124-PWY: Bifidobacterium shunt	0.0000000000
P124-PWY: Bifidobacterium shunt|unclassified	0.0000000000
METSYN-PWY: superpathway of L-homoserine and L-methionine biosynthesis	0.0000000000
METSYN-PWY: superpathway of L-homoserine and L-methionine biosynthesis|unclassified	0.0000000000
SULFATE-CYS-PWY: superpathway of sulfate assimilation and cysteine biosynthesis	0.0000000000
SULFATE-CYS-PWY: superpathway of sulfate assimilation and cysteine biosynthesis|unclassified	0.0000000000
HEXITOLDEGSUPER-PWY: superpathway of hexitol degradation (bacteria)	0.0000000000
GLYCOLYSIS-E-D: superpathway of glycolysis and the Entner-Doudoroff pathway	0.0000000000
PWY-7211: superpathway of pyrimidine deoxyribonucleotides de novo biosynthesis	0.0000000000
PWY-6470: peptidoglycan biosynthesis V (&beta;-lactam resistance)	0.0000000000
PWY66-399: gluconeogenesis III	0.0000000000
PWY0-1297: superpathway of purine deoxyribonucleosides degradation	0.0000000000
PWY-5030: L-histidine degradation III	0.0000000000
PWY-5030: L-histidine degradation III|g__Bacteroides.s__Bacteroides_vulgatus	0.0588267345
GLUCUROCAT-PWY: superpathway of &beta;-D-glucuronosides degradation	0.0000000000
GLUCUROCAT-PWY: superpathway of &beta;-D-glucuronosides degradation|unclassified	0.0000000000
PWY0-845: superpathway of pyridoxal 5'-phosphate biosynthesis and salvage	0.0000000000
PWY-7385: 1,3-propanediol biosynthesis (engineered)	0.0000000000
PWY-7385: 1,3-propanediol biosynthesis (engineered)|unclassified	0.0000000000
PWY-7234: inosine-5'-phosphate biosynthesis III	0.0000000000
FUCCAT-PWY: fucose degradation	0.0000000000
FUCCAT-PWY: fucose degradation|unclassified	0.0000000000
HOMOSER-METSYN-PWY: L-methionine biosynthesis I	0.0000000000
HOMOSER-METSYN-PWY: L-methionine biosynthesis I|unclassified	0.0000000000
PWY-6906: chitin derivatives degradation	0.0000000000
GALACTUROCAT-PWY: D-galacturonate degradation I	0.0000000000
GALACTUROCAT-PWY: D-galacturonate degradation I|unclassified	0.0000000000
FASYN-INITIAL-PWY: superpathway of fatty acid biosynthesis initiation (E. coli)	0.0000000000
FASYN-INITIAL-PWY: superpathway of fatty acid biosynthesis initiation (E. coli)|unclassified	0.0000000000
PYRIDOXSYN-PWY: pyridoxal 5'-phosphate biosynthesis I	0.0000000000
PWY-7383: anaerobic energy metabolism (invertebrates, cytosol)	0.0000000000
PWY-7242: D-fructuronate degradation	0.0000000000
PWY-7242: D-fructuronate degradation|unclassified	0.0000000000
PWY-6507: 4-deoxy-L-threo-hex-4-enopyranuronate degradation	0.0000000000
PWY-6507: 4-deoxy-L-threo-hex-4-enopyranuronate degradation|unclassified	0.0000000000
PWY-7210: pyrimidine deoxyribonucleotides biosynthesis from CTP	0.0000000000
SO4ASSIM-PWY: assimilatory sulfate reduction I	0.0000000000
SO4ASSIM-PWY: assimilatory sulfate reduction I|unclassified	0.0000000000
PWY0-1298: superpathway of pyrimidine deoxyribonucleosides degradation	0.0000000000
PWY0-1298: superpathway of pyrimidine deoxyribonucleosides degradation|unclassified	0.0000000000
PWY-7184: pyrimidine deoxyribonucleotides de novo biosynthesis I	0.0000000000
PWY-6545: pyrimidine deoxyribonucleotides de novo biosynthesis III	0.0000000000
GALACT-GLUCUROCAT-PWY: superpathway of hexuronide and hexuronate degradation	0.0000000000
GALACT-GLUCUROCAT-PWY: superpathway of hexuronide and hexuronate degradation|unclassified	0.0000000000
PWY-5189: tetrapyrrole biosynthesis II (from glycine)	0.0000000000
PWY-5189: tetrapyrrole biosynthesis II (from glycine)|unclassified	0.0000000000
PWY-1269: CMP-3-deoxy-D-manno-octulosonate biosynthesis	0.0000000000
PWY-1269: CMP-3-deoxy-D-manno-octulosonate biosynthesis|unclassified	0.0000000000
PWY-5675: nitrate reduction V (assimilatory)	0.0000000000
PWY-5675: nitrate reduction V (assimilatory)|unclassified	0.0000000000
PWY-7312: dTDP-&beta;-D-fucofuranose biosynthesis	0.0000000000
NAGLIPASYN-PWY: lipid IVA biosynthesis (E. coli)	0.0000000000
PWY-8073: lipid IVA biosynthesis (P. putida)	0.0000000000
PWY-5497: purine nucleobases degradation II (anaerobic)	0.0000000000
PWY-5136: fatty acid &beta;-oxidation II (plant peroxisome)	0.0000000000
PWY-6588: pyruvate fermentation to acetone	0.0000000000
PWY-6588: pyruvate fermentation to acetone|unclassified	0.0000000000
GLUDEG-I-PWY: GABA shunt	0.0000000000
PWY0-1241: ADP-L-glycero-&beta;-D-manno-heptose biosynthesis	0.0000000000