# Pathway	merged_SRM-15084078Week-4_S104_L001__kneaddata_paired_Coverage
UNMAPPED	1.0000000000
UNINTEGRATED	1.0000000000
UNINTEGRATED|g__Absiella.s__Absiella_dolichum	1.0000000000
UNINTEGRATED|g__Agathobaculum.s__Agathobaculum_butyriciproducens	1.0000000000
UNINTEGRATED|g__Anaerostipes.s__Anaerostipes_hadrus	1.0000000000
UNINTEGRATED|g__Blautia.s__Blautia_hansenii	1.0000000000
UNINTEGRATED|g__Blautia.s__Blautia_obeum	1.0000000000
UNINTEGRATED|g__Blautia.s__Blautia_wexlerae	1.0000000000
UNINTEGRATED|g__Dorea.s__Dorea_formicigenerans	1.0000000000
UNINTEGRATED|g__Dorea.s__Dorea_longicatena	1.0000000000
UNINTEGRATED|g__Eggerthella.s__Eggerthella_lenta	1.0000000000
UNINTEGRATED|g__Erysipelatoclostridium.s__Clostridium_innocuum	1.0000000000
UNINTEGRATED|g__Eubacterium.s__Eubacterium_ventriosum	1.0000000000
UNINTEGRATED|g__Gordonibacter.s__Gordonibacter_pamelaeae	1.0000000000
UNINTEGRATED|g__Lachnoclostridium.s__Clostridium_scindens	1.0000000000
UNINTEGRATED|g__Lachnospiraceae_unclassified.s__Eubacterium_rectale	1.0000000000
UNINTEGRATED|g__Lactococcus.s__Lactococcus_lactis	1.0000000000
UNINTEGRATED|g__Tyzzerella.s__Tyzzerella_nexilis	1.0000000000
UNINTEGRATED|unclassified	1.0000000000
PWY-7238: sucrose biosynthesis II	1.0000000000
PWY-7238: sucrose biosynthesis II|unclassified	1.0000000000
PWY-7238: sucrose biosynthesis II|g__Blautia.s__Blautia_obeum	1.0000000000
PWY-7238: sucrose biosynthesis II|g__Anaerostipes.s__Anaerostipes_hadrus	0.8027852107
PWY-7238: sucrose biosynthesis II|g__Blautia.s__Blautia_wexlerae	0.9819556277
PWY-7238: sucrose biosynthesis II|g__Lachnospiraceae_unclassified.s__Eubacterium_rectale	1.0000000000
PWY-7238: sucrose biosynthesis II|g__Dorea.s__Dorea_longicatena	0.9999872068
PWY-7238: sucrose biosynthesis II|g__Dorea.s__Dorea_formicigenerans	0.9922993861
PWY-7238: sucrose biosynthesis II|g__Blautia.s__Blautia_hansenii	0.9383236037
PWY-7238: sucrose biosynthesis II|g__Agathobaculum.s__Agathobaculum_butyriciproducens	0.4666605493
PWY-7238: sucrose biosynthesis II|g__Erysipelatoclostridium.s__Clostridium_innocuum	0.3591494790
PWY-7238: sucrose biosynthesis II|g__Tyzzerella.s__Tyzzerella_nexilis	0.1576854879
GLYCOGENSYNTH-PWY: glycogen biosynthesis I (from ADP-D-Glucose)	1.0000000000
GLYCOGENSYNTH-PWY: glycogen biosynthesis I (from ADP-D-Glucose)|unclassified	1.0000000000
GLYCOGENSYNTH-PWY: glycogen biosynthesis I (from ADP-D-Glucose)|g__Anaerostipes.s__Anaerostipes_hadrus	1.0000000000
GLYCOGENSYNTH-PWY: glycogen biosynthesis I (from ADP-D-Glucose)|g__Blautia.s__Blautia_obeum	0.9999999998
GLYCOGENSYNTH-PWY: glycogen biosynthesis I (from ADP-D-Glucose)|g__Blautia.s__Blautia_wexlerae	0.9961880213
GLYCOGENSYNTH-PWY: glycogen biosynthesis I (from ADP-D-Glucose)|g__Dorea.s__Dorea_longicatena	0.9999995630
GLYCOGENSYNTH-PWY: glycogen biosynthesis I (from ADP-D-Glucose)|g__Lachnospiraceae_unclassified.s__Eubacterium_rectale	0.1972691102
GLYCOGENSYNTH-PWY: glycogen biosynthesis I (from ADP-D-Glucose)|g__Dorea.s__Dorea_formicigenerans	0.8911871873
GLYCOGENSYNTH-PWY: glycogen biosynthesis I (from ADP-D-Glucose)|g__Agathobaculum.s__Agathobaculum_butyriciproducens	0.6400899474
GLYCOGENSYNTH-PWY: glycogen biosynthesis I (from ADP-D-Glucose)|g__Erysipelatoclostridium.s__Clostridium_innocuum	0.1689510886
PWY-5941: glycogen degradation II	0.9174040841
PWY-5941: glycogen degradation II|unclassified	0.0000000000
PWY-5941: glycogen degradation II|g__Blautia.s__Blautia_obeum	0.9999999999
PWY-5941: glycogen degradation II|g__Anaerostipes.s__Anaerostipes_hadrus	0.8117195219
PWY-5941: glycogen degradation II|g__Blautia.s__Blautia_wexlerae	0.4228698996
PWY-5941: glycogen degradation II|g__Dorea.s__Dorea_longicatena	0.9999912856
PWY-5941: glycogen degradation II|g__Dorea.s__Dorea_formicigenerans	0.9561502014
PWY-5941: glycogen degradation II|g__Agathobaculum.s__Agathobaculum_butyriciproducens	0.4767949850
PWY-5941: glycogen degradation II|g__Erysipelatoclostridium.s__Clostridium_innocuum	0.4503786663
PWY-1042: glycolysis IV	0.9358575739
PWY-1042: glycolysis IV|unclassified	0.9989585547
PWY-1042: glycolysis IV|g__Anaerostipes.s__Anaerostipes_hadrus	0.0115157883
PWY-1042: glycolysis IV|g__Blautia.s__Blautia_wexlerae	0.0000000000
PWY-1042: glycolysis IV|g__Lachnospiraceae_unclassified.s__Eubacterium_rectale	0.0507017857
PWY-1042: glycolysis IV|g__Dorea.s__Dorea_longicatena	0.0545874597
PWY-1042: glycolysis IV|g__Blautia.s__Blautia_obeum	0.0000000000
PWY-1042: glycolysis IV|g__Dorea.s__Dorea_formicigenerans	0.0268380610
PWY-1042: glycolysis IV|g__Agathobaculum.s__Agathobaculum_butyriciproducens	0.6627448059
PWY-1042: glycolysis IV|g__Erysipelatoclostridium.s__Clostridium_innocuum	0.0888904593
PWY-8178: pentose phosphate pathway (non-oxidative branch) II	1.0000000000
PWY-8178: pentose phosphate pathway (non-oxidative branch) II|unclassified	0.9999938724
PWY-8178: pentose phosphate pathway (non-oxidative branch) II|g__Anaerostipes.s__Anaerostipes_hadrus	1.0000000000
PWY-8178: pentose phosphate pathway (non-oxidative branch) II|g__Blautia.s__Blautia_wexlerae	0.0000000000
PWY-8178: pentose phosphate pathway (non-oxidative branch) II|g__Lachnospiraceae_unclassified.s__Eubacterium_rectale	0.2779403046
PWY-8178: pentose phosphate pathway (non-oxidative branch) II|g__Blautia.s__Blautia_obeum	0.0000000000
PWY-8178: pentose phosphate pathway (non-oxidative branch) II|g__Erysipelatoclostridium.s__Clostridium_innocuum	0.9755566387
CALVIN-PWY: Calvin-Benson-Bassham cycle	0.9999999999
CALVIN-PWY: Calvin-Benson-Bassham cycle|unclassified	0.9723580848
CALVIN-PWY: Calvin-Benson-Bassham cycle|g__Blautia.s__Blautia_wexlerae	0.0003054298
CALVIN-PWY: Calvin-Benson-Bassham cycle|g__Anaerostipes.s__Anaerostipes_hadrus	0.0408196351
CALVIN-PWY: Calvin-Benson-Bassham cycle|g__Lachnospiraceae_unclassified.s__Eubacterium_rectale	0.2826901155
CALVIN-PWY: Calvin-Benson-Bassham cycle|g__Blautia.s__Blautia_obeum	0.0000000000
ANAGLYCOLYSIS-PWY: glycolysis III (from glucose)	0.8654565340
ANAGLYCOLYSIS-PWY: glycolysis III (from glucose)|unclassified	0.0000000000
ANAGLYCOLYSIS-PWY: glycolysis III (from glucose)|g__Anaerostipes.s__Anaerostipes_hadrus	0.0069639146
ANAGLYCOLYSIS-PWY: glycolysis III (from glucose)|g__Lachnospiraceae_unclassified.s__Eubacterium_rectale	0.0312984293
ANAGLYCOLYSIS-PWY: glycolysis III (from glucose)|g__Blautia.s__Blautia_wexlerae	0.0000000000
ANAGLYCOLYSIS-PWY: glycolysis III (from glucose)|g__Dorea.s__Dorea_longicatena	0.0000215169
ANAGLYCOLYSIS-PWY: glycolysis III (from glucose)|g__Blautia.s__Blautia_obeum	0.0000000000
NONOXIPENT-PWY: pentose phosphate pathway (non-oxidative branch) I	0.9999993778
NONOXIPENT-PWY: pentose phosphate pathway (non-oxidative branch) I|unclassified	0.9999969967
NONOXIPENT-PWY: pentose phosphate pathway (non-oxidative branch) I|g__Anaerostipes.s__Anaerostipes_hadrus	1.0000000000
NONOXIPENT-PWY: pentose phosphate pathway (non-oxidative branch) I|g__Lachnospiraceae_unclassified.s__Eubacterium_rectale	0.9524209484
NONOXIPENT-PWY: pentose phosphate pathway (non-oxidative branch) I|g__Blautia.s__Blautia_wexlerae	0.0000000000
NONOXIPENT-PWY: pentose phosphate pathway (non-oxidative branch) I|g__Blautia.s__Blautia_obeum	0.0000000000
NONOXIPENT-PWY: pentose phosphate pathway (non-oxidative branch) I|g__Erysipelatoclostridium.s__Clostridium_innocuum	0.9996129213
PWY-6163: chorismate biosynthesis from 3-dehydroquinate	0.9987573366
PWY-6163: chorismate biosynthesis from 3-dehydroquinate|unclassified	0.9973895311
PWY-6163: chorismate biosynthesis from 3-dehydroquinate|g__Anaerostipes.s__Anaerostipes_hadrus	0.0074632768
PWY-6163: chorismate biosynthesis from 3-dehydroquinate|g__Blautia.s__Blautia_obeum	0.5725369801
PWY-6163: chorismate biosynthesis from 3-dehydroquinate|g__Blautia.s__Blautia_wexlerae	0.0000000000
PWY-6163: chorismate biosynthesis from 3-dehydroquinate|g__Lachnospiraceae_unclassified.s__Eubacterium_rectale	0.3600094469
PWY-6163: chorismate biosynthesis from 3-dehydroquinate|g__Dorea.s__Dorea_longicatena	0.0000061135
PWY-6163: chorismate biosynthesis from 3-dehydroquinate|g__Dorea.s__Dorea_formicigenerans	0.2268867903
PWY-6163: chorismate biosynthesis from 3-dehydroquinate|g__Eggerthella.s__Eggerthella_lenta	0.1805555304
PWY-6163: chorismate biosynthesis from 3-dehydroquinate|g__Agathobaculum.s__Agathobaculum_butyriciproducens	0.5219000123
PWY-6163: chorismate biosynthesis from 3-dehydroquinate|g__Tyzzerella.s__Tyzzerella_nexilis	0.3761734678
PWY-6163: chorismate biosynthesis from 3-dehydroquinate|g__Erysipelatoclostridium.s__Clostridium_innocuum	0.5025107284
PWY-6163: chorismate biosynthesis from 3-dehydroquinate|g__Blautia.s__Blautia_hansenii	0.3647148485
DTDPRHAMSYN-PWY: dTDP-&beta;-L-rhamnose biosynthesis	1.0000000000
DTDPRHAMSYN-PWY: dTDP-&beta;-L-rhamnose biosynthesis|unclassified	1.0000000000
DTDPRHAMSYN-PWY: dTDP-&beta;-L-rhamnose biosynthesis|g__Blautia.s__Blautia_obeum	0.9997400708
DTDPRHAMSYN-PWY: dTDP-&beta;-L-rhamnose biosynthesis|g__Anaerostipes.s__Anaerostipes_hadrus	0.0010478137
DTDPRHAMSYN-PWY: dTDP-&beta;-L-rhamnose biosynthesis|g__Blautia.s__Blautia_wexlerae	0.0000000000
DTDPRHAMSYN-PWY: dTDP-&beta;-L-rhamnose biosynthesis|g__Lachnospiraceae_unclassified.s__Eubacterium_rectale	0.6849716286
DTDPRHAMSYN-PWY: dTDP-&beta;-L-rhamnose biosynthesis|g__Dorea.s__Dorea_longicatena	0.0638205687
DTDPRHAMSYN-PWY: dTDP-&beta;-L-rhamnose biosynthesis|g__Dorea.s__Dorea_formicigenerans	0.0253007089
DTDPRHAMSYN-PWY: dTDP-&beta;-L-rhamnose biosynthesis|g__Eggerthella.s__Eggerthella_lenta	0.2348115803
DTDPRHAMSYN-PWY: dTDP-&beta;-L-rhamnose biosynthesis|g__Lactococcus.s__Lactococcus_lactis	0.6115836000
ARO-PWY: chorismate biosynthesis I	0.9923164391
ARO-PWY: chorismate biosynthesis I|unclassified	0.9972731518
ARO-PWY: chorismate biosynthesis I|g__Anaerostipes.s__Anaerostipes_hadrus	0.0016881059
ARO-PWY: chorismate biosynthesis I|g__Blautia.s__Blautia_obeum	0.0000000023
ARO-PWY: chorismate biosynthesis I|g__Blautia.s__Blautia_wexlerae	0.0000000000
ARO-PWY: chorismate biosynthesis I|g__Lachnospiraceae_unclassified.s__Eubacterium_rectale	0.3010188333
ARO-PWY: chorismate biosynthesis I|g__Dorea.s__Dorea_longicatena	0.0000085589
ARO-PWY: chorismate biosynthesis I|g__Dorea.s__Dorea_formicigenerans	0.2655215414
ARO-PWY: chorismate biosynthesis I|g__Eggerthella.s__Eggerthella_lenta	0.2340127431
ARO-PWY: chorismate biosynthesis I|g__Agathobaculum.s__Agathobaculum_butyriciproducens	0.4610414042
ARO-PWY: chorismate biosynthesis I|g__Tyzzerella.s__Tyzzerella_nexilis	0.4145715635
ARO-PWY: chorismate biosynthesis I|g__Erysipelatoclostridium.s__Clostridium_innocuum	0.1244115586
ARO-PWY: chorismate biosynthesis I|g__Blautia.s__Blautia_hansenii	0.2645551352
PWY-6386: UDP-N-acetylmuramoyl-pentapeptide biosynthesis II (lysine-containing)	1.0000000000
PWY-6386: UDP-N-acetylmuramoyl-pentapeptide biosynthesis II (lysine-containing)|unclassified	0.9999592044
PWY-6386: UDP-N-acetylmuramoyl-pentapeptide biosynthesis II (lysine-containing)|g__Anaerostipes.s__Anaerostipes_hadrus	0.0000063723
PWY-6386: UDP-N-acetylmuramoyl-pentapeptide biosynthesis II (lysine-containing)|g__Blautia.s__Blautia_wexlerae	0.0048237554
PWY-6386: UDP-N-acetylmuramoyl-pentapeptide biosynthesis II (lysine-containing)|g__Blautia.s__Blautia_obeum	0.0020144505
PWY-6386: UDP-N-acetylmuramoyl-pentapeptide biosynthesis II (lysine-containing)|g__Lachnospiraceae_unclassified.s__Eubacterium_rectale	0.0571201445
PWY-6386: UDP-N-acetylmuramoyl-pentapeptide biosynthesis II (lysine-containing)|g__Dorea.s__Dorea_longicatena	0.2163088825
PWY-6386: UDP-N-acetylmuramoyl-pentapeptide biosynthesis II (lysine-containing)|g__Dorea.s__Dorea_formicigenerans	0.2126556175
PWY-6386: UDP-N-acetylmuramoyl-pentapeptide biosynthesis II (lysine-containing)|g__Eggerthella.s__Eggerthella_lenta	0.0026672091
PEPTIDOGLYCANSYN-PWY: peptidoglycan biosynthesis I (meso-diaminopimelate containing)	1.0000000000
PEPTIDOGLYCANSYN-PWY: peptidoglycan biosynthesis I (meso-diaminopimelate containing)|unclassified	0.9999999137
PEPTIDOGLYCANSYN-PWY: peptidoglycan biosynthesis I (meso-diaminopimelate containing)|g__Anaerostipes.s__Anaerostipes_hadrus	0.0391177873
PEPTIDOGLYCANSYN-PWY: peptidoglycan biosynthesis I (meso-diaminopimelate containing)|g__Blautia.s__Blautia_wexlerae	0.0842750878
PEPTIDOGLYCANSYN-PWY: peptidoglycan biosynthesis I (meso-diaminopimelate containing)|g__Blautia.s__Blautia_obeum	0.0032879118
PEPTIDOGLYCANSYN-PWY: peptidoglycan biosynthesis I (meso-diaminopimelate containing)|g__Lachnospiraceae_unclassified.s__Eubacterium_rectale	0.0176703283
PEPTIDOGLYCANSYN-PWY: peptidoglycan biosynthesis I (meso-diaminopimelate containing)|g__Dorea.s__Dorea_longicatena	0.3474667349
PEPTIDOGLYCANSYN-PWY: peptidoglycan biosynthesis I (meso-diaminopimelate containing)|g__Dorea.s__Dorea_formicigenerans	0.3031142047
PEPTIDOGLYCANSYN-PWY: peptidoglycan biosynthesis I (meso-diaminopimelate containing)|g__Agathobaculum.s__Agathobaculum_butyriciproducens	0.2641802990
PEPTIDOGLYCANSYN-PWY: peptidoglycan biosynthesis I (meso-diaminopimelate containing)|g__Eggerthella.s__Eggerthella_lenta	0.0024103515
PEPTIDOGLYCANSYN-PWY: peptidoglycan biosynthesis I (meso-diaminopimelate containing)|g__Tyzzerella.s__Tyzzerella_nexilis	0.2384587706
PWY-7221: guanosine ribonucleotides de novo biosynthesis	0.9999972002
PWY-7221: guanosine ribonucleotides de novo biosynthesis|unclassified	0.2919558574
PWY-7221: guanosine ribonucleotides de novo biosynthesis|g__Blautia.s__Blautia_wexlerae	1.0000000000
PWY-7221: guanosine ribonucleotides de novo biosynthesis|g__Anaerostipes.s__Anaerostipes_hadrus	0.0000002503
PWY-7221: guanosine ribonucleotides de novo biosynthesis|g__Lachnospiraceae_unclassified.s__Eubacterium_rectale	0.0381477197
PWY-7221: guanosine ribonucleotides de novo biosynthesis|g__Dorea.s__Dorea_longicatena	0.4597889315
PWY-7221: guanosine ribonucleotides de novo biosynthesis|g__Blautia.s__Blautia_obeum	0.0000000000
PWY-7221: guanosine ribonucleotides de novo biosynthesis|g__Dorea.s__Dorea_formicigenerans	0.2095686281
PWY-7221: guanosine ribonucleotides de novo biosynthesis|g__Eggerthella.s__Eggerthella_lenta	0.9294707509
PWY-7221: guanosine ribonucleotides de novo biosynthesis|g__Blautia.s__Blautia_hansenii	0.7366023660
PWY-7221: guanosine ribonucleotides de novo biosynthesis|g__Tyzzerella.s__Tyzzerella_nexilis	0.3698649227
PWY-7221: guanosine ribonucleotides de novo biosynthesis|g__Erysipelatoclostridium.s__Clostridium_innocuum	0.4908717693
PWY-6387: UDP-N-acetylmuramoyl-pentapeptide biosynthesis I (meso-diaminopimelate containing)	1.0000000000
PWY-6387: UDP-N-acetylmuramoyl-pentapeptide biosynthesis I (meso-diaminopimelate containing)|unclassified	0.9999998921
PWY-6387: UDP-N-acetylmuramoyl-pentapeptide biosynthesis I (meso-diaminopimelate containing)|g__Anaerostipes.s__Anaerostipes_hadrus	0.0315409933
PWY-6387: UDP-N-acetylmuramoyl-pentapeptide biosynthesis I (meso-diaminopimelate containing)|g__Blautia.s__Blautia_wexlerae	0.0734299506
PWY-6387: UDP-N-acetylmuramoyl-pentapeptide biosynthesis I (meso-diaminopimelate containing)|g__Blautia.s__Blautia_obeum	0.0026331133
PWY-6387: UDP-N-acetylmuramoyl-pentapeptide biosynthesis I (meso-diaminopimelate containing)|g__Lachnospiraceae_unclassified.s__Eubacterium_rectale	0.0320460216
PWY-6387: UDP-N-acetylmuramoyl-pentapeptide biosynthesis I (meso-diaminopimelate containing)|g__Dorea.s__Dorea_longicatena	0.3215584403
PWY-6387: UDP-N-acetylmuramoyl-pentapeptide biosynthesis I (meso-diaminopimelate containing)|g__Dorea.s__Dorea_formicigenerans	0.3204811029
PWY-6387: UDP-N-acetylmuramoyl-pentapeptide biosynthesis I (meso-diaminopimelate containing)|g__Eggerthella.s__Eggerthella_lenta	0.0230721183
PWY-6387: UDP-N-acetylmuramoyl-pentapeptide biosynthesis I (meso-diaminopimelate containing)|g__Erysipelatoclostridium.s__Clostridium_innocuum	0.5550359217
PWY-6387: UDP-N-acetylmuramoyl-pentapeptide biosynthesis I (meso-diaminopimelate containing)|g__Agathobaculum.s__Agathobaculum_butyriciproducens	0.3133587483
PWY-6387: UDP-N-acetylmuramoyl-pentapeptide biosynthesis I (meso-diaminopimelate containing)|g__Tyzzerella.s__Tyzzerella_nexilis	0.2748292088
PWY-6385: peptidoglycan biosynthesis III (mycobacteria)	0.9999999981
PWY-6385: peptidoglycan biosynthesis III (mycobacteria)|unclassified	0.9999347961
PWY-6385: peptidoglycan biosynthesis III (mycobacteria)|g__Anaerostipes.s__Anaerostipes_hadrus	0.0388885041
PWY-6385: peptidoglycan biosynthesis III (mycobacteria)|g__Blautia.s__Blautia_wexlerae	0.0049953031
PWY-6385: peptidoglycan biosynthesis III (mycobacteria)|g__Blautia.s__Blautia_obeum	0.0015921049
PWY-6385: peptidoglycan biosynthesis III (mycobacteria)|g__Lachnospiraceae_unclassified.s__Eubacterium_rectale	0.0176703283
PWY-6385: peptidoglycan biosynthesis III (mycobacteria)|g__Dorea.s__Dorea_longicatena	0.2161322422
PWY-6385: peptidoglycan biosynthesis III (mycobacteria)|g__Dorea.s__Dorea_formicigenerans	0.1405389793
PWY-6385: peptidoglycan biosynthesis III (mycobacteria)|g__Eggerthella.s__Eggerthella_lenta	0.0027213730
COMPLETE-ARO-PWY: superpathway of aromatic amino acid biosynthesis	0.9691179050
COMPLETE-ARO-PWY: superpathway of aromatic amino acid biosynthesis|unclassified	0.9779291433
COMPLETE-ARO-PWY: superpathway of aromatic amino acid biosynthesis|g__Anaerostipes.s__Anaerostipes_hadrus	0.0004790897
COMPLETE-ARO-PWY: superpathway of aromatic amino acid biosynthesis|g__Blautia.s__Blautia_obeum	0.0000000015
COMPLETE-ARO-PWY: superpathway of aromatic amino acid biosynthesis|g__Blautia.s__Blautia_wexlerae	0.0000000000
COMPLETE-ARO-PWY: superpathway of aromatic amino acid biosynthesis|g__Lachnospiraceae_unclassified.s__Eubacterium_rectale	0.1278915424
COMPLETE-ARO-PWY: superpathway of aromatic amino acid biosynthesis|g__Agathobaculum.s__Agathobaculum_butyriciproducens	0.0445712868
PWY-5097: L-lysine biosynthesis VI	0.6279865722
PWY-5097: L-lysine biosynthesis VI|unclassified	0.2326205383
PWY-5097: L-lysine biosynthesis VI|g__Anaerostipes.s__Anaerostipes_hadrus	0.0083167018
PWY-5097: L-lysine biosynthesis VI|g__Blautia.s__Blautia_wexlerae	0.0009561860
PWY-5097: L-lysine biosynthesis VI|g__Blautia.s__Blautia_obeum	0.0000000000
PWY-5097: L-lysine biosynthesis VI|g__Dorea.s__Dorea_longicatena	0.5391723469
PWY-5097: L-lysine biosynthesis VI|g__Dorea.s__Dorea_formicigenerans	0.0323809910
PWY-5097: L-lysine biosynthesis VI|g__Agathobaculum.s__Agathobaculum_butyriciproducens	0.5918975186
PWY-5097: L-lysine biosynthesis VI|g__Erysipelatoclostridium.s__Clostridium_innocuum	0.4545502662
PWY-5097: L-lysine biosynthesis VI|g__Lachnoclostridium.s__Clostridium_scindens	0.2683781615
ARGSYNBSUB-PWY: L-arginine biosynthesis II (acetyl cycle)	0.9999850210
ARGSYNBSUB-PWY: L-arginine biosynthesis II (acetyl cycle)|unclassified	0.8542102788
ARGSYNBSUB-PWY: L-arginine biosynthesis II (acetyl cycle)|g__Blautia.s__Blautia_wexlerae	0.0000005673
ARGSYNBSUB-PWY: L-arginine biosynthesis II (acetyl cycle)|g__Anaerostipes.s__Anaerostipes_hadrus	0.0000000002
ARGSYNBSUB-PWY: L-arginine biosynthesis II (acetyl cycle)|g__Lachnospiraceae_unclassified.s__Eubacterium_rectale	0.3521493114
ARGSYNBSUB-PWY: L-arginine biosynthesis II (acetyl cycle)|g__Dorea.s__Dorea_longicatena	0.2639049532
ARGSYNBSUB-PWY: L-arginine biosynthesis II (acetyl cycle)|g__Blautia.s__Blautia_obeum	0.0000000000
ARGSYNBSUB-PWY: L-arginine biosynthesis II (acetyl cycle)|g__Dorea.s__Dorea_formicigenerans	0.0136610716
ARGSYNBSUB-PWY: L-arginine biosynthesis II (acetyl cycle)|g__Eggerthella.s__Eggerthella_lenta	0.3441057157
ARGSYNBSUB-PWY: L-arginine biosynthesis II (acetyl cycle)|g__Agathobaculum.s__Agathobaculum_butyriciproducens	0.2730439496
ARGSYNBSUB-PWY: L-arginine biosynthesis II (acetyl cycle)|g__Tyzzerella.s__Tyzzerella_nexilis	0.0480328550
PWY66-429: fatty acid biosynthesis initiation (mitochondria)	1.0000000000
PWY66-429: fatty acid biosynthesis initiation (mitochondria)|unclassified	1.0000000000
PWY66-429: fatty acid biosynthesis initiation (mitochondria)|g__Anaerostipes.s__Anaerostipes_hadrus	0.2937325827
PWY66-429: fatty acid biosynthesis initiation (mitochondria)|g__Blautia.s__Blautia_obeum	0.4921698754
PWY66-429: fatty acid biosynthesis initiation (mitochondria)|g__Blautia.s__Blautia_wexlerae	0.0000000000
PWY66-429: fatty acid biosynthesis initiation (mitochondria)|g__Dorea.s__Dorea_longicatena	0.0701198321
PWY66-429: fatty acid biosynthesis initiation (mitochondria)|g__Dorea.s__Dorea_formicigenerans	0.7398180669
PWY66-429: fatty acid biosynthesis initiation (mitochondria)|g__Eggerthella.s__Eggerthella_lenta	0.7567256912
PWY66-429: fatty acid biosynthesis initiation (mitochondria)|g__Agathobaculum.s__Agathobaculum_butyriciproducens	0.0911441319
PWY66-429: fatty acid biosynthesis initiation (mitochondria)|g__Tyzzerella.s__Tyzzerella_nexilis	0.0697991133
PWY66-429: fatty acid biosynthesis initiation (mitochondria)|g__Erysipelatoclostridium.s__Clostridium_innocuum	0.1198251744
PWY-7953: UDP-N-acetylmuramoyl-pentapeptide biosynthesis III (meso-diaminopimelate containing)	0.9999999973
PWY-7953: UDP-N-acetylmuramoyl-pentapeptide biosynthesis III (meso-diaminopimelate containing)|unclassified	0.9999068542
PWY-7953: UDP-N-acetylmuramoyl-pentapeptide biosynthesis III (meso-diaminopimelate containing)|g__Anaerostipes.s__Anaerostipes_hadrus	0.0277220038
PWY-7953: UDP-N-acetylmuramoyl-pentapeptide biosynthesis III (meso-diaminopimelate containing)|g__Blautia.s__Blautia_wexlerae	0.0035785271
PWY-7953: UDP-N-acetylmuramoyl-pentapeptide biosynthesis III (meso-diaminopimelate containing)|g__Blautia.s__Blautia_obeum	0.0011150104
PWY-7953: UDP-N-acetylmuramoyl-pentapeptide biosynthesis III (meso-diaminopimelate containing)|g__Lachnospiraceae_unclassified.s__Eubacterium_rectale	0.0126645827
PWY-7953: UDP-N-acetylmuramoyl-pentapeptide biosynthesis III (meso-diaminopimelate containing)|g__Dorea.s__Dorea_longicatena	0.1948344221
PWY-7953: UDP-N-acetylmuramoyl-pentapeptide biosynthesis III (meso-diaminopimelate containing)|g__Dorea.s__Dorea_formicigenerans	0.3019014263
PWY-7953: UDP-N-acetylmuramoyl-pentapeptide biosynthesis III (meso-diaminopimelate containing)|g__Eggerthella.s__Eggerthella_lenta	0.0019861426
PWY-5686: UMP biosynthesis I	0.9995344779
PWY-5686: UMP biosynthesis I|unclassified	0.5034048667
PWY-5686: UMP biosynthesis I|g__Anaerostipes.s__Anaerostipes_hadrus	0.0063467291
PWY-5686: UMP biosynthesis I|g__Blautia.s__Blautia_wexlerae	0.0023231224
PWY-5686: UMP biosynthesis I|g__Lachnospiraceae_unclassified.s__Eubacterium_rectale	0.0358678400
PWY-5686: UMP biosynthesis I|g__Blautia.s__Blautia_obeum	0.0000000000
PWY-5686: UMP biosynthesis I|g__Dorea.s__Dorea_longicatena	0.0000000021
PWY-5686: UMP biosynthesis I|g__Dorea.s__Dorea_formicigenerans	0.5078763166
PWY-5686: UMP biosynthesis I|g__Eggerthella.s__Eggerthella_lenta	0.0325902971
PWY-5686: UMP biosynthesis I|g__Agathobaculum.s__Agathobaculum_butyriciproducens	0.0905011295
PWY-5686: UMP biosynthesis I|g__Gordonibacter.s__Gordonibacter_pamelaeae	0.2686406945
PWY-7790: UMP biosynthesis II	0.9995344779
PWY-7790: UMP biosynthesis II|unclassified	0.5034048667
PWY-7790: UMP biosynthesis II|g__Anaerostipes.s__Anaerostipes_hadrus	0.0063467291
PWY-7790: UMP biosynthesis II|g__Blautia.s__Blautia_wexlerae	0.0023231224
PWY-7790: UMP biosynthesis II|g__Lachnospiraceae_unclassified.s__Eubacterium_rectale	0.0358678400
PWY-7790: UMP biosynthesis II|g__Blautia.s__Blautia_obeum	0.0000000000
PWY-7790: UMP biosynthesis II|g__Dorea.s__Dorea_longicatena	0.0000000021
PWY-7790: UMP biosynthesis II|g__Dorea.s__Dorea_formicigenerans	0.5078763166
PWY-7790: UMP biosynthesis II|g__Eggerthella.s__Eggerthella_lenta	0.0325902971
PWY-7790: UMP biosynthesis II|g__Agathobaculum.s__Agathobaculum_butyriciproducens	0.0905011295
PWY-7790: UMP biosynthesis II|g__Gordonibacter.s__Gordonibacter_pamelaeae	0.2686406945
PWY-7791: UMP biosynthesis III	0.9995344779
PWY-7791: UMP biosynthesis III|unclassified	0.5034048667
PWY-7791: UMP biosynthesis III|g__Anaerostipes.s__Anaerostipes_hadrus	0.0063467291
PWY-7791: UMP biosynthesis III|g__Blautia.s__Blautia_wexlerae	0.0023231224
PWY-7791: UMP biosynthesis III|g__Lachnospiraceae_unclassified.s__Eubacterium_rectale	0.0358678400
PWY-7791: UMP biosynthesis III|g__Blautia.s__Blautia_obeum	0.0000000000
PWY-7791: UMP biosynthesis III|g__Dorea.s__Dorea_longicatena	0.0000000021
PWY-7791: UMP biosynthesis III|g__Dorea.s__Dorea_formicigenerans	0.5078763166
PWY-7791: UMP biosynthesis III|g__Eggerthella.s__Eggerthella_lenta	0.0325902971
PWY-7791: UMP biosynthesis III|g__Agathobaculum.s__Agathobaculum_butyriciproducens	0.0905011295
PWY-7791: UMP biosynthesis III|g__Gordonibacter.s__Gordonibacter_pamelaeae	0.2686406945
PWY-6609: adenine and adenosine salvage III	1.0000000000
PWY-6609: adenine and adenosine salvage III|unclassified	0.9999999863
PWY-6609: adenine and adenosine salvage III|g__Anaerostipes.s__Anaerostipes_hadrus	0.0005813120
PWY-6609: adenine and adenosine salvage III|g__Blautia.s__Blautia_wexlerae	0.0144685147
PWY-6609: adenine and adenosine salvage III|g__Blautia.s__Blautia_obeum	0.0000000000
PWY-6609: adenine and adenosine salvage III|g__Lachnospiraceae_unclassified.s__Eubacterium_rectale	0.2947200779
PWY-6609: adenine and adenosine salvage III|g__Dorea.s__Dorea_longicatena	0.8964471876
PWY-6609: adenine and adenosine salvage III|g__Dorea.s__Dorea_formicigenerans	0.3648278366
PWY-6609: adenine and adenosine salvage III|g__Agathobaculum.s__Agathobaculum_butyriciproducens	0.7847092537
PWY-6609: adenine and adenosine salvage III|g__Eggerthella.s__Eggerthella_lenta	0.1293688568
PWY-6609: adenine and adenosine salvage III|g__Tyzzerella.s__Tyzzerella_nexilis	0.0226003419
PWY-6609: adenine and adenosine salvage III|g__Eubacterium.s__Eubacterium_ventriosum	0.5538344293
PWY-6151: S-adenosyl-L-methionine salvage I	0.9496064529
PWY-6151: S-adenosyl-L-methionine salvage I|unclassified	0.8171406105
PWY-6151: S-adenosyl-L-methionine salvage I|g__Anaerostipes.s__Anaerostipes_hadrus	0.9944076205
PWY-6151: S-adenosyl-L-methionine salvage I|g__Blautia.s__Blautia_wexlerae	0.0006598519
PWY-6151: S-adenosyl-L-methionine salvage I|g__Lachnospiraceae_unclassified.s__Eubacterium_rectale	0.7660776074
PWY-6151: S-adenosyl-L-methionine salvage I|g__Dorea.s__Dorea_longicatena	0.8024680927
PWY-6151: S-adenosyl-L-methionine salvage I|g__Blautia.s__Blautia_obeum	0.0000000000
PWY-6151: S-adenosyl-L-methionine salvage I|g__Dorea.s__Dorea_formicigenerans	0.9856629202
PWY-6151: S-adenosyl-L-methionine salvage I|g__Tyzzerella.s__Tyzzerella_nexilis	0.5849050906
PWY-6151: S-adenosyl-L-methionine salvage I|g__Agathobaculum.s__Agathobaculum_butyriciproducens	0.3555576885
PWY-6122: 5-aminoimidazole ribonucleotide biosynthesis II	0.9999999907
PWY-6122: 5-aminoimidazole ribonucleotide biosynthesis II|unclassified	0.9985507623
PWY-6122: 5-aminoimidazole ribonucleotide biosynthesis II|g__Blautia.s__Blautia_obeum	0.9998794579
PWY-6122: 5-aminoimidazole ribonucleotide biosynthesis II|g__Anaerostipes.s__Anaerostipes_hadrus	0.0099686202
PWY-6122: 5-aminoimidazole ribonucleotide biosynthesis II|g__Blautia.s__Blautia_wexlerae	0.0000046955
PWY-6122: 5-aminoimidazole ribonucleotide biosynthesis II|g__Lachnospiraceae_unclassified.s__Eubacterium_rectale	0.5975623784
PWY-6122: 5-aminoimidazole ribonucleotide biosynthesis II|g__Dorea.s__Dorea_longicatena	0.1588844894
PWY-6122: 5-aminoimidazole ribonucleotide biosynthesis II|g__Dorea.s__Dorea_formicigenerans	0.5362802318
PWY-6122: 5-aminoimidazole ribonucleotide biosynthesis II|g__Eggerthella.s__Eggerthella_lenta	0.7804960553
PWY-6122: 5-aminoimidazole ribonucleotide biosynthesis II|g__Tyzzerella.s__Tyzzerella_nexilis	0.9184940240
PWY-6122: 5-aminoimidazole ribonucleotide biosynthesis II|g__Erysipelatoclostridium.s__Clostridium_innocuum	0.8289114252
PWY-6122: 5-aminoimidazole ribonucleotide biosynthesis II|g__Agathobaculum.s__Agathobaculum_butyriciproducens	0.2400124260
PWY-6122: 5-aminoimidazole ribonucleotide biosynthesis II|g__Absiella.s__Absiella_dolichum	0.5679201362
PWY-6277: superpathway of 5-aminoimidazole ribonucleotide biosynthesis	0.9999999907
PWY-6277: superpathway of 5-aminoimidazole ribonucleotide biosynthesis|unclassified	0.9985507623
PWY-6277: superpathway of 5-aminoimidazole ribonucleotide biosynthesis|g__Blautia.s__Blautia_obeum	0.9998794579
PWY-6277: superpathway of 5-aminoimidazole ribonucleotide biosynthesis|g__Anaerostipes.s__Anaerostipes_hadrus	0.0099686202
PWY-6277: superpathway of 5-aminoimidazole ribonucleotide biosynthesis|g__Blautia.s__Blautia_wexlerae	0.0000046955
PWY-6277: superpathway of 5-aminoimidazole ribonucleotide biosynthesis|g__Lachnospiraceae_unclassified.s__Eubacterium_rectale	0.5975623784
PWY-6277: superpathway of 5-aminoimidazole ribonucleotide biosynthesis|g__Dorea.s__Dorea_longicatena	0.1588844894
PWY-6277: superpathway of 5-aminoimidazole ribonucleotide biosynthesis|g__Dorea.s__Dorea_formicigenerans	0.5362802318
PWY-6277: superpathway of 5-aminoimidazole ribonucleotide biosynthesis|g__Eggerthella.s__Eggerthella_lenta	0.7804960553
PWY-6277: superpathway of 5-aminoimidazole ribonucleotide biosynthesis|g__Tyzzerella.s__Tyzzerella_nexilis	0.9184940240
PWY-6277: superpathway of 5-aminoimidazole ribonucleotide biosynthesis|g__Erysipelatoclostridium.s__Clostridium_innocuum	0.8289114252
PWY-6277: superpathway of 5-aminoimidazole ribonucleotide biosynthesis|g__Agathobaculum.s__Agathobaculum_butyriciproducens	0.2400124260
PWY-6277: superpathway of 5-aminoimidazole ribonucleotide biosynthesis|g__Absiella.s__Absiella_dolichum	0.5679201362
VALSYN-PWY: L-valine biosynthesis	0.6365754196
VALSYN-PWY: L-valine biosynthesis|unclassified	0.9994472715
VALSYN-PWY: L-valine biosynthesis|g__Blautia.s__Blautia_obeum	0.9983772413
VALSYN-PWY: L-valine biosynthesis|g__Anaerostipes.s__Anaerostipes_hadrus	0.0000444150
VALSYN-PWY: L-valine biosynthesis|g__Blautia.s__Blautia_wexlerae	0.0000062252
VALSYN-PWY: L-valine biosynthesis|g__Lachnospiraceae_unclassified.s__Eubacterium_rectale	0.3817902222
VALSYN-PWY: L-valine biosynthesis|g__Dorea.s__Dorea_longicatena	0.0000935224
VALSYN-PWY: L-valine biosynthesis|g__Dorea.s__Dorea_formicigenerans	0.9646747373
VALSYN-PWY: L-valine biosynthesis|g__Eggerthella.s__Eggerthella_lenta	0.6253685227
VALSYN-PWY: L-valine biosynthesis|g__Agathobaculum.s__Agathobaculum_butyriciproducens	0.6507812891
VALSYN-PWY: L-valine biosynthesis|g__Tyzzerella.s__Tyzzerella_nexilis	0.3513566183
VALSYN-PWY: L-valine biosynthesis|g__Erysipelatoclostridium.s__Clostridium_innocuum	0.2635725508
VALSYN-PWY: L-valine biosynthesis|g__Lachnoclostridium.s__Clostridium_scindens	0.5837241852
PWY-6121: 5-aminoimidazole ribonucleotide biosynthesis I	0.9999999925
PWY-6121: 5-aminoimidazole ribonucleotide biosynthesis I|unclassified	0.9988401287
PWY-6121: 5-aminoimidazole ribonucleotide biosynthesis I|g__Anaerostipes.s__Anaerostipes_hadrus	0.0103768418
PWY-6121: 5-aminoimidazole ribonucleotide biosynthesis I|g__Blautia.s__Blautia_wexlerae	0.0000058693
PWY-6121: 5-aminoimidazole ribonucleotide biosynthesis I|g__Blautia.s__Blautia_obeum	0.0000000000
PWY-6121: 5-aminoimidazole ribonucleotide biosynthesis I|g__Lachnospiraceae_unclassified.s__Eubacterium_rectale	0.6407278338
PWY-6121: 5-aminoimidazole ribonucleotide biosynthesis I|g__Dorea.s__Dorea_longicatena	0.1556541770
PWY-6121: 5-aminoimidazole ribonucleotide biosynthesis I|g__Dorea.s__Dorea_formicigenerans	0.0121582083
PWY-6121: 5-aminoimidazole ribonucleotide biosynthesis I|g__Eggerthella.s__Eggerthella_lenta	0.7666821158
PWY-6121: 5-aminoimidazole ribonucleotide biosynthesis I|g__Tyzzerella.s__Tyzzerella_nexilis	0.8646986199
PWY-6121: 5-aminoimidazole ribonucleotide biosynthesis I|g__Erysipelatoclostridium.s__Clostridium_innocuum	0.7608649368
PWY-6121: 5-aminoimidazole ribonucleotide biosynthesis I|g__Agathobaculum.s__Agathobaculum_butyriciproducens	0.2787754724
PWY-6121: 5-aminoimidazole ribonucleotide biosynthesis I|g__Absiella.s__Absiella_dolichum	0.5905978269
PWY0-1296: purine ribonucleosides degradation	1.0000000000
PWY0-1296: purine ribonucleosides degradation|unclassified	0.9168580092
PWY0-1296: purine ribonucleosides degradation|g__Blautia.s__Blautia_obeum	0.9999917239
PWY0-1296: purine ribonucleosides degradation|g__Anaerostipes.s__Anaerostipes_hadrus	0.0006504539
PWY0-1296: purine ribonucleosides degradation|g__Blautia.s__Blautia_wexlerae	0.0000000000
PWY0-1296: purine ribonucleosides degradation|g__Lachnospiraceae_unclassified.s__Eubacterium_rectale	0.3347309449
PWY0-1296: purine ribonucleosides degradation|g__Dorea.s__Dorea_longicatena	0.9068816496
PWY0-1296: purine ribonucleosides degradation|g__Dorea.s__Dorea_formicigenerans	0.4408854283
PWY0-1296: purine ribonucleosides degradation|g__Tyzzerella.s__Tyzzerella_nexilis	0.8407595248
PWY0-1296: purine ribonucleosides degradation|g__Erysipelatoclostridium.s__Clostridium_innocuum	0.6713162369
PWY-2942: L-lysine biosynthesis III	0.7529927074
PWY-2942: L-lysine biosynthesis III|unclassified	0.6097887392
PWY-2942: L-lysine biosynthesis III|g__Anaerostipes.s__Anaerostipes_hadrus	0.0090501662
PWY-2942: L-lysine biosynthesis III|g__Blautia.s__Blautia_obeum	0.7263044419
PWY-2942: L-lysine biosynthesis III|g__Blautia.s__Blautia_wexlerae	0.0000002438
PWY-2942: L-lysine biosynthesis III|g__Dorea.s__Dorea_longicatena	0.5989877412
PWY-2942: L-lysine biosynthesis III|g__Dorea.s__Dorea_formicigenerans	0.7356576213
PWY-2942: L-lysine biosynthesis III|g__Eggerthella.s__Eggerthella_lenta	0.5333995886
PWY-2942: L-lysine biosynthesis III|g__Erysipelatoclostridium.s__Clostridium_innocuum	0.5022323355
PWY-5667: CDP-diacylglycerol biosynthesis I	0.8497956534
PWY-5667: CDP-diacylglycerol biosynthesis I|unclassified	0.6496217874
PWY-5667: CDP-diacylglycerol biosynthesis I|g__Anaerostipes.s__Anaerostipes_hadrus	0.0024965240
PWY-5667: CDP-diacylglycerol biosynthesis I|g__Blautia.s__Blautia_obeum	0.9893522227
PWY-5667: CDP-diacylglycerol biosynthesis I|g__Lachnospiraceae_unclassified.s__Eubacterium_rectale	0.2397630995
PWY-5667: CDP-diacylglycerol biosynthesis I|g__Blautia.s__Blautia_wexlerae	0.0000000000
PWY-5667: CDP-diacylglycerol biosynthesis I|g__Dorea.s__Dorea_longicatena	0.0021132918
PWY-5667: CDP-diacylglycerol biosynthesis I|g__Dorea.s__Dorea_formicigenerans	0.0156710428
PWY-5667: CDP-diacylglycerol biosynthesis I|g__Erysipelatoclostridium.s__Clostridium_innocuum	0.5390608922
PWY-5667: CDP-diacylglycerol biosynthesis I|g__Tyzzerella.s__Tyzzerella_nexilis	0.0848547432
PWY0-1319: CDP-diacylglycerol biosynthesis II	0.8497956534
PWY0-1319: CDP-diacylglycerol biosynthesis II|unclassified	0.6496217874
PWY0-1319: CDP-diacylglycerol biosynthesis II|g__Anaerostipes.s__Anaerostipes_hadrus	0.0024965240
PWY0-1319: CDP-diacylglycerol biosynthesis II|g__Blautia.s__Blautia_obeum	0.9893522227
PWY0-1319: CDP-diacylglycerol biosynthesis II|g__Lachnospiraceae_unclassified.s__Eubacterium_rectale	0.2397630995
PWY0-1319: CDP-diacylglycerol biosynthesis II|g__Blautia.s__Blautia_wexlerae	0.0000000000
PWY0-1319: CDP-diacylglycerol biosynthesis II|g__Dorea.s__Dorea_longicatena	0.0021132918
PWY0-1319: CDP-diacylglycerol biosynthesis II|g__Dorea.s__Dorea_formicigenerans	0.0156710428
PWY0-1319: CDP-diacylglycerol biosynthesis II|g__Erysipelatoclostridium.s__Clostridium_innocuum	0.5390608922
PWY0-1319: CDP-diacylglycerol biosynthesis II|g__Tyzzerella.s__Tyzzerella_nexilis	0.0848547432
PWY-7111: pyruvate fermentation to isobutanol (engineered)	0.6864715459
PWY-7111: pyruvate fermentation to isobutanol (engineered)|unclassified	0.0000000000
PWY-7111: pyruvate fermentation to isobutanol (engineered)|g__Anaerostipes.s__Anaerostipes_hadrus	0.0000272531
PWY-7111: pyruvate fermentation to isobutanol (engineered)|g__Blautia.s__Blautia_wexlerae	0.0000077814
PWY-7111: pyruvate fermentation to isobutanol (engineered)|g__Dorea.s__Dorea_longicatena	0.0000010377
PWY-7111: pyruvate fermentation to isobutanol (engineered)|g__Dorea.s__Dorea_formicigenerans	0.9715144435
PWY-7111: pyruvate fermentation to isobutanol (engineered)|g__Agathobaculum.s__Agathobaculum_butyriciproducens	0.5276691602
PWY-7111: pyruvate fermentation to isobutanol (engineered)|g__Tyzzerella.s__Tyzzerella_nexilis	0.4036454167
PWY-7111: pyruvate fermentation to isobutanol (engineered)|g__Blautia.s__Blautia_obeum	0.0000000000
PWY-7111: pyruvate fermentation to isobutanol (engineered)|g__Erysipelatoclostridium.s__Clostridium_innocuum	0.1506472537
ILEUSYN-PWY: L-isoleucine biosynthesis I (from threonine)	0.0176997335
ILEUSYN-PWY: L-isoleucine biosynthesis I (from threonine)|unclassified	0.0000000000
ILEUSYN-PWY: L-isoleucine biosynthesis I (from threonine)|g__Anaerostipes.s__Anaerostipes_hadrus	0.0000349971
ILEUSYN-PWY: L-isoleucine biosynthesis I (from threonine)|g__Lachnospiraceae_unclassified.s__Eubacterium_rectale	0.2511734491
ILEUSYN-PWY: L-isoleucine biosynthesis I (from threonine)|g__Blautia.s__Blautia_wexlerae	0.0000000000
ILEUSYN-PWY: L-isoleucine biosynthesis I (from threonine)|g__Dorea.s__Dorea_longicatena	0.0000016456
ILEUSYN-PWY: L-isoleucine biosynthesis I (from threonine)|g__Dorea.s__Dorea_formicigenerans	0.9532333399
ILEUSYN-PWY: L-isoleucine biosynthesis I (from threonine)|g__Eggerthella.s__Eggerthella_lenta	0.0964744220
ILEUSYN-PWY: L-isoleucine biosynthesis I (from threonine)|g__Blautia.s__Blautia_obeum	0.0000000000
ILEUSYN-PWY: L-isoleucine biosynthesis I (from threonine)|g__Agathobaculum.s__Agathobaculum_butyriciproducens	0.5608599187
ILEUSYN-PWY: L-isoleucine biosynthesis I (from threonine)|g__Erysipelatoclostridium.s__Clostridium_innocuum	0.1688967929
PWY-6317: D-galactose degradation I (Leloir pathway)	0.8810197650
PWY-6317: D-galactose degradation I (Leloir pathway)|unclassified	0.0000000553
PWY-6317: D-galactose degradation I (Leloir pathway)|g__Anaerostipes.s__Anaerostipes_hadrus	0.0044759706
PWY-6317: D-galactose degradation I (Leloir pathway)|g__Blautia.s__Blautia_wexlerae	0.3294046579
PWY-6317: D-galactose degradation I (Leloir pathway)|g__Blautia.s__Blautia_obeum	0.0000811307
PWY-6317: D-galactose degradation I (Leloir pathway)|g__Dorea.s__Dorea_longicatena	0.0297907104
PWY-6317: D-galactose degradation I (Leloir pathway)|g__Dorea.s__Dorea_formicigenerans	0.0123617094
PWY-6317: D-galactose degradation I (Leloir pathway)|g__Tyzzerella.s__Tyzzerella_nexilis	0.2825891002
PWY-6823: molybdopterin biosynthesis	1.0000000000
PWY-6823: molybdopterin biosynthesis|unclassified	0.9999999800
PWY-6823: molybdopterin biosynthesis|g__Blautia.s__Blautia_obeum	0.9999987597
PWY-6823: molybdopterin biosynthesis|g__Anaerostipes.s__Anaerostipes_hadrus	0.0001037470
PWY-6823: molybdopterin biosynthesis|g__Lachnospiraceae_unclassified.s__Eubacterium_rectale	0.0000000000
PWY-6823: molybdopterin biosynthesis|g__Dorea.s__Dorea_formicigenerans	0.5455553439
PWY-6823: molybdopterin biosynthesis|g__Eggerthella.s__Eggerthella_lenta	0.3184700014
PWY-6823: molybdopterin biosynthesis|g__Tyzzerella.s__Tyzzerella_nexilis	0.6493501282
PWY-6823: molybdopterin biosynthesis|g__Blautia.s__Blautia_wexlerae	0.0000000000
PWY-7237: myo-, chiro- and scyllo-inositol degradation	0.9999999998
PWY-7237: myo-, chiro- and scyllo-inositol degradation|g__Anaerostipes.s__Anaerostipes_hadrus	1.0000000000
PWY-7237: myo-, chiro- and scyllo-inositol degradation|g__Blautia.s__Blautia_wexlerae	1.0000000000
PWY-7237: myo-, chiro- and scyllo-inositol degradation|g__Dorea.s__Dorea_longicatena	0.9999999996
PWY-7237: myo-, chiro- and scyllo-inositol degradation|g__Lachnospiraceae_unclassified.s__Eubacterium_rectale	0.9433936254
PWY-7237: myo-, chiro- and scyllo-inositol degradation|g__Blautia.s__Blautia_obeum	0.0013333250
PWY-7237: myo-, chiro- and scyllo-inositol degradation|unclassified	0.0000000000
PWY-7237: myo-, chiro- and scyllo-inositol degradation|g__Agathobaculum.s__Agathobaculum_butyriciproducens	0.9999999423
PWY-7237: myo-, chiro- and scyllo-inositol degradation|g__Erysipelatoclostridium.s__Clostridium_innocuum	0.1059164923
ARGSYN-PWY: L-arginine biosynthesis I (via L-ornithine)	0.1524423856
ARGSYN-PWY: L-arginine biosynthesis I (via L-ornithine)|unclassified	0.7574050199
ARGSYN-PWY: L-arginine biosynthesis I (via L-ornithine)|g__Blautia.s__Blautia_wexlerae	0.0000015317
ARGSYN-PWY: L-arginine biosynthesis I (via L-ornithine)|g__Anaerostipes.s__Anaerostipes_hadrus	0.0000000004
ARGSYN-PWY: L-arginine biosynthesis I (via L-ornithine)|g__Lachnospiraceae_unclassified.s__Eubacterium_rectale	0.2803084360
ARGSYN-PWY: L-arginine biosynthesis I (via L-ornithine)|g__Dorea.s__Dorea_longicatena	0.1924373603
ARGSYN-PWY: L-arginine biosynthesis I (via L-ornithine)|g__Dorea.s__Dorea_formicigenerans	0.0348228744
ARGSYN-PWY: L-arginine biosynthesis I (via L-ornithine)|g__Blautia.s__Blautia_obeum	0.0000000000
ARGSYN-PWY: L-arginine biosynthesis I (via L-ornithine)|g__Agathobaculum.s__Agathobaculum_butyriciproducens	0.1488310214
ARGSYN-PWY: L-arginine biosynthesis I (via L-ornithine)|g__Tyzzerella.s__Tyzzerella_nexilis	0.1003652176
GLUTORN-PWY: L-ornithine biosynthesis I	0.9999743396
GLUTORN-PWY: L-ornithine biosynthesis I|unclassified	0.6145420897
GLUTORN-PWY: L-ornithine biosynthesis I|g__Anaerostipes.s__Anaerostipes_hadrus	0.0000000001
GLUTORN-PWY: L-ornithine biosynthesis I|g__Blautia.s__Blautia_wexlerae	0.0000003191
GLUTORN-PWY: L-ornithine biosynthesis I|g__Lachnospiraceae_unclassified.s__Eubacterium_rectale	0.2418725404
GLUTORN-PWY: L-ornithine biosynthesis I|g__Blautia.s__Blautia_obeum	0.0000000000
GLUTORN-PWY: L-ornithine biosynthesis I|g__Dorea.s__Dorea_longicatena	0.0510428695
GLUTORN-PWY: L-ornithine biosynthesis I|g__Dorea.s__Dorea_formicigenerans	0.0077111497
GLUTORN-PWY: L-ornithine biosynthesis I|g__Agathobaculum.s__Agathobaculum_butyriciproducens	0.2647300394
GLUTORN-PWY: L-ornithine biosynthesis I|g__Erysipelatoclostridium.s__Clostridium_innocuum	0.2461016747
GLUTORN-PWY: L-ornithine biosynthesis I|g__Tyzzerella.s__Tyzzerella_nexilis	0.0287480174
NONMEVIPP-PWY: methylerythritol phosphate pathway I	0.5955935860
NONMEVIPP-PWY: methylerythritol phosphate pathway I|unclassified	0.7131447734
NONMEVIPP-PWY: methylerythritol phosphate pathway I|g__Anaerostipes.s__Anaerostipes_hadrus	0.0000001333
NONMEVIPP-PWY: methylerythritol phosphate pathway I|g__Blautia.s__Blautia_obeum	0.0000000000
NONMEVIPP-PWY: methylerythritol phosphate pathway I|g__Blautia.s__Blautia_wexlerae	0.0000000000
NONMEVIPP-PWY: methylerythritol phosphate pathway I|g__Dorea.s__Dorea_longicatena	0.0962190546
NONMEVIPP-PWY: methylerythritol phosphate pathway I|g__Dorea.s__Dorea_formicigenerans	0.0175102839
NONMEVIPP-PWY: methylerythritol phosphate pathway I|g__Eggerthella.s__Eggerthella_lenta	0.0651665542
NONMEVIPP-PWY: methylerythritol phosphate pathway I|g__Agathobaculum.s__Agathobaculum_butyriciproducens	0.1205669234
PWY-7357: thiamine phosphate formation from pyrithiamine and oxythiamine (yeast)	0.0057398923
PWY-7357: thiamine phosphate formation from pyrithiamine and oxythiamine (yeast)|unclassified	0.0000000000
PWY-7357: thiamine phosphate formation from pyrithiamine and oxythiamine (yeast)|g__Anaerostipes.s__Anaerostipes_hadrus	0.0000231174
PWY-7357: thiamine phosphate formation from pyrithiamine and oxythiamine (yeast)|g__Blautia.s__Blautia_obeum	0.0000154411
PWY-7357: thiamine phosphate formation from pyrithiamine and oxythiamine (yeast)|g__Lachnospiraceae_unclassified.s__Eubacterium_rectale	0.5854106301
PWY-7357: thiamine phosphate formation from pyrithiamine and oxythiamine (yeast)|g__Dorea.s__Dorea_longicatena	0.2719017525
PWY-7357: thiamine phosphate formation from pyrithiamine and oxythiamine (yeast)|g__Dorea.s__Dorea_formicigenerans	0.6001061500
PWY-7357: thiamine phosphate formation from pyrithiamine and oxythiamine (yeast)|g__Blautia.s__Blautia_wexlerae	0.0000000000
PWY-7357: thiamine phosphate formation from pyrithiamine and oxythiamine (yeast)|g__Eggerthella.s__Eggerthella_lenta	0.0272123227
PWY-7357: thiamine phosphate formation from pyrithiamine and oxythiamine (yeast)|g__Agathobaculum.s__Agathobaculum_butyriciproducens	0.2476610981
PWY-7357: thiamine phosphate formation from pyrithiamine and oxythiamine (yeast)|g__Erysipelatoclostridium.s__Clostridium_innocuum	0.0003404538
BRANCHED-CHAIN-AA-SYN-PWY: superpathway of branched chain amino acid biosynthesis	0.0148136712
BRANCHED-CHAIN-AA-SYN-PWY: superpathway of branched chain amino acid biosynthesis|unclassified	0.0000000000
BRANCHED-CHAIN-AA-SYN-PWY: superpathway of branched chain amino acid biosynthesis|g__Anaerostipes.s__Anaerostipes_hadrus	0.0000426470
BRANCHED-CHAIN-AA-SYN-PWY: superpathway of branched chain amino acid biosynthesis|g__Lachnospiraceae_unclassified.s__Eubacterium_rectale	0.2316009150
BRANCHED-CHAIN-AA-SYN-PWY: superpathway of branched chain amino acid biosynthesis|g__Blautia.s__Blautia_wexlerae	0.0000000000
BRANCHED-CHAIN-AA-SYN-PWY: superpathway of branched chain amino acid biosynthesis|g__Dorea.s__Dorea_longicatena	0.0000020474
BRANCHED-CHAIN-AA-SYN-PWY: superpathway of branched chain amino acid biosynthesis|g__Dorea.s__Dorea_formicigenerans	0.8358886108
BRANCHED-CHAIN-AA-SYN-PWY: superpathway of branched chain amino acid biosynthesis|g__Blautia.s__Blautia_obeum	0.0000000000
BRANCHED-CHAIN-AA-SYN-PWY: superpathway of branched chain amino acid biosynthesis|g__Eggerthella.s__Eggerthella_lenta	0.1134928264
BRANCHED-CHAIN-AA-SYN-PWY: superpathway of branched chain amino acid biosynthesis|g__Agathobaculum.s__Agathobaculum_butyriciproducens	0.5654638537
BRANCHED-CHAIN-AA-SYN-PWY: superpathway of branched chain amino acid biosynthesis|g__Erysipelatoclostridium.s__Clostridium_innocuum	0.1813450182
COA-PWY-1: superpathway of coenzyme A biosynthesis III (mammals)	0.9957545721
COA-PWY-1: superpathway of coenzyme A biosynthesis III (mammals)|unclassified	0.7699947471
COA-PWY-1: superpathway of coenzyme A biosynthesis III (mammals)|g__Anaerostipes.s__Anaerostipes_hadrus	0.0214969166
COA-PWY-1: superpathway of coenzyme A biosynthesis III (mammals)|g__Blautia.s__Blautia_wexlerae	0.0000000346
COA-PWY-1: superpathway of coenzyme A biosynthesis III (mammals)|g__Blautia.s__Blautia_obeum	0.0016385631
COA-PWY-1: superpathway of coenzyme A biosynthesis III (mammals)|g__Lachnospiraceae_unclassified.s__Eubacterium_rectale	0.0000605019
COA-PWY-1: superpathway of coenzyme A biosynthesis III (mammals)|g__Dorea.s__Dorea_longicatena	0.0000000046
COA-PWY-1: superpathway of coenzyme A biosynthesis III (mammals)|g__Dorea.s__Dorea_formicigenerans	0.0582973247
COA-PWY-1: superpathway of coenzyme A biosynthesis III (mammals)|g__Eggerthella.s__Eggerthella_lenta	0.0343200969
COA-PWY-1: superpathway of coenzyme A biosynthesis III (mammals)|g__Agathobaculum.s__Agathobaculum_butyriciproducens	0.2799242500
PWY-5103: L-isoleucine biosynthesis III	0.0111646420
PWY-5103: L-isoleucine biosynthesis III|unclassified	0.0000000000
PWY-5103: L-isoleucine biosynthesis III|g__Anaerostipes.s__Anaerostipes_hadrus	0.0000272438
PWY-5103: L-isoleucine biosynthesis III|g__Lachnospiraceae_unclassified.s__Eubacterium_rectale	0.1958151051
PWY-5103: L-isoleucine biosynthesis III|g__Blautia.s__Blautia_wexlerae	0.0000000000
PWY-5103: L-isoleucine biosynthesis III|g__Dorea.s__Dorea_longicatena	0.0000010331
PWY-5103: L-isoleucine biosynthesis III|g__Dorea.s__Dorea_formicigenerans	0.9401684479
PWY-5103: L-isoleucine biosynthesis III|g__Eggerthella.s__Eggerthella_lenta	0.0636440839
PWY-5103: L-isoleucine biosynthesis III|g__Agathobaculum.s__Agathobaculum_butyriciproducens	0.5026260519
PWY-5103: L-isoleucine biosynthesis III|g__Blautia.s__Blautia_obeum	0.0000000000
PWY-5103: L-isoleucine biosynthesis III|g__Erysipelatoclostridium.s__Clostridium_innocuum	0.1341128982
PWY-3841: folate transformations II (plants)	0.9975850007
PWY-3841: folate transformations II (plants)|unclassified	0.9298689575
PWY-3841: folate transformations II (plants)|g__Anaerostipes.s__Anaerostipes_hadrus	0.0000001962
PWY-3841: folate transformations II (plants)|g__Lachnospiraceae_unclassified.s__Eubacterium_rectale	0.1904987436
PWY-3841: folate transformations II (plants)|g__Blautia.s__Blautia_obeum	0.0000000000
PWY-3841: folate transformations II (plants)|g__Blautia.s__Blautia_wexlerae	0.0000000000
PWY-3841: folate transformations II (plants)|g__Dorea.s__Dorea_longicatena	0.0000000000
PWY-3841: folate transformations II (plants)|g__Dorea.s__Dorea_formicigenerans	0.2209523624
PWY-6527: stachyose degradation	0.3995656610
PWY-6527: stachyose degradation|unclassified	0.0000000415
PWY-6527: stachyose degradation|g__Blautia.s__Blautia_wexlerae	0.9907981936
PWY-6527: stachyose degradation|g__Blautia.s__Blautia_obeum	0.0859496322
PWY-6527: stachyose degradation|g__Lachnospiraceae_unclassified.s__Eubacterium_rectale	0.0000000000
PWY-6527: stachyose degradation|g__Dorea.s__Dorea_longicatena	0.0019831076
PWY-6527: stachyose degradation|g__Tyzzerella.s__Tyzzerella_nexilis	0.2610211255
COA-PWY: coenzyme A biosynthesis I (prokaryotic)	0.9999982487
COA-PWY: coenzyme A biosynthesis I (prokaryotic)|unclassified	0.9435444477
COA-PWY: coenzyme A biosynthesis I (prokaryotic)|g__Anaerostipes.s__Anaerostipes_hadrus	0.0172717913
COA-PWY: coenzyme A biosynthesis I (prokaryotic)|g__Blautia.s__Blautia_wexlerae	0.0047450119
COA-PWY: coenzyme A biosynthesis I (prokaryotic)|g__Blautia.s__Blautia_obeum	0.4406117205
COA-PWY: coenzyme A biosynthesis I (prokaryotic)|g__Lachnospiraceae_unclassified.s__Eubacterium_rectale	0.5760983229
COA-PWY: coenzyme A biosynthesis I (prokaryotic)|g__Dorea.s__Dorea_longicatena	0.0522648962
COA-PWY: coenzyme A biosynthesis I (prokaryotic)|g__Dorea.s__Dorea_formicigenerans	0.0474626894
COA-PWY: coenzyme A biosynthesis I (prokaryotic)|g__Eggerthella.s__Eggerthella_lenta	0.7961373175
COA-PWY: coenzyme A biosynthesis I (prokaryotic)|g__Agathobaculum.s__Agathobaculum_butyriciproducens	0.2377316825
1CMET2-PWY: folate transformations III (E. coli)	0.0994759761
1CMET2-PWY: folate transformations III (E. coli)|unclassified	0.0000000000
1CMET2-PWY: folate transformations III (E. coli)|g__Anaerostipes.s__Anaerostipes_hadrus	0.0000001973
1CMET2-PWY: folate transformations III (E. coli)|g__Blautia.s__Blautia_obeum	0.0000000000
1CMET2-PWY: folate transformations III (E. coli)|g__Blautia.s__Blautia_wexlerae	0.0000000000
TRNA-CHARGING-PWY: tRNA charging	0.0000000000
TRNA-CHARGING-PWY: tRNA charging|unclassified	0.0000041318
TRNA-CHARGING-PWY: tRNA charging|g__Anaerostipes.s__Anaerostipes_hadrus	0.0000001365
TRNA-CHARGING-PWY: tRNA charging|g__Lachnospiraceae_unclassified.s__Eubacterium_rectale	0.0324796474
P41-PWY: pyruvate fermentation to acetate and (S)-lactate I	0.9877958274
P41-PWY: pyruvate fermentation to acetate and (S)-lactate I|unclassified	0.0154944558
P41-PWY: pyruvate fermentation to acetate and (S)-lactate I|g__Anaerostipes.s__Anaerostipes_hadrus	0.0190772226
P41-PWY: pyruvate fermentation to acetate and (S)-lactate I|g__Blautia.s__Blautia_wexlerae	0.0147280364
P41-PWY: pyruvate fermentation to acetate and (S)-lactate I|g__Lachnospiraceae_unclassified.s__Eubacterium_rectale	0.1748344641
P41-PWY: pyruvate fermentation to acetate and (S)-lactate I|g__Blautia.s__Blautia_obeum	0.0000000000
P41-PWY: pyruvate fermentation to acetate and (S)-lactate I|g__Dorea.s__Dorea_formicigenerans	0.0225056970
P41-PWY: pyruvate fermentation to acetate and (S)-lactate I|g__Agathobaculum.s__Agathobaculum_butyriciproducens	0.6439183739
PWY-5100: pyruvate fermentation to acetate and lactate II	0.9877958274
PWY-5100: pyruvate fermentation to acetate and lactate II|unclassified	0.0154944558
PWY-5100: pyruvate fermentation to acetate and lactate II|g__Anaerostipes.s__Anaerostipes_hadrus	0.1741317384
PWY-5100: pyruvate fermentation to acetate and lactate II|g__Blautia.s__Blautia_wexlerae	0.0147280364
PWY-5100: pyruvate fermentation to acetate and lactate II|g__Lachnospiraceae_unclassified.s__Eubacterium_rectale	0.1748344641
PWY-5100: pyruvate fermentation to acetate and lactate II|g__Blautia.s__Blautia_obeum	0.0000000000
PWY-5100: pyruvate fermentation to acetate and lactate II|g__Dorea.s__Dorea_formicigenerans	0.0225056970
PWY-5100: pyruvate fermentation to acetate and lactate II|g__Eggerthella.s__Eggerthella_lenta	0.3682038244
PWY-5100: pyruvate fermentation to acetate and lactate II|g__Agathobaculum.s__Agathobaculum_butyriciproducens	0.6439183739
PWY-7851: coenzyme A biosynthesis II (eukaryotic)	0.9946988415
PWY-7851: coenzyme A biosynthesis II (eukaryotic)|unclassified	0.7281265162
PWY-7851: coenzyme A biosynthesis II (eukaryotic)|g__Anaerostipes.s__Anaerostipes_hadrus	0.0172717913
PWY-7851: coenzyme A biosynthesis II (eukaryotic)|g__Blautia.s__Blautia_wexlerae	0.0047450119
PWY-7851: coenzyme A biosynthesis II (eukaryotic)|g__Blautia.s__Blautia_obeum	0.0013193366
PWY-7851: coenzyme A biosynthesis II (eukaryotic)|g__Lachnospiraceae_unclassified.s__Eubacterium_rectale	0.2689329880
PWY-7851: coenzyme A biosynthesis II (eukaryotic)|g__Dorea.s__Dorea_longicatena	0.0000004950
PWY-7851: coenzyme A biosynthesis II (eukaryotic)|g__Dorea.s__Dorea_formicigenerans	0.0474626894
PWY-7851: coenzyme A biosynthesis II (eukaryotic)|g__Eggerthella.s__Eggerthella_lenta	0.0276458408
PWY-7851: coenzyme A biosynthesis II (eukaryotic)|g__Agathobaculum.s__Agathobaculum_butyriciproducens	0.2377316825
HSERMETANA-PWY: L-methionine biosynthesis III	0.0000000000
HSERMETANA-PWY: L-methionine biosynthesis III|g__Blautia.s__Blautia_wexlerae	0.8028142247
HSERMETANA-PWY: L-methionine biosynthesis III|g__Anaerostipes.s__Anaerostipes_hadrus	0.0360191205
HSERMETANA-PWY: L-methionine biosynthesis III|unclassified	0.0000000000
HSERMETANA-PWY: L-methionine biosynthesis III|g__Dorea.s__Dorea_longicatena	0.4499705048
HSERMETANA-PWY: L-methionine biosynthesis III|g__Blautia.s__Blautia_obeum	0.0000000000
HSERMETANA-PWY: L-methionine biosynthesis III|g__Erysipelatoclostridium.s__Clostridium_innocuum	0.6503860381
PWY-724: superpathway of L-lysine, L-threonine and L-methionine biosynthesis II	0.0000000000
PWY-724: superpathway of L-lysine, L-threonine and L-methionine biosynthesis II|unclassified	0.0000000000
PWY-724: superpathway of L-lysine, L-threonine and L-methionine biosynthesis II|g__Anaerostipes.s__Anaerostipes_hadrus	0.0027778296
PWY-724: superpathway of L-lysine, L-threonine and L-methionine biosynthesis II|g__Blautia.s__Blautia_obeum	0.0000000000
PWY-724: superpathway of L-lysine, L-threonine and L-methionine biosynthesis II|g__Dorea.s__Dorea_longicatena	0.0676932499
PWY-1861: formaldehyde assimilation II (assimilatory RuMP Cycle)	0.0000000000
PWY-1861: formaldehyde assimilation II (assimilatory RuMP Cycle)|g__Anaerostipes.s__Anaerostipes_hadrus	0.0059369283
PWY-1861: formaldehyde assimilation II (assimilatory RuMP Cycle)|unclassified	0.0000000000
PWY-1861: formaldehyde assimilation II (assimilatory RuMP Cycle)|g__Blautia.s__Blautia_obeum	0.0000000000
PWY-1861: formaldehyde assimilation II (assimilatory RuMP Cycle)|g__Erysipelatoclostridium.s__Clostridium_innocuum	0.7653873939
PWY-6270: isoprene biosynthesis I	0.0000000000
PWY-6270: isoprene biosynthesis I|unclassified	0.0000000000
PWY-6270: isoprene biosynthesis I|g__Anaerostipes.s__Anaerostipes_hadrus	0.0000000014
PWY-6270: isoprene biosynthesis I|g__Dorea.s__Dorea_longicatena	0.0051423875
PWY-6700: queuosine biosynthesis I (de novo)	0.3931731470
PWY-6700: queuosine biosynthesis I (de novo)|unclassified	0.2466716368
PWY-6700: queuosine biosynthesis I (de novo)|g__Anaerostipes.s__Anaerostipes_hadrus	0.0082818249
PWY-6700: queuosine biosynthesis I (de novo)|g__Blautia.s__Blautia_wexlerae	0.0000000000
PWY-6700: queuosine biosynthesis I (de novo)|g__Lachnospiraceae_unclassified.s__Eubacterium_rectale	0.0072398331
PWY-6700: queuosine biosynthesis I (de novo)|g__Dorea.s__Dorea_longicatena	0.2258680496
PWY-6700: queuosine biosynthesis I (de novo)|g__Blautia.s__Blautia_obeum	0.0000000000
PWY-6700: queuosine biosynthesis I (de novo)|g__Dorea.s__Dorea_formicigenerans	0.0659066826
PWY-6700: queuosine biosynthesis I (de novo)|g__Eggerthella.s__Eggerthella_lenta	0.0701593207
PWY-6700: queuosine biosynthesis I (de novo)|g__Agathobaculum.s__Agathobaculum_butyriciproducens	0.3819404468
PWY-6700: queuosine biosynthesis I (de novo)|g__Tyzzerella.s__Tyzzerella_nexilis	0.1036736551
PWY-6700: queuosine biosynthesis I (de novo)|g__Blautia.s__Blautia_hansenii	0.1071380103
PWY-7560: methylerythritol phosphate pathway II	0.0000000000
PWY-7560: methylerythritol phosphate pathway II|unclassified	0.0000000000
PWY-7560: methylerythritol phosphate pathway II|g__Anaerostipes.s__Anaerostipes_hadrus	0.0000000012
PWY-7560: methylerythritol phosphate pathway II|g__Dorea.s__Dorea_longicatena	0.0045962320
PWY-6123: inosine-5'-phosphate biosynthesis I	0.0000000000
PWY-6123: inosine-5'-phosphate biosynthesis I|unclassified	0.0000000000
PWY-6123: inosine-5'-phosphate biosynthesis I|g__Anaerostipes.s__Anaerostipes_hadrus	0.0001829128
PWY-6123: inosine-5'-phosphate biosynthesis I|g__Blautia.s__Blautia_wexlerae	0.0000002930
PWY-6123: inosine-5'-phosphate biosynthesis I|g__Blautia.s__Blautia_obeum	0.0000000000
PWY-6123: inosine-5'-phosphate biosynthesis I|g__Eggerthella.s__Eggerthella_lenta	0.6175585261
PWY-6123: inosine-5'-phosphate biosynthesis I|g__Erysipelatoclostridium.s__Clostridium_innocuum	0.1431780188
PWY-6123: inosine-5'-phosphate biosynthesis I|g__Gordonibacter.s__Gordonibacter_pamelaeae	0.3170331734
SER-GLYSYN-PWY: superpathway of L-serine and glycine biosynthesis I	0.0572804281
SER-GLYSYN-PWY: superpathway of L-serine and glycine biosynthesis I|unclassified	0.0000000000
SER-GLYSYN-PWY: superpathway of L-serine and glycine biosynthesis I|g__Anaerostipes.s__Anaerostipes_hadrus	0.0000000992
SER-GLYSYN-PWY: superpathway of L-serine and glycine biosynthesis I|g__Blautia.s__Blautia_obeum	0.0000000453
SER-GLYSYN-PWY: superpathway of L-serine and glycine biosynthesis I|g__Blautia.s__Blautia_wexlerae	0.0000000000
SER-GLYSYN-PWY: superpathway of L-serine and glycine biosynthesis I|g__Dorea.s__Dorea_longicatena	0.0003300124
SER-GLYSYN-PWY: superpathway of L-serine and glycine biosynthesis I|g__Dorea.s__Dorea_formicigenerans	0.2452115034
SER-GLYSYN-PWY: superpathway of L-serine and glycine biosynthesis I|g__Eggerthella.s__Eggerthella_lenta	0.2917605448
PANTOSYN-PWY: superpathway of coenzyme A biosynthesis I (bacteria)	0.0000000000
PANTOSYN-PWY: superpathway of coenzyme A biosynthesis I (bacteria)|unclassified	0.0000000000
PANTOSYN-PWY: superpathway of coenzyme A biosynthesis I (bacteria)|g__Anaerostipes.s__Anaerostipes_hadrus	0.0259687548
PANTOSYN-PWY: superpathway of coenzyme A biosynthesis I (bacteria)|g__Blautia.s__Blautia_wexlerae	0.0000000622
PANTOSYN-PWY: superpathway of coenzyme A biosynthesis I (bacteria)|g__Lachnospiraceae_unclassified.s__Eubacterium_rectale	0.0001088749
PANTOSYN-PWY: superpathway of coenzyme A biosynthesis I (bacteria)|g__Blautia.s__Blautia_obeum	0.0000000000
PANTOSYN-PWY: superpathway of coenzyme A biosynthesis I (bacteria)|g__Dorea.s__Dorea_longicatena	0.0000000083
PANTOSYN-PWY: superpathway of coenzyme A biosynthesis I (bacteria)|g__Dorea.s__Dorea_formicigenerans	0.0002696502
PANTOSYN-PWY: superpathway of coenzyme A biosynthesis I (bacteria)|g__Eggerthella.s__Eggerthella_lenta	0.0576058895
PANTOSYN-PWY: superpathway of coenzyme A biosynthesis I (bacteria)|g__Agathobaculum.s__Agathobaculum_butyriciproducens	0.2282339490
PWY-6124: inosine-5'-phosphate biosynthesis II	0.0000000000
PWY-6124: inosine-5'-phosphate biosynthesis II|unclassified	0.0000000000
PWY-6124: inosine-5'-phosphate biosynthesis II|g__Blautia.s__Blautia_wexlerae	0.9999997251
PWY-6124: inosine-5'-phosphate biosynthesis II|g__Anaerostipes.s__Anaerostipes_hadrus	0.0001524336
PWY-6124: inosine-5'-phosphate biosynthesis II|g__Blautia.s__Blautia_obeum	0.0000000000
PWY-6124: inosine-5'-phosphate biosynthesis II|g__Eggerthella.s__Eggerthella_lenta	0.5737355833
PWY-6124: inosine-5'-phosphate biosynthesis II|g__Erysipelatoclostridium.s__Clostridium_innocuum	0.1225775088
PWY-6124: inosine-5'-phosphate biosynthesis II|g__Gordonibacter.s__Gordonibacter_pamelaeae	0.2896778279
PYRIDNUCSYN-PWY: NAD de novo biosynthesis I (from aspartate)	0.0000000000
PYRIDNUCSYN-PWY: NAD de novo biosynthesis I (from aspartate)|unclassified	0.0000000000
PYRIDNUCSYN-PWY: NAD de novo biosynthesis I (from aspartate)|g__Anaerostipes.s__Anaerostipes_hadrus	0.0000784441
PYRIDNUCSYN-PWY: NAD de novo biosynthesis I (from aspartate)|g__Dorea.s__Dorea_longicatena	0.0000000001
PWY-6936: seleno-amino acid biosynthesis (plants)	0.0000000000
PWY-6936: seleno-amino acid biosynthesis (plants)|g__Anaerostipes.s__Anaerostipes_hadrus	0.1558765472
PWY-6936: seleno-amino acid biosynthesis (plants)|unclassified	0.0000000000
PWY-6936: seleno-amino acid biosynthesis (plants)|g__Dorea.s__Dorea_formicigenerans	0.0534865457
PWY-7977: L-methionine biosynthesis IV	0.0000000000
PWY-7977: L-methionine biosynthesis IV|unclassified	0.0000000000
PWY-7977: L-methionine biosynthesis IV|g__Anaerostipes.s__Anaerostipes_hadrus	0.0045207094
PWY-7977: L-methionine biosynthesis IV|g__Dorea.s__Dorea_longicatena	0.4138179405
PWY-7977: L-methionine biosynthesis IV|g__Erysipelatoclostridium.s__Clostridium_innocuum	0.5983333657
PANTO-PWY: phosphopantothenate biosynthesis I	0.0000000000
PANTO-PWY: phosphopantothenate biosynthesis I|g__Anaerostipes.s__Anaerostipes_hadrus	0.8667764590
PANTO-PWY: phosphopantothenate biosynthesis I|unclassified	0.0000000000
PANTO-PWY: phosphopantothenate biosynthesis I|g__Blautia.s__Blautia_wexlerae	0.0000000277
PANTO-PWY: phosphopantothenate biosynthesis I|g__Lachnospiraceae_unclassified.s__Eubacterium_rectale	0.0000483967
PANTO-PWY: phosphopantothenate biosynthesis I|g__Blautia.s__Blautia_obeum	0.0000000000
PANTO-PWY: phosphopantothenate biosynthesis I|g__Dorea.s__Dorea_longicatena	0.0000000037
PANTO-PWY: phosphopantothenate biosynthesis I|g__Dorea.s__Dorea_formicigenerans	0.0010718897
PANTO-PWY: phosphopantothenate biosynthesis I|g__Eggerthella.s__Eggerthella_lenta	0.2676400572
PANTO-PWY: phosphopantothenate biosynthesis I|g__Agathobaculum.s__Agathobaculum_butyriciproducens	0.1854770980
RIBOSYN2-PWY: flavin biosynthesis I (bacteria and plants)	0.0000000000
RIBOSYN2-PWY: flavin biosynthesis I (bacteria and plants)|g__Anaerostipes.s__Anaerostipes_hadrus	0.0000000001
RIBOSYN2-PWY: flavin biosynthesis I (bacteria and plants)|g__Blautia.s__Blautia_obeum	0.0003401435
RIBOSYN2-PWY: flavin biosynthesis I (bacteria and plants)|unclassified	0.0000000000
RIBOSYN2-PWY: flavin biosynthesis I (bacteria and plants)|g__Blautia.s__Blautia_wexlerae	0.0000000000
RIBOSYN2-PWY: flavin biosynthesis I (bacteria and plants)|g__Lachnospiraceae_unclassified.s__Eubacterium_rectale	0.0079204956
RIBOSYN2-PWY: flavin biosynthesis I (bacteria and plants)|g__Dorea.s__Dorea_longicatena	0.0000000000
RIBOSYN2-PWY: flavin biosynthesis I (bacteria and plants)|g__Dorea.s__Dorea_formicigenerans	0.0382663982
RIBOSYN2-PWY: flavin biosynthesis I (bacteria and plants)|g__Eggerthella.s__Eggerthella_lenta	0.4126231605
HISTSYN-PWY: L-histidine biosynthesis	0.0000000000
HISTSYN-PWY: L-histidine biosynthesis|unclassified	0.0000000000
HISTSYN-PWY: L-histidine biosynthesis|g__Blautia.s__Blautia_obeum	0.0000000000
HISTSYN-PWY: L-histidine biosynthesis|g__Dorea.s__Dorea_formicigenerans	0.0000169288
HISTSYN-PWY: L-histidine biosynthesis|g__Eggerthella.s__Eggerthella_lenta	0.0056570938
THRESYN-PWY: superpathway of L-threonine biosynthesis	0.0000000000
THRESYN-PWY: superpathway of L-threonine biosynthesis|unclassified	0.0000000000
THRESYN-PWY: superpathway of L-threonine biosynthesis|g__Anaerostipes.s__Anaerostipes_hadrus	0.0000000000
THRESYN-PWY: superpathway of L-threonine biosynthesis|g__Blautia.s__Blautia_obeum	0.0000000000
P461-PWY: hexitol fermentation to lactate, formate, ethanol and acetate	0.0000000000
P461-PWY: hexitol fermentation to lactate, formate, ethanol and acetate|g__Anaerostipes.s__Anaerostipes_hadrus	0.4882652563
P461-PWY: hexitol fermentation to lactate, formate, ethanol and acetate|unclassified	0.0000000000
P461-PWY: hexitol fermentation to lactate, formate, ethanol and acetate|g__Erysipelatoclostridium.s__Clostridium_innocuum	0.9003610795
PWY-5695: inosine 5'-phosphate degradation	0.0000000000
PWY-5695: inosine 5'-phosphate degradation|g__Anaerostipes.s__Anaerostipes_hadrus	0.1814776303
PWY-5695: inosine 5'-phosphate degradation|unclassified	0.0000000000
PWY-5695: inosine 5'-phosphate degradation|g__Blautia.s__Blautia_wexlerae	0.0000000000
PWY-5695: inosine 5'-phosphate degradation|g__Blautia.s__Blautia_obeum	0.0000000000
PWY-5695: inosine 5'-phosphate degradation|g__Dorea.s__Dorea_longicatena	0.0011514114
PWY-5695: inosine 5'-phosphate degradation|g__Agathobaculum.s__Agathobaculum_butyriciproducens	0.1928290243
PWY-3001: superpathway of L-isoleucine biosynthesis I	0.0000000000
PWY-3001: superpathway of L-isoleucine biosynthesis I|unclassified	0.0000000000
PWY-7400: L-arginine biosynthesis IV (archaebacteria)	0.0000000000
PWY-7400: L-arginine biosynthesis IV (archaebacteria)|unclassified	0.0000000000
ASPASN-PWY: superpathway of L-aspartate and L-asparagine biosynthesis	0.0000000000
ASPASN-PWY: superpathway of L-aspartate and L-asparagine biosynthesis|unclassified	0.0000000000
ASPASN-PWY: superpathway of L-aspartate and L-asparagine biosynthesis|g__Blautia.s__Blautia_obeum	0.0000000000
ASPASN-PWY: superpathway of L-aspartate and L-asparagine biosynthesis|g__Blautia.s__Blautia_wexlerae	0.0000000000
PWY-5188: tetrapyrrole biosynthesis I (from glutamate)	0.0000000000
PWY-5188: tetrapyrrole biosynthesis I (from glutamate)|unclassified	0.0000000000
PWY-5188: tetrapyrrole biosynthesis I (from glutamate)|g__Blautia.s__Blautia_wexlerae	0.7846839238
PWY-5188: tetrapyrrole biosynthesis I (from glutamate)|g__Anaerostipes.s__Anaerostipes_hadrus	0.0000002315
PWY-5188: tetrapyrrole biosynthesis I (from glutamate)|g__Blautia.s__Blautia_obeum	0.0000000000
COBALSYN-PWY: superpathway of adenosylcobalamin salvage from cobinamide I	0.0000000000
COBALSYN-PWY: superpathway of adenosylcobalamin salvage from cobinamide I|unclassified	0.0000000000
COBALSYN-PWY: superpathway of adenosylcobalamin salvage from cobinamide I|g__Blautia.s__Blautia_wexlerae	0.0000000000
COBALSYN-PWY: superpathway of adenosylcobalamin salvage from cobinamide I|g__Blautia.s__Blautia_obeum	0.0000000000
COBALSYN-PWY: superpathway of adenosylcobalamin salvage from cobinamide I|g__Dorea.s__Dorea_longicatena	0.0044451073
PWY-7208: superpathway of pyrimidine nucleobases salvage	0.0000000000
PWY-7208: superpathway of pyrimidine nucleobases salvage|g__Blautia.s__Blautia_obeum	0.0000000000
PWY-7208: superpathway of pyrimidine nucleobases salvage|unclassified	0.0000000000
PWY-7208: superpathway of pyrimidine nucleobases salvage|g__Eggerthella.s__Eggerthella_lenta	0.2779141398
PWY-7208: superpathway of pyrimidine nucleobases salvage|g__Erysipelatoclostridium.s__Clostridium_innocuum	0.6055583565
METH-ACETATE-PWY: methanogenesis from acetate	0.0000000000
METH-ACETATE-PWY: methanogenesis from acetate|unclassified	0.0000000000
METH-ACETATE-PWY: methanogenesis from acetate|g__Blautia.s__Blautia_wexlerae	0.0000000000
METH-ACETATE-PWY: methanogenesis from acetate|g__Blautia.s__Blautia_obeum	0.0000000000
PWY-5676: acetyl-CoA fermentation to butanoate II	0.0000000000
PWY-5676: acetyl-CoA fermentation to butanoate II|g__Anaerostipes.s__Anaerostipes_hadrus	0.0000000640
PWY-621: sucrose degradation III (sucrose invertase)	0.0000000000
PWY-621: sucrose degradation III (sucrose invertase)|g__Anaerostipes.s__Anaerostipes_hadrus	1.0000000000
PWY-621: sucrose degradation III (sucrose invertase)|unclassified	0.0000000000
PWY-5384: sucrose degradation IV (sucrose phosphorylase)	0.0000000000
PWY-5384: sucrose degradation IV (sucrose phosphorylase)|g__Anaerostipes.s__Anaerostipes_hadrus	0.8301983128
PWY-5384: sucrose degradation IV (sucrose phosphorylase)|unclassified	0.0000000000
P164-PWY: purine nucleobases degradation I (anaerobic)	0.0000000000
P164-PWY: purine nucleobases degradation I (anaerobic)|unclassified	0.0000000000
PWY-6731: starch degradation III	0.0000000000
PWY-6731: starch degradation III|unclassified	0.0000000000
PWY-6731: starch degradation III|g__Blautia.s__Blautia_wexlerae	0.0000233197
PWY-6731: starch degradation III|g__Blautia.s__Blautia_obeum	0.0000004715
PWY-6731: starch degradation III|g__Agathobaculum.s__Agathobaculum_butyriciproducens	0.2058584350
PWY-6608: guanosine nucleotides degradation III	0.0000000000
PWY-6608: guanosine nucleotides degradation III|g__Anaerostipes.s__Anaerostipes_hadrus	0.0008714432
PWY-6608: guanosine nucleotides degradation III|g__Blautia.s__Blautia_obeum	0.0010303334
PWY-6608: guanosine nucleotides degradation III|unclassified	0.0000000000
PWY-6608: guanosine nucleotides degradation III|g__Blautia.s__Blautia_wexlerae	0.0000000000
PWY-6608: guanosine nucleotides degradation III|g__Dorea.s__Dorea_longicatena	0.0011518153
PWY-6353: purine nucleotides degradation II (aerobic)	0.0000000000
PWY-6353: purine nucleotides degradation II (aerobic)|unclassified	0.0000000000
PWY-6353: purine nucleotides degradation II (aerobic)|g__Blautia.s__Blautia_obeum	0.0000000000
PWY-5659: GDP-mannose biosynthesis	0.0000000000
PWY-5659: GDP-mannose biosynthesis|g__Lachnospiraceae_unclassified.s__Eubacterium_rectale	1.0000000000
PWY-5659: GDP-mannose biosynthesis|unclassified	0.0000000000
THISYNARA-PWY: superpathway of thiamine diphosphate biosynthesis III (eukaryotes)	0.0000000000
THISYNARA-PWY: superpathway of thiamine diphosphate biosynthesis III (eukaryotes)|unclassified	0.0000000000
THISYNARA-PWY: superpathway of thiamine diphosphate biosynthesis III (eukaryotes)|g__Lachnospiraceae_unclassified.s__Eubacterium_rectale	0.2894184233
THISYNARA-PWY: superpathway of thiamine diphosphate biosynthesis III (eukaryotes)|g__Erysipelatoclostridium.s__Clostridium_innocuum	0.0004254718
THISYNARA-PWY: superpathway of thiamine diphosphate biosynthesis III (eukaryotes)|g__Gordonibacter.s__Gordonibacter_pamelaeae	0.0932403716
PWY0-1586: peptidoglycan maturation (meso-diaminopimelate containing)	0.0000000000
PWY0-1586: peptidoglycan maturation (meso-diaminopimelate containing)|g__Anaerostipes.s__Anaerostipes_hadrus	0.5702522362
PWY0-1586: peptidoglycan maturation (meso-diaminopimelate containing)|unclassified	0.0000000000
PWY0-1586: peptidoglycan maturation (meso-diaminopimelate containing)|g__Eggerthella.s__Eggerthella_lenta	0.3554432567
PWY-6897: thiamine diphosphate salvage II	0.0000000000
PWY-6897: thiamine diphosphate salvage II|unclassified	0.0000000000
PWY-6897: thiamine diphosphate salvage II|g__Lachnospiraceae_unclassified.s__Eubacterium_rectale	0.0006793344
PWY-6897: thiamine diphosphate salvage II|g__Agathobaculum.s__Agathobaculum_butyriciproducens	0.1518836145
PWY-7199: pyrimidine deoxyribonucleosides salvage	0.0000000000
PWY-7199: pyrimidine deoxyribonucleosides salvage|unclassified	0.0000000000
PWY-I9: L-cysteine biosynthesis VI (from L-methionine)	0.0000000000
PWY-I9: L-cysteine biosynthesis VI (from L-methionine)|g__Anaerostipes.s__Anaerostipes_hadrus	0.0545218664
PWY-I9: L-cysteine biosynthesis VI (from L-methionine)|unclassified	0.0000000000
DAPLYSINESYN-PWY: L-lysine biosynthesis I	0.0000000000
OANTIGEN-PWY: O-antigen building blocks biosynthesis (E. coli)	0.0000000000
OANTIGEN-PWY: O-antigen building blocks biosynthesis (E. coli)|unclassified	0.0000000000
OANTIGEN-PWY: O-antigen building blocks biosynthesis (E. coli)|g__Eggerthella.s__Eggerthella_lenta	0.1592515547
SALVADEHYPOX-PWY: adenosine nucleotides degradation II	0.0000000000
SALVADEHYPOX-PWY: adenosine nucleotides degradation II|g__Anaerostipes.s__Anaerostipes_hadrus	0.0010888799
SALVADEHYPOX-PWY: adenosine nucleotides degradation II|unclassified	0.0000000000
SALVADEHYPOX-PWY: adenosine nucleotides degradation II|g__Blautia.s__Blautia_obeum	0.0000000000
PWY-6703: preQ0 biosynthesis	0.0000000000
PWY-6703: preQ0 biosynthesis|g__Anaerostipes.s__Anaerostipes_hadrus	0.0303788570
PWY-6703: preQ0 biosynthesis|unclassified	0.0000000000
PWY-6703: preQ0 biosynthesis|g__Blautia.s__Blautia_obeum	0.0000000000
GOLPDLCAT-PWY: superpathway of glycerol degradation to 1,3-propanediol	0.0000000000
GOLPDLCAT-PWY: superpathway of glycerol degradation to 1,3-propanediol|unclassified	0.0000000000
GOLPDLCAT-PWY: superpathway of glycerol degradation to 1,3-propanediol|g__Anaerostipes.s__Anaerostipes_hadrus	0.0000003589
PWY-6606: guanosine nucleotides degradation II	0.0000000000
PWY-6606: guanosine nucleotides degradation II|unclassified	0.0000000000
PWY-6606: guanosine nucleotides degradation II|g__Blautia.s__Blautia_obeum	0.0000000000
COLANSYN-PWY: colanic acid building blocks biosynthesis	0.0000000000
COLANSYN-PWY: colanic acid building blocks biosynthesis|unclassified	0.0000000000
GLUCONEO-PWY: gluconeogenesis I	0.0000000000
GLUCONEO-PWY: gluconeogenesis I|unclassified	0.0000000000
P185-PWY: formaldehyde assimilation III (dihydroxyacetone cycle)	0.0000000000
P185-PWY: formaldehyde assimilation III (dihydroxyacetone cycle)|unclassified	0.0000000000
PWY-7328: superpathway of UDP-glucose-derived O-antigen building blocks biosynthesis	0.0000000000
PWY-7328: superpathway of UDP-glucose-derived O-antigen building blocks biosynthesis|unclassified	0.0000000000
PWY-8131: 5'-deoxyadenosine degradation II	0.0000000000
PWY-8131: 5'-deoxyadenosine degradation II|unclassified	0.0000000000
PWY-8131: 5'-deoxyadenosine degradation II|g__Blautia.s__Blautia_obeum	0.0000000000
PWY-8131: 5'-deoxyadenosine degradation II|g__Erysipelatoclostridium.s__Clostridium_innocuum	0.1246589730
PHOSLIPSYN-PWY: superpathway of phospholipid biosynthesis I (bacteria)	0.0000000000
PHOSLIPSYN-PWY: superpathway of phospholipid biosynthesis I (bacteria)|unclassified	0.0000000000
PWY-5121: superpathway of geranylgeranyl diphosphate biosynthesis II (via MEP)	0.0000000000
PWY-5121: superpathway of geranylgeranyl diphosphate biosynthesis II (via MEP)|unclassified	0.0000000000
PWY-6628: superpathway of L-phenylalanine biosynthesis	0.0000000000
PWY-702: L-methionine biosynthesis II	0.0000000000
PWY-702: L-methionine biosynthesis II|unclassified	0.0000000000
PWY0-1297: superpathway of purine deoxyribonucleosides degradation	0.0000000000
PWY0-1297: superpathway of purine deoxyribonucleosides degradation|unclassified	0.0000000000
UDPNAGSYN-PWY: UDP-N-acetyl-D-glucosamine biosynthesis I	0.0000000000
UDPNAGSYN-PWY: UDP-N-acetyl-D-glucosamine biosynthesis I|unclassified	0.0000000000
UDPNAGSYN-PWY: UDP-N-acetyl-D-glucosamine biosynthesis I|g__Eggerthella.s__Eggerthella_lenta	0.4536232514
UDPNAGSYN-PWY: UDP-N-acetyl-D-glucosamine biosynthesis I|g__Agathobaculum.s__Agathobaculum_butyriciproducens	0.1374742110
UDPNAGSYN-PWY: UDP-N-acetyl-D-glucosamine biosynthesis I|g__Erysipelatoclostridium.s__Clostridium_innocuum	0.1005340125
PWY-6470: peptidoglycan biosynthesis V (&beta;-lactam resistance)	0.0000000000
PWY-6470: peptidoglycan biosynthesis V (&beta;-lactam resistance)|unclassified	0.0000000000
LACTOSECAT-PWY: lactose and galactose degradation I	0.0000000000
LACTOSECAT-PWY: lactose and galactose degradation I|unclassified	0.0000000000
LACTOSECAT-PWY: lactose and galactose degradation I|g__Anaerostipes.s__Anaerostipes_hadrus	0.0000000000
PWY-5973: cis-vaccenate biosynthesis	0.0000000000
PWY-5973: cis-vaccenate biosynthesis|unclassified	0.0000000000
RHAMCAT-PWY: L-rhamnose degradation I	0.0000000000
RHAMCAT-PWY: L-rhamnose degradation I|unclassified	0.0000000000
PWY-7013: (S)-propane-1,2-diol degradation	0.0000000000
PWY-7013: (S)-propane-1,2-diol degradation|unclassified	0.0000000000
PWY-7315: dTDP-N-acetylthomosamine biosynthesis	0.0000000000
PWY-7315: dTDP-N-acetylthomosamine biosynthesis|g__Lachnospiraceae_unclassified.s__Eubacterium_rectale	0.8204319963
PWY1ZNC-1: assimilatory sulfate reduction IV	0.0000000000
PWY0-1061: superpathway of L-alanine biosynthesis	0.0000000000
PWY0-1061: superpathway of L-alanine biosynthesis|g__Lachnospiraceae_unclassified.s__Eubacterium_rectale	0.0549814267
PWY-7229: superpathway of adenosine nucleotides de novo biosynthesis I	0.0000000000
PWY-7229: superpathway of adenosine nucleotides de novo biosynthesis I|unclassified	0.0000000000
PWY-7229: superpathway of adenosine nucleotides de novo biosynthesis I|g__Eggerthella.s__Eggerthella_lenta	0.6660745713
PWY-7229: superpathway of adenosine nucleotides de novo biosynthesis I|g__Erysipelatoclostridium.s__Clostridium_innocuum	0.1451382631
PWY-5367: petroselinate biosynthesis	0.0000000000
PWY-5367: petroselinate biosynthesis|unclassified	0.0000000000
PWY-841: superpathway of purine nucleotides de novo biosynthesis I	0.0000000000
PWY-841: superpathway of purine nucleotides de novo biosynthesis I|unclassified	0.0000000000
PWY-841: superpathway of purine nucleotides de novo biosynthesis I|g__Eggerthella.s__Eggerthella_lenta	0.0035695193
PWY-841: superpathway of purine nucleotides de novo biosynthesis I|g__Erysipelatoclostridium.s__Clostridium_innocuum	0.2077344388
PWY66-409: superpathway of purine nucleotide salvage	0.0000000000
PWY66-409: superpathway of purine nucleotide salvage|unclassified	0.0000000000
PWY4FS-7: phosphatidylglycerol biosynthesis I (plastidic)	0.0000000000
PWY4FS-7: phosphatidylglycerol biosynthesis I (plastidic)|unclassified	0.0000000000
PWY4FS-8: phosphatidylglycerol biosynthesis II (non-plastidic)	0.0000000000
PWY4FS-8: phosphatidylglycerol biosynthesis II (non-plastidic)|unclassified	0.0000000000
PWY0-162: superpathway of pyrimidine ribonucleotides de novo biosynthesis	0.0000000000
PWY0-162: superpathway of pyrimidine ribonucleotides de novo biosynthesis|unclassified	0.0000000000
PPGPPMET-PWY: ppGpp metabolism	0.0000000000
GLCMANNANAUT-PWY: superpathway of N-acetylglucosamine, N-acetylmannosamine and N-acetylneuraminate degradation	0.0000000000
GLCMANNANAUT-PWY: superpathway of N-acetylglucosamine, N-acetylmannosamine and N-acetylneuraminate degradation|g__Blautia.s__Blautia_obeum	0.0000000000
PWY-5154: L-arginine biosynthesis III (via N-acetyl-L-citrulline)	0.0000000000
PWY-5154: L-arginine biosynthesis III (via N-acetyl-L-citrulline)|unclassified	0.0000000000
PWY-6126: superpathway of adenosine nucleotides de novo biosynthesis II	0.0000000000
PWY-6126: superpathway of adenosine nucleotides de novo biosynthesis II|unclassified	0.0000000000
PWY-6126: superpathway of adenosine nucleotides de novo biosynthesis II|g__Eggerthella.s__Eggerthella_lenta	0.6987008752
PWY-6126: superpathway of adenosine nucleotides de novo biosynthesis II|g__Erysipelatoclostridium.s__Clostridium_innocuum	0.1490332538
PWY-2941: L-lysine biosynthesis II	0.0000000000
PWY-2941: L-lysine biosynthesis II|unclassified	0.0000000000
PWY-2941: L-lysine biosynthesis II|g__Erysipelatoclostridium.s__Clostridium_innocuum	0.5375184109
PWY-7356: thiamine diphosphate salvage IV (yeast)	0.0000000000
PWY-7356: thiamine diphosphate salvage IV (yeast)|unclassified	0.0000000000
PWY-7356: thiamine diphosphate salvage IV (yeast)|g__Agathobaculum.s__Agathobaculum_butyriciproducens	0.3798995107
PWY-7228: superpathway of guanosine nucleotides de novo biosynthesis I	0.0000000000
PWY-7228: superpathway of guanosine nucleotides de novo biosynthesis I|unclassified	0.0000000000
PWY-7228: superpathway of guanosine nucleotides de novo biosynthesis I|g__Eggerthella.s__Eggerthella_lenta	0.9496262800
PWY-7228: superpathway of guanosine nucleotides de novo biosynthesis I|g__Erysipelatoclostridium.s__Clostridium_innocuum	0.3106856729
PWY-6630: superpathway of L-tyrosine biosynthesis	0.0000000000
PWY-8187: L-arginine degradation XIII (reductive Stickland reaction)	0.0000000000
PWY-8187: L-arginine degradation XIII (reductive Stickland reaction)|unclassified	0.0000000000
PWY-8187: L-arginine degradation XIII (reductive Stickland reaction)|g__Eggerthella.s__Eggerthella_lenta	0.7815234679
PWY-7761: NAD salvage pathway II (PNC IV cycle)	0.0000000000
PWY-7761: NAD salvage pathway II (PNC IV cycle)|unclassified	0.0000000000
PWY-6125: superpathway of guanosine nucleotides de novo biosynthesis II	0.0000000000
PWY-6125: superpathway of guanosine nucleotides de novo biosynthesis II|unclassified	0.0000000000
PWY-6125: superpathway of guanosine nucleotides de novo biosynthesis II|g__Eggerthella.s__Eggerthella_lenta	0.0011962209
PWY-6125: superpathway of guanosine nucleotides de novo biosynthesis II|g__Erysipelatoclostridium.s__Clostridium_innocuum	0.2024267873
PWY-6901: superpathway of glucose and xylose degradation	0.0000000000
PWY-6901: superpathway of glucose and xylose degradation|unclassified	0.0000000000
PWY-6902: chitin degradation II (Vibrio)	0.0000000000
PWY-6902: chitin degradation II (Vibrio)|unclassified	0.0000000000
PENTOSE-P-PWY: pentose phosphate pathway	0.0000000000
PENTOSE-P-PWY: pentose phosphate pathway|unclassified	0.0000000000
PENTOSE-P-PWY: pentose phosphate pathway|g__Erysipelatoclostridium.s__Clostridium_innocuum	0.9152081077
PWY-5005: biotin biosynthesis II	0.0000000000
PWY-5005: biotin biosynthesis II|unclassified	0.0000000000
GLYCOLYSIS: glycolysis I (from glucose 6-phosphate)	0.0000000000
PWY-5265: peptidoglycan biosynthesis II (staphylococci)	0.0000000000
PWY-7198: pyrimidine deoxyribonucleotides de novo biosynthesis IV	0.0000000000
PWY-7198: pyrimidine deoxyribonucleotides de novo biosynthesis IV|unclassified	0.0000000000
PWY-7220: adenosine deoxyribonucleotides de novo biosynthesis II	0.0000000000
PWY-7220: adenosine deoxyribonucleotides de novo biosynthesis II|g__Eggerthella.s__Eggerthella_lenta	0.9916228633
PWY-7220: adenosine deoxyribonucleotides de novo biosynthesis II|unclassified	0.0000000000
PWY-7220: adenosine deoxyribonucleotides de novo biosynthesis II|g__Erysipelatoclostridium.s__Clostridium_innocuum	0.2230060092
PWY-7222: guanosine deoxyribonucleotides de novo biosynthesis II	0.0000000000
PWY-7222: guanosine deoxyribonucleotides de novo biosynthesis II|g__Eggerthella.s__Eggerthella_lenta	0.9916228633
PWY-7222: guanosine deoxyribonucleotides de novo biosynthesis II|unclassified	0.0000000000
PWY-7222: guanosine deoxyribonucleotides de novo biosynthesis II|g__Erysipelatoclostridium.s__Clostridium_innocuum	0.2230060092
PWY-7197: pyrimidine deoxyribonucleotide phosphorylation	0.0000000000
PWY-7197: pyrimidine deoxyribonucleotide phosphorylation|g__Eggerthella.s__Eggerthella_lenta	0.6775865583
PWY-7197: pyrimidine deoxyribonucleotide phosphorylation|unclassified	0.0000000000
PWY-7197: pyrimidine deoxyribonucleotide phosphorylation|g__Erysipelatoclostridium.s__Clostridium_innocuum	0.1019414533
ANAEROFRUCAT-PWY: homolactic fermentation	0.0000000000
PWY-6292: superpathway of L-cysteine biosynthesis (mammalian)	0.0000000000
PWY-4041: &gamma;-glutamyl cycle	0.0000000000
PWY-4041: &gamma;-glutamyl cycle|unclassified	0.0000000000
PWY-7115: C4 photosynthetic carbon assimilation cycle, NAD-ME type	0.0000000000
PWY-6549: L-glutamine biosynthesis III	0.0000000000
PWY-5484: glycolysis II (from fructose 6-phosphate)	0.0000000000
PWY-7117: C4 photosynthetic carbon assimilation cycle, PEPCK type	0.0000000000
ARG+POLYAMINE-SYN: superpathway of arginine and polyamine biosynthesis	0.0000000000
ARG+POLYAMINE-SYN: superpathway of arginine and polyamine biosynthesis|unclassified	0.0000000000
RUMP-PWY: formaldehyde oxidation I	0.0000000000
PWY-241: C4 photosynthetic carbon assimilation cycle, NADP-ME type	0.0000000000
P441-PWY: superpathway of N-acetylneuraminate degradation	0.0000000000
FERMENTATION-PWY: mixed acid fermentation	0.0000000000
PWY-8004: Entner-Doudoroff pathway I	0.0000000000
GLUCUROCAT-PWY: superpathway of &beta;-D-glucuronosides degradation	0.0000000000
GLUCUROCAT-PWY: superpathway of &beta;-D-glucuronosides degradation|unclassified	0.0000000000
PWY0-1298: superpathway of pyrimidine deoxyribonucleosides degradation	0.0000000000
PWY0-1298: superpathway of pyrimidine deoxyribonucleosides degradation|unclassified	0.0000000000
POLYAMSYN-PWY: superpathway of polyamine biosynthesis I	0.0000000000
POLYAMSYN-PWY: superpathway of polyamine biosynthesis I|unclassified	0.0000000000
HEMESYN2-PWY: heme b biosynthesis II (oxygen-independent)	0.0000000000
GALACTUROCAT-PWY: D-galacturonate degradation I	0.0000000000
GALACTUROCAT-PWY: D-galacturonate degradation I|unclassified	0.0000000000
PWY66-399: gluconeogenesis III	0.0000000000
PWY-7242: D-fructuronate degradation	0.0000000000
PWY-7242: D-fructuronate degradation|unclassified	0.0000000000
PWY-5913: partial TCA cycle (obligate autotrophs)	0.0000000000
PWY-6507: 4-deoxy-L-threo-hex-4-enopyranuronate degradation	0.0000000000
PWY-6507: 4-deoxy-L-threo-hex-4-enopyranuronate degradation|unclassified	0.0000000000
PWY-5837: 2-carboxy-1,4-naphthoquinol biosynthesis	0.0000000000
GLUCARDEG-PWY: D-glucarate degradation I	0.0000000000
GALACTARDEG-PWY: D-galactarate degradation I	0.0000000000
GLUCARGALACTSUPER-PWY: superpathway of D-glucarate and D-galactarate degradation	0.0000000000
PWY0-1479: tRNA processing	0.0000000000
PWY-7383: anaerobic energy metabolism (invertebrates, cytosol)	0.0000000000
PWY-7383: anaerobic energy metabolism (invertebrates, cytosol)|unclassified	0.0000000000
HISDEG-PWY: L-histidine degradation I	0.0000000000
HISDEG-PWY: L-histidine degradation I|unclassified	0.0000000000
PWY4LZ-257: superpathway of fermentation (Chlamydomonas reinhardtii)	0.0000000000
PWY4LZ-257: superpathway of fermentation (Chlamydomonas reinhardtii)|unclassified	0.0000000000
PWY0-1477: ethanolamine utilization	0.0000000000
PWY0-1477: ethanolamine utilization|unclassified	0.0000000000
P161-PWY: acetylene degradation (anaerobic)	0.0000000000
P161-PWY: acetylene degradation (anaerobic)|unclassified	0.0000000000
PYRIDNUCSAL-PWY: NAD salvage pathway I (PNC VI cycle)	0.0000000000
PYRIDNUCSAL-PWY: NAD salvage pathway I (PNC VI cycle)|unclassified	0.0000000000
PWY-6305: superpathway of putrescine biosynthesis	0.0000000000
PWY-6305: superpathway of putrescine biosynthesis|unclassified	0.0000000000
PWY3O-4107: NAD salvage pathway V (PNC V cycle)	0.0000000000
PWY3O-4107: NAD salvage pathway V (PNC V cycle)|unclassified	0.0000000000