# Pathway	merged_MRW-15184293Week-0_S132_L002__kneaddata_paired_Coverage
UNMAPPED	1.0000000000
UNINTEGRATED	1.0000000000
UNINTEGRATED|g__Anaerostipes.s__Anaerostipes_hadrus	1.0000000000
UNINTEGRATED|g__Bacteroides.s__Bacteroides_dorei	1.0000000000
UNINTEGRATED|g__Bacteroides.s__Bacteroides_faecis	1.0000000000
UNINTEGRATED|g__Bacteroides.s__Bacteroides_ovatus	1.0000000000
UNINTEGRATED|g__Bacteroides.s__Bacteroides_vulgatus	1.0000000000
UNINTEGRATED|g__Blautia.s__Blautia_obeum	1.0000000000
UNINTEGRATED|g__Blautia.s__Blautia_wexlerae	1.0000000000
UNINTEGRATED|g__Collinsella.s__Collinsella_aerofaciens	1.0000000000
UNINTEGRATED|g__Dorea.s__Dorea_formicigenerans	1.0000000000
UNINTEGRATED|g__Dorea.s__Dorea_longicatena	1.0000000000
UNINTEGRATED|g__Eggerthella.s__Eggerthella_lenta	1.0000000000
UNINTEGRATED|g__Erysipelatoclostridium.s__Erysipelatoclostridium_ramosum	1.0000000000
UNINTEGRATED|g__Faecalibacterium.s__Faecalibacterium_prausnitzii	1.0000000000
UNINTEGRATED|g__Gemmiger.s__Gemmiger_formicilis	1.0000000000
UNINTEGRATED|g__Lachnoclostridium.s__Clostridium_scindens	1.0000000000
UNINTEGRATED|g__Lachnospiraceae_unclassified.s__Eubacterium_rectale	1.0000000000
UNINTEGRATED|g__Megasphaera.s__Megasphaera_sp_DISK_18	1.0000000000
UNINTEGRATED|g__Roseburia.s__Roseburia_faecis	1.0000000000
UNINTEGRATED|g__Roseburia.s__Roseburia_hominis	1.0000000000
UNINTEGRATED|g__Roseburia.s__Roseburia_intestinalis	1.0000000000
UNINTEGRATED|unclassified	1.0000000000
PWY-7238: sucrose biosynthesis II	1.0000000000
PWY-7238: sucrose biosynthesis II|g__Lachnospiraceae_unclassified.s__Eubacterium_rectale	1.0000000000
PWY-7238: sucrose biosynthesis II|unclassified	1.0000000000
PWY-7238: sucrose biosynthesis II|g__Blautia.s__Blautia_obeum	1.0000000000
PWY-7238: sucrose biosynthesis II|g__Faecalibacterium.s__Faecalibacterium_prausnitzii	0.9999929714
PWY-7238: sucrose biosynthesis II|g__Anaerostipes.s__Anaerostipes_hadrus	0.7978764027
PWY-7238: sucrose biosynthesis II|g__Blautia.s__Blautia_wexlerae	0.9957214417
PWY-7238: sucrose biosynthesis II|g__Dorea.s__Dorea_longicatena	0.9999999409
PWY-7238: sucrose biosynthesis II|g__Collinsella.s__Collinsella_aerofaciens	0.9881256205
PWY-7238: sucrose biosynthesis II|g__Roseburia.s__Roseburia_faecis	0.9406102121
PWY-7238: sucrose biosynthesis II|g__Gemmiger.s__Gemmiger_formicilis	0.5314959016
PWY-7238: sucrose biosynthesis II|g__Dorea.s__Dorea_formicigenerans	0.5911887949
GLYCOGENSYNTH-PWY: glycogen biosynthesis I (from ADP-D-Glucose)	1.0000000000
GLYCOGENSYNTH-PWY: glycogen biosynthesis I (from ADP-D-Glucose)|unclassified	1.0000000000
GLYCOGENSYNTH-PWY: glycogen biosynthesis I (from ADP-D-Glucose)|g__Lachnospiraceae_unclassified.s__Eubacterium_rectale	0.8332623193
GLYCOGENSYNTH-PWY: glycogen biosynthesis I (from ADP-D-Glucose)|g__Anaerostipes.s__Anaerostipes_hadrus	0.9999999860
GLYCOGENSYNTH-PWY: glycogen biosynthesis I (from ADP-D-Glucose)|g__Blautia.s__Blautia_obeum	0.9187656492
GLYCOGENSYNTH-PWY: glycogen biosynthesis I (from ADP-D-Glucose)|g__Blautia.s__Blautia_wexlerae	0.9999588361
GLYCOGENSYNTH-PWY: glycogen biosynthesis I (from ADP-D-Glucose)|g__Faecalibacterium.s__Faecalibacterium_prausnitzii	0.8565504118
GLYCOGENSYNTH-PWY: glycogen biosynthesis I (from ADP-D-Glucose)|g__Dorea.s__Dorea_longicatena	0.9356804782
GLYCOGENSYNTH-PWY: glycogen biosynthesis I (from ADP-D-Glucose)|g__Collinsella.s__Collinsella_aerofaciens	0.0033077054
GLYCOGENSYNTH-PWY: glycogen biosynthesis I (from ADP-D-Glucose)|g__Roseburia.s__Roseburia_faecis	0.3008309191
GLYCOGENSYNTH-PWY: glycogen biosynthesis I (from ADP-D-Glucose)|g__Dorea.s__Dorea_formicigenerans	0.5586078477
GLYCOGENSYNTH-PWY: glycogen biosynthesis I (from ADP-D-Glucose)|g__Gemmiger.s__Gemmiger_formicilis	0.2642832312
PWY-1042: glycolysis IV	0.9999354676
PWY-1042: glycolysis IV|g__Lachnospiraceae_unclassified.s__Eubacterium_rectale	0.2691075566
PWY-1042: glycolysis IV|unclassified	0.0001086028
PWY-1042: glycolysis IV|g__Anaerostipes.s__Anaerostipes_hadrus	0.0339921957
PWY-1042: glycolysis IV|g__Blautia.s__Blautia_wexlerae	0.0000000684
PWY-1042: glycolysis IV|g__Faecalibacterium.s__Faecalibacterium_prausnitzii	0.0004446177
PWY-1042: glycolysis IV|g__Blautia.s__Blautia_obeum	0.0000000000
PWY-1042: glycolysis IV|g__Dorea.s__Dorea_longicatena	0.0000002922
PWY-1042: glycolysis IV|g__Collinsella.s__Collinsella_aerofaciens	0.0055949024
PWY-1042: glycolysis IV|g__Eggerthella.s__Eggerthella_lenta	0.0493366495
PWY-1042: glycolysis IV|g__Roseburia.s__Roseburia_faecis	0.2989678017
PWY-1042: glycolysis IV|g__Bacteroides.s__Bacteroides_vulgatus	0.6024003403
PWY-5941: glycogen degradation II	0.8597636157
PWY-5941: glycogen degradation II|unclassified	0.0000075932
PWY-5941: glycogen degradation II|g__Blautia.s__Blautia_obeum	0.9713714697
PWY-5941: glycogen degradation II|g__Anaerostipes.s__Anaerostipes_hadrus	0.8147827581
PWY-5941: glycogen degradation II|g__Blautia.s__Blautia_wexlerae	0.9969263544
PWY-5941: glycogen degradation II|g__Faecalibacterium.s__Faecalibacterium_prausnitzii	0.1710785946
PWY-5941: glycogen degradation II|g__Dorea.s__Dorea_longicatena	0.9775996337
PWY-5941: glycogen degradation II|g__Collinsella.s__Collinsella_aerofaciens	0.9918653392
PWY-5941: glycogen degradation II|g__Roseburia.s__Roseburia_faecis	0.5984959382
PWY-5941: glycogen degradation II|g__Dorea.s__Dorea_formicigenerans	0.5378432897
CALVIN-PWY: Calvin-Benson-Bassham cycle	1.0000000000
CALVIN-PWY: Calvin-Benson-Bassham cycle|unclassified	1.0000000000
CALVIN-PWY: Calvin-Benson-Bassham cycle|g__Lachnospiraceae_unclassified.s__Eubacterium_rectale	0.6167651800
CALVIN-PWY: Calvin-Benson-Bassham cycle|g__Anaerostipes.s__Anaerostipes_hadrus	0.0013152935
CALVIN-PWY: Calvin-Benson-Bassham cycle|g__Blautia.s__Blautia_wexlerae	0.0575391673
CALVIN-PWY: Calvin-Benson-Bassham cycle|g__Blautia.s__Blautia_obeum	0.0000000000
CALVIN-PWY: Calvin-Benson-Bassham cycle|g__Collinsella.s__Collinsella_aerofaciens	0.0476604858
CALVIN-PWY: Calvin-Benson-Bassham cycle|g__Roseburia.s__Roseburia_faecis	0.2382057891
PWY-8178: pentose phosphate pathway (non-oxidative branch) II	1.0000000000
PWY-8178: pentose phosphate pathway (non-oxidative branch) II|unclassified	1.0000000000
PWY-8178: pentose phosphate pathway (non-oxidative branch) II|g__Lachnospiraceae_unclassified.s__Eubacterium_rectale	0.5194505423
PWY-8178: pentose phosphate pathway (non-oxidative branch) II|g__Anaerostipes.s__Anaerostipes_hadrus	0.9999998879
PWY-8178: pentose phosphate pathway (non-oxidative branch) II|g__Blautia.s__Blautia_wexlerae	0.7889925914
PWY-8178: pentose phosphate pathway (non-oxidative branch) II|g__Blautia.s__Blautia_obeum	0.0000534671
PWY-8178: pentose phosphate pathway (non-oxidative branch) II|g__Collinsella.s__Collinsella_aerofaciens	0.0160652654
PWY-8178: pentose phosphate pathway (non-oxidative branch) II|g__Roseburia.s__Roseburia_faecis	0.7432419647
DTDPRHAMSYN-PWY: dTDP-&beta;-L-rhamnose biosynthesis	1.0000000000
DTDPRHAMSYN-PWY: dTDP-&beta;-L-rhamnose biosynthesis|unclassified	0.9999999959
DTDPRHAMSYN-PWY: dTDP-&beta;-L-rhamnose biosynthesis|g__Lachnospiraceae_unclassified.s__Eubacterium_rectale	0.3455386814
DTDPRHAMSYN-PWY: dTDP-&beta;-L-rhamnose biosynthesis|g__Blautia.s__Blautia_obeum	0.6070735843
DTDPRHAMSYN-PWY: dTDP-&beta;-L-rhamnose biosynthesis|g__Faecalibacterium.s__Faecalibacterium_prausnitzii	0.9877080284
DTDPRHAMSYN-PWY: dTDP-&beta;-L-rhamnose biosynthesis|g__Anaerostipes.s__Anaerostipes_hadrus	0.1501589161
DTDPRHAMSYN-PWY: dTDP-&beta;-L-rhamnose biosynthesis|g__Blautia.s__Blautia_wexlerae	0.0077593019
DTDPRHAMSYN-PWY: dTDP-&beta;-L-rhamnose biosynthesis|g__Collinsella.s__Collinsella_aerofaciens	0.8095735573
DTDPRHAMSYN-PWY: dTDP-&beta;-L-rhamnose biosynthesis|g__Dorea.s__Dorea_longicatena	0.4598583612
DTDPRHAMSYN-PWY: dTDP-&beta;-L-rhamnose biosynthesis|g__Eggerthella.s__Eggerthella_lenta	0.0075949040
DTDPRHAMSYN-PWY: dTDP-&beta;-L-rhamnose biosynthesis|g__Roseburia.s__Roseburia_faecis	0.5317662383
DTDPRHAMSYN-PWY: dTDP-&beta;-L-rhamnose biosynthesis|g__Dorea.s__Dorea_formicigenerans	0.2923241540
DTDPRHAMSYN-PWY: dTDP-&beta;-L-rhamnose biosynthesis|g__Bacteroides.s__Bacteroides_ovatus	0.8339844067
DTDPRHAMSYN-PWY: dTDP-&beta;-L-rhamnose biosynthesis|g__Gemmiger.s__Gemmiger_formicilis	0.0615152061
DTDPRHAMSYN-PWY: dTDP-&beta;-L-rhamnose biosynthesis|g__Lachnoclostridium.s__Clostridium_scindens	0.0164829891
PWY-6163: chorismate biosynthesis from 3-dehydroquinate	1.0000000000
PWY-6163: chorismate biosynthesis from 3-dehydroquinate|g__Lachnospiraceae_unclassified.s__Eubacterium_rectale	0.0062881509
PWY-6163: chorismate biosynthesis from 3-dehydroquinate|unclassified	0.9211497874
PWY-6163: chorismate biosynthesis from 3-dehydroquinate|g__Blautia.s__Blautia_obeum	0.2371577010
PWY-6163: chorismate biosynthesis from 3-dehydroquinate|g__Faecalibacterium.s__Faecalibacterium_prausnitzii	0.9995431809
PWY-6163: chorismate biosynthesis from 3-dehydroquinate|g__Anaerostipes.s__Anaerostipes_hadrus	0.2882387925
PWY-6163: chorismate biosynthesis from 3-dehydroquinate|g__Blautia.s__Blautia_wexlerae	0.0000727245
PWY-6163: chorismate biosynthesis from 3-dehydroquinate|g__Dorea.s__Dorea_longicatena	0.5221399310
PWY-6163: chorismate biosynthesis from 3-dehydroquinate|g__Collinsella.s__Collinsella_aerofaciens	0.0021626440
PWY-6163: chorismate biosynthesis from 3-dehydroquinate|g__Eggerthella.s__Eggerthella_lenta	0.0003423108
PWY-6163: chorismate biosynthesis from 3-dehydroquinate|g__Roseburia.s__Roseburia_faecis	0.4115612005
PWY-6163: chorismate biosynthesis from 3-dehydroquinate|g__Dorea.s__Dorea_formicigenerans	0.6721881508
PWY-6163: chorismate biosynthesis from 3-dehydroquinate|g__Bacteroides.s__Bacteroides_vulgatus	0.5691212380
NONOXIPENT-PWY: pentose phosphate pathway (non-oxidative branch) I	1.0000000000
NONOXIPENT-PWY: pentose phosphate pathway (non-oxidative branch) I|g__Lachnospiraceae_unclassified.s__Eubacterium_rectale	0.7517512181
NONOXIPENT-PWY: pentose phosphate pathway (non-oxidative branch) I|unclassified	0.9993291952
NONOXIPENT-PWY: pentose phosphate pathway (non-oxidative branch) I|g__Anaerostipes.s__Anaerostipes_hadrus	0.9999998599
NONOXIPENT-PWY: pentose phosphate pathway (non-oxidative branch) I|g__Blautia.s__Blautia_obeum	0.0000621317
NONOXIPENT-PWY: pentose phosphate pathway (non-oxidative branch) I|g__Blautia.s__Blautia_wexlerae	0.0000000020
NONOXIPENT-PWY: pentose phosphate pathway (non-oxidative branch) I|g__Collinsella.s__Collinsella_aerofaciens	0.0192336545
NONOXIPENT-PWY: pentose phosphate pathway (non-oxidative branch) I|g__Roseburia.s__Roseburia_faecis	0.7903680922
ARO-PWY: chorismate biosynthesis I	1.0000000000
ARO-PWY: chorismate biosynthesis I|g__Lachnospiraceae_unclassified.s__Eubacterium_rectale	0.0000936822
ARO-PWY: chorismate biosynthesis I|unclassified	0.9417374586
ARO-PWY: chorismate biosynthesis I|g__Blautia.s__Blautia_obeum	0.0269200542
ARO-PWY: chorismate biosynthesis I|g__Anaerostipes.s__Anaerostipes_hadrus	0.3390816463
ARO-PWY: chorismate biosynthesis I|g__Faecalibacterium.s__Faecalibacterium_prausnitzii	0.0000251593
ARO-PWY: chorismate biosynthesis I|g__Dorea.s__Dorea_longicatena	0.5832432020
ARO-PWY: chorismate biosynthesis I|g__Blautia.s__Blautia_wexlerae	0.0000008206
ARO-PWY: chorismate biosynthesis I|g__Collinsella.s__Collinsella_aerofaciens	0.0029671707
ARO-PWY: chorismate biosynthesis I|g__Eggerthella.s__Eggerthella_lenta	0.0004791067
ARO-PWY: chorismate biosynthesis I|g__Dorea.s__Dorea_formicigenerans	0.5221739299
ARO-PWY: chorismate biosynthesis I|g__Roseburia.s__Roseburia_faecis	0.1109696273
ANAGLYCOLYSIS-PWY: glycolysis III (from glucose)	0.9998924504
ANAGLYCOLYSIS-PWY: glycolysis III (from glucose)|g__Lachnospiraceae_unclassified.s__Eubacterium_rectale	0.1830055490
ANAGLYCOLYSIS-PWY: glycolysis III (from glucose)|unclassified	0.0000642110
ANAGLYCOLYSIS-PWY: glycolysis III (from glucose)|g__Anaerostipes.s__Anaerostipes_hadrus	0.0206764526
ANAGLYCOLYSIS-PWY: glycolysis III (from glucose)|g__Blautia.s__Blautia_wexlerae	0.0000000410
ANAGLYCOLYSIS-PWY: glycolysis III (from glucose)|g__Blautia.s__Blautia_obeum	0.0000000000
ANAGLYCOLYSIS-PWY: glycolysis III (from glucose)|g__Collinsella.s__Collinsella_aerofaciens	0.0033472820
ANAGLYCOLYSIS-PWY: glycolysis III (from glucose)|g__Roseburia.s__Roseburia_faecis	0.1847034657
PWY-6386: UDP-N-acetylmuramoyl-pentapeptide biosynthesis II (lysine-containing)	1.0000000000
PWY-6386: UDP-N-acetylmuramoyl-pentapeptide biosynthesis II (lysine-containing)|g__Lachnospiraceae_unclassified.s__Eubacterium_rectale	0.0742659577
PWY-6386: UDP-N-acetylmuramoyl-pentapeptide biosynthesis II (lysine-containing)|unclassified	0.9969137277
PWY-6386: UDP-N-acetylmuramoyl-pentapeptide biosynthesis II (lysine-containing)|g__Blautia.s__Blautia_obeum	0.3815055976
PWY-6386: UDP-N-acetylmuramoyl-pentapeptide biosynthesis II (lysine-containing)|g__Anaerostipes.s__Anaerostipes_hadrus	0.0396906557
PWY-6386: UDP-N-acetylmuramoyl-pentapeptide biosynthesis II (lysine-containing)|g__Blautia.s__Blautia_wexlerae	0.5376868568
PWY-6386: UDP-N-acetylmuramoyl-pentapeptide biosynthesis II (lysine-containing)|g__Faecalibacterium.s__Faecalibacterium_prausnitzii	0.0000000000
PWY-6386: UDP-N-acetylmuramoyl-pentapeptide biosynthesis II (lysine-containing)|g__Collinsella.s__Collinsella_aerofaciens	0.0030761597
PWY-6386: UDP-N-acetylmuramoyl-pentapeptide biosynthesis II (lysine-containing)|g__Eggerthella.s__Eggerthella_lenta	0.1449965925
PWY-6386: UDP-N-acetylmuramoyl-pentapeptide biosynthesis II (lysine-containing)|g__Roseburia.s__Roseburia_faecis	0.3450098187
PWY-6386: UDP-N-acetylmuramoyl-pentapeptide biosynthesis II (lysine-containing)|g__Dorea.s__Dorea_formicigenerans	0.3149013357
PWY-6386: UDP-N-acetylmuramoyl-pentapeptide biosynthesis II (lysine-containing)|g__Gemmiger.s__Gemmiger_formicilis	0.1362343041
PWY-6386: UDP-N-acetylmuramoyl-pentapeptide biosynthesis II (lysine-containing)|g__Bacteroides.s__Bacteroides_ovatus	0.5403582450
PWY-7221: guanosine ribonucleotides de novo biosynthesis	1.0000000000
PWY-7221: guanosine ribonucleotides de novo biosynthesis|g__Lachnospiraceae_unclassified.s__Eubacterium_rectale	0.1491014705
PWY-7221: guanosine ribonucleotides de novo biosynthesis|unclassified	0.7062886701
PWY-7221: guanosine ribonucleotides de novo biosynthesis|g__Blautia.s__Blautia_wexlerae	0.9999998846
PWY-7221: guanosine ribonucleotides de novo biosynthesis|g__Anaerostipes.s__Anaerostipes_hadrus	0.0082002581
PWY-7221: guanosine ribonucleotides de novo biosynthesis|g__Blautia.s__Blautia_obeum	0.0000000000
PWY-7221: guanosine ribonucleotides de novo biosynthesis|g__Faecalibacterium.s__Faecalibacterium_prausnitzii	0.0972292153
PWY-7221: guanosine ribonucleotides de novo biosynthesis|g__Collinsella.s__Collinsella_aerofaciens	0.7719825553
PWY-7221: guanosine ribonucleotides de novo biosynthesis|g__Dorea.s__Dorea_longicatena	0.0199267513
PWY-7221: guanosine ribonucleotides de novo biosynthesis|g__Eggerthella.s__Eggerthella_lenta	0.9367776592
PWY-7221: guanosine ribonucleotides de novo biosynthesis|g__Dorea.s__Dorea_formicigenerans	0.6188338884
PWY-7221: guanosine ribonucleotides de novo biosynthesis|g__Bacteroides.s__Bacteroides_vulgatus	0.2491776875
PWY-7221: guanosine ribonucleotides de novo biosynthesis|g__Roseburia.s__Roseburia_faecis	0.0025248960
PWY-7221: guanosine ribonucleotides de novo biosynthesis|g__Bacteroides.s__Bacteroides_ovatus	0.6709634410
PWY-7221: guanosine ribonucleotides de novo biosynthesis|g__Erysipelatoclostridium.s__Erysipelatoclostridium_ramosum	0.5455019788
PWY-7221: guanosine ribonucleotides de novo biosynthesis|g__Bacteroides.s__Bacteroides_dorei	0.3706874447
ARGSYNBSUB-PWY: L-arginine biosynthesis II (acetyl cycle)	1.0000000000
ARGSYNBSUB-PWY: L-arginine biosynthesis II (acetyl cycle)|g__Lachnospiraceae_unclassified.s__Eubacterium_rectale	0.0415217396
ARGSYNBSUB-PWY: L-arginine biosynthesis II (acetyl cycle)|unclassified	0.5803214637
ARGSYNBSUB-PWY: L-arginine biosynthesis II (acetyl cycle)|g__Blautia.s__Blautia_wexlerae	0.0341266823
ARGSYNBSUB-PWY: L-arginine biosynthesis II (acetyl cycle)|g__Blautia.s__Blautia_obeum	0.0000000000
ARGSYNBSUB-PWY: L-arginine biosynthesis II (acetyl cycle)|g__Anaerostipes.s__Anaerostipes_hadrus	0.0001160484
ARGSYNBSUB-PWY: L-arginine biosynthesis II (acetyl cycle)|g__Faecalibacterium.s__Faecalibacterium_prausnitzii	0.0074219899
ARGSYNBSUB-PWY: L-arginine biosynthesis II (acetyl cycle)|g__Dorea.s__Dorea_longicatena	0.0001030945
ARGSYNBSUB-PWY: L-arginine biosynthesis II (acetyl cycle)|g__Collinsella.s__Collinsella_aerofaciens	0.0434009448
ARGSYNBSUB-PWY: L-arginine biosynthesis II (acetyl cycle)|g__Eggerthella.s__Eggerthella_lenta	0.0310650241
ARGSYNBSUB-PWY: L-arginine biosynthesis II (acetyl cycle)|g__Gemmiger.s__Gemmiger_formicilis	0.6438164931
ARGSYNBSUB-PWY: L-arginine biosynthesis II (acetyl cycle)|g__Roseburia.s__Roseburia_faecis	0.2540937897
COMPLETE-ARO-PWY: superpathway of aromatic amino acid biosynthesis	0.9999999682
COMPLETE-ARO-PWY: superpathway of aromatic amino acid biosynthesis|g__Lachnospiraceae_unclassified.s__Eubacterium_rectale	0.0001047223
COMPLETE-ARO-PWY: superpathway of aromatic amino acid biosynthesis|unclassified	0.6269480332
COMPLETE-ARO-PWY: superpathway of aromatic amino acid biosynthesis|g__Blautia.s__Blautia_obeum	0.0002081869
COMPLETE-ARO-PWY: superpathway of aromatic amino acid biosynthesis|g__Anaerostipes.s__Anaerostipes_hadrus	0.1074143699
COMPLETE-ARO-PWY: superpathway of aromatic amino acid biosynthesis|g__Blautia.s__Blautia_wexlerae	0.0000000000
COMPLETE-ARO-PWY: superpathway of aromatic amino acid biosynthesis|g__Dorea.s__Dorea_longicatena	0.0000000000
PWY-5686: UMP biosynthesis I	1.0000000000
PWY-5686: UMP biosynthesis I|g__Lachnospiraceae_unclassified.s__Eubacterium_rectale	0.1255137267
PWY-5686: UMP biosynthesis I|unclassified	0.0670505453
PWY-5686: UMP biosynthesis I|g__Anaerostipes.s__Anaerostipes_hadrus	0.0708150718
PWY-5686: UMP biosynthesis I|g__Blautia.s__Blautia_obeum	0.0000114758
PWY-5686: UMP biosynthesis I|g__Blautia.s__Blautia_wexlerae	0.0282533300
PWY-5686: UMP biosynthesis I|g__Collinsella.s__Collinsella_aerofaciens	0.1209647676
PWY-5686: UMP biosynthesis I|g__Eggerthella.s__Eggerthella_lenta	0.0577757023
PWY-5686: UMP biosynthesis I|g__Gemmiger.s__Gemmiger_formicilis	0.3723781097
PWY-5686: UMP biosynthesis I|g__Dorea.s__Dorea_longicatena	0.0000000000
PWY-7790: UMP biosynthesis II	1.0000000000
PWY-7790: UMP biosynthesis II|g__Lachnospiraceae_unclassified.s__Eubacterium_rectale	0.1255137267
PWY-7790: UMP biosynthesis II|unclassified	0.0670505453
PWY-7790: UMP biosynthesis II|g__Anaerostipes.s__Anaerostipes_hadrus	0.0708150718
PWY-7790: UMP biosynthesis II|g__Blautia.s__Blautia_obeum	0.0000114758
PWY-7790: UMP biosynthesis II|g__Blautia.s__Blautia_wexlerae	0.0282533300
PWY-7790: UMP biosynthesis II|g__Collinsella.s__Collinsella_aerofaciens	0.1209647676
PWY-7790: UMP biosynthesis II|g__Eggerthella.s__Eggerthella_lenta	0.0577757023
PWY-7790: UMP biosynthesis II|g__Gemmiger.s__Gemmiger_formicilis	0.3723781097
PWY-7790: UMP biosynthesis II|g__Dorea.s__Dorea_longicatena	0.0000000000
PWY-7791: UMP biosynthesis III	1.0000000000
PWY-7791: UMP biosynthesis III|g__Lachnospiraceae_unclassified.s__Eubacterium_rectale	0.1255137267
PWY-7791: UMP biosynthesis III|unclassified	0.0670505453
PWY-7791: UMP biosynthesis III|g__Anaerostipes.s__Anaerostipes_hadrus	0.0708150718
PWY-7791: UMP biosynthesis III|g__Blautia.s__Blautia_obeum	0.0000114758
PWY-7791: UMP biosynthesis III|g__Blautia.s__Blautia_wexlerae	0.0282533300
PWY-7791: UMP biosynthesis III|g__Collinsella.s__Collinsella_aerofaciens	0.1209647676
PWY-7791: UMP biosynthesis III|g__Eggerthella.s__Eggerthella_lenta	0.0577757023
PWY-7791: UMP biosynthesis III|g__Gemmiger.s__Gemmiger_formicilis	0.3723781097
PWY-7791: UMP biosynthesis III|g__Dorea.s__Dorea_longicatena	0.0000000000
PWY-6122: 5-aminoimidazole ribonucleotide biosynthesis II	1.0000000000
PWY-6122: 5-aminoimidazole ribonucleotide biosynthesis II|g__Lachnospiraceae_unclassified.s__Eubacterium_rectale	0.0116842600
PWY-6122: 5-aminoimidazole ribonucleotide biosynthesis II|unclassified	0.7804182513
PWY-6122: 5-aminoimidazole ribonucleotide biosynthesis II|g__Blautia.s__Blautia_obeum	0.7979464518
PWY-6122: 5-aminoimidazole ribonucleotide biosynthesis II|g__Anaerostipes.s__Anaerostipes_hadrus	0.0838123249
PWY-6122: 5-aminoimidazole ribonucleotide biosynthesis II|g__Faecalibacterium.s__Faecalibacterium_prausnitzii	0.9078444111
PWY-6122: 5-aminoimidazole ribonucleotide biosynthesis II|g__Dorea.s__Dorea_longicatena	0.9299987403
PWY-6122: 5-aminoimidazole ribonucleotide biosynthesis II|g__Blautia.s__Blautia_wexlerae	0.4429256294
PWY-6122: 5-aminoimidazole ribonucleotide biosynthesis II|g__Collinsella.s__Collinsella_aerofaciens	0.8890364591
PWY-6122: 5-aminoimidazole ribonucleotide biosynthesis II|g__Eggerthella.s__Eggerthella_lenta	0.6588938470
PWY-6122: 5-aminoimidazole ribonucleotide biosynthesis II|g__Gemmiger.s__Gemmiger_formicilis	0.3511847359
PWY-6122: 5-aminoimidazole ribonucleotide biosynthesis II|g__Dorea.s__Dorea_formicigenerans	0.4201332891
PWY-6122: 5-aminoimidazole ribonucleotide biosynthesis II|g__Roseburia.s__Roseburia_faecis	0.0757584372
PWY-6122: 5-aminoimidazole ribonucleotide biosynthesis II|g__Bacteroides.s__Bacteroides_ovatus	0.4561833411
PWY-6122: 5-aminoimidazole ribonucleotide biosynthesis II|g__Bacteroides.s__Bacteroides_vulgatus	0.0060830253
PWY-6122: 5-aminoimidazole ribonucleotide biosynthesis II|g__Bacteroides.s__Bacteroides_faecis	0.5409667929
PWY-6277: superpathway of 5-aminoimidazole ribonucleotide biosynthesis	1.0000000000
PWY-6277: superpathway of 5-aminoimidazole ribonucleotide biosynthesis|g__Lachnospiraceae_unclassified.s__Eubacterium_rectale	0.0116842600
PWY-6277: superpathway of 5-aminoimidazole ribonucleotide biosynthesis|unclassified	0.7804182513
PWY-6277: superpathway of 5-aminoimidazole ribonucleotide biosynthesis|g__Blautia.s__Blautia_obeum	0.7979464518
PWY-6277: superpathway of 5-aminoimidazole ribonucleotide biosynthesis|g__Anaerostipes.s__Anaerostipes_hadrus	0.0838123249
PWY-6277: superpathway of 5-aminoimidazole ribonucleotide biosynthesis|g__Faecalibacterium.s__Faecalibacterium_prausnitzii	0.9078444111
PWY-6277: superpathway of 5-aminoimidazole ribonucleotide biosynthesis|g__Dorea.s__Dorea_longicatena	0.9299987403
PWY-6277: superpathway of 5-aminoimidazole ribonucleotide biosynthesis|g__Blautia.s__Blautia_wexlerae	0.4429256294
PWY-6277: superpathway of 5-aminoimidazole ribonucleotide biosynthesis|g__Collinsella.s__Collinsella_aerofaciens	0.8890364591
PWY-6277: superpathway of 5-aminoimidazole ribonucleotide biosynthesis|g__Eggerthella.s__Eggerthella_lenta	0.6588938470
PWY-6277: superpathway of 5-aminoimidazole ribonucleotide biosynthesis|g__Gemmiger.s__Gemmiger_formicilis	0.3511847359
PWY-6277: superpathway of 5-aminoimidazole ribonucleotide biosynthesis|g__Dorea.s__Dorea_formicigenerans	0.4201332891
PWY-6277: superpathway of 5-aminoimidazole ribonucleotide biosynthesis|g__Roseburia.s__Roseburia_faecis	0.0757584372
PWY-6277: superpathway of 5-aminoimidazole ribonucleotide biosynthesis|g__Bacteroides.s__Bacteroides_ovatus	0.4561833411
PWY-6277: superpathway of 5-aminoimidazole ribonucleotide biosynthesis|g__Bacteroides.s__Bacteroides_vulgatus	0.0060830253
PWY-6277: superpathway of 5-aminoimidazole ribonucleotide biosynthesis|g__Bacteroides.s__Bacteroides_faecis	0.5409667929
PWY-6387: UDP-N-acetylmuramoyl-pentapeptide biosynthesis I (meso-diaminopimelate containing)	1.0000000000
PWY-6387: UDP-N-acetylmuramoyl-pentapeptide biosynthesis I (meso-diaminopimelate containing)|g__Lachnospiraceae_unclassified.s__Eubacterium_rectale	0.2827861617
PWY-6387: UDP-N-acetylmuramoyl-pentapeptide biosynthesis I (meso-diaminopimelate containing)|unclassified	0.9983745181
PWY-6387: UDP-N-acetylmuramoyl-pentapeptide biosynthesis I (meso-diaminopimelate containing)|g__Blautia.s__Blautia_obeum	0.8919363492
PWY-6387: UDP-N-acetylmuramoyl-pentapeptide biosynthesis I (meso-diaminopimelate containing)|g__Anaerostipes.s__Anaerostipes_hadrus	0.0311738307
PWY-6387: UDP-N-acetylmuramoyl-pentapeptide biosynthesis I (meso-diaminopimelate containing)|g__Blautia.s__Blautia_wexlerae	0.4860337137
PWY-6387: UDP-N-acetylmuramoyl-pentapeptide biosynthesis I (meso-diaminopimelate containing)|g__Faecalibacterium.s__Faecalibacterium_prausnitzii	0.0000000000
PWY-6387: UDP-N-acetylmuramoyl-pentapeptide biosynthesis I (meso-diaminopimelate containing)|g__Collinsella.s__Collinsella_aerofaciens	0.0006804993
PWY-6387: UDP-N-acetylmuramoyl-pentapeptide biosynthesis I (meso-diaminopimelate containing)|g__Eggerthella.s__Eggerthella_lenta	0.2495621489
PWY-6387: UDP-N-acetylmuramoyl-pentapeptide biosynthesis I (meso-diaminopimelate containing)|g__Dorea.s__Dorea_longicatena	0.0000000001
PWY-6387: UDP-N-acetylmuramoyl-pentapeptide biosynthesis I (meso-diaminopimelate containing)|g__Roseburia.s__Roseburia_faecis	0.3293424567
PWY-6387: UDP-N-acetylmuramoyl-pentapeptide biosynthesis I (meso-diaminopimelate containing)|g__Bacteroides.s__Bacteroides_vulgatus	0.6116305467
PWY-6387: UDP-N-acetylmuramoyl-pentapeptide biosynthesis I (meso-diaminopimelate containing)|g__Dorea.s__Dorea_formicigenerans	0.3395671894
PWY-6387: UDP-N-acetylmuramoyl-pentapeptide biosynthesis I (meso-diaminopimelate containing)|g__Gemmiger.s__Gemmiger_formicilis	0.1291035675
PWY-6387: UDP-N-acetylmuramoyl-pentapeptide biosynthesis I (meso-diaminopimelate containing)|g__Bacteroides.s__Bacteroides_ovatus	0.3970882265
VALSYN-PWY: L-valine biosynthesis	1.0000000000
VALSYN-PWY: L-valine biosynthesis|g__Lachnospiraceae_unclassified.s__Eubacterium_rectale	0.1342996906
VALSYN-PWY: L-valine biosynthesis|unclassified	0.0003726904
VALSYN-PWY: L-valine biosynthesis|g__Blautia.s__Blautia_obeum	0.9974748976
VALSYN-PWY: L-valine biosynthesis|g__Anaerostipes.s__Anaerostipes_hadrus	0.2305060718
VALSYN-PWY: L-valine biosynthesis|g__Blautia.s__Blautia_wexlerae	0.3870047607
VALSYN-PWY: L-valine biosynthesis|g__Faecalibacterium.s__Faecalibacterium_prausnitzii	0.0002448136
VALSYN-PWY: L-valine biosynthesis|g__Dorea.s__Dorea_longicatena	0.0153023726
VALSYN-PWY: L-valine biosynthesis|g__Eggerthella.s__Eggerthella_lenta	0.6115008701
VALSYN-PWY: L-valine biosynthesis|g__Gemmiger.s__Gemmiger_formicilis	0.6946293766
VALSYN-PWY: L-valine biosynthesis|g__Dorea.s__Dorea_formicigenerans	0.8732290322
VALSYN-PWY: L-valine biosynthesis|g__Roseburia.s__Roseburia_faecis	0.3048537625
VALSYN-PWY: L-valine biosynthesis|g__Bacteroides.s__Bacteroides_vulgatus	0.8095829188
VALSYN-PWY: L-valine biosynthesis|g__Roseburia.s__Roseburia_hominis	0.0001970996
VALSYN-PWY: L-valine biosynthesis|g__Roseburia.s__Roseburia_intestinalis	0.3259298630
PWY-6121: 5-aminoimidazole ribonucleotide biosynthesis I	1.0000000000
PWY-6121: 5-aminoimidazole ribonucleotide biosynthesis I|g__Lachnospiraceae_unclassified.s__Eubacterium_rectale	0.0142728341
PWY-6121: 5-aminoimidazole ribonucleotide biosynthesis I|unclassified	0.8162434258
PWY-6121: 5-aminoimidazole ribonucleotide biosynthesis I|g__Blautia.s__Blautia_obeum	0.8315429171
PWY-6121: 5-aminoimidazole ribonucleotide biosynthesis I|g__Anaerostipes.s__Anaerostipes_hadrus	0.0967502573
PWY-6121: 5-aminoimidazole ribonucleotide biosynthesis I|g__Faecalibacterium.s__Faecalibacterium_prausnitzii	0.8268342545
PWY-6121: 5-aminoimidazole ribonucleotide biosynthesis I|g__Dorea.s__Dorea_longicatena	0.5572268967
PWY-6121: 5-aminoimidazole ribonucleotide biosynthesis I|g__Blautia.s__Blautia_wexlerae	0.0029690474
PWY-6121: 5-aminoimidazole ribonucleotide biosynthesis I|g__Collinsella.s__Collinsella_aerofaciens	0.9090781577
PWY-6121: 5-aminoimidazole ribonucleotide biosynthesis I|g__Eggerthella.s__Eggerthella_lenta	0.7061747525
PWY-6121: 5-aminoimidazole ribonucleotide biosynthesis I|g__Gemmiger.s__Gemmiger_formicilis	0.3832984695
PWY-6121: 5-aminoimidazole ribonucleotide biosynthesis I|g__Dorea.s__Dorea_formicigenerans	0.4202967799
PWY-6121: 5-aminoimidazole ribonucleotide biosynthesis I|g__Roseburia.s__Roseburia_faecis	0.0903555584
PWY-6121: 5-aminoimidazole ribonucleotide biosynthesis I|g__Bacteroides.s__Bacteroides_vulgatus	0.0075856401
ILEUSYN-PWY: L-isoleucine biosynthesis I (from threonine)	1.0000000000
ILEUSYN-PWY: L-isoleucine biosynthesis I (from threonine)|g__Lachnospiraceae_unclassified.s__Eubacterium_rectale	0.0009358720
ILEUSYN-PWY: L-isoleucine biosynthesis I (from threonine)|unclassified	0.0000000000
ILEUSYN-PWY: L-isoleucine biosynthesis I (from threonine)|g__Anaerostipes.s__Anaerostipes_hadrus	0.0180801023
ILEUSYN-PWY: L-isoleucine biosynthesis I (from threonine)|g__Blautia.s__Blautia_wexlerae	0.0000001024
ILEUSYN-PWY: L-isoleucine biosynthesis I (from threonine)|g__Dorea.s__Dorea_longicatena	0.0067219137
ILEUSYN-PWY: L-isoleucine biosynthesis I (from threonine)|g__Eggerthella.s__Eggerthella_lenta	0.2257644617
ILEUSYN-PWY: L-isoleucine biosynthesis I (from threonine)|g__Blautia.s__Blautia_obeum	0.0000000000
ILEUSYN-PWY: L-isoleucine biosynthesis I (from threonine)|g__Gemmiger.s__Gemmiger_formicilis	0.6558492160
ILEUSYN-PWY: L-isoleucine biosynthesis I (from threonine)|g__Dorea.s__Dorea_formicigenerans	0.8253490567
PWY-6823: molybdopterin biosynthesis	1.0000000000
PWY-6823: molybdopterin biosynthesis|unclassified	0.9999325338
PWY-6823: molybdopterin biosynthesis|g__Lachnospiraceae_unclassified.s__Eubacterium_rectale	0.0000000234
PWY-6823: molybdopterin biosynthesis|g__Blautia.s__Blautia_obeum	0.9999999587
PWY-6823: molybdopterin biosynthesis|g__Anaerostipes.s__Anaerostipes_hadrus	0.2792715167
PWY-6823: molybdopterin biosynthesis|g__Faecalibacterium.s__Faecalibacterium_prausnitzii	0.8781334462
PWY-6823: molybdopterin biosynthesis|g__Dorea.s__Dorea_longicatena	0.3353004301
PWY-6823: molybdopterin biosynthesis|g__Blautia.s__Blautia_wexlerae	0.0000000000
PWY-6823: molybdopterin biosynthesis|g__Eggerthella.s__Eggerthella_lenta	0.1105082020
PWY-6823: molybdopterin biosynthesis|g__Roseburia.s__Roseburia_faecis	0.4792079608
PWY-6823: molybdopterin biosynthesis|g__Dorea.s__Dorea_formicigenerans	0.8208799227
PWY-6823: molybdopterin biosynthesis|g__Megasphaera.s__Megasphaera_sp_DISK_18	0.6050070770
ARGSYN-PWY: L-arginine biosynthesis I (via L-ornithine)	1.0000000000
ARGSYN-PWY: L-arginine biosynthesis I (via L-ornithine)|g__Lachnospiraceae_unclassified.s__Eubacterium_rectale	0.0000010568
ARGSYN-PWY: L-arginine biosynthesis I (via L-ornithine)|unclassified	0.4838952264
ARGSYN-PWY: L-arginine biosynthesis I (via L-ornithine)|g__Blautia.s__Blautia_wexlerae	0.0868793992
ARGSYN-PWY: L-arginine biosynthesis I (via L-ornithine)|g__Anaerostipes.s__Anaerostipes_hadrus	0.0000369642
ARGSYN-PWY: L-arginine biosynthesis I (via L-ornithine)|g__Faecalibacterium.s__Faecalibacterium_prausnitzii	0.0088696171
ARGSYN-PWY: L-arginine biosynthesis I (via L-ornithine)|g__Collinsella.s__Collinsella_aerofaciens	0.0299689243
ARGSYN-PWY: L-arginine biosynthesis I (via L-ornithine)|g__Blautia.s__Blautia_obeum	0.0000000000
ARGSYN-PWY: L-arginine biosynthesis I (via L-ornithine)|g__Gemmiger.s__Gemmiger_formicilis	0.3886574536
PEPTIDOGLYCANSYN-PWY: peptidoglycan biosynthesis I (meso-diaminopimelate containing)	0.9999999980
PEPTIDOGLYCANSYN-PWY: peptidoglycan biosynthesis I (meso-diaminopimelate containing)|unclassified	0.9968043694
PEPTIDOGLYCANSYN-PWY: peptidoglycan biosynthesis I (meso-diaminopimelate containing)|g__Lachnospiraceae_unclassified.s__Eubacterium_rectale	0.0328502481
PEPTIDOGLYCANSYN-PWY: peptidoglycan biosynthesis I (meso-diaminopimelate containing)|g__Blautia.s__Blautia_obeum	0.8788291822
PEPTIDOGLYCANSYN-PWY: peptidoglycan biosynthesis I (meso-diaminopimelate containing)|g__Anaerostipes.s__Anaerostipes_hadrus	0.0385800504
PEPTIDOGLYCANSYN-PWY: peptidoglycan biosynthesis I (meso-diaminopimelate containing)|g__Blautia.s__Blautia_wexlerae	0.1472071860
PEPTIDOGLYCANSYN-PWY: peptidoglycan biosynthesis I (meso-diaminopimelate containing)|g__Eggerthella.s__Eggerthella_lenta	0.2574777356
PEPTIDOGLYCANSYN-PWY: peptidoglycan biosynthesis I (meso-diaminopimelate containing)|g__Collinsella.s__Collinsella_aerofaciens	0.0000192739
PEPTIDOGLYCANSYN-PWY: peptidoglycan biosynthesis I (meso-diaminopimelate containing)|g__Dorea.s__Dorea_longicatena	0.0000000000
PEPTIDOGLYCANSYN-PWY: peptidoglycan biosynthesis I (meso-diaminopimelate containing)|g__Roseburia.s__Roseburia_faecis	0.3059020337
PEPTIDOGLYCANSYN-PWY: peptidoglycan biosynthesis I (meso-diaminopimelate containing)|g__Bacteroides.s__Bacteroides_vulgatus	0.6180604363
PEPTIDOGLYCANSYN-PWY: peptidoglycan biosynthesis I (meso-diaminopimelate containing)|g__Gemmiger.s__Gemmiger_formicilis	0.1161255412
PEPTIDOGLYCANSYN-PWY: peptidoglycan biosynthesis I (meso-diaminopimelate containing)|g__Dorea.s__Dorea_formicigenerans	0.2274266702
PWY-6385: peptidoglycan biosynthesis III (mycobacteria)	0.9999999980
PWY-6385: peptidoglycan biosynthesis III (mycobacteria)|unclassified	0.9964056028
PWY-6385: peptidoglycan biosynthesis III (mycobacteria)|g__Lachnospiraceae_unclassified.s__Eubacterium_rectale	0.0328502481
PWY-6385: peptidoglycan biosynthesis III (mycobacteria)|g__Blautia.s__Blautia_obeum	0.3885789431
PWY-6385: peptidoglycan biosynthesis III (mycobacteria)|g__Anaerostipes.s__Anaerostipes_hadrus	0.0380430260
PWY-6385: peptidoglycan biosynthesis III (mycobacteria)|g__Blautia.s__Blautia_wexlerae	0.0006968710
PWY-6385: peptidoglycan biosynthesis III (mycobacteria)|g__Eggerthella.s__Eggerthella_lenta	0.2588161711
PWY-6385: peptidoglycan biosynthesis III (mycobacteria)|g__Collinsella.s__Collinsella_aerofaciens	0.0000194605
PWY-6385: peptidoglycan biosynthesis III (mycobacteria)|g__Roseburia.s__Roseburia_faecis	0.0994451445
PWY-6385: peptidoglycan biosynthesis III (mycobacteria)|g__Dorea.s__Dorea_formicigenerans	0.1928873597
PWY-5667: CDP-diacylglycerol biosynthesis I	1.0000000000
PWY-5667: CDP-diacylglycerol biosynthesis I|g__Lachnospiraceae_unclassified.s__Eubacterium_rectale	0.0015237322
PWY-5667: CDP-diacylglycerol biosynthesis I|unclassified	0.7086660809
PWY-5667: CDP-diacylglycerol biosynthesis I|g__Blautia.s__Blautia_obeum	0.3420094076
PWY-5667: CDP-diacylglycerol biosynthesis I|g__Anaerostipes.s__Anaerostipes_hadrus	0.0004129248
PWY-5667: CDP-diacylglycerol biosynthesis I|g__Blautia.s__Blautia_wexlerae	0.3093517413
PWY-5667: CDP-diacylglycerol biosynthesis I|g__Faecalibacterium.s__Faecalibacterium_prausnitzii	0.0000242939
PWY-5667: CDP-diacylglycerol biosynthesis I|g__Dorea.s__Dorea_longicatena	0.0000000004
PWY-5667: CDP-diacylglycerol biosynthesis I|g__Roseburia.s__Roseburia_faecis	0.1629017734
PWY-5667: CDP-diacylglycerol biosynthesis I|g__Dorea.s__Dorea_formicigenerans	0.0892802016
PWY-5667: CDP-diacylglycerol biosynthesis I|g__Bacteroides.s__Bacteroides_vulgatus	0.0157958084
PWY0-1319: CDP-diacylglycerol biosynthesis II	1.0000000000
PWY0-1319: CDP-diacylglycerol biosynthesis II|g__Lachnospiraceae_unclassified.s__Eubacterium_rectale	0.0015237322
PWY0-1319: CDP-diacylglycerol biosynthesis II|unclassified	0.7086660809
PWY0-1319: CDP-diacylglycerol biosynthesis II|g__Blautia.s__Blautia_obeum	0.3420094076
PWY0-1319: CDP-diacylglycerol biosynthesis II|g__Anaerostipes.s__Anaerostipes_hadrus	0.0004129248
PWY0-1319: CDP-diacylglycerol biosynthesis II|g__Blautia.s__Blautia_wexlerae	0.3093517413
PWY0-1319: CDP-diacylglycerol biosynthesis II|g__Faecalibacterium.s__Faecalibacterium_prausnitzii	0.0000242939
PWY0-1319: CDP-diacylglycerol biosynthesis II|g__Dorea.s__Dorea_longicatena	0.0000000004
PWY0-1319: CDP-diacylglycerol biosynthesis II|g__Roseburia.s__Roseburia_faecis	0.1629017734
PWY0-1319: CDP-diacylglycerol biosynthesis II|g__Dorea.s__Dorea_formicigenerans	0.0892802016
PWY0-1319: CDP-diacylglycerol biosynthesis II|g__Bacteroides.s__Bacteroides_vulgatus	0.0157958084
PWY-6151: S-adenosyl-L-methionine salvage I	1.0000000000
PWY-6151: S-adenosyl-L-methionine salvage I|g__Lachnospiraceae_unclassified.s__Eubacterium_rectale	0.6188002519
PWY-6151: S-adenosyl-L-methionine salvage I|unclassified	0.9999874723
PWY-6151: S-adenosyl-L-methionine salvage I|g__Anaerostipes.s__Anaerostipes_hadrus	0.9974081716
PWY-6151: S-adenosyl-L-methionine salvage I|g__Blautia.s__Blautia_wexlerae	0.5192455412
PWY-6151: S-adenosyl-L-methionine salvage I|g__Blautia.s__Blautia_obeum	0.0000000000
PWY-6151: S-adenosyl-L-methionine salvage I|g__Collinsella.s__Collinsella_aerofaciens	0.0003614254
PWY-6151: S-adenosyl-L-methionine salvage I|g__Bacteroides.s__Bacteroides_vulgatus	0.8208998470
PWY-6151: S-adenosyl-L-methionine salvage I|g__Roseburia.s__Roseburia_faecis	0.3946719637
PWY-6151: S-adenosyl-L-methionine salvage I|g__Dorea.s__Dorea_formicigenerans	0.5234684121
PWY-6151: S-adenosyl-L-methionine salvage I|g__Gemmiger.s__Gemmiger_formicilis	0.3846703192
PWY-7953: UDP-N-acetylmuramoyl-pentapeptide biosynthesis III (meso-diaminopimelate containing)	0.9999999971
PWY-7953: UDP-N-acetylmuramoyl-pentapeptide biosynthesis III (meso-diaminopimelate containing)|g__Lachnospiraceae_unclassified.s__Eubacterium_rectale	0.2602550735
PWY-7953: UDP-N-acetylmuramoyl-pentapeptide biosynthesis III (meso-diaminopimelate containing)|unclassified	0.9948730446
PWY-7953: UDP-N-acetylmuramoyl-pentapeptide biosynthesis III (meso-diaminopimelate containing)|g__Blautia.s__Blautia_obeum	0.3135915195
PWY-7953: UDP-N-acetylmuramoyl-pentapeptide biosynthesis III (meso-diaminopimelate containing)|g__Anaerostipes.s__Anaerostipes_hadrus	0.0274861831
PWY-7953: UDP-N-acetylmuramoyl-pentapeptide biosynthesis III (meso-diaminopimelate containing)|g__Blautia.s__Blautia_wexlerae	0.0004888431
PWY-7953: UDP-N-acetylmuramoyl-pentapeptide biosynthesis III (meso-diaminopimelate containing)|g__Eggerthella.s__Eggerthella_lenta	0.2370409422
PWY-7953: UDP-N-acetylmuramoyl-pentapeptide biosynthesis III (meso-diaminopimelate containing)|g__Dorea.s__Dorea_longicatena	0.0000000001
PWY-7953: UDP-N-acetylmuramoyl-pentapeptide biosynthesis III (meso-diaminopimelate containing)|g__Roseburia.s__Roseburia_faecis	0.0785297683
PWY-7953: UDP-N-acetylmuramoyl-pentapeptide biosynthesis III (meso-diaminopimelate containing)|g__Bacteroides.s__Bacteroides_vulgatus	0.6154256725
PWY-7953: UDP-N-acetylmuramoyl-pentapeptide biosynthesis III (meso-diaminopimelate containing)|g__Dorea.s__Dorea_formicigenerans	0.3279563939
PWY66-429: fatty acid biosynthesis initiation (mitochondria)	1.0000000000
PWY66-429: fatty acid biosynthesis initiation (mitochondria)|unclassified	0.9998066560
PWY66-429: fatty acid biosynthesis initiation (mitochondria)|g__Blautia.s__Blautia_obeum	0.9136726929
PWY66-429: fatty acid biosynthesis initiation (mitochondria)|g__Anaerostipes.s__Anaerostipes_hadrus	0.5810693234
PWY66-429: fatty acid biosynthesis initiation (mitochondria)|g__Blautia.s__Blautia_wexlerae	0.0100940026
PWY66-429: fatty acid biosynthesis initiation (mitochondria)|g__Dorea.s__Dorea_longicatena	0.0000001968
PWY66-429: fatty acid biosynthesis initiation (mitochondria)|g__Eggerthella.s__Eggerthella_lenta	0.0112997830
PWY66-429: fatty acid biosynthesis initiation (mitochondria)|g__Bacteroides.s__Bacteroides_vulgatus	0.8018897304
PWY66-429: fatty acid biosynthesis initiation (mitochondria)|g__Dorea.s__Dorea_formicigenerans	0.1888870768
PWY66-429: fatty acid biosynthesis initiation (mitochondria)|g__Bacteroides.s__Bacteroides_ovatus	0.3323490612
BRANCHED-CHAIN-AA-SYN-PWY: superpathway of branched chain amino acid biosynthesis	1.0000000000
BRANCHED-CHAIN-AA-SYN-PWY: superpathway of branched chain amino acid biosynthesis|g__Lachnospiraceae_unclassified.s__Eubacterium_rectale	0.0011659777
BRANCHED-CHAIN-AA-SYN-PWY: superpathway of branched chain amino acid biosynthesis|unclassified	0.0000000000
BRANCHED-CHAIN-AA-SYN-PWY: superpathway of branched chain amino acid biosynthesis|g__Anaerostipes.s__Anaerostipes_hadrus	0.0092039122
BRANCHED-CHAIN-AA-SYN-PWY: superpathway of branched chain amino acid biosynthesis|g__Blautia.s__Blautia_wexlerae	0.0000000853
BRANCHED-CHAIN-AA-SYN-PWY: superpathway of branched chain amino acid biosynthesis|g__Dorea.s__Dorea_longicatena	0.0081238917
BRANCHED-CHAIN-AA-SYN-PWY: superpathway of branched chain amino acid biosynthesis|g__Blautia.s__Blautia_obeum	0.0000000000
BRANCHED-CHAIN-AA-SYN-PWY: superpathway of branched chain amino acid biosynthesis|g__Eggerthella.s__Eggerthella_lenta	0.2598904514
BRANCHED-CHAIN-AA-SYN-PWY: superpathway of branched chain amino acid biosynthesis|g__Gemmiger.s__Gemmiger_formicilis	0.6024531408
BRANCHED-CHAIN-AA-SYN-PWY: superpathway of branched chain amino acid biosynthesis|g__Dorea.s__Dorea_formicigenerans	0.7858791906
PWY-5103: L-isoleucine biosynthesis III	1.0000000000
PWY-5103: L-isoleucine biosynthesis III|g__Lachnospiraceae_unclassified.s__Eubacterium_rectale	0.0005861834
PWY-5103: L-isoleucine biosynthesis III|unclassified	0.0000000000
PWY-5103: L-isoleucine biosynthesis III|g__Anaerostipes.s__Anaerostipes_hadrus	0.0115731947
PWY-5103: L-isoleucine biosynthesis III|g__Blautia.s__Blautia_wexlerae	0.0000000640
PWY-5103: L-isoleucine biosynthesis III|g__Dorea.s__Dorea_longicatena	0.0047822316
PWY-5103: L-isoleucine biosynthesis III|g__Eggerthella.s__Eggerthella_lenta	0.1605285167
PWY-5103: L-isoleucine biosynthesis III|g__Blautia.s__Blautia_obeum	0.0000000000
PWY-5103: L-isoleucine biosynthesis III|g__Gemmiger.s__Gemmiger_formicilis	0.6199525994
PWY-5103: L-isoleucine biosynthesis III|g__Dorea.s__Dorea_formicigenerans	0.7952631080
PWY0-1296: purine ribonucleosides degradation	1.0000000000
PWY0-1296: purine ribonucleosides degradation|g__Lachnospiraceae_unclassified.s__Eubacterium_rectale	0.8299377711
PWY0-1296: purine ribonucleosides degradation|g__Blautia.s__Blautia_obeum	1.0000000000
PWY0-1296: purine ribonucleosides degradation|unclassified	0.0007612753
PWY0-1296: purine ribonucleosides degradation|g__Anaerostipes.s__Anaerostipes_hadrus	0.0588154653
PWY0-1296: purine ribonucleosides degradation|g__Blautia.s__Blautia_wexlerae	0.0155590092
PWY0-1296: purine ribonucleosides degradation|g__Dorea.s__Dorea_longicatena	0.0493205051
PWY0-1296: purine ribonucleosides degradation|g__Faecalibacterium.s__Faecalibacterium_prausnitzii	0.0000000000
PWY0-1296: purine ribonucleosides degradation|g__Gemmiger.s__Gemmiger_formicilis	0.3287305524
PWY0-1296: purine ribonucleosides degradation|g__Lachnoclostridium.s__Clostridium_scindens	0.6073319804
PWY0-1296: purine ribonucleosides degradation|g__Erysipelatoclostridium.s__Erysipelatoclostridium_ramosum	0.5805948202
PWY-6609: adenine and adenosine salvage III	1.0000000000
PWY-6609: adenine and adenosine salvage III|g__Lachnospiraceae_unclassified.s__Eubacterium_rectale	0.7561188632
PWY-6609: adenine and adenosine salvage III|unclassified	0.1091039256
PWY-6609: adenine and adenosine salvage III|g__Blautia.s__Blautia_obeum	0.0113632307
PWY-6609: adenine and adenosine salvage III|g__Anaerostipes.s__Anaerostipes_hadrus	0.1213382574
PWY-6609: adenine and adenosine salvage III|g__Blautia.s__Blautia_wexlerae	0.0138542893
PWY-6609: adenine and adenosine salvage III|g__Dorea.s__Dorea_longicatena	0.0440447475
PWY-6609: adenine and adenosine salvage III|g__Eggerthella.s__Eggerthella_lenta	0.5869345944
PWY-6609: adenine and adenosine salvage III|g__Bacteroides.s__Bacteroides_ovatus	0.8164840693
PWY-6609: adenine and adenosine salvage III|g__Gemmiger.s__Gemmiger_formicilis	0.0381702858
GLUTORN-PWY: L-ornithine biosynthesis I	1.0000000000
GLUTORN-PWY: L-ornithine biosynthesis I|g__Lachnospiraceae_unclassified.s__Eubacterium_rectale	0.0206533025
GLUTORN-PWY: L-ornithine biosynthesis I|unclassified	0.4681974578
GLUTORN-PWY: L-ornithine biosynthesis I|g__Blautia.s__Blautia_obeum	0.0000000000
GLUTORN-PWY: L-ornithine biosynthesis I|g__Anaerostipes.s__Anaerostipes_hadrus	0.0000106790
GLUTORN-PWY: L-ornithine biosynthesis I|g__Blautia.s__Blautia_wexlerae	0.0194367264
GLUTORN-PWY: L-ornithine biosynthesis I|g__Faecalibacterium.s__Faecalibacterium_prausnitzii	0.0037834189
GLUTORN-PWY: L-ornithine biosynthesis I|g__Collinsella.s__Collinsella_aerofaciens	0.0237960359
GLUTORN-PWY: L-ornithine biosynthesis I|g__Gemmiger.s__Gemmiger_formicilis	0.1268499000
PWY-5097: L-lysine biosynthesis VI	0.9999268473
PWY-5097: L-lysine biosynthesis VI|unclassified	0.1994323914
PWY-5097: L-lysine biosynthesis VI|g__Blautia.s__Blautia_obeum	0.8770783799
PWY-5097: L-lysine biosynthesis VI|g__Lachnospiraceae_unclassified.s__Eubacterium_rectale	0.0000000000
PWY-5097: L-lysine biosynthesis VI|g__Anaerostipes.s__Anaerostipes_hadrus	0.0002642774
PWY-5097: L-lysine biosynthesis VI|g__Blautia.s__Blautia_wexlerae	0.0001738815
PWY-5097: L-lysine biosynthesis VI|g__Dorea.s__Dorea_longicatena	0.3914101313
PWY-5097: L-lysine biosynthesis VI|g__Faecalibacterium.s__Faecalibacterium_prausnitzii	0.0000000000
PWY-5097: L-lysine biosynthesis VI|g__Dorea.s__Dorea_formicigenerans	0.2105859174
NONMEVIPP-PWY: methylerythritol phosphate pathway I	0.9999999987
NONMEVIPP-PWY: methylerythritol phosphate pathway I|unclassified	0.9905587113
NONMEVIPP-PWY: methylerythritol phosphate pathway I|g__Blautia.s__Blautia_obeum	0.0000000748
NONMEVIPP-PWY: methylerythritol phosphate pathway I|g__Anaerostipes.s__Anaerostipes_hadrus	0.0000250460
NONMEVIPP-PWY: methylerythritol phosphate pathway I|g__Blautia.s__Blautia_wexlerae	0.0000000001
NONMEVIPP-PWY: methylerythritol phosphate pathway I|g__Eggerthella.s__Eggerthella_lenta	0.0290068180
NONMEVIPP-PWY: methylerythritol phosphate pathway I|g__Collinsella.s__Collinsella_aerofaciens	0.0000000001
PWY-7111: pyruvate fermentation to isobutanol (engineered)	0.9999979300
PWY-7111: pyruvate fermentation to isobutanol (engineered)|unclassified	0.0000000000
PWY-7111: pyruvate fermentation to isobutanol (engineered)|g__Anaerostipes.s__Anaerostipes_hadrus	0.0117337219
PWY-7111: pyruvate fermentation to isobutanol (engineered)|g__Blautia.s__Blautia_wexlerae	0.0423853942
PWY-7111: pyruvate fermentation to isobutanol (engineered)|g__Faecalibacterium.s__Faecalibacterium_prausnitzii	0.0003059983
PWY-7111: pyruvate fermentation to isobutanol (engineered)|g__Lachnospiraceae_unclassified.s__Eubacterium_rectale	0.0000000000
PWY-7111: pyruvate fermentation to isobutanol (engineered)|g__Dorea.s__Dorea_longicatena	0.0049032403
PWY-7111: pyruvate fermentation to isobutanol (engineered)|g__Blautia.s__Blautia_obeum	0.0000000000
PWY-7111: pyruvate fermentation to isobutanol (engineered)|g__Roseburia.s__Roseburia_faecis	0.3534112993
PWY-7111: pyruvate fermentation to isobutanol (engineered)|g__Dorea.s__Dorea_formicigenerans	0.0527413593
PWY-7111: pyruvate fermentation to isobutanol (engineered)|g__Roseburia.s__Roseburia_hominis	0.0002459072
PWY-7237: myo-, chiro- and scyllo-inositol degradation	1.0000000000
PWY-7237: myo-, chiro- and scyllo-inositol degradation|g__Lachnospiraceae_unclassified.s__Eubacterium_rectale	0.6066235241
PWY-7237: myo-, chiro- and scyllo-inositol degradation|unclassified	0.9958136240
PWY-7237: myo-, chiro- and scyllo-inositol degradation|g__Anaerostipes.s__Anaerostipes_hadrus	0.9999999974
PWY-7237: myo-, chiro- and scyllo-inositol degradation|g__Faecalibacterium.s__Faecalibacterium_prausnitzii	1.0000000000
PWY-7237: myo-, chiro- and scyllo-inositol degradation|g__Dorea.s__Dorea_longicatena	1.0000000000
PWY-7237: myo-, chiro- and scyllo-inositol degradation|g__Blautia.s__Blautia_obeum	0.0000000014
PWY-7237: myo-, chiro- and scyllo-inositol degradation|g__Blautia.s__Blautia_wexlerae	0.0109903550
PWY-7237: myo-, chiro- and scyllo-inositol degradation|g__Roseburia.s__Roseburia_hominis	0.3520652772
PWY-7237: myo-, chiro- and scyllo-inositol degradation|g__Roseburia.s__Roseburia_intestinalis	0.5146587699
TRNA-CHARGING-PWY: tRNA charging	0.0002630078
TRNA-CHARGING-PWY: tRNA charging|g__Lachnospiraceae_unclassified.s__Eubacterium_rectale	0.0012398762
TRNA-CHARGING-PWY: tRNA charging|unclassified	0.0000000000
TRNA-CHARGING-PWY: tRNA charging|g__Anaerostipes.s__Anaerostipes_hadrus	0.0008360613
TRNA-CHARGING-PWY: tRNA charging|g__Gemmiger.s__Gemmiger_formicilis	0.4495512150
COA-PWY-1: superpathway of coenzyme A biosynthesis III (mammals)	0.9999999998
COA-PWY-1: superpathway of coenzyme A biosynthesis III (mammals)|g__Lachnospiraceae_unclassified.s__Eubacterium_rectale	0.0005917438
COA-PWY-1: superpathway of coenzyme A biosynthesis III (mammals)|unclassified	0.3418626285
COA-PWY-1: superpathway of coenzyme A biosynthesis III (mammals)|g__Blautia.s__Blautia_obeum	0.0004920849
COA-PWY-1: superpathway of coenzyme A biosynthesis III (mammals)|g__Anaerostipes.s__Anaerostipes_hadrus	0.0262056889
COA-PWY-1: superpathway of coenzyme A biosynthesis III (mammals)|g__Collinsella.s__Collinsella_aerofaciens	0.0002080046
COA-PWY-1: superpathway of coenzyme A biosynthesis III (mammals)|g__Eggerthella.s__Eggerthella_lenta	0.0770960255
COA-PWY-1: superpathway of coenzyme A biosynthesis III (mammals)|g__Blautia.s__Blautia_wexlerae	0.0000000000
COA-PWY-1: superpathway of coenzyme A biosynthesis III (mammals)|g__Bacteroides.s__Bacteroides_vulgatus	0.5952027303
COA-PWY-1: superpathway of coenzyme A biosynthesis III (mammals)|g__Dorea.s__Dorea_formicigenerans	0.2669751605
COA-PWY-1: superpathway of coenzyme A biosynthesis III (mammals)|g__Roseburia.s__Roseburia_faecis	0.0030536983
COA-PWY-1: superpathway of coenzyme A biosynthesis III (mammals)|g__Bacteroides.s__Bacteroides_ovatus	0.3114142596
PWY-7357: thiamine phosphate formation from pyrithiamine and oxythiamine (yeast)	0.9175766987
PWY-7357: thiamine phosphate formation from pyrithiamine and oxythiamine (yeast)|g__Lachnospiraceae_unclassified.s__Eubacterium_rectale	0.2187816778
PWY-7357: thiamine phosphate formation from pyrithiamine and oxythiamine (yeast)|unclassified	0.0000000951
PWY-7357: thiamine phosphate formation from pyrithiamine and oxythiamine (yeast)|g__Blautia.s__Blautia_obeum	0.0000006711
PWY-7357: thiamine phosphate formation from pyrithiamine and oxythiamine (yeast)|g__Anaerostipes.s__Anaerostipes_hadrus	0.0002443819
PWY-7357: thiamine phosphate formation from pyrithiamine and oxythiamine (yeast)|g__Faecalibacterium.s__Faecalibacterium_prausnitzii	0.9373716034
PWY-7357: thiamine phosphate formation from pyrithiamine and oxythiamine (yeast)|g__Dorea.s__Dorea_longicatena	0.5588247711
PWY-7357: thiamine phosphate formation from pyrithiamine and oxythiamine (yeast)|g__Blautia.s__Blautia_wexlerae	0.0000162375
PWY-7357: thiamine phosphate formation from pyrithiamine and oxythiamine (yeast)|g__Collinsella.s__Collinsella_aerofaciens	0.0000380255
PWY-7357: thiamine phosphate formation from pyrithiamine and oxythiamine (yeast)|g__Roseburia.s__Roseburia_faecis	0.8399471052
PWY-7357: thiamine phosphate formation from pyrithiamine and oxythiamine (yeast)|g__Eggerthella.s__Eggerthella_lenta	0.0001566387
P41-PWY: pyruvate fermentation to acetate and (S)-lactate I	0.9999969724
P41-PWY: pyruvate fermentation to acetate and (S)-lactate I|g__Lachnospiraceae_unclassified.s__Eubacterium_rectale	0.0000000300
P41-PWY: pyruvate fermentation to acetate and (S)-lactate I|unclassified	0.1223200171
P41-PWY: pyruvate fermentation to acetate and (S)-lactate I|g__Anaerostipes.s__Anaerostipes_hadrus	0.2297533885
P41-PWY: pyruvate fermentation to acetate and (S)-lactate I|g__Blautia.s__Blautia_obeum	0.0000000127
P41-PWY: pyruvate fermentation to acetate and (S)-lactate I|g__Collinsella.s__Collinsella_aerofaciens	0.9047202308
P41-PWY: pyruvate fermentation to acetate and (S)-lactate I|g__Eggerthella.s__Eggerthella_lenta	0.1059834677
P41-PWY: pyruvate fermentation to acetate and (S)-lactate I|g__Roseburia.s__Roseburia_faecis	0.0201518622
P41-PWY: pyruvate fermentation to acetate and (S)-lactate I|g__Blautia.s__Blautia_wexlerae	0.0000000000
PWY-5100: pyruvate fermentation to acetate and lactate II	0.9999969724
PWY-5100: pyruvate fermentation to acetate and lactate II|g__Lachnospiraceae_unclassified.s__Eubacterium_rectale	0.0000000300
PWY-5100: pyruvate fermentation to acetate and lactate II|unclassified	0.1223200171
PWY-5100: pyruvate fermentation to acetate and lactate II|g__Anaerostipes.s__Anaerostipes_hadrus	0.7803037137
PWY-5100: pyruvate fermentation to acetate and lactate II|g__Blautia.s__Blautia_obeum	0.0000000127
PWY-5100: pyruvate fermentation to acetate and lactate II|g__Collinsella.s__Collinsella_aerofaciens	0.9047202308
PWY-5100: pyruvate fermentation to acetate and lactate II|g__Eggerthella.s__Eggerthella_lenta	0.6402786125
PWY-5100: pyruvate fermentation to acetate and lactate II|g__Roseburia.s__Roseburia_faecis	0.0201518622
PWY-5100: pyruvate fermentation to acetate and lactate II|g__Blautia.s__Blautia_wexlerae	0.0000000000
COA-PWY: coenzyme A biosynthesis I (prokaryotic)	0.9999999999
COA-PWY: coenzyme A biosynthesis I (prokaryotic)|g__Lachnospiraceae_unclassified.s__Eubacterium_rectale	0.1941754342
COA-PWY: coenzyme A biosynthesis I (prokaryotic)|unclassified	0.9987478220
COA-PWY: coenzyme A biosynthesis I (prokaryotic)|g__Blautia.s__Blautia_obeum	0.0162570284
COA-PWY: coenzyme A biosynthesis I (prokaryotic)|g__Faecalibacterium.s__Faecalibacterium_prausnitzii	0.7928957048
COA-PWY: coenzyme A biosynthesis I (prokaryotic)|g__Anaerostipes.s__Anaerostipes_hadrus	0.0229123805
COA-PWY: coenzyme A biosynthesis I (prokaryotic)|g__Blautia.s__Blautia_wexlerae	0.0246699776
COA-PWY: coenzyme A biosynthesis I (prokaryotic)|g__Collinsella.s__Collinsella_aerofaciens	0.0090195447
COA-PWY: coenzyme A biosynthesis I (prokaryotic)|g__Eggerthella.s__Eggerthella_lenta	0.2620270953
COA-PWY: coenzyme A biosynthesis I (prokaryotic)|g__Roseburia.s__Roseburia_faecis	0.2687491952
COA-PWY: coenzyme A biosynthesis I (prokaryotic)|g__Bacteroides.s__Bacteroides_vulgatus	0.7749235000
COA-PWY: coenzyme A biosynthesis I (prokaryotic)|g__Gemmiger.s__Gemmiger_formicilis	0.2950348135
COA-PWY: coenzyme A biosynthesis I (prokaryotic)|g__Dorea.s__Dorea_formicigenerans	0.3201540126
COA-PWY: coenzyme A biosynthesis I (prokaryotic)|g__Bacteroides.s__Bacteroides_ovatus	0.8476143029
PANTOSYN-PWY: superpathway of coenzyme A biosynthesis I (bacteria)	0.9653098668
PANTOSYN-PWY: superpathway of coenzyme A biosynthesis I (bacteria)|g__Lachnospiraceae_unclassified.s__Eubacterium_rectale	0.0010628082
PANTOSYN-PWY: superpathway of coenzyme A biosynthesis I (bacteria)|unclassified	0.0770047301
PANTOSYN-PWY: superpathway of coenzyme A biosynthesis I (bacteria)|g__Anaerostipes.s__Anaerostipes_hadrus	0.0362871966
PANTOSYN-PWY: superpathway of coenzyme A biosynthesis I (bacteria)|g__Blautia.s__Blautia_obeum	0.0000042937
PANTOSYN-PWY: superpathway of coenzyme A biosynthesis I (bacteria)|g__Blautia.s__Blautia_wexlerae	0.0000000000
PANTOSYN-PWY: superpathway of coenzyme A biosynthesis I (bacteria)|g__Eggerthella.s__Eggerthella_lenta	0.1239813989
PANTOSYN-PWY: superpathway of coenzyme A biosynthesis I (bacteria)|g__Dorea.s__Dorea_formicigenerans	0.4543846356
PANTOSYN-PWY: superpathway of coenzyme A biosynthesis I (bacteria)|g__Roseburia.s__Roseburia_faecis	0.0053551995
PANTOSYN-PWY: superpathway of coenzyme A biosynthesis I (bacteria)|g__Bacteroides.s__Bacteroides_vulgatus	0.1783023457
PWY-6700: queuosine biosynthesis I (de novo)	0.9999999999
PWY-6700: queuosine biosynthesis I (de novo)|g__Lachnospiraceae_unclassified.s__Eubacterium_rectale	0.0012819664
PWY-6700: queuosine biosynthesis I (de novo)|unclassified	0.0000004651
PWY-6700: queuosine biosynthesis I (de novo)|g__Anaerostipes.s__Anaerostipes_hadrus	0.1736809821
PWY-6700: queuosine biosynthesis I (de novo)|g__Blautia.s__Blautia_obeum	0.0003347710
PWY-6700: queuosine biosynthesis I (de novo)|g__Faecalibacterium.s__Faecalibacterium_prausnitzii	0.0351645032
PWY-6700: queuosine biosynthesis I (de novo)|g__Dorea.s__Dorea_longicatena	0.3335319774
PWY-6700: queuosine biosynthesis I (de novo)|g__Blautia.s__Blautia_wexlerae	0.0000000036
PWY-6700: queuosine biosynthesis I (de novo)|g__Collinsella.s__Collinsella_aerofaciens	0.0063784049
PWY-6700: queuosine biosynthesis I (de novo)|g__Eggerthella.s__Eggerthella_lenta	0.0000005079
PWY-6700: queuosine biosynthesis I (de novo)|g__Dorea.s__Dorea_formicigenerans	0.3937199523
PWY-6700: queuosine biosynthesis I (de novo)|g__Bacteroides.s__Bacteroides_vulgatus	0.1487782347
PWY-6700: queuosine biosynthesis I (de novo)|g__Gemmiger.s__Gemmiger_formicilis	0.0396801500
PWY-6700: queuosine biosynthesis I (de novo)|g__Roseburia.s__Roseburia_faecis	0.0019991439
PWY-6700: queuosine biosynthesis I (de novo)|g__Bacteroides.s__Bacteroides_ovatus	0.7042580557
PWY-6700: queuosine biosynthesis I (de novo)|g__Roseburia.s__Roseburia_hominis	0.0724397058
PWY-6700: queuosine biosynthesis I (de novo)|g__Erysipelatoclostridium.s__Erysipelatoclostridium_ramosum	0.3087965970
PWY-6700: queuosine biosynthesis I (de novo)|g__Bacteroides.s__Bacteroides_faecis	0.6711823299
PWY-7851: coenzyme A biosynthesis II (eukaryotic)	0.9999999998
PWY-7851: coenzyme A biosynthesis II (eukaryotic)|g__Lachnospiraceae_unclassified.s__Eubacterium_rectale	0.0004801201
PWY-7851: coenzyme A biosynthesis II (eukaryotic)|unclassified	0.2935616555
PWY-7851: coenzyme A biosynthesis II (eukaryotic)|g__Blautia.s__Blautia_obeum	0.0003937282
PWY-7851: coenzyme A biosynthesis II (eukaryotic)|g__Anaerostipes.s__Anaerostipes_hadrus	0.0210750081
PWY-7851: coenzyme A biosynthesis II (eukaryotic)|g__Collinsella.s__Collinsella_aerofaciens	0.0001664106
PWY-7851: coenzyme A biosynthesis II (eukaryotic)|g__Eggerthella.s__Eggerthella_lenta	0.0626428967
PWY-7851: coenzyme A biosynthesis II (eukaryotic)|g__Blautia.s__Blautia_wexlerae	0.0000000000
PWY-7851: coenzyme A biosynthesis II (eukaryotic)|g__Bacteroides.s__Bacteroides_vulgatus	0.5574350494
PWY-7851: coenzyme A biosynthesis II (eukaryotic)|g__Dorea.s__Dorea_formicigenerans	0.2286379358
PWY-7851: coenzyme A biosynthesis II (eukaryotic)|g__Bacteroides.s__Bacteroides_ovatus	0.8476143029
PWY-7851: coenzyme A biosynthesis II (eukaryotic)|g__Roseburia.s__Roseburia_faecis	0.0024446918
PWY-6317: D-galactose degradation I (Leloir pathway)	0.8034286512
PWY-6317: D-galactose degradation I (Leloir pathway)|unclassified	0.0000050621
PWY-6317: D-galactose degradation I (Leloir pathway)|g__Anaerostipes.s__Anaerostipes_hadrus	0.0017008595
PWY-6317: D-galactose degradation I (Leloir pathway)|g__Blautia.s__Blautia_obeum	0.0000012733
PWY-6317: D-galactose degradation I (Leloir pathway)|g__Blautia.s__Blautia_wexlerae	0.7738670932
PWY-6317: D-galactose degradation I (Leloir pathway)|g__Faecalibacterium.s__Faecalibacterium_prausnitzii	0.0910435367
PWY-6317: D-galactose degradation I (Leloir pathway)|g__Collinsella.s__Collinsella_aerofaciens	0.0000067400
PWY-6317: D-galactose degradation I (Leloir pathway)|g__Dorea.s__Dorea_formicigenerans	0.2296414581
PWY-6317: D-galactose degradation I (Leloir pathway)|g__Roseburia.s__Roseburia_faecis	0.0000578971
RIBOSYN2-PWY: flavin biosynthesis I (bacteria and plants)	0.9997952216
RIBOSYN2-PWY: flavin biosynthesis I (bacteria and plants)|g__Lachnospiraceae_unclassified.s__Eubacterium_rectale	0.3443740591
RIBOSYN2-PWY: flavin biosynthesis I (bacteria and plants)|g__Blautia.s__Blautia_obeum	0.0694382626
RIBOSYN2-PWY: flavin biosynthesis I (bacteria and plants)|unclassified	0.0000000000
RIBOSYN2-PWY: flavin biosynthesis I (bacteria and plants)|g__Faecalibacterium.s__Faecalibacterium_prausnitzii	0.8991392968
RIBOSYN2-PWY: flavin biosynthesis I (bacteria and plants)|g__Blautia.s__Blautia_wexlerae	0.0012355837
RIBOSYN2-PWY: flavin biosynthesis I (bacteria and plants)|g__Dorea.s__Dorea_longicatena	0.0000000000
RIBOSYN2-PWY: flavin biosynthesis I (bacteria and plants)|g__Roseburia.s__Roseburia_faecis	0.2216349554
RIBOSYN2-PWY: flavin biosynthesis I (bacteria and plants)|g__Dorea.s__Dorea_formicigenerans	0.1548908218
PWY-7560: methylerythritol phosphate pathway II	0.0000000000
PWY-7560: methylerythritol phosphate pathway II|unclassified	0.9416642501
PWY-7560: methylerythritol phosphate pathway II|g__Anaerostipes.s__Anaerostipes_hadrus	0.0000000165
PWY-7560: methylerythritol phosphate pathway II|g__Blautia.s__Blautia_wexlerae	0.0000000000
PWY-7560: methylerythritol phosphate pathway II|g__Blautia.s__Blautia_obeum	0.0000000000
PWY-6270: isoprene biosynthesis I	0.0000000000
PWY-6270: isoprene biosynthesis I|unclassified	0.9485812741
PWY-6270: isoprene biosynthesis I|g__Anaerostipes.s__Anaerostipes_hadrus	0.0000000188
PWY-6270: isoprene biosynthesis I|g__Blautia.s__Blautia_wexlerae	0.0000000000
PWY-6270: isoprene biosynthesis I|g__Blautia.s__Blautia_obeum	0.0000000000
PWY-6527: stachyose degradation	0.7323282222
PWY-6527: stachyose degradation|unclassified	0.0000000672
PWY-6527: stachyose degradation|g__Blautia.s__Blautia_wexlerae	0.8369578059
PWY-6527: stachyose degradation|g__Blautia.s__Blautia_obeum	0.0000002658
PWY-6527: stachyose degradation|g__Dorea.s__Dorea_longicatena	0.1515602050
PWY-6527: stachyose degradation|g__Lachnospiraceae_unclassified.s__Eubacterium_rectale	0.0000000000
PWY-6527: stachyose degradation|g__Anaerostipes.s__Anaerostipes_hadrus	0.0000000000
PWY-6527: stachyose degradation|g__Roseburia.s__Roseburia_faecis	0.6659546591
PWY-2942: L-lysine biosynthesis III	0.0125742642
PWY-2942: L-lysine biosynthesis III|unclassified	0.1759262502
PWY-2942: L-lysine biosynthesis III|g__Blautia.s__Blautia_obeum	0.9496252366
PWY-2942: L-lysine biosynthesis III|g__Anaerostipes.s__Anaerostipes_hadrus	0.0002255831
PWY-2942: L-lysine biosynthesis III|g__Blautia.s__Blautia_wexlerae	0.0000189309
PWY-2942: L-lysine biosynthesis III|g__Dorea.s__Dorea_longicatena	0.6366002166
PWY-2942: L-lysine biosynthesis III|g__Eggerthella.s__Eggerthella_lenta	0.0207004895
PWY-2942: L-lysine biosynthesis III|g__Dorea.s__Dorea_formicigenerans	0.6580672614
PANTO-PWY: phosphopantothenate biosynthesis I	0.9251911131
PANTO-PWY: phosphopantothenate biosynthesis I|g__Lachnospiraceae_unclassified.s__Eubacterium_rectale	0.0159925763
PANTO-PWY: phosphopantothenate biosynthesis I|unclassified	0.1203743812
PANTO-PWY: phosphopantothenate biosynthesis I|g__Anaerostipes.s__Anaerostipes_hadrus	0.7786096980
PANTO-PWY: phosphopantothenate biosynthesis I|g__Blautia.s__Blautia_obeum	0.0000019143
PANTO-PWY: phosphopantothenate biosynthesis I|g__Blautia.s__Blautia_wexlerae	0.1378998130
PANTO-PWY: phosphopantothenate biosynthesis I|g__Eggerthella.s__Eggerthella_lenta	0.9999102156
PANTO-PWY: phosphopantothenate biosynthesis I|g__Dorea.s__Dorea_longicatena	0.3281594356
PANTO-PWY: phosphopantothenate biosynthesis I|g__Dorea.s__Dorea_formicigenerans	0.8954858043
PANTO-PWY: phosphopantothenate biosynthesis I|g__Roseburia.s__Roseburia_faecis	0.0660859975
PANTO-PWY: phosphopantothenate biosynthesis I|g__Bacteroides.s__Bacteroides_vulgatus	0.5508113080
PANTO-PWY: phosphopantothenate biosynthesis I|g__Bacteroides.s__Bacteroides_ovatus	0.0698506080
PANTO-PWY: phosphopantothenate biosynthesis I|g__Bacteroides.s__Bacteroides_faecis	0.5465327468
PWY-3841: folate transformations II (plants)	0.5678043004
PWY-3841: folate transformations II (plants)|g__Lachnospiraceae_unclassified.s__Eubacterium_rectale	0.1164781782
PWY-3841: folate transformations II (plants)|unclassified	0.0000000000
PWY-3841: folate transformations II (plants)|g__Anaerostipes.s__Anaerostipes_hadrus	0.3262190938
PWY-3841: folate transformations II (plants)|g__Blautia.s__Blautia_wexlerae	0.0000000000
PWY-3841: folate transformations II (plants)|g__Dorea.s__Dorea_longicatena	0.0000426239
PWY-3841: folate transformations II (plants)|g__Blautia.s__Blautia_obeum	0.0000000000
PWY-3841: folate transformations II (plants)|g__Roseburia.s__Roseburia_faecis	0.0887850254
PWY-3841: folate transformations II (plants)|g__Dorea.s__Dorea_formicigenerans	0.3255935561
PWY-3841: folate transformations II (plants)|g__Bacteroides.s__Bacteroides_ovatus	0.1010741111
PWY-3841: folate transformations II (plants)|g__Bacteroides.s__Bacteroides_vulgatus	0.0000098715
PWY-3841: folate transformations II (plants)|g__Bacteroides.s__Bacteroides_faecis	0.3749341070
1CMET2-PWY: folate transformations III (E. coli)	0.5674274683
1CMET2-PWY: folate transformations III (E. coli)|unclassified	0.0000000000
1CMET2-PWY: folate transformations III (E. coli)|g__Anaerostipes.s__Anaerostipes_hadrus	0.0063292352
1CMET2-PWY: folate transformations III (E. coli)|g__Dorea.s__Dorea_longicatena	0.0000000006
1CMET2-PWY: folate transformations III (E. coli)|g__Blautia.s__Blautia_wexlerae	0.0000000000
1CMET2-PWY: folate transformations III (E. coli)|g__Blautia.s__Blautia_obeum	0.0000000000
PWY-724: superpathway of L-lysine, L-threonine and L-methionine biosynthesis II	0.0000000000
PWY-724: superpathway of L-lysine, L-threonine and L-methionine biosynthesis II|unclassified	0.0164704410
PWY-724: superpathway of L-lysine, L-threonine and L-methionine biosynthesis II|g__Anaerostipes.s__Anaerostipes_hadrus	0.0000316404
PWY-724: superpathway of L-lysine, L-threonine and L-methionine biosynthesis II|g__Blautia.s__Blautia_obeum	0.0000000000
PWY-6123: inosine-5'-phosphate biosynthesis I	0.0000000049
PWY-6123: inosine-5'-phosphate biosynthesis I|unclassified	0.0000005879
PWY-6123: inosine-5'-phosphate biosynthesis I|g__Anaerostipes.s__Anaerostipes_hadrus	0.2019539464
PWY-6123: inosine-5'-phosphate biosynthesis I|g__Blautia.s__Blautia_wexlerae	0.9340697458
PWY-6123: inosine-5'-phosphate biosynthesis I|g__Blautia.s__Blautia_obeum	0.0000000005
PWY-6123: inosine-5'-phosphate biosynthesis I|g__Faecalibacterium.s__Faecalibacterium_prausnitzii	0.0062650943
PWY-6123: inosine-5'-phosphate biosynthesis I|g__Collinsella.s__Collinsella_aerofaciens	0.0627599493
PWY-6123: inosine-5'-phosphate biosynthesis I|g__Eggerthella.s__Eggerthella_lenta	0.2569466564
PWY-6123: inosine-5'-phosphate biosynthesis I|g__Bacteroides.s__Bacteroides_vulgatus	0.0067043679
PWY-6123: inosine-5'-phosphate biosynthesis I|g__Bacteroides.s__Bacteroides_ovatus	0.0889377016
HSERMETANA-PWY: L-methionine biosynthesis III	0.0000000129
HSERMETANA-PWY: L-methionine biosynthesis III|unclassified	0.0003968407
HSERMETANA-PWY: L-methionine biosynthesis III|g__Anaerostipes.s__Anaerostipes_hadrus	0.2261370685
HSERMETANA-PWY: L-methionine biosynthesis III|g__Blautia.s__Blautia_obeum	0.0000000000
HSERMETANA-PWY: L-methionine biosynthesis III|g__Blautia.s__Blautia_wexlerae	0.0000001022
HSERMETANA-PWY: L-methionine biosynthesis III|g__Dorea.s__Dorea_longicatena	0.9431949985
HSERMETANA-PWY: L-methionine biosynthesis III|g__Roseburia.s__Roseburia_faecis	0.4201063218
PWY-7400: L-arginine biosynthesis IV (archaebacteria)	0.0000000000
PWY-7400: L-arginine biosynthesis IV (archaebacteria)|unclassified	0.0000000000
HISTSYN-PWY: L-histidine biosynthesis	0.0000000000
HISTSYN-PWY: L-histidine biosynthesis|unclassified	0.0000000000
HISTSYN-PWY: L-histidine biosynthesis|g__Blautia.s__Blautia_obeum	0.0000000000
HISTSYN-PWY: L-histidine biosynthesis|g__Faecalibacterium.s__Faecalibacterium_prausnitzii	0.0000043771
HISTSYN-PWY: L-histidine biosynthesis|g__Collinsella.s__Collinsella_aerofaciens	0.0000000003
HISTSYN-PWY: L-histidine biosynthesis|g__Eggerthella.s__Eggerthella_lenta	0.0022637552
HISTSYN-PWY: L-histidine biosynthesis|g__Bacteroides.s__Bacteroides_vulgatus	0.2030531311
HISTSYN-PWY: L-histidine biosynthesis|g__Dorea.s__Dorea_formicigenerans	0.0316833633
PWY-6124: inosine-5'-phosphate biosynthesis II	0.0000000041
PWY-6124: inosine-5'-phosphate biosynthesis II|unclassified	0.0000004899
PWY-6124: inosine-5'-phosphate biosynthesis II|g__Blautia.s__Blautia_wexlerae	0.9913227802
PWY-6124: inosine-5'-phosphate biosynthesis II|g__Anaerostipes.s__Anaerostipes_hadrus	0.1864218634
PWY-6124: inosine-5'-phosphate biosynthesis II|g__Blautia.s__Blautia_obeum	0.0000000004
PWY-6124: inosine-5'-phosphate biosynthesis II|g__Faecalibacterium.s__Faecalibacterium_prausnitzii	0.0086630647
PWY-6124: inosine-5'-phosphate biosynthesis II|g__Collinsella.s__Collinsella_aerofaciens	0.0529336983
PWY-6124: inosine-5'-phosphate biosynthesis II|g__Eggerthella.s__Eggerthella_lenta	0.2237544444
PWY-6124: inosine-5'-phosphate biosynthesis II|g__Bacteroides.s__Bacteroides_ovatus	0.4285153079
PWY-6124: inosine-5'-phosphate biosynthesis II|g__Bacteroides.s__Bacteroides_vulgatus	0.0055932720
PWY-3001: superpathway of L-isoleucine biosynthesis I	0.0000000000
PWY-3001: superpathway of L-isoleucine biosynthesis I|unclassified	0.0000000000
PWY-6936: seleno-amino acid biosynthesis (plants)	0.0000000000
PWY-6936: seleno-amino acid biosynthesis (plants)|unclassified	0.0002645947
PWY-6936: seleno-amino acid biosynthesis (plants)|g__Anaerostipes.s__Anaerostipes_hadrus	0.7558534388
PWY-6936: seleno-amino acid biosynthesis (plants)|g__Dorea.s__Dorea_formicigenerans	0.7592470583
PYRIDNUCSYN-PWY: NAD de novo biosynthesis I (from aspartate)	0.0000000000
PYRIDNUCSYN-PWY: NAD de novo biosynthesis I (from aspartate)|unclassified	0.0002526202
PYRIDNUCSYN-PWY: NAD de novo biosynthesis I (from aspartate)|g__Anaerostipes.s__Anaerostipes_hadrus	0.0588153747
THISYNARA-PWY: superpathway of thiamine diphosphate biosynthesis III (eukaryotes)	0.0000000000
THISYNARA-PWY: superpathway of thiamine diphosphate biosynthesis III (eukaryotes)|g__Lachnospiraceae_unclassified.s__Eubacterium_rectale	0.2249308063
THISYNARA-PWY: superpathway of thiamine diphosphate biosynthesis III (eukaryotes)|g__Faecalibacterium.s__Faecalibacterium_prausnitzii	0.8857392284
THISYNARA-PWY: superpathway of thiamine diphosphate biosynthesis III (eukaryotes)|g__Roseburia.s__Roseburia_faecis	0.0227322103
THRESYN-PWY: superpathway of L-threonine biosynthesis	0.0000000000
THRESYN-PWY: superpathway of L-threonine biosynthesis|unclassified	0.0000000000
THRESYN-PWY: superpathway of L-threonine biosynthesis|g__Anaerostipes.s__Anaerostipes_hadrus	0.0000000000
THRESYN-PWY: superpathway of L-threonine biosynthesis|g__Blautia.s__Blautia_obeum	0.0000000000
THRESYN-PWY: superpathway of L-threonine biosynthesis|g__Collinsella.s__Collinsella_aerofaciens	0.5221276075
COBALSYN-PWY: superpathway of adenosylcobalamin salvage from cobinamide I	0.0000000000
COBALSYN-PWY: superpathway of adenosylcobalamin salvage from cobinamide I|unclassified	0.0000015920
COBALSYN-PWY: superpathway of adenosylcobalamin salvage from cobinamide I|g__Blautia.s__Blautia_obeum	0.0000031006
COBALSYN-PWY: superpathway of adenosylcobalamin salvage from cobinamide I|g__Dorea.s__Dorea_longicatena	0.5555893921
COBALSYN-PWY: superpathway of adenosylcobalamin salvage from cobinamide I|g__Blautia.s__Blautia_wexlerae	0.0000097922
COBALSYN-PWY: superpathway of adenosylcobalamin salvage from cobinamide I|g__Collinsella.s__Collinsella_aerofaciens	0.0002434848
PWY-6897: thiamine diphosphate salvage II	0.0000000000
PWY-6897: thiamine diphosphate salvage II|g__Lachnospiraceae_unclassified.s__Eubacterium_rectale	0.0000000001
SER-GLYSYN-PWY: superpathway of L-serine and glycine biosynthesis I	0.0000000623
SER-GLYSYN-PWY: superpathway of L-serine and glycine biosynthesis I|unclassified	0.0000000456
SER-GLYSYN-PWY: superpathway of L-serine and glycine biosynthesis I|g__Anaerostipes.s__Anaerostipes_hadrus	0.0068715083
SER-GLYSYN-PWY: superpathway of L-serine and glycine biosynthesis I|g__Blautia.s__Blautia_obeum	0.0000000058
SER-GLYSYN-PWY: superpathway of L-serine and glycine biosynthesis I|g__Blautia.s__Blautia_wexlerae	0.7770455786
SER-GLYSYN-PWY: superpathway of L-serine and glycine biosynthesis I|g__Dorea.s__Dorea_longicatena	0.2439136828
SER-GLYSYN-PWY: superpathway of L-serine and glycine biosynthesis I|g__Collinsella.s__Collinsella_aerofaciens	0.0544126954
SER-GLYSYN-PWY: superpathway of L-serine and glycine biosynthesis I|g__Eggerthella.s__Eggerthella_lenta	0.6972757940
SER-GLYSYN-PWY: superpathway of L-serine and glycine biosynthesis I|g__Roseburia.s__Roseburia_faecis	0.0805259615
SER-GLYSYN-PWY: superpathway of L-serine and glycine biosynthesis I|g__Dorea.s__Dorea_formicigenerans	0.2824231769
SER-GLYSYN-PWY: superpathway of L-serine and glycine biosynthesis I|g__Bacteroides.s__Bacteroides_vulgatus	0.0831813122
PWY-7977: L-methionine biosynthesis IV	0.0000000000
PWY-7977: L-methionine biosynthesis IV|unclassified	0.0695421303
PWY-7977: L-methionine biosynthesis IV|g__Anaerostipes.s__Anaerostipes_hadrus	0.0000131988
PWY-7977: L-methionine biosynthesis IV|g__Dorea.s__Dorea_longicatena	0.8627676406
PWY-7977: L-methionine biosynthesis IV|g__Collinsella.s__Collinsella_aerofaciens	0.5184685609
PWY-5695: inosine 5'-phosphate degradation	0.0000000000
PWY-5695: inosine 5'-phosphate degradation|unclassified	0.0000000482
PWY-5695: inosine 5'-phosphate degradation|g__Anaerostipes.s__Anaerostipes_hadrus	0.1219583186
PWY-5695: inosine 5'-phosphate degradation|g__Blautia.s__Blautia_obeum	0.0000000000
PWY-5695: inosine 5'-phosphate degradation|g__Blautia.s__Blautia_wexlerae	0.0198035112
PWY-5695: inosine 5'-phosphate degradation|g__Dorea.s__Dorea_longicatena	0.0172740104
PWY-5695: inosine 5'-phosphate degradation|g__Bacteroides.s__Bacteroides_vulgatus	0.3527448511
ASPASN-PWY: superpathway of L-aspartate and L-asparagine biosynthesis	0.0000000000
ASPASN-PWY: superpathway of L-aspartate and L-asparagine biosynthesis|g__Blautia.s__Blautia_obeum	0.0000000793
ASPASN-PWY: superpathway of L-aspartate and L-asparagine biosynthesis|g__Blautia.s__Blautia_wexlerae	0.7316722595
ASPASN-PWY: superpathway of L-aspartate and L-asparagine biosynthesis|unclassified	0.0000000000
ASPASN-PWY: superpathway of L-aspartate and L-asparagine biosynthesis|g__Bacteroides.s__Bacteroides_vulgatus	0.9112505694
PWY-5188: tetrapyrrole biosynthesis I (from glutamate)	0.0000000000
PWY-5188: tetrapyrrole biosynthesis I (from glutamate)|unclassified	0.0000000000
PWY-5188: tetrapyrrole biosynthesis I (from glutamate)|g__Anaerostipes.s__Anaerostipes_hadrus	0.0007705891
PWY-5188: tetrapyrrole biosynthesis I (from glutamate)|g__Blautia.s__Blautia_obeum	0.0000000000
PWY-5188: tetrapyrrole biosynthesis I (from glutamate)|g__Blautia.s__Blautia_wexlerae	0.0004368118
PWY-5188: tetrapyrrole biosynthesis I (from glutamate)|g__Roseburia.s__Roseburia_faecis	0.1035731320
PWY-1861: formaldehyde assimilation II (assimilatory RuMP Cycle)	0.0000000000
PWY-1861: formaldehyde assimilation II (assimilatory RuMP Cycle)|g__Anaerostipes.s__Anaerostipes_hadrus	0.2566494413
PWY-1861: formaldehyde assimilation II (assimilatory RuMP Cycle)|unclassified	0.0000000000
PWY-5659: GDP-mannose biosynthesis	0.0000000000
PWY-5659: GDP-mannose biosynthesis|g__Lachnospiraceae_unclassified.s__Eubacterium_rectale	0.0001172655
PWY-5659: GDP-mannose biosynthesis|unclassified	0.0000000000
PWY-5659: GDP-mannose biosynthesis|g__Faecalibacterium.s__Faecalibacterium_prausnitzii	0.0000000000
PWY-5659: GDP-mannose biosynthesis|g__Blautia.s__Blautia_obeum	0.0000000000
PWY-5659: GDP-mannose biosynthesis|g__Bacteroides.s__Bacteroides_vulgatus	0.0442459188
PWY0-1586: peptidoglycan maturation (meso-diaminopimelate containing)	0.0000000000
PWY0-1586: peptidoglycan maturation (meso-diaminopimelate containing)|g__Anaerostipes.s__Anaerostipes_hadrus	0.3534216605
PWY0-1586: peptidoglycan maturation (meso-diaminopimelate containing)|unclassified	0.0000000000
PWY0-1586: peptidoglycan maturation (meso-diaminopimelate containing)|g__Lachnospiraceae_unclassified.s__Eubacterium_rectale	0.0000000000
PWY0-1586: peptidoglycan maturation (meso-diaminopimelate containing)|g__Eggerthella.s__Eggerthella_lenta	0.9495977607
PWY0-1586: peptidoglycan maturation (meso-diaminopimelate containing)|g__Collinsella.s__Collinsella_aerofaciens	0.1737147921
PWY0-1586: peptidoglycan maturation (meso-diaminopimelate containing)|g__Bacteroides.s__Bacteroides_ovatus	0.5799819988
PWY0-1061: superpathway of L-alanine biosynthesis	0.0000000000
PWY0-1061: superpathway of L-alanine biosynthesis|g__Lachnospiraceae_unclassified.s__Eubacterium_rectale	0.0025834621
PWY-8187: L-arginine degradation XIII (reductive Stickland reaction)	0.0000000000
PWY-8187: L-arginine degradation XIII (reductive Stickland reaction)|unclassified	0.0001088316
PWY-8187: L-arginine degradation XIII (reductive Stickland reaction)|g__Collinsella.s__Collinsella_aerofaciens	0.9821833642
PWY-8187: L-arginine degradation XIII (reductive Stickland reaction)|g__Eggerthella.s__Eggerthella_lenta	0.2010651017
PWY-5676: acetyl-CoA fermentation to butanoate II	0.0000000000
PWY-5676: acetyl-CoA fermentation to butanoate II|g__Anaerostipes.s__Anaerostipes_hadrus	0.2816565717
PWY-5676: acetyl-CoA fermentation to butanoate II|unclassified	0.0000000000
METH-ACETATE-PWY: methanogenesis from acetate	0.0000000000
METH-ACETATE-PWY: methanogenesis from acetate|g__Blautia.s__Blautia_wexlerae	0.0583664383
METH-ACETATE-PWY: methanogenesis from acetate|g__Blautia.s__Blautia_obeum	0.0000000000
METH-ACETATE-PWY: methanogenesis from acetate|unclassified	0.0000000000
PWY-7199: pyrimidine deoxyribonucleosides salvage	0.0000000000
PWY-7199: pyrimidine deoxyribonucleosides salvage|unclassified	0.0000000000
PWY-7208: superpathway of pyrimidine nucleobases salvage	0.0000000000
PWY-7208: superpathway of pyrimidine nucleobases salvage|g__Blautia.s__Blautia_obeum	0.0000000000
PWY-7208: superpathway of pyrimidine nucleobases salvage|g__Eggerthella.s__Eggerthella_lenta	0.4263827070
PWY-7208: superpathway of pyrimidine nucleobases salvage|g__Collinsella.s__Collinsella_aerofaciens	0.0000011553
PWY-7208: superpathway of pyrimidine nucleobases salvage|unclassified	0.0000000000
PWY-6703: preQ0 biosynthesis	0.0000000000
PWY-6703: preQ0 biosynthesis|g__Anaerostipes.s__Anaerostipes_hadrus	0.1157572649
PWY-6703: preQ0 biosynthesis|unclassified	0.0000000000
PWY-6703: preQ0 biosynthesis|g__Blautia.s__Blautia_obeum	0.0000005153
PWY-6703: preQ0 biosynthesis|g__Bacteroides.s__Bacteroides_vulgatus	0.2372258029
P461-PWY: hexitol fermentation to lactate, formate, ethanol and acetate	0.0000000000
P461-PWY: hexitol fermentation to lactate, formate, ethanol and acetate|g__Anaerostipes.s__Anaerostipes_hadrus	0.8129508555
P461-PWY: hexitol fermentation to lactate, formate, ethanol and acetate|unclassified	0.0000000000
LACTOSECAT-PWY: lactose and galactose degradation I	0.0000000000
LACTOSECAT-PWY: lactose and galactose degradation I|unclassified	0.0000000001
LACTOSECAT-PWY: lactose and galactose degradation I|g__Collinsella.s__Collinsella_aerofaciens	1.0000000000
LACTOSECAT-PWY: lactose and galactose degradation I|g__Anaerostipes.s__Anaerostipes_hadrus	0.0000005548
PWY-6628: superpathway of L-phenylalanine biosynthesis	0.0000000000
PWY-6628: superpathway of L-phenylalanine biosynthesis|unclassified	0.0000000000
PWY-7229: superpathway of adenosine nucleotides de novo biosynthesis I	0.0000000000
PWY-7229: superpathway of adenosine nucleotides de novo biosynthesis I|g__Eggerthella.s__Eggerthella_lenta	0.9482815389
PWY-7229: superpathway of adenosine nucleotides de novo biosynthesis I|g__Bacteroides.s__Bacteroides_vulgatus	0.2288952306
PWY-7315: dTDP-N-acetylthomosamine biosynthesis	0.0000000000
PWY-7315: dTDP-N-acetylthomosamine biosynthesis|g__Lachnospiraceae_unclassified.s__Eubacterium_rectale	0.0000000824
PWY-7315: dTDP-N-acetylthomosamine biosynthesis|unclassified	0.0000000000
PWY-841: superpathway of purine nucleotides de novo biosynthesis I	0.0000000000
PWY-841: superpathway of purine nucleotides de novo biosynthesis I|g__Eggerthella.s__Eggerthella_lenta	0.2982990407
PWY-621: sucrose degradation III (sucrose invertase)	0.0000000000
PWY-621: sucrose degradation III (sucrose invertase)|g__Anaerostipes.s__Anaerostipes_hadrus	0.0236721279
PWY-621: sucrose degradation III (sucrose invertase)|unclassified	0.0000000000
PWY-621: sucrose degradation III (sucrose invertase)|g__Roseburia.s__Roseburia_faecis	0.1047431622
PWY-5384: sucrose degradation IV (sucrose phosphorylase)	0.0000000000
PWY-5384: sucrose degradation IV (sucrose phosphorylase)|g__Anaerostipes.s__Anaerostipes_hadrus	0.0236231106
PWY-5384: sucrose degradation IV (sucrose phosphorylase)|g__Faecalibacterium.s__Faecalibacterium_prausnitzii	0.0643670912
PWY-5384: sucrose degradation IV (sucrose phosphorylase)|unclassified	0.0000000000
PWY-5384: sucrose degradation IV (sucrose phosphorylase)|g__Roseburia.s__Roseburia_faecis	0.1066383162
PWY0-162: superpathway of pyrimidine ribonucleotides de novo biosynthesis	0.0000000000
OANTIGEN-PWY: O-antigen building blocks biosynthesis (E. coli)	0.0000000000
OANTIGEN-PWY: O-antigen building blocks biosynthesis (E. coli)|g__Collinsella.s__Collinsella_aerofaciens	0.2870528357
OANTIGEN-PWY: O-antigen building blocks biosynthesis (E. coli)|g__Eggerthella.s__Eggerthella_lenta	0.0181959550
OANTIGEN-PWY: O-antigen building blocks biosynthesis (E. coli)|unclassified	0.0000000000
PWY-6608: guanosine nucleotides degradation III	0.0000000000
PWY-6608: guanosine nucleotides degradation III|g__Anaerostipes.s__Anaerostipes_hadrus	0.0126469923
PWY-6608: guanosine nucleotides degradation III|unclassified	0.0000000000
PWY-6608: guanosine nucleotides degradation III|g__Blautia.s__Blautia_obeum	0.0000000000
PWY-6608: guanosine nucleotides degradation III|g__Blautia.s__Blautia_wexlerae	0.0197788603
GLUCONEO-PWY: gluconeogenesis I	0.0000000000
GLUCONEO-PWY: gluconeogenesis I|unclassified	0.0000000000
PWY-6353: purine nucleotides degradation II (aerobic)	0.0000000000
PWY-6353: purine nucleotides degradation II (aerobic)|unclassified	0.0000000000
PWY-6353: purine nucleotides degradation II (aerobic)|g__Anaerostipes.s__Anaerostipes_hadrus	0.0000000000
PWY-6731: starch degradation III	0.0000000000
PWY-6731: starch degradation III|unclassified	0.0000000000
PWY-6731: starch degradation III|g__Blautia.s__Blautia_wexlerae	0.0974546444
PWY-6731: starch degradation III|g__Blautia.s__Blautia_obeum	0.0000000000
PWY-I9: L-cysteine biosynthesis VI (from L-methionine)	0.0000000000
PWY-I9: L-cysteine biosynthesis VI (from L-methionine)|g__Anaerostipes.s__Anaerostipes_hadrus	0.0971740883
PWY-I9: L-cysteine biosynthesis VI (from L-methionine)|unclassified	0.0000000000
PWY-6126: superpathway of adenosine nucleotides de novo biosynthesis II	0.0000000000
PWY-6126: superpathway of adenosine nucleotides de novo biosynthesis II|g__Eggerthella.s__Eggerthella_lenta	0.9440340682
PWY-6126: superpathway of adenosine nucleotides de novo biosynthesis II|g__Bacteroides.s__Bacteroides_vulgatus	0.2520045218
PWY-6470: peptidoglycan biosynthesis V (&beta;-lactam resistance)	0.0000000000
PWY-6470: peptidoglycan biosynthesis V (&beta;-lactam resistance)|unclassified	0.0000000000
COLANSYN-PWY: colanic acid building blocks biosynthesis	0.0000000000
COLANSYN-PWY: colanic acid building blocks biosynthesis|unclassified	0.0000000000
PWY66-409: superpathway of purine nucleotide salvage	0.0000000000
P164-PWY: purine nucleobases degradation I (anaerobic)	0.0000000000
P164-PWY: purine nucleobases degradation I (anaerobic)|unclassified	0.0000000000
GLCMANNANAUT-PWY: superpathway of N-acetylglucosamine, N-acetylmannosamine and N-acetylneuraminate degradation	0.0000000000
GLCMANNANAUT-PWY: superpathway of N-acetylglucosamine, N-acetylmannosamine and N-acetylneuraminate degradation|g__Faecalibacterium.s__Faecalibacterium_prausnitzii	0.0000000185
GLCMANNANAUT-PWY: superpathway of N-acetylglucosamine, N-acetylmannosamine and N-acetylneuraminate degradation|unclassified	0.0000000000
GLCMANNANAUT-PWY: superpathway of N-acetylglucosamine, N-acetylmannosamine and N-acetylneuraminate degradation|g__Blautia.s__Blautia_wexlerae	0.0000000000
GOLPDLCAT-PWY: superpathway of glycerol degradation to 1,3-propanediol	0.0000000000
GOLPDLCAT-PWY: superpathway of glycerol degradation to 1,3-propanediol|unclassified	0.0000000000
GOLPDLCAT-PWY: superpathway of glycerol degradation to 1,3-propanediol|g__Anaerostipes.s__Anaerostipes_hadrus	0.0007010243
PWY-7228: superpathway of guanosine nucleotides de novo biosynthesis I	0.0000000000
PWY-7228: superpathway of guanosine nucleotides de novo biosynthesis I|g__Collinsella.s__Collinsella_aerofaciens	0.5330764595
PWY-7228: superpathway of guanosine nucleotides de novo biosynthesis I|g__Eggerthella.s__Eggerthella_lenta	0.9433904291
PWY-7228: superpathway of guanosine nucleotides de novo biosynthesis I|g__Bacteroides.s__Bacteroides_vulgatus	0.3217120830
PWY-702: L-methionine biosynthesis II	0.0000000000
PWY-702: L-methionine biosynthesis II|unclassified	0.0000000000
DAPLYSINESYN-PWY: L-lysine biosynthesis I	0.0000000000
PWY-5154: L-arginine biosynthesis III (via N-acetyl-L-citrulline)	0.0000000000
PWY-5154: L-arginine biosynthesis III (via N-acetyl-L-citrulline)|unclassified	0.0000000000
PWY-7323: superpathway of GDP-mannose-derived O-antigen building blocks biosynthesis	0.0000000000
PWY-7323: superpathway of GDP-mannose-derived O-antigen building blocks biosynthesis|unclassified	0.0000000000
PPGPPMET-PWY: ppGpp metabolism	0.0000000000
PPGPPMET-PWY: ppGpp metabolism|unclassified	0.0000000000
PWY-6125: superpathway of guanosine nucleotides de novo biosynthesis II	0.0000000000
PWY-6125: superpathway of guanosine nucleotides de novo biosynthesis II|g__Eggerthella.s__Eggerthella_lenta	0.8460439409
PWY-6125: superpathway of guanosine nucleotides de novo biosynthesis II|g__Bacteroides.s__Bacteroides_vulgatus	0.2705798612
PWY-2941: L-lysine biosynthesis II	0.0000000000
PWY-2941: L-lysine biosynthesis II|unclassified	0.0000000000
SALVADEHYPOX-PWY: adenosine nucleotides degradation II	0.0000000000
SALVADEHYPOX-PWY: adenosine nucleotides degradation II|g__Anaerostipes.s__Anaerostipes_hadrus	0.0153607565
SALVADEHYPOX-PWY: adenosine nucleotides degradation II|unclassified	0.0000000000
PWY1ZNC-1: assimilatory sulfate reduction IV	0.0000000000
PWY1ZNC-1: assimilatory sulfate reduction IV|unclassified	0.0000000000
GLYCOLYSIS: glycolysis I (from glucose 6-phosphate)	0.0000000000
PWY-6606: guanosine nucleotides degradation II	0.0000000000
PWY-6606: guanosine nucleotides degradation II|unclassified	0.0000000000
PWY-6606: guanosine nucleotides degradation II|g__Anaerostipes.s__Anaerostipes_hadrus	0.0000000000
UDPNAGSYN-PWY: UDP-N-acetyl-D-glucosamine biosynthesis I	0.0000000000
UDPNAGSYN-PWY: UDP-N-acetyl-D-glucosamine biosynthesis I|g__Collinsella.s__Collinsella_aerofaciens	0.9200296351
UDPNAGSYN-PWY: UDP-N-acetyl-D-glucosamine biosynthesis I|g__Eggerthella.s__Eggerthella_lenta	0.3779625449
UDPNAGSYN-PWY: UDP-N-acetyl-D-glucosamine biosynthesis I|unclassified	0.0000000000
PWY-7013: (S)-propane-1,2-diol degradation	0.0000000000
PWY-7013: (S)-propane-1,2-diol degradation|unclassified	0.0000000000
PWY0-1297: superpathway of purine deoxyribonucleosides degradation	0.0000000000
PWY0-1297: superpathway of purine deoxyribonucleosides degradation|unclassified	0.0000000000
P185-PWY: formaldehyde assimilation III (dihydroxyacetone cycle)	0.0000000000
P185-PWY: formaldehyde assimilation III (dihydroxyacetone cycle)|unclassified	0.0000000000
P185-PWY: formaldehyde assimilation III (dihydroxyacetone cycle)|g__Anaerostipes.s__Anaerostipes_hadrus	0.0000000000
ANAEROFRUCAT-PWY: homolactic fermentation	0.0000000000
PWY-4041: &gamma;-glutamyl cycle	0.0000000000
PWY-4041: &gamma;-glutamyl cycle|unclassified	0.0000000000
PWY-7328: superpathway of UDP-glucose-derived O-antigen building blocks biosynthesis	0.0000000000
PWY-7328: superpathway of UDP-glucose-derived O-antigen building blocks biosynthesis|unclassified	0.0000000000
PWY-5973: cis-vaccenate biosynthesis	0.0000000000
PWY-5973: cis-vaccenate biosynthesis|unclassified	0.0000000000
PWY-7197: pyrimidine deoxyribonucleotide phosphorylation	0.0000000000
PWY-7197: pyrimidine deoxyribonucleotide phosphorylation|g__Eggerthella.s__Eggerthella_lenta	0.8630132724
PWY-7197: pyrimidine deoxyribonucleotide phosphorylation|g__Collinsella.s__Collinsella_aerofaciens	0.0005354136
PWY-7220: adenosine deoxyribonucleotides de novo biosynthesis II	0.0000000000
PWY-7220: adenosine deoxyribonucleotides de novo biosynthesis II|g__Eggerthella.s__Eggerthella_lenta	0.9440391780
PWY-7220: adenosine deoxyribonucleotides de novo biosynthesis II|g__Bacteroides.s__Bacteroides_vulgatus	0.7208370580
PWY-7222: guanosine deoxyribonucleotides de novo biosynthesis II	0.0000000000
PWY-7222: guanosine deoxyribonucleotides de novo biosynthesis II|g__Eggerthella.s__Eggerthella_lenta	0.9440391780
PWY-7222: guanosine deoxyribonucleotides de novo biosynthesis II|g__Bacteroides.s__Bacteroides_vulgatus	0.7208370580
RHAMCAT-PWY: L-rhamnose degradation I	0.0000000000
RHAMCAT-PWY: L-rhamnose degradation I|unclassified	0.0000000000
PWY-5484: glycolysis II (from fructose 6-phosphate)	0.0000000000
PWY-6630: superpathway of L-tyrosine biosynthesis	0.0000000000
PWY-5367: petroselinate biosynthesis	0.0000000000
PWY-5367: petroselinate biosynthesis|unclassified	0.0000000000
PWY-7456: &beta;-(1,4)-mannan degradation	0.0000000000
PWY-7242: D-fructuronate degradation	0.0000000000
PWY-7242: D-fructuronate degradation|g__Faecalibacterium.s__Faecalibacterium_prausnitzii	0.0000000000
PWY-6292: superpathway of L-cysteine biosynthesis (mammalian)	0.0000000000
PWY-7761: NAD salvage pathway II (PNC IV cycle)	0.0000000000
PWY-7761: NAD salvage pathway II (PNC IV cycle)|unclassified	0.0000000000
GLUCUROCAT-PWY: superpathway of &beta;-D-glucuronosides degradation	0.0000000000
PWY-7115: C4 photosynthetic carbon assimilation cycle, NAD-ME type	0.0000000000
PWY-7198: pyrimidine deoxyribonucleotides de novo biosynthesis IV	0.0000000000
PWY-6507: 4-deoxy-L-threo-hex-4-enopyranuronate degradation	0.0000000000
PWY-6507: 4-deoxy-L-threo-hex-4-enopyranuronate degradation|g__Faecalibacterium.s__Faecalibacterium_prausnitzii	0.0000000000
PWY-6549: L-glutamine biosynthesis III	0.0000000000
PWY-6901: superpathway of glucose and xylose degradation	0.0000000000
PWY-5121: superpathway of geranylgeranyl diphosphate biosynthesis II (via MEP)	0.0000000000
PWY-7117: C4 photosynthetic carbon assimilation cycle, PEPCK type	0.0000000000
PWY-5505: L-glutamate and L-glutamine biosynthesis	0.0000000000
PWY-5989: stearate biosynthesis II (bacteria and plants)	0.0000000000
PENTOSE-P-PWY: pentose phosphate pathway	0.0000000000
PWY-241: C4 photosynthetic carbon assimilation cycle, NADP-ME type	0.0000000000
GALACTUROCAT-PWY: D-galacturonate degradation I	0.0000000000
GALACTUROCAT-PWY: D-galacturonate degradation I|g__Faecalibacterium.s__Faecalibacterium_prausnitzii	0.0000000000
PWY-6590: superpathway of Clostridium acetobutylicum acidogenic fermentation	0.0000000000
PWY-7663: gondoate biosynthesis (anaerobic)	0.0000000000
PWY-7663: gondoate biosynthesis (anaerobic)|g__Bacteroides.s__Bacteroides_vulgatus	0.0356658893
PWY-7392: taxadiene biosynthesis (engineered)	0.0000000000
POLYISOPRENSYN-PWY: polyisoprenoid biosynthesis (E. coli)	0.0000000000
PWY0-1479: tRNA processing	0.0000000000
ARGININE-SYN4-PWY: L-ornithine biosynthesis II	0.0000000000
ARGININE-SYN4-PWY: L-ornithine biosynthesis II|g__Bacteroides.s__Bacteroides_vulgatus	0.7052974392
PWY-5005: biotin biosynthesis II	0.0000000000
PWY-5005: biotin biosynthesis II|unclassified	0.0000000000
CENTFERM-PWY: pyruvate fermentation to butanoate	0.0000000000
RUMP-PWY: formaldehyde oxidation I	0.0000000000
PWY-8004: Entner-Doudoroff pathway I	0.0000000000
FUC-RHAMCAT-PWY: superpathway of fucose and rhamnose degradation	0.0000000000
PWY0-1261: anhydromuropeptides recycling I	0.0000000000
FUCCAT-PWY: fucose degradation	0.0000000000
PWY-8131: 5'-deoxyadenosine degradation II	0.0000000000
PWY-8131: 5'-deoxyadenosine degradation II|g__Blautia.s__Blautia_obeum	0.0000000000
PWY-5897: superpathway of menaquinol-11 biosynthesis	0.0000000000
PWY-5898: superpathway of menaquinol-12 biosynthesis	0.0000000000
PWY-5899: superpathway of menaquinol-13 biosynthesis	0.0000000000
ARG+POLYAMINE-SYN: superpathway of arginine and polyamine biosynthesis	0.0000000000
PWY-7200: superpathway of pyrimidine deoxyribonucleoside salvage	0.0000000000
PWY-5837: 2-carboxy-1,4-naphthoquinol biosynthesis	0.0000000000
PHOSLIPSYN-PWY: superpathway of phospholipid biosynthesis I (bacteria)	0.0000000000
PHOSLIPSYN-PWY: superpathway of phospholipid biosynthesis I (bacteria)|unclassified	0.0000000000
PWY-5345: superpathway of L-methionine biosynthesis (by sulfhydrylation)	0.0000000000
PWY-5345: superpathway of L-methionine biosynthesis (by sulfhydrylation)|unclassified	0.0000000000
CITRULBIO-PWY: L-citrulline biosynthesis	0.0000000000
PWY-5838: superpathway of menaquinol-8 biosynthesis I	0.0000000000
PWY-5030: L-histidine degradation III	0.0000000000
PWY-5030: L-histidine degradation III|g__Bacteroides.s__Bacteroides_vulgatus	0.5147206654
PWY-5030: L-histidine degradation III|g__Bacteroides.s__Bacteroides_ovatus	0.0802300678
SULFATE-CYS-PWY: superpathway of sulfate assimilation and cysteine biosynthesis	0.0000000000
SULFATE-CYS-PWY: superpathway of sulfate assimilation and cysteine biosynthesis|unclassified	0.0000000000
PWY-6859: all-trans-farnesol biosynthesis	0.0000000000
PWY-1269: CMP-3-deoxy-D-manno-octulosonate biosynthesis	0.0000000000
PWY-1269: CMP-3-deoxy-D-manno-octulosonate biosynthesis|g__Bacteroides.s__Bacteroides_ovatus	0.6800479425
PWY-6284: superpathway of unsaturated fatty acids biosynthesis (E. coli)	0.0000000000
PWY-4984: urea cycle	0.0000000000
HISDEG-PWY: L-histidine degradation I	0.0000000000
HISDEG-PWY: L-histidine degradation I|g__Bacteroides.s__Bacteroides_vulgatus	0.4615496802
HISDEG-PWY: L-histidine degradation I|g__Bacteroides.s__Bacteroides_ovatus	0.8668944660
PWY-5971: palmitate biosynthesis (type II fatty acid synthase)	0.0000000000
METHGLYUT-PWY: superpathway of methylglyoxal degradation	0.0000000000
PWY-6282: palmitoleate biosynthesis I (from (5Z)-dodec-5-enoate)	0.0000000000
BIOTIN-BIOSYNTHESIS-PWY: biotin biosynthesis I	0.0000000000
PWY-5861: superpathway of demethylmenaquinol-8 biosynthesis I	0.0000000000
FASYN-ELONG-PWY: fatty acid elongation -- saturated	0.0000000000
PWY4FS-7: phosphatidylglycerol biosynthesis I (plastidic)	0.0000000000
PWY4FS-7: phosphatidylglycerol biosynthesis I (plastidic)|unclassified	0.0000000000
PWY4FS-8: phosphatidylglycerol biosynthesis II (non-plastidic)	0.0000000000
PWY4FS-8: phosphatidylglycerol biosynthesis II (non-plastidic)|unclassified	0.0000000000
PWY-6305: superpathway of putrescine biosynthesis	0.0000000000
PWY-6305: superpathway of putrescine biosynthesis|unclassified	0.0000000000
PWY-6519: 8-amino-7-oxononanoate biosynthesis I	0.0000000000
PWY-7664: oleate biosynthesis IV (anaerobic)	0.0000000000
POLYAMSYN-PWY: superpathway of polyamine biosynthesis I	0.0000000000
PWY0-862: (5Z)-dodecenoate biosynthesis I	0.0000000000
SO4ASSIM-PWY: assimilatory sulfate reduction I	0.0000000000
SO4ASSIM-PWY: assimilatory sulfate reduction I|unclassified	0.0000000000
PWY0-1477: ethanolamine utilization	0.0000000000
PWY0-1477: ethanolamine utilization|g__Roseburia.s__Roseburia_hominis	0.0463385918
PWY-7234: inosine-5'-phosphate biosynthesis III	0.0000000000
PWY-7234: inosine-5'-phosphate biosynthesis III|unclassified	0.0000000000
GALACT-GLUCUROCAT-PWY: superpathway of hexuronide and hexuronate degradation	0.0000000000
PWY-5136: fatty acid &beta;-oxidation II (plant peroxisome)	0.0000000000
POLYAMINSYN3-PWY: superpathway of polyamine biosynthesis II	0.0000000000
PWY-6147: 6-hydroxymethyl-dihydropterin diphosphate biosynthesis I	0.0000000000
GALACTITOLCAT-PWY: galactitol degradation	0.0000000000
GALACTITOLCAT-PWY: galactitol degradation|unclassified	0.0000000000