# Pathway	merged_MRK-15219267Week-0_S245_L002__kneaddata_paired_Coverage
UNMAPPED	1.0000000000
UNINTEGRATED	1.0000000000
UNINTEGRATED|g__Agathobaculum.s__Agathobaculum_butyriciproducens	1.0000000000
UNINTEGRATED|g__Anaerostipes.s__Anaerostipes_hadrus	1.0000000000
UNINTEGRATED|g__Asaccharobacter.s__Asaccharobacter_celatus	1.0000000000
UNINTEGRATED|g__Blautia.s__Blautia_obeum	1.0000000000
UNINTEGRATED|g__Blautia.s__Blautia_wexlerae	1.0000000000
UNINTEGRATED|g__Collinsella.s__Collinsella_aerofaciens	1.0000000000
UNINTEGRATED|g__Dorea.s__Dorea_longicatena	1.0000000000
UNINTEGRATED|g__Eggerthella.s__Eggerthella_lenta	1.0000000000
UNINTEGRATED|g__Erysipelatoclostridium.s__Clostridium_spiroforme	1.0000000000
UNINTEGRATED|g__Faecalibacterium.s__Faecalibacterium_prausnitzii	1.0000000000
UNINTEGRATED|g__Firmicutes_unclassified.s__Firmicutes_bacterium_AF16_15	1.0000000000
UNINTEGRATED|g__Firmicutes_unclassified.s__Firmicutes_bacterium_AM10_47	1.0000000000
UNINTEGRATED|g__Gordonibacter.s__Gordonibacter_urolithinfaciens	1.0000000000
UNINTEGRATED|g__Lachnospiraceae_unclassified.s__Lachnospiraceae_bacterium_2_1_46FAA	1.0000000000
UNINTEGRATED|g__Ruminococcus.s__Ruminococcus_lactaris	1.0000000000
UNINTEGRATED|unclassified	1.0000000000
PWY-7238: sucrose biosynthesis II	1.0000000000
PWY-7238: sucrose biosynthesis II|unclassified	1.0000000000
PWY-7238: sucrose biosynthesis II|g__Blautia.s__Blautia_obeum	1.0000000000
PWY-7238: sucrose biosynthesis II|g__Dorea.s__Dorea_longicatena	1.0000000000
PWY-7238: sucrose biosynthesis II|g__Firmicutes_unclassified.s__Firmicutes_bacterium_AM10_47	0.0009234253
PWY-7238: sucrose biosynthesis II|g__Collinsella.s__Collinsella_aerofaciens	0.9996023867
PWY-7238: sucrose biosynthesis II|g__Anaerostipes.s__Anaerostipes_hadrus	0.0547856702
PWY-7238: sucrose biosynthesis II|g__Blautia.s__Blautia_wexlerae	0.7004596566
PWY-7238: sucrose biosynthesis II|g__Firmicutes_unclassified.s__Firmicutes_bacterium_AF16_15	0.6709154019
PWY-7238: sucrose biosynthesis II|g__Ruminococcus.s__Ruminococcus_lactaris	0.1743997481
PWY-7238: sucrose biosynthesis II|g__Agathobaculum.s__Agathobaculum_butyriciproducens	0.5543242856
PWY-7238: sucrose biosynthesis II|g__Faecalibacterium.s__Faecalibacterium_prausnitzii	0.3667376725
PWY-7238: sucrose biosynthesis II|g__Lachnospiraceae_unclassified.s__Lachnospiraceae_bacterium_2_1_46FAA	0.4205065379
PWY-5941: glycogen degradation II	1.0000000000
PWY-5941: glycogen degradation II|unclassified	0.0104980279
PWY-5941: glycogen degradation II|g__Blautia.s__Blautia_obeum	0.9193662597
PWY-5941: glycogen degradation II|g__Firmicutes_unclassified.s__Firmicutes_bacterium_AM10_47	0.0013844840
PWY-5941: glycogen degradation II|g__Dorea.s__Dorea_longicatena	0.9462003680
PWY-5941: glycogen degradation II|g__Collinsella.s__Collinsella_aerofaciens	0.9916414230
PWY-5941: glycogen degradation II|g__Anaerostipes.s__Anaerostipes_hadrus	0.0793683774
PWY-5941: glycogen degradation II|g__Blautia.s__Blautia_wexlerae	0.7780846415
PWY-5941: glycogen degradation II|g__Ruminococcus.s__Ruminococcus_lactaris	0.2292687663
PWY-5941: glycogen degradation II|g__Agathobaculum.s__Agathobaculum_butyriciproducens	0.6050815701
PWY-5941: glycogen degradation II|g__Faecalibacterium.s__Faecalibacterium_prausnitzii	0.4160464943
PWY-1042: glycolysis IV	0.9999897515
PWY-1042: glycolysis IV|unclassified	0.9984356339
PWY-1042: glycolysis IV|g__Firmicutes_unclassified.s__Firmicutes_bacterium_AM10_47	0.0449260389
PWY-1042: glycolysis IV|g__Anaerostipes.s__Anaerostipes_hadrus	0.0000000006
PWY-1042: glycolysis IV|g__Blautia.s__Blautia_obeum	0.0000000000
PWY-1042: glycolysis IV|g__Dorea.s__Dorea_longicatena	0.0000000044
PWY-1042: glycolysis IV|g__Blautia.s__Blautia_wexlerae	0.0000000370
PWY-1042: glycolysis IV|g__Collinsella.s__Collinsella_aerofaciens	0.3388535054
PWY-1042: glycolysis IV|g__Ruminococcus.s__Ruminococcus_lactaris	0.6318693211
PWY-1042: glycolysis IV|g__Agathobaculum.s__Agathobaculum_butyriciproducens	0.4909273848
PWY-1042: glycolysis IV|g__Eggerthella.s__Eggerthella_lenta	0.2359172681
GLYCOGENSYNTH-PWY: glycogen biosynthesis I (from ADP-D-Glucose)	1.0000000000
GLYCOGENSYNTH-PWY: glycogen biosynthesis I (from ADP-D-Glucose)|unclassified	1.0000000000
GLYCOGENSYNTH-PWY: glycogen biosynthesis I (from ADP-D-Glucose)|g__Blautia.s__Blautia_obeum	0.9670620696
GLYCOGENSYNTH-PWY: glycogen biosynthesis I (from ADP-D-Glucose)|g__Firmicutes_unclassified.s__Firmicutes_bacterium_AM10_47	0.6458866047
GLYCOGENSYNTH-PWY: glycogen biosynthesis I (from ADP-D-Glucose)|g__Dorea.s__Dorea_longicatena	0.9985865269
GLYCOGENSYNTH-PWY: glycogen biosynthesis I (from ADP-D-Glucose)|g__Anaerostipes.s__Anaerostipes_hadrus	0.9999986410
GLYCOGENSYNTH-PWY: glycogen biosynthesis I (from ADP-D-Glucose)|g__Blautia.s__Blautia_wexlerae	0.9996463785
GLYCOGENSYNTH-PWY: glycogen biosynthesis I (from ADP-D-Glucose)|g__Collinsella.s__Collinsella_aerofaciens	0.0125738650
GLYCOGENSYNTH-PWY: glycogen biosynthesis I (from ADP-D-Glucose)|g__Agathobaculum.s__Agathobaculum_butyriciproducens	0.9372190022
GLYCOGENSYNTH-PWY: glycogen biosynthesis I (from ADP-D-Glucose)|g__Firmicutes_unclassified.s__Firmicutes_bacterium_AF16_15	0.2850144039
GLYCOGENSYNTH-PWY: glycogen biosynthesis I (from ADP-D-Glucose)|g__Ruminococcus.s__Ruminococcus_lactaris	0.2269043640
GLYCOGENSYNTH-PWY: glycogen biosynthesis I (from ADP-D-Glucose)|g__Faecalibacterium.s__Faecalibacterium_prausnitzii	0.4833323749
PWY-6386: UDP-N-acetylmuramoyl-pentapeptide biosynthesis II (lysine-containing)	1.0000000000
PWY-6386: UDP-N-acetylmuramoyl-pentapeptide biosynthesis II (lysine-containing)|unclassified	0.9999139929
PWY-6386: UDP-N-acetylmuramoyl-pentapeptide biosynthesis II (lysine-containing)|g__Blautia.s__Blautia_obeum	0.3477806467
PWY-6386: UDP-N-acetylmuramoyl-pentapeptide biosynthesis II (lysine-containing)|g__Firmicutes_unclassified.s__Firmicutes_bacterium_AM10_47	0.8922024995
PWY-6386: UDP-N-acetylmuramoyl-pentapeptide biosynthesis II (lysine-containing)|g__Anaerostipes.s__Anaerostipes_hadrus	0.0082612356
PWY-6386: UDP-N-acetylmuramoyl-pentapeptide biosynthesis II (lysine-containing)|g__Dorea.s__Dorea_longicatena	0.0138999982
PWY-6386: UDP-N-acetylmuramoyl-pentapeptide biosynthesis II (lysine-containing)|g__Collinsella.s__Collinsella_aerofaciens	0.3965980645
PWY-6386: UDP-N-acetylmuramoyl-pentapeptide biosynthesis II (lysine-containing)|g__Blautia.s__Blautia_wexlerae	0.0926813232
PWY-6386: UDP-N-acetylmuramoyl-pentapeptide biosynthesis II (lysine-containing)|g__Firmicutes_unclassified.s__Firmicutes_bacterium_AF16_15	0.4112005552
PWY-6386: UDP-N-acetylmuramoyl-pentapeptide biosynthesis II (lysine-containing)|g__Ruminococcus.s__Ruminococcus_lactaris	0.0697640857
PWY-6386: UDP-N-acetylmuramoyl-pentapeptide biosynthesis II (lysine-containing)|g__Eggerthella.s__Eggerthella_lenta	0.1236084856
PWY-8178: pentose phosphate pathway (non-oxidative branch) II	1.0000000000
PWY-8178: pentose phosphate pathway (non-oxidative branch) II|unclassified	1.0000000000
PWY-8178: pentose phosphate pathway (non-oxidative branch) II|g__Anaerostipes.s__Anaerostipes_hadrus	0.9999998775
PWY-8178: pentose phosphate pathway (non-oxidative branch) II|g__Blautia.s__Blautia_obeum	0.0000000000
PWY-8178: pentose phosphate pathway (non-oxidative branch) II|g__Collinsella.s__Collinsella_aerofaciens	0.7391655458
PWY-8178: pentose phosphate pathway (non-oxidative branch) II|g__Blautia.s__Blautia_wexlerae	0.3345147664
PWY-6163: chorismate biosynthesis from 3-dehydroquinate	0.9999999985
PWY-6163: chorismate biosynthesis from 3-dehydroquinate|unclassified	0.9997971164
PWY-6163: chorismate biosynthesis from 3-dehydroquinate|g__Blautia.s__Blautia_obeum	0.8047324639
PWY-6163: chorismate biosynthesis from 3-dehydroquinate|g__Firmicutes_unclassified.s__Firmicutes_bacterium_AM10_47	0.5225310548
PWY-6163: chorismate biosynthesis from 3-dehydroquinate|g__Anaerostipes.s__Anaerostipes_hadrus	0.2312046684
PWY-6163: chorismate biosynthesis from 3-dehydroquinate|g__Collinsella.s__Collinsella_aerofaciens	0.0017173008
PWY-6163: chorismate biosynthesis from 3-dehydroquinate|g__Dorea.s__Dorea_longicatena	0.0000000000
PWY-6163: chorismate biosynthesis from 3-dehydroquinate|g__Blautia.s__Blautia_wexlerae	0.0011120747
PWY-6163: chorismate biosynthesis from 3-dehydroquinate|g__Ruminococcus.s__Ruminococcus_lactaris	0.0918411863
PWY-6163: chorismate biosynthesis from 3-dehydroquinate|g__Firmicutes_unclassified.s__Firmicutes_bacterium_AF16_15	0.0903004016
PWY-6163: chorismate biosynthesis from 3-dehydroquinate|g__Faecalibacterium.s__Faecalibacterium_prausnitzii	0.8334936775
PWY-6163: chorismate biosynthesis from 3-dehydroquinate|g__Agathobaculum.s__Agathobaculum_butyriciproducens	0.1958963665
PWY-6163: chorismate biosynthesis from 3-dehydroquinate|g__Eggerthella.s__Eggerthella_lenta	0.1763210327
DTDPRHAMSYN-PWY: dTDP-&beta;-L-rhamnose biosynthesis	1.0000000000
DTDPRHAMSYN-PWY: dTDP-&beta;-L-rhamnose biosynthesis|unclassified	1.0000000000
DTDPRHAMSYN-PWY: dTDP-&beta;-L-rhamnose biosynthesis|g__Blautia.s__Blautia_obeum	0.9619555405
DTDPRHAMSYN-PWY: dTDP-&beta;-L-rhamnose biosynthesis|g__Collinsella.s__Collinsella_aerofaciens	0.9999884804
DTDPRHAMSYN-PWY: dTDP-&beta;-L-rhamnose biosynthesis|g__Dorea.s__Dorea_longicatena	0.0291400127
DTDPRHAMSYN-PWY: dTDP-&beta;-L-rhamnose biosynthesis|g__Anaerostipes.s__Anaerostipes_hadrus	0.0223587674
DTDPRHAMSYN-PWY: dTDP-&beta;-L-rhamnose biosynthesis|g__Firmicutes_unclassified.s__Firmicutes_bacterium_AM10_47	0.0000000000
DTDPRHAMSYN-PWY: dTDP-&beta;-L-rhamnose biosynthesis|g__Blautia.s__Blautia_wexlerae	0.1771905220
DTDPRHAMSYN-PWY: dTDP-&beta;-L-rhamnose biosynthesis|g__Firmicutes_unclassified.s__Firmicutes_bacterium_AF16_15	0.7732472065
DTDPRHAMSYN-PWY: dTDP-&beta;-L-rhamnose biosynthesis|g__Erysipelatoclostridium.s__Clostridium_spiroforme	0.7296236603
DTDPRHAMSYN-PWY: dTDP-&beta;-L-rhamnose biosynthesis|g__Eggerthella.s__Eggerthella_lenta	0.0007860654
CALVIN-PWY: Calvin-Benson-Bassham cycle	0.9956995639
CALVIN-PWY: Calvin-Benson-Bassham cycle|unclassified	0.6556947231
CALVIN-PWY: Calvin-Benson-Bassham cycle|g__Blautia.s__Blautia_obeum	0.0000000000
CALVIN-PWY: Calvin-Benson-Bassham cycle|g__Blautia.s__Blautia_wexlerae	0.7532176443
CALVIN-PWY: Calvin-Benson-Bassham cycle|g__Collinsella.s__Collinsella_aerofaciens	0.7030210847
CALVIN-PWY: Calvin-Benson-Bassham cycle|g__Anaerostipes.s__Anaerostipes_hadrus	0.0000000001
PWY-6151: S-adenosyl-L-methionine salvage I	0.9999999999
PWY-6151: S-adenosyl-L-methionine salvage I|unclassified	0.9999889909
PWY-6151: S-adenosyl-L-methionine salvage I|g__Firmicutes_unclassified.s__Firmicutes_bacterium_AM10_47	0.9997334572
PWY-6151: S-adenosyl-L-methionine salvage I|g__Dorea.s__Dorea_longicatena	0.9924556679
PWY-6151: S-adenosyl-L-methionine salvage I|g__Anaerostipes.s__Anaerostipes_hadrus	0.9715913042
PWY-6151: S-adenosyl-L-methionine salvage I|g__Blautia.s__Blautia_obeum	0.0000000000
PWY-6151: S-adenosyl-L-methionine salvage I|g__Collinsella.s__Collinsella_aerofaciens	0.1746918761
PWY-6151: S-adenosyl-L-methionine salvage I|g__Blautia.s__Blautia_wexlerae	0.0342645143
PWY-6151: S-adenosyl-L-methionine salvage I|g__Ruminococcus.s__Ruminococcus_lactaris	0.7596890055
PWY-6151: S-adenosyl-L-methionine salvage I|g__Firmicutes_unclassified.s__Firmicutes_bacterium_AF16_15	0.0058009024
PWY-6387: UDP-N-acetylmuramoyl-pentapeptide biosynthesis I (meso-diaminopimelate containing)	1.0000000000
PWY-6387: UDP-N-acetylmuramoyl-pentapeptide biosynthesis I (meso-diaminopimelate containing)|unclassified	0.9998943113
PWY-6387: UDP-N-acetylmuramoyl-pentapeptide biosynthesis I (meso-diaminopimelate containing)|g__Blautia.s__Blautia_obeum	0.9453263547
PWY-6387: UDP-N-acetylmuramoyl-pentapeptide biosynthesis I (meso-diaminopimelate containing)|g__Firmicutes_unclassified.s__Firmicutes_bacterium_AM10_47	0.9461321363
PWY-6387: UDP-N-acetylmuramoyl-pentapeptide biosynthesis I (meso-diaminopimelate containing)|g__Dorea.s__Dorea_longicatena	0.0253119671
PWY-6387: UDP-N-acetylmuramoyl-pentapeptide biosynthesis I (meso-diaminopimelate containing)|g__Anaerostipes.s__Anaerostipes_hadrus	0.0027762916
PWY-6387: UDP-N-acetylmuramoyl-pentapeptide biosynthesis I (meso-diaminopimelate containing)|g__Collinsella.s__Collinsella_aerofaciens	0.0009831178
PWY-6387: UDP-N-acetylmuramoyl-pentapeptide biosynthesis I (meso-diaminopimelate containing)|g__Blautia.s__Blautia_wexlerae	0.0668123536
PWY-6387: UDP-N-acetylmuramoyl-pentapeptide biosynthesis I (meso-diaminopimelate containing)|g__Firmicutes_unclassified.s__Firmicutes_bacterium_AF16_15	0.3706899653
PWY-6387: UDP-N-acetylmuramoyl-pentapeptide biosynthesis I (meso-diaminopimelate containing)|g__Ruminococcus.s__Ruminococcus_lactaris	0.3148800822
PWY-6387: UDP-N-acetylmuramoyl-pentapeptide biosynthesis I (meso-diaminopimelate containing)|g__Eggerthella.s__Eggerthella_lenta	0.2699876834
PWY-6387: UDP-N-acetylmuramoyl-pentapeptide biosynthesis I (meso-diaminopimelate containing)|g__Agathobaculum.s__Agathobaculum_butyriciproducens	0.1232273928
ARO-PWY: chorismate biosynthesis I	0.9999990383
ARO-PWY: chorismate biosynthesis I|unclassified	0.9974736364
ARO-PWY: chorismate biosynthesis I|g__Blautia.s__Blautia_obeum	0.6594245955
ARO-PWY: chorismate biosynthesis I|g__Firmicutes_unclassified.s__Firmicutes_bacterium_AM10_47	0.0008889874
ARO-PWY: chorismate biosynthesis I|g__Anaerostipes.s__Anaerostipes_hadrus	0.2079260572
ARO-PWY: chorismate biosynthesis I|g__Collinsella.s__Collinsella_aerofaciens	0.0023662904
ARO-PWY: chorismate biosynthesis I|g__Dorea.s__Dorea_longicatena	0.0000000000
ARO-PWY: chorismate biosynthesis I|g__Blautia.s__Blautia_wexlerae	0.0000199130
ARO-PWY: chorismate biosynthesis I|g__Ruminococcus.s__Ruminococcus_lactaris	0.1224728109
ARO-PWY: chorismate biosynthesis I|g__Firmicutes_unclassified.s__Firmicutes_bacterium_AF16_15	0.1135105836
ARO-PWY: chorismate biosynthesis I|g__Agathobaculum.s__Agathobaculum_butyriciproducens	0.2419035367
ARO-PWY: chorismate biosynthesis I|g__Eggerthella.s__Eggerthella_lenta	0.2157299148
PEPTIDOGLYCANSYN-PWY: peptidoglycan biosynthesis I (meso-diaminopimelate containing)	1.0000000000
PEPTIDOGLYCANSYN-PWY: peptidoglycan biosynthesis I (meso-diaminopimelate containing)|unclassified	0.9999154472
PEPTIDOGLYCANSYN-PWY: peptidoglycan biosynthesis I (meso-diaminopimelate containing)|g__Blautia.s__Blautia_obeum	0.6442339782
PEPTIDOGLYCANSYN-PWY: peptidoglycan biosynthesis I (meso-diaminopimelate containing)|g__Firmicutes_unclassified.s__Firmicutes_bacterium_AM10_47	0.8344678228
PEPTIDOGLYCANSYN-PWY: peptidoglycan biosynthesis I (meso-diaminopimelate containing)|g__Anaerostipes.s__Anaerostipes_hadrus	0.0034679573
PEPTIDOGLYCANSYN-PWY: peptidoglycan biosynthesis I (meso-diaminopimelate containing)|g__Dorea.s__Dorea_longicatena	0.0107843801
PEPTIDOGLYCANSYN-PWY: peptidoglycan biosynthesis I (meso-diaminopimelate containing)|g__Collinsella.s__Collinsella_aerofaciens	0.0010996519
PEPTIDOGLYCANSYN-PWY: peptidoglycan biosynthesis I (meso-diaminopimelate containing)|g__Blautia.s__Blautia_wexlerae	0.0683614645
PEPTIDOGLYCANSYN-PWY: peptidoglycan biosynthesis I (meso-diaminopimelate containing)|g__Firmicutes_unclassified.s__Firmicutes_bacterium_AF16_15	0.3084010178
PEPTIDOGLYCANSYN-PWY: peptidoglycan biosynthesis I (meso-diaminopimelate containing)|g__Ruminococcus.s__Ruminococcus_lactaris	0.3477305919
PEPTIDOGLYCANSYN-PWY: peptidoglycan biosynthesis I (meso-diaminopimelate containing)|g__Agathobaculum.s__Agathobaculum_butyriciproducens	0.1450982923
PEPTIDOGLYCANSYN-PWY: peptidoglycan biosynthesis I (meso-diaminopimelate containing)|g__Eggerthella.s__Eggerthella_lenta	0.1143737999
ARGSYNBSUB-PWY: L-arginine biosynthesis II (acetyl cycle)	1.0000000000
ARGSYNBSUB-PWY: L-arginine biosynthesis II (acetyl cycle)|unclassified	0.9994597232
ARGSYNBSUB-PWY: L-arginine biosynthesis II (acetyl cycle)|g__Firmicutes_unclassified.s__Firmicutes_bacterium_AM10_47	0.4376878132
ARGSYNBSUB-PWY: L-arginine biosynthesis II (acetyl cycle)|g__Blautia.s__Blautia_obeum	0.0040418388
ARGSYNBSUB-PWY: L-arginine biosynthesis II (acetyl cycle)|g__Dorea.s__Dorea_longicatena	0.0921909409
ARGSYNBSUB-PWY: L-arginine biosynthesis II (acetyl cycle)|g__Anaerostipes.s__Anaerostipes_hadrus	0.0000526665
ARGSYNBSUB-PWY: L-arginine biosynthesis II (acetyl cycle)|g__Collinsella.s__Collinsella_aerofaciens	0.0000302165
ARGSYNBSUB-PWY: L-arginine biosynthesis II (acetyl cycle)|g__Blautia.s__Blautia_wexlerae	0.0334187511
ARGSYNBSUB-PWY: L-arginine biosynthesis II (acetyl cycle)|g__Firmicutes_unclassified.s__Firmicutes_bacterium_AF16_15	0.4958592049
ARGSYNBSUB-PWY: L-arginine biosynthesis II (acetyl cycle)|g__Ruminococcus.s__Ruminococcus_lactaris	0.1303197741
ARGSYNBSUB-PWY: L-arginine biosynthesis II (acetyl cycle)|g__Agathobaculum.s__Agathobaculum_butyriciproducens	0.2167778448
ARGSYNBSUB-PWY: L-arginine biosynthesis II (acetyl cycle)|g__Eggerthella.s__Eggerthella_lenta	0.0963262993
PWY-6385: peptidoglycan biosynthesis III (mycobacteria)	0.9999999693
PWY-6385: peptidoglycan biosynthesis III (mycobacteria)|unclassified	0.9998749783
PWY-6385: peptidoglycan biosynthesis III (mycobacteria)|g__Blautia.s__Blautia_obeum	0.1835690734
PWY-6385: peptidoglycan biosynthesis III (mycobacteria)|g__Firmicutes_unclassified.s__Firmicutes_bacterium_AM10_47	0.8344678228
PWY-6385: peptidoglycan biosynthesis III (mycobacteria)|g__Anaerostipes.s__Anaerostipes_hadrus	0.0034654008
PWY-6385: peptidoglycan biosynthesis III (mycobacteria)|g__Dorea.s__Dorea_longicatena	0.0107843801
PWY-6385: peptidoglycan biosynthesis III (mycobacteria)|g__Collinsella.s__Collinsella_aerofaciens	0.0012255182
PWY-6385: peptidoglycan biosynthesis III (mycobacteria)|g__Blautia.s__Blautia_wexlerae	0.0000000021
PWY-6385: peptidoglycan biosynthesis III (mycobacteria)|g__Firmicutes_unclassified.s__Firmicutes_bacterium_AF16_15	0.3084010178
PWY-6385: peptidoglycan biosynthesis III (mycobacteria)|g__Ruminococcus.s__Ruminococcus_lactaris	0.0732139671
PWY-6385: peptidoglycan biosynthesis III (mycobacteria)|g__Eggerthella.s__Eggerthella_lenta	0.1265877441
PWY-6385: peptidoglycan biosynthesis III (mycobacteria)|g__Agathobaculum.s__Agathobaculum_butyriciproducens	0.0730921507
PWY-7953: UDP-N-acetylmuramoyl-pentapeptide biosynthesis III (meso-diaminopimelate containing)	0.9999999562
PWY-7953: UDP-N-acetylmuramoyl-pentapeptide biosynthesis III (meso-diaminopimelate containing)|unclassified	0.9998273945
PWY-7953: UDP-N-acetylmuramoyl-pentapeptide biosynthesis III (meso-diaminopimelate containing)|g__Blautia.s__Blautia_obeum	0.9380000859
PWY-7953: UDP-N-acetylmuramoyl-pentapeptide biosynthesis III (meso-diaminopimelate containing)|g__Firmicutes_unclassified.s__Firmicutes_bacterium_AM10_47	0.9391495470
PWY-7953: UDP-N-acetylmuramoyl-pentapeptide biosynthesis III (meso-diaminopimelate containing)|g__Anaerostipes.s__Anaerostipes_hadrus	0.0021025878
PWY-7953: UDP-N-acetylmuramoyl-pentapeptide biosynthesis III (meso-diaminopimelate containing)|g__Dorea.s__Dorea_longicatena	0.0075786415
PWY-7953: UDP-N-acetylmuramoyl-pentapeptide biosynthesis III (meso-diaminopimelate containing)|g__Blautia.s__Blautia_wexlerae	0.0000000014
PWY-7953: UDP-N-acetylmuramoyl-pentapeptide biosynthesis III (meso-diaminopimelate containing)|g__Firmicutes_unclassified.s__Firmicutes_bacterium_AF16_15	0.2998441458
PWY-7953: UDP-N-acetylmuramoyl-pentapeptide biosynthesis III (meso-diaminopimelate containing)|g__Eggerthella.s__Eggerthella_lenta	0.3969479840
PWY-7953: UDP-N-acetylmuramoyl-pentapeptide biosynthesis III (meso-diaminopimelate containing)|g__Ruminococcus.s__Ruminococcus_lactaris	0.0536049387
PWY66-429: fatty acid biosynthesis initiation (mitochondria)	1.0000000000
PWY66-429: fatty acid biosynthesis initiation (mitochondria)|unclassified	0.9999999237
PWY66-429: fatty acid biosynthesis initiation (mitochondria)|g__Blautia.s__Blautia_obeum	0.8622201086
PWY66-429: fatty acid biosynthesis initiation (mitochondria)|g__Firmicutes_unclassified.s__Firmicutes_bacterium_AM10_47	0.5528867216
PWY66-429: fatty acid biosynthesis initiation (mitochondria)|g__Dorea.s__Dorea_longicatena	0.6779958907
PWY66-429: fatty acid biosynthesis initiation (mitochondria)|g__Anaerostipes.s__Anaerostipes_hadrus	0.6314773826
PWY66-429: fatty acid biosynthesis initiation (mitochondria)|g__Blautia.s__Blautia_wexlerae	0.0000077521
PWY66-429: fatty acid biosynthesis initiation (mitochondria)|g__Agathobaculum.s__Agathobaculum_butyriciproducens	0.7286696634
PWY66-429: fatty acid biosynthesis initiation (mitochondria)|g__Ruminococcus.s__Ruminococcus_lactaris	0.4276051029
PWY66-429: fatty acid biosynthesis initiation (mitochondria)|g__Lachnospiraceae_unclassified.s__Lachnospiraceae_bacterium_2_1_46FAA	0.2952139407
ANAGLYCOLYSIS-PWY: glycolysis III (from glucose)	0.0000000054
ANAGLYCOLYSIS-PWY: glycolysis III (from glucose)|unclassified	0.0000000000
ANAGLYCOLYSIS-PWY: glycolysis III (from glucose)|g__Blautia.s__Blautia_obeum	0.0000000000
ANAGLYCOLYSIS-PWY: glycolysis III (from glucose)|g__Anaerostipes.s__Anaerostipes_hadrus	0.0000000003
ANAGLYCOLYSIS-PWY: glycolysis III (from glucose)|g__Collinsella.s__Collinsella_aerofaciens	0.2485289043
ANAGLYCOLYSIS-PWY: glycolysis III (from glucose)|g__Dorea.s__Dorea_longicatena	0.0000000000
ANAGLYCOLYSIS-PWY: glycolysis III (from glucose)|g__Blautia.s__Blautia_wexlerae	0.0000000222
PWY-6122: 5-aminoimidazole ribonucleotide biosynthesis II	0.9999999999
PWY-6122: 5-aminoimidazole ribonucleotide biosynthesis II|unclassified	0.9999613951
PWY-6122: 5-aminoimidazole ribonucleotide biosynthesis II|g__Blautia.s__Blautia_obeum	0.8504227305
PWY-6122: 5-aminoimidazole ribonucleotide biosynthesis II|g__Firmicutes_unclassified.s__Firmicutes_bacterium_AM10_47	0.1157001650
PWY-6122: 5-aminoimidazole ribonucleotide biosynthesis II|g__Collinsella.s__Collinsella_aerofaciens	0.6859807779
PWY-6122: 5-aminoimidazole ribonucleotide biosynthesis II|g__Dorea.s__Dorea_longicatena	0.0003590827
PWY-6122: 5-aminoimidazole ribonucleotide biosynthesis II|g__Anaerostipes.s__Anaerostipes_hadrus	0.0018204044
PWY-6122: 5-aminoimidazole ribonucleotide biosynthesis II|g__Blautia.s__Blautia_wexlerae	0.0892474028
PWY-6122: 5-aminoimidazole ribonucleotide biosynthesis II|g__Ruminococcus.s__Ruminococcus_lactaris	0.6098566336
PWY-6122: 5-aminoimidazole ribonucleotide biosynthesis II|g__Agathobaculum.s__Agathobaculum_butyriciproducens	0.6644415804
PWY-6122: 5-aminoimidazole ribonucleotide biosynthesis II|g__Eggerthella.s__Eggerthella_lenta	0.5532582379
PWY-6122: 5-aminoimidazole ribonucleotide biosynthesis II|g__Firmicutes_unclassified.s__Firmicutes_bacterium_AF16_15	0.0033594551
PWY-6122: 5-aminoimidazole ribonucleotide biosynthesis II|g__Faecalibacterium.s__Faecalibacterium_prausnitzii	0.6003919665
PWY-6122: 5-aminoimidazole ribonucleotide biosynthesis II|g__Asaccharobacter.s__Asaccharobacter_celatus	0.1988708359
PWY-6277: superpathway of 5-aminoimidazole ribonucleotide biosynthesis	0.9999999999
PWY-6277: superpathway of 5-aminoimidazole ribonucleotide biosynthesis|unclassified	0.9999613951
PWY-6277: superpathway of 5-aminoimidazole ribonucleotide biosynthesis|g__Blautia.s__Blautia_obeum	0.8504227305
PWY-6277: superpathway of 5-aminoimidazole ribonucleotide biosynthesis|g__Firmicutes_unclassified.s__Firmicutes_bacterium_AM10_47	0.1157001650
PWY-6277: superpathway of 5-aminoimidazole ribonucleotide biosynthesis|g__Collinsella.s__Collinsella_aerofaciens	0.6859807779
PWY-6277: superpathway of 5-aminoimidazole ribonucleotide biosynthesis|g__Dorea.s__Dorea_longicatena	0.0003590827
PWY-6277: superpathway of 5-aminoimidazole ribonucleotide biosynthesis|g__Anaerostipes.s__Anaerostipes_hadrus	0.0018204044
PWY-6277: superpathway of 5-aminoimidazole ribonucleotide biosynthesis|g__Blautia.s__Blautia_wexlerae	0.0892474028
PWY-6277: superpathway of 5-aminoimidazole ribonucleotide biosynthesis|g__Ruminococcus.s__Ruminococcus_lactaris	0.6098566336
PWY-6277: superpathway of 5-aminoimidazole ribonucleotide biosynthesis|g__Agathobaculum.s__Agathobaculum_butyriciproducens	0.6644415804
PWY-6277: superpathway of 5-aminoimidazole ribonucleotide biosynthesis|g__Eggerthella.s__Eggerthella_lenta	0.5532582379
PWY-6277: superpathway of 5-aminoimidazole ribonucleotide biosynthesis|g__Firmicutes_unclassified.s__Firmicutes_bacterium_AF16_15	0.0033594551
PWY-6277: superpathway of 5-aminoimidazole ribonucleotide biosynthesis|g__Faecalibacterium.s__Faecalibacterium_prausnitzii	0.6003919665
PWY-6277: superpathway of 5-aminoimidazole ribonucleotide biosynthesis|g__Asaccharobacter.s__Asaccharobacter_celatus	0.1988708359
COMPLETE-ARO-PWY: superpathway of aromatic amino acid biosynthesis	0.9748165101
COMPLETE-ARO-PWY: superpathway of aromatic amino acid biosynthesis|unclassified	0.5019353894
COMPLETE-ARO-PWY: superpathway of aromatic amino acid biosynthesis|g__Blautia.s__Blautia_obeum	0.6520030676
COMPLETE-ARO-PWY: superpathway of aromatic amino acid biosynthesis|g__Firmicutes_unclassified.s__Firmicutes_bacterium_AM10_47	0.0000112418
COMPLETE-ARO-PWY: superpathway of aromatic amino acid biosynthesis|g__Anaerostipes.s__Anaerostipes_hadrus	0.2066049420
COMPLETE-ARO-PWY: superpathway of aromatic amino acid biosynthesis|g__Blautia.s__Blautia_wexlerae	0.0000000000
COMPLETE-ARO-PWY: superpathway of aromatic amino acid biosynthesis|g__Ruminococcus.s__Ruminococcus_lactaris	0.0622127037
COMPLETE-ARO-PWY: superpathway of aromatic amino acid biosynthesis|g__Agathobaculum.s__Agathobaculum_butyriciproducens	0.2621929895
PWY-7221: guanosine ribonucleotides de novo biosynthesis	0.9999999989
PWY-7221: guanosine ribonucleotides de novo biosynthesis|unclassified	0.8955080793
PWY-7221: guanosine ribonucleotides de novo biosynthesis|g__Firmicutes_unclassified.s__Firmicutes_bacterium_AM10_47	0.0489692431
PWY-7221: guanosine ribonucleotides de novo biosynthesis|g__Blautia.s__Blautia_obeum	0.0000003147
PWY-7221: guanosine ribonucleotides de novo biosynthesis|g__Dorea.s__Dorea_longicatena	0.1643205146
PWY-7221: guanosine ribonucleotides de novo biosynthesis|g__Blautia.s__Blautia_wexlerae	0.9995306627
PWY-7221: guanosine ribonucleotides de novo biosynthesis|g__Anaerostipes.s__Anaerostipes_hadrus	0.0576197295
PWY-7221: guanosine ribonucleotides de novo biosynthesis|g__Collinsella.s__Collinsella_aerofaciens	0.0163540460
PWY-7221: guanosine ribonucleotides de novo biosynthesis|g__Eggerthella.s__Eggerthella_lenta	0.8363483046
PWY-7221: guanosine ribonucleotides de novo biosynthesis|g__Firmicutes_unclassified.s__Firmicutes_bacterium_AF16_15	0.2193430088
PWY-7221: guanosine ribonucleotides de novo biosynthesis|g__Agathobaculum.s__Agathobaculum_butyriciproducens	0.1383495701
PWY-7221: guanosine ribonucleotides de novo biosynthesis|g__Erysipelatoclostridium.s__Clostridium_spiroforme	0.0033584120
PWY-7221: guanosine ribonucleotides de novo biosynthesis|g__Ruminococcus.s__Ruminococcus_lactaris	0.0002413930
PWY-6317: D-galactose degradation I (Leloir pathway)	1.0000000000
PWY-6317: D-galactose degradation I (Leloir pathway)|unclassified	0.0070232596
PWY-6317: D-galactose degradation I (Leloir pathway)|g__Blautia.s__Blautia_obeum	0.1392000515
PWY-6317: D-galactose degradation I (Leloir pathway)|g__Firmicutes_unclassified.s__Firmicutes_bacterium_AM10_47	0.0818328363
PWY-6317: D-galactose degradation I (Leloir pathway)|g__Dorea.s__Dorea_longicatena	0.3509333825
PWY-6317: D-galactose degradation I (Leloir pathway)|g__Anaerostipes.s__Anaerostipes_hadrus	0.0178722981
PWY-6317: D-galactose degradation I (Leloir pathway)|g__Collinsella.s__Collinsella_aerofaciens	0.0041371674
PWY-6317: D-galactose degradation I (Leloir pathway)|g__Blautia.s__Blautia_wexlerae	0.2345370685
PWY-6317: D-galactose degradation I (Leloir pathway)|g__Ruminococcus.s__Ruminococcus_lactaris	0.1530014768
GLUTORN-PWY: L-ornithine biosynthesis I	1.0000000000
GLUTORN-PWY: L-ornithine biosynthesis I|unclassified	0.9999999963
GLUTORN-PWY: L-ornithine biosynthesis I|g__Blautia.s__Blautia_obeum	0.0780055439
GLUTORN-PWY: L-ornithine biosynthesis I|g__Firmicutes_unclassified.s__Firmicutes_bacterium_AM10_47	0.3774536468
GLUTORN-PWY: L-ornithine biosynthesis I|g__Dorea.s__Dorea_longicatena	0.0462580010
GLUTORN-PWY: L-ornithine biosynthesis I|g__Anaerostipes.s__Anaerostipes_hadrus	0.0000002013
GLUTORN-PWY: L-ornithine biosynthesis I|g__Collinsella.s__Collinsella_aerofaciens	0.0000169360
GLUTORN-PWY: L-ornithine biosynthesis I|g__Blautia.s__Blautia_wexlerae	0.0188627898
GLUTORN-PWY: L-ornithine biosynthesis I|g__Firmicutes_unclassified.s__Firmicutes_bacterium_AF16_15	0.2814573816
GLUTORN-PWY: L-ornithine biosynthesis I|g__Ruminococcus.s__Ruminococcus_lactaris	0.0677043800
GLUTORN-PWY: L-ornithine biosynthesis I|g__Agathobaculum.s__Agathobaculum_butyriciproducens	0.1927601904
ARGSYN-PWY: L-arginine biosynthesis I (via L-ornithine)	0.9999872324
ARGSYN-PWY: L-arginine biosynthesis I (via L-ornithine)|unclassified	0.9982821527
ARGSYN-PWY: L-arginine biosynthesis I (via L-ornithine)|g__Firmicutes_unclassified.s__Firmicutes_bacterium_AM10_47	0.3203677607
ARGSYN-PWY: L-arginine biosynthesis I (via L-ornithine)|g__Dorea.s__Dorea_longicatena	0.0020416568
ARGSYN-PWY: L-arginine biosynthesis I (via L-ornithine)|g__Collinsella.s__Collinsella_aerofaciens	0.0000812672
ARGSYN-PWY: L-arginine biosynthesis I (via L-ornithine)|g__Anaerostipes.s__Anaerostipes_hadrus	0.0000009661
ARGSYN-PWY: L-arginine biosynthesis I (via L-ornithine)|g__Blautia.s__Blautia_wexlerae	0.0844198037
ARGSYN-PWY: L-arginine biosynthesis I (via L-ornithine)|g__Blautia.s__Blautia_obeum	0.0000000000
ARGSYN-PWY: L-arginine biosynthesis I (via L-ornithine)|g__Firmicutes_unclassified.s__Firmicutes_bacterium_AF16_15	0.5968795225
ARGSYN-PWY: L-arginine biosynthesis I (via L-ornithine)|g__Ruminococcus.s__Ruminococcus_lactaris	0.0215896606
ARGSYN-PWY: L-arginine biosynthesis I (via L-ornithine)|g__Agathobaculum.s__Agathobaculum_butyriciproducens	0.2193803386
NONOXIPENT-PWY: pentose phosphate pathway (non-oxidative branch) I	1.0000000000
NONOXIPENT-PWY: pentose phosphate pathway (non-oxidative branch) I|unclassified	1.0000000000
NONOXIPENT-PWY: pentose phosphate pathway (non-oxidative branch) I|g__Anaerostipes.s__Anaerostipes_hadrus	0.9999998469
NONOXIPENT-PWY: pentose phosphate pathway (non-oxidative branch) I|g__Collinsella.s__Collinsella_aerofaciens	0.9553757949
NONOXIPENT-PWY: pentose phosphate pathway (non-oxidative branch) I|g__Blautia.s__Blautia_obeum	0.0000121017
NONOXIPENT-PWY: pentose phosphate pathway (non-oxidative branch) I|g__Blautia.s__Blautia_wexlerae	0.0000000000
PWY-6121: 5-aminoimidazole ribonucleotide biosynthesis I	0.9999999999
PWY-6121: 5-aminoimidazole ribonucleotide biosynthesis I|unclassified	0.9999626263
PWY-6121: 5-aminoimidazole ribonucleotide biosynthesis I|g__Blautia.s__Blautia_obeum	0.8122806008
PWY-6121: 5-aminoimidazole ribonucleotide biosynthesis I|g__Firmicutes_unclassified.s__Firmicutes_bacterium_AM10_47	0.1247378736
PWY-6121: 5-aminoimidazole ribonucleotide biosynthesis I|g__Collinsella.s__Collinsella_aerofaciens	0.6596772536
PWY-6121: 5-aminoimidazole ribonucleotide biosynthesis I|g__Anaerostipes.s__Anaerostipes_hadrus	0.0022744020
PWY-6121: 5-aminoimidazole ribonucleotide biosynthesis I|g__Dorea.s__Dorea_longicatena	0.0000001575
PWY-6121: 5-aminoimidazole ribonucleotide biosynthesis I|g__Blautia.s__Blautia_wexlerae	0.0033146769
PWY-6121: 5-aminoimidazole ribonucleotide biosynthesis I|g__Ruminococcus.s__Ruminococcus_lactaris	0.6388100983
PWY-6121: 5-aminoimidazole ribonucleotide biosynthesis I|g__Agathobaculum.s__Agathobaculum_butyriciproducens	0.7057115493
PWY-6121: 5-aminoimidazole ribonucleotide biosynthesis I|g__Eggerthella.s__Eggerthella_lenta	0.5068585673
PWY-6121: 5-aminoimidazole ribonucleotide biosynthesis I|g__Firmicutes_unclassified.s__Firmicutes_bacterium_AF16_15	0.0041948269
NONMEVIPP-PWY: methylerythritol phosphate pathway I	0.9989017372
NONMEVIPP-PWY: methylerythritol phosphate pathway I|unclassified	0.6749276756
NONMEVIPP-PWY: methylerythritol phosphate pathway I|g__Blautia.s__Blautia_obeum	0.0342862955
NONMEVIPP-PWY: methylerythritol phosphate pathway I|g__Firmicutes_unclassified.s__Firmicutes_bacterium_AM10_47	0.0045370369
NONMEVIPP-PWY: methylerythritol phosphate pathway I|g__Dorea.s__Dorea_longicatena	0.0081854937
NONMEVIPP-PWY: methylerythritol phosphate pathway I|g__Anaerostipes.s__Anaerostipes_hadrus	0.0002247181
NONMEVIPP-PWY: methylerythritol phosphate pathway I|g__Blautia.s__Blautia_wexlerae	0.0000000266
NONMEVIPP-PWY: methylerythritol phosphate pathway I|g__Agathobaculum.s__Agathobaculum_butyriciproducens	0.2295101768
NONMEVIPP-PWY: methylerythritol phosphate pathway I|g__Ruminococcus.s__Ruminococcus_lactaris	0.0616560526
PWY-6609: adenine and adenosine salvage III	1.0000000000
PWY-6609: adenine and adenosine salvage III|unclassified	0.9999995763
PWY-6609: adenine and adenosine salvage III|g__Blautia.s__Blautia_obeum	0.0000656819
PWY-6609: adenine and adenosine salvage III|g__Firmicutes_unclassified.s__Firmicutes_bacterium_AM10_47	0.2824794580
PWY-6609: adenine and adenosine salvage III|g__Anaerostipes.s__Anaerostipes_hadrus	0.4478615576
PWY-6609: adenine and adenosine salvage III|g__Dorea.s__Dorea_longicatena	0.0001401858
PWY-6609: adenine and adenosine salvage III|g__Blautia.s__Blautia_wexlerae	0.0000000000
PWY-6609: adenine and adenosine salvage III|g__Agathobaculum.s__Agathobaculum_butyriciproducens	0.3966043499
PWY-6609: adenine and adenosine salvage III|g__Firmicutes_unclassified.s__Firmicutes_bacterium_AF16_15	0.0685529891
PWY-6609: adenine and adenosine salvage III|g__Eggerthella.s__Eggerthella_lenta	0.3545281100
PWY-6609: adenine and adenosine salvage III|g__Ruminococcus.s__Ruminococcus_lactaris	0.0010465617
VALSYN-PWY: L-valine biosynthesis	0.9984682577
VALSYN-PWY: L-valine biosynthesis|unclassified	0.6743503384
VALSYN-PWY: L-valine biosynthesis|g__Blautia.s__Blautia_obeum	0.9669658177
VALSYN-PWY: L-valine biosynthesis|g__Firmicutes_unclassified.s__Firmicutes_bacterium_AM10_47	0.0116562032
VALSYN-PWY: L-valine biosynthesis|g__Dorea.s__Dorea_longicatena	0.0935960554
VALSYN-PWY: L-valine biosynthesis|g__Anaerostipes.s__Anaerostipes_hadrus	0.0847985211
VALSYN-PWY: L-valine biosynthesis|g__Blautia.s__Blautia_wexlerae	0.3837900503
VALSYN-PWY: L-valine biosynthesis|g__Ruminococcus.s__Ruminococcus_lactaris	0.1606173534
VALSYN-PWY: L-valine biosynthesis|g__Agathobaculum.s__Agathobaculum_butyriciproducens	0.6124621490
VALSYN-PWY: L-valine biosynthesis|g__Firmicutes_unclassified.s__Firmicutes_bacterium_AF16_15	0.1626780952
VALSYN-PWY: L-valine biosynthesis|g__Eggerthella.s__Eggerthella_lenta	0.0648254807
PWY-5686: UMP biosynthesis I	0.9999944832
PWY-5686: UMP biosynthesis I|unclassified	0.7804883476
PWY-5686: UMP biosynthesis I|g__Blautia.s__Blautia_obeum	0.4252313669
PWY-5686: UMP biosynthesis I|g__Firmicutes_unclassified.s__Firmicutes_bacterium_AM10_47	0.0000987497
PWY-5686: UMP biosynthesis I|g__Anaerostipes.s__Anaerostipes_hadrus	0.0000059966
PWY-5686: UMP biosynthesis I|g__Collinsella.s__Collinsella_aerofaciens	0.0018472647
PWY-5686: UMP biosynthesis I|g__Blautia.s__Blautia_wexlerae	0.0014421099
PWY-5686: UMP biosynthesis I|g__Firmicutes_unclassified.s__Firmicutes_bacterium_AF16_15	0.0878027979
PWY-5686: UMP biosynthesis I|g__Dorea.s__Dorea_longicatena	0.0000000000
PWY-5686: UMP biosynthesis I|g__Ruminococcus.s__Ruminococcus_lactaris	0.0000062871
PWY-5686: UMP biosynthesis I|g__Lachnospiraceae_unclassified.s__Lachnospiraceae_bacterium_2_1_46FAA	0.3902442801
PWY-7790: UMP biosynthesis II	0.9999944832
PWY-7790: UMP biosynthesis II|unclassified	0.7804883476
PWY-7790: UMP biosynthesis II|g__Blautia.s__Blautia_obeum	0.4252313669
PWY-7790: UMP biosynthesis II|g__Firmicutes_unclassified.s__Firmicutes_bacterium_AM10_47	0.0000987497
PWY-7790: UMP biosynthesis II|g__Anaerostipes.s__Anaerostipes_hadrus	0.0000059966
PWY-7790: UMP biosynthesis II|g__Collinsella.s__Collinsella_aerofaciens	0.0018472647
PWY-7790: UMP biosynthesis II|g__Blautia.s__Blautia_wexlerae	0.0014421099
PWY-7790: UMP biosynthesis II|g__Firmicutes_unclassified.s__Firmicutes_bacterium_AF16_15	0.0878027979
PWY-7790: UMP biosynthesis II|g__Dorea.s__Dorea_longicatena	0.0000000000
PWY-7790: UMP biosynthesis II|g__Ruminococcus.s__Ruminococcus_lactaris	0.0000062871
PWY-7790: UMP biosynthesis II|g__Lachnospiraceae_unclassified.s__Lachnospiraceae_bacterium_2_1_46FAA	0.3902442801
PWY-7791: UMP biosynthesis III	0.9999944832
PWY-7791: UMP biosynthesis III|unclassified	0.7804883476
PWY-7791: UMP biosynthesis III|g__Blautia.s__Blautia_obeum	0.4252313669
PWY-7791: UMP biosynthesis III|g__Firmicutes_unclassified.s__Firmicutes_bacterium_AM10_47	0.0000987497
PWY-7791: UMP biosynthesis III|g__Anaerostipes.s__Anaerostipes_hadrus	0.0000059966
PWY-7791: UMP biosynthesis III|g__Collinsella.s__Collinsella_aerofaciens	0.0018472647
PWY-7791: UMP biosynthesis III|g__Blautia.s__Blautia_wexlerae	0.0014421099
PWY-7791: UMP biosynthesis III|g__Firmicutes_unclassified.s__Firmicutes_bacterium_AF16_15	0.0878027979
PWY-7791: UMP biosynthesis III|g__Dorea.s__Dorea_longicatena	0.0000000000
PWY-7791: UMP biosynthesis III|g__Ruminococcus.s__Ruminococcus_lactaris	0.0000062871
PWY-7791: UMP biosynthesis III|g__Lachnospiraceae_unclassified.s__Lachnospiraceae_bacterium_2_1_46FAA	0.3902442801
PWY-6823: molybdopterin biosynthesis	1.0000000000
PWY-6823: molybdopterin biosynthesis|unclassified	0.9999943945
PWY-6823: molybdopterin biosynthesis|g__Blautia.s__Blautia_obeum	0.9999993290
PWY-6823: molybdopterin biosynthesis|g__Firmicutes_unclassified.s__Firmicutes_bacterium_AM10_47	0.0002948166
PWY-6823: molybdopterin biosynthesis|g__Anaerostipes.s__Anaerostipes_hadrus	0.0038471109
PWY-6823: molybdopterin biosynthesis|g__Blautia.s__Blautia_wexlerae	0.1407823854
PWY-6823: molybdopterin biosynthesis|g__Agathobaculum.s__Agathobaculum_butyriciproducens	0.8390226194
PWY-6823: molybdopterin biosynthesis|g__Eggerthella.s__Eggerthella_lenta	0.4080813388
PWY-6823: molybdopterin biosynthesis|g__Faecalibacterium.s__Faecalibacterium_prausnitzii	0.2749206028
PWY0-1296: purine ribonucleosides degradation	1.0000000000
PWY0-1296: purine ribonucleosides degradation|unclassified	0.9999999999
PWY0-1296: purine ribonucleosides degradation|g__Blautia.s__Blautia_obeum	1.0000000000
PWY0-1296: purine ribonucleosides degradation|g__Firmicutes_unclassified.s__Firmicutes_bacterium_AM10_47	0.0834927689
PWY0-1296: purine ribonucleosides degradation|g__Anaerostipes.s__Anaerostipes_hadrus	0.0009315431
PWY0-1296: purine ribonucleosides degradation|g__Dorea.s__Dorea_longicatena	0.0001577073
PWY0-1296: purine ribonucleosides degradation|g__Blautia.s__Blautia_wexlerae	0.0000000000
PWY0-1296: purine ribonucleosides degradation|g__Lachnospiraceae_unclassified.s__Lachnospiraceae_bacterium_2_1_46FAA	0.4634949037
ILEUSYN-PWY: L-isoleucine biosynthesis I (from threonine)	0.0900774570
ILEUSYN-PWY: L-isoleucine biosynthesis I (from threonine)|unclassified	0.0031661094
ILEUSYN-PWY: L-isoleucine biosynthesis I (from threonine)|g__Dorea.s__Dorea_longicatena	0.0012219113
ILEUSYN-PWY: L-isoleucine biosynthesis I (from threonine)|g__Anaerostipes.s__Anaerostipes_hadrus	0.0000416890
ILEUSYN-PWY: L-isoleucine biosynthesis I (from threonine)|g__Blautia.s__Blautia_obeum	0.0000000000
ILEUSYN-PWY: L-isoleucine biosynthesis I (from threonine)|g__Blautia.s__Blautia_wexlerae	0.0000284763
ILEUSYN-PWY: L-isoleucine biosynthesis I (from threonine)|g__Agathobaculum.s__Agathobaculum_butyriciproducens	0.3729093944
COA-PWY: coenzyme A biosynthesis I (prokaryotic)	0.9999874959
COA-PWY: coenzyme A biosynthesis I (prokaryotic)|unclassified	0.9869394785
COA-PWY: coenzyme A biosynthesis I (prokaryotic)|g__Firmicutes_unclassified.s__Firmicutes_bacterium_AM10_47	0.9031644733
COA-PWY: coenzyme A biosynthesis I (prokaryotic)|g__Blautia.s__Blautia_obeum	0.2705657616
COA-PWY: coenzyme A biosynthesis I (prokaryotic)|g__Anaerostipes.s__Anaerostipes_hadrus	0.0298508724
COA-PWY: coenzyme A biosynthesis I (prokaryotic)|g__Dorea.s__Dorea_longicatena	0.0153841262
COA-PWY: coenzyme A biosynthesis I (prokaryotic)|g__Collinsella.s__Collinsella_aerofaciens	0.0000864260
COA-PWY: coenzyme A biosynthesis I (prokaryotic)|g__Ruminococcus.s__Ruminococcus_lactaris	0.9529789042
COA-PWY: coenzyme A biosynthesis I (prokaryotic)|g__Blautia.s__Blautia_wexlerae	0.0001850824
COA-PWY: coenzyme A biosynthesis I (prokaryotic)|g__Agathobaculum.s__Agathobaculum_butyriciproducens	0.8229687879
COA-PWY: coenzyme A biosynthesis I (prokaryotic)|g__Eggerthella.s__Eggerthella_lenta	0.7497779335
COA-PWY: coenzyme A biosynthesis I (prokaryotic)|g__Lachnospiraceae_unclassified.s__Lachnospiraceae_bacterium_2_1_46FAA	0.4151783467
COA-PWY-1: superpathway of coenzyme A biosynthesis III (mammals)	0.9971957474
COA-PWY-1: superpathway of coenzyme A biosynthesis III (mammals)|unclassified	0.0007617088
COA-PWY-1: superpathway of coenzyme A biosynthesis III (mammals)|g__Firmicutes_unclassified.s__Firmicutes_bacterium_AM10_47	0.0487239522
COA-PWY-1: superpathway of coenzyme A biosynthesis III (mammals)|g__Blautia.s__Blautia_obeum	0.0000157875
COA-PWY-1: superpathway of coenzyme A biosynthesis III (mammals)|g__Anaerostipes.s__Anaerostipes_hadrus	0.0003970693
COA-PWY-1: superpathway of coenzyme A biosynthesis III (mammals)|g__Collinsella.s__Collinsella_aerofaciens	0.0001080301
COA-PWY-1: superpathway of coenzyme A biosynthesis III (mammals)|g__Dorea.s__Dorea_longicatena	0.0000000000
COA-PWY-1: superpathway of coenzyme A biosynthesis III (mammals)|g__Blautia.s__Blautia_wexlerae	0.0000180050
COA-PWY-1: superpathway of coenzyme A biosynthesis III (mammals)|g__Ruminococcus.s__Ruminococcus_lactaris	0.8091274652
COA-PWY-1: superpathway of coenzyme A biosynthesis III (mammals)|g__Agathobaculum.s__Agathobaculum_butyriciproducens	0.5153816609
PWY-7111: pyruvate fermentation to isobutanol (engineered)	0.5086952766
PWY-7111: pyruvate fermentation to isobutanol (engineered)|unclassified	0.0000276130
PWY-7111: pyruvate fermentation to isobutanol (engineered)|g__Dorea.s__Dorea_longicatena	0.1143200918
PWY-7111: pyruvate fermentation to isobutanol (engineered)|g__Anaerostipes.s__Anaerostipes_hadrus	0.0000260598
PWY-7111: pyruvate fermentation to isobutanol (engineered)|g__Blautia.s__Blautia_wexlerae	0.0000003409
PWY-7111: pyruvate fermentation to isobutanol (engineered)|g__Blautia.s__Blautia_obeum	0.0000000000
PWY-7111: pyruvate fermentation to isobutanol (engineered)|g__Ruminococcus.s__Ruminococcus_lactaris	0.1925819519
PWY-7111: pyruvate fermentation to isobutanol (engineered)|g__Agathobaculum.s__Agathobaculum_butyriciproducens	0.2909411659
PWY-7111: pyruvate fermentation to isobutanol (engineered)|g__Firmicutes_unclassified.s__Firmicutes_bacterium_AF16_15	0.0000000000
TRNA-CHARGING-PWY: tRNA charging	0.0000006849
TRNA-CHARGING-PWY: tRNA charging|unclassified	0.0000000001
TRNA-CHARGING-PWY: tRNA charging|g__Anaerostipes.s__Anaerostipes_hadrus	0.0001175871
TRNA-CHARGING-PWY: tRNA charging|g__Agathobaculum.s__Agathobaculum_butyriciproducens	0.1259312362
PWY-5667: CDP-diacylglycerol biosynthesis I	0.6523501122
PWY-5667: CDP-diacylglycerol biosynthesis I|unclassified	0.2923115220
PWY-5667: CDP-diacylglycerol biosynthesis I|g__Blautia.s__Blautia_obeum	0.1376941965
PWY-5667: CDP-diacylglycerol biosynthesis I|g__Firmicutes_unclassified.s__Firmicutes_bacterium_AM10_47	0.0455562636
PWY-5667: CDP-diacylglycerol biosynthesis I|g__Anaerostipes.s__Anaerostipes_hadrus	0.0024622503
PWY-5667: CDP-diacylglycerol biosynthesis I|g__Dorea.s__Dorea_longicatena	0.0000905093
PWY-5667: CDP-diacylglycerol biosynthesis I|g__Blautia.s__Blautia_wexlerae	0.0048144477
PWY-5667: CDP-diacylglycerol biosynthesis I|g__Firmicutes_unclassified.s__Firmicutes_bacterium_AF16_15	0.0990678561
PWY0-1319: CDP-diacylglycerol biosynthesis II	0.6523501122
PWY0-1319: CDP-diacylglycerol biosynthesis II|unclassified	0.2923115220
PWY0-1319: CDP-diacylglycerol biosynthesis II|g__Blautia.s__Blautia_obeum	0.1376941965
PWY0-1319: CDP-diacylglycerol biosynthesis II|g__Firmicutes_unclassified.s__Firmicutes_bacterium_AM10_47	0.0455562636
PWY0-1319: CDP-diacylglycerol biosynthesis II|g__Anaerostipes.s__Anaerostipes_hadrus	0.0024622503
PWY0-1319: CDP-diacylglycerol biosynthesis II|g__Dorea.s__Dorea_longicatena	0.0000905093
PWY0-1319: CDP-diacylglycerol biosynthesis II|g__Blautia.s__Blautia_wexlerae	0.0048144477
PWY0-1319: CDP-diacylglycerol biosynthesis II|g__Firmicutes_unclassified.s__Firmicutes_bacterium_AF16_15	0.0990678561
BRANCHED-CHAIN-AA-SYN-PWY: superpathway of branched chain amino acid biosynthesis	0.0761584964
BRANCHED-CHAIN-AA-SYN-PWY: superpathway of branched chain amino acid biosynthesis|unclassified	0.0026404894
BRANCHED-CHAIN-AA-SYN-PWY: superpathway of branched chain amino acid biosynthesis|g__Anaerostipes.s__Anaerostipes_hadrus	0.0000521086
BRANCHED-CHAIN-AA-SYN-PWY: superpathway of branched chain amino acid biosynthesis|g__Dorea.s__Dorea_longicatena	0.0000114596
BRANCHED-CHAIN-AA-SYN-PWY: superpathway of branched chain amino acid biosynthesis|g__Blautia.s__Blautia_obeum	0.0000000000
BRANCHED-CHAIN-AA-SYN-PWY: superpathway of branched chain amino acid biosynthesis|g__Blautia.s__Blautia_wexlerae	0.0000237304
BRANCHED-CHAIN-AA-SYN-PWY: superpathway of branched chain amino acid biosynthesis|g__Agathobaculum.s__Agathobaculum_butyriciproducens	0.3699665536
PWY-6700: queuosine biosynthesis I (de novo)	0.9999981051
PWY-6700: queuosine biosynthesis I (de novo)|unclassified	0.2818769077
PWY-6700: queuosine biosynthesis I (de novo)|g__Firmicutes_unclassified.s__Firmicutes_bacterium_AM10_47	0.0161098189
PWY-6700: queuosine biosynthesis I (de novo)|g__Blautia.s__Blautia_obeum	0.0772870944
PWY-6700: queuosine biosynthesis I (de novo)|g__Dorea.s__Dorea_longicatena	0.6346685129
PWY-6700: queuosine biosynthesis I (de novo)|g__Anaerostipes.s__Anaerostipes_hadrus	0.0045695533
PWY-6700: queuosine biosynthesis I (de novo)|g__Collinsella.s__Collinsella_aerofaciens	0.0157169609
PWY-6700: queuosine biosynthesis I (de novo)|g__Ruminococcus.s__Ruminococcus_lactaris	0.4475746475
PWY-6700: queuosine biosynthesis I (de novo)|g__Firmicutes_unclassified.s__Firmicutes_bacterium_AF16_15	0.0496211693
PWY-6700: queuosine biosynthesis I (de novo)|g__Blautia.s__Blautia_wexlerae	0.0000000000
PWY-6700: queuosine biosynthesis I (de novo)|g__Agathobaculum.s__Agathobaculum_butyriciproducens	0.0428195969
PWY-6700: queuosine biosynthesis I (de novo)|g__Erysipelatoclostridium.s__Clostridium_spiroforme	0.0233756930
PWY-6700: queuosine biosynthesis I (de novo)|g__Asaccharobacter.s__Asaccharobacter_celatus	0.3182826549
PWY-5103: L-isoleucine biosynthesis III	0.0582686842
PWY-5103: L-isoleucine biosynthesis III|unclassified	0.0019819290
PWY-5103: L-isoleucine biosynthesis III|g__Firmicutes_unclassified.s__Firmicutes_bacterium_AM10_47	0.0145279189
PWY-5103: L-isoleucine biosynthesis III|g__Dorea.s__Dorea_longicatena	0.0007667188
PWY-5103: L-isoleucine biosynthesis III|g__Anaerostipes.s__Anaerostipes_hadrus	0.0000260593
PWY-5103: L-isoleucine biosynthesis III|g__Blautia.s__Blautia_wexlerae	0.0000177981
PWY-5103: L-isoleucine biosynthesis III|g__Blautia.s__Blautia_obeum	0.0000000000
PWY-5103: L-isoleucine biosynthesis III|g__Agathobaculum.s__Agathobaculum_butyriciproducens	0.2959696949
PANTOSYN-PWY: superpathway of coenzyme A biosynthesis I (bacteria)	0.7012257993
PANTOSYN-PWY: superpathway of coenzyme A biosynthesis I (bacteria)|unclassified	0.0000000000
PANTOSYN-PWY: superpathway of coenzyme A biosynthesis I (bacteria)|g__Firmicutes_unclassified.s__Firmicutes_bacterium_AM10_47	0.0136728689
PANTOSYN-PWY: superpathway of coenzyme A biosynthesis I (bacteria)|g__Blautia.s__Blautia_obeum	0.0000283951
PANTOSYN-PWY: superpathway of coenzyme A biosynthesis I (bacteria)|g__Anaerostipes.s__Anaerostipes_hadrus	0.0459378078
PANTOSYN-PWY: superpathway of coenzyme A biosynthesis I (bacteria)|g__Blautia.s__Blautia_wexlerae	0.0000322606
PANTOSYN-PWY: superpathway of coenzyme A biosynthesis I (bacteria)|g__Ruminococcus.s__Ruminococcus_lactaris	0.5133296188
PANTOSYN-PWY: superpathway of coenzyme A biosynthesis I (bacteria)|g__Agathobaculum.s__Agathobaculum_butyriciproducens	0.4893899275
PANTO-PWY: phosphopantothenate biosynthesis I	0.5148256581
PANTO-PWY: phosphopantothenate biosynthesis I|g__Blautia.s__Blautia_obeum	0.0000126303
PANTO-PWY: phosphopantothenate biosynthesis I|unclassified	0.0000000000
PANTO-PWY: phosphopantothenate biosynthesis I|g__Firmicutes_unclassified.s__Firmicutes_bacterium_AM10_47	0.0064772167
PANTO-PWY: phosphopantothenate biosynthesis I|g__Anaerostipes.s__Anaerostipes_hadrus	0.1708356377
PANTO-PWY: phosphopantothenate biosynthesis I|g__Eggerthella.s__Eggerthella_lenta	0.9999589563
PANTO-PWY: phosphopantothenate biosynthesis I|g__Blautia.s__Blautia_wexlerae	0.0391511687
PANTO-PWY: phosphopantothenate biosynthesis I|g__Agathobaculum.s__Agathobaculum_butyriciproducens	0.9666849030
PANTO-PWY: phosphopantothenate biosynthesis I|g__Ruminococcus.s__Ruminococcus_lactaris	0.3357222305
PANTO-PWY: phosphopantothenate biosynthesis I|g__Erysipelatoclostridium.s__Clostridium_spiroforme	0.0363176346
PWY-7357: thiamine phosphate formation from pyrithiamine and oxythiamine (yeast)	0.0000000982
PWY-7357: thiamine phosphate formation from pyrithiamine and oxythiamine (yeast)|unclassified	0.0010428309
PWY-7357: thiamine phosphate formation from pyrithiamine and oxythiamine (yeast)|g__Firmicutes_unclassified.s__Firmicutes_bacterium_AM10_47	0.2750930024
PWY-7357: thiamine phosphate formation from pyrithiamine and oxythiamine (yeast)|g__Blautia.s__Blautia_obeum	0.0000000000
PWY-7357: thiamine phosphate formation from pyrithiamine and oxythiamine (yeast)|g__Dorea.s__Dorea_longicatena	0.7598246694
PWY-7357: thiamine phosphate formation from pyrithiamine and oxythiamine (yeast)|g__Anaerostipes.s__Anaerostipes_hadrus	0.0000090365
PWY-7357: thiamine phosphate formation from pyrithiamine and oxythiamine (yeast)|g__Collinsella.s__Collinsella_aerofaciens	0.0024273644
PWY-7357: thiamine phosphate formation from pyrithiamine and oxythiamine (yeast)|g__Blautia.s__Blautia_wexlerae	0.0143101012
PWY-7357: thiamine phosphate formation from pyrithiamine and oxythiamine (yeast)|g__Faecalibacterium.s__Faecalibacterium_prausnitzii	0.8317779472
PWY-7357: thiamine phosphate formation from pyrithiamine and oxythiamine (yeast)|g__Agathobaculum.s__Agathobaculum_butyriciproducens	0.4173213802
PWY-5097: L-lysine biosynthesis VI	0.0000674045
PWY-5097: L-lysine biosynthesis VI|unclassified	0.8433996672
PWY-5097: L-lysine biosynthesis VI|g__Blautia.s__Blautia_obeum	0.0000004240
PWY-5097: L-lysine biosynthesis VI|g__Dorea.s__Dorea_longicatena	0.0016490179
PWY-5097: L-lysine biosynthesis VI|g__Anaerostipes.s__Anaerostipes_hadrus	0.0009429560
PWY-5097: L-lysine biosynthesis VI|g__Blautia.s__Blautia_wexlerae	0.0000000000
PWY-5097: L-lysine biosynthesis VI|g__Ruminococcus.s__Ruminococcus_lactaris	0.1121229772
1CMET2-PWY: folate transformations III (E. coli)	0.0226153551
1CMET2-PWY: folate transformations III (E. coli)|unclassified	0.0000000000
1CMET2-PWY: folate transformations III (E. coli)|g__Anaerostipes.s__Anaerostipes_hadrus	0.0002597312
1CMET2-PWY: folate transformations III (E. coli)|g__Blautia.s__Blautia_wexlerae	0.0000000000
1CMET2-PWY: folate transformations III (E. coli)|g__Blautia.s__Blautia_obeum	0.0000000000
PWY-7851: coenzyme A biosynthesis II (eukaryotic)	0.9964971400
PWY-7851: coenzyme A biosynthesis II (eukaryotic)|unclassified	0.0006094599
PWY-7851: coenzyme A biosynthesis II (eukaryotic)|g__Blautia.s__Blautia_obeum	0.2705657616
PWY-7851: coenzyme A biosynthesis II (eukaryotic)|g__Firmicutes_unclassified.s__Firmicutes_bacterium_AM10_47	0.0533224071
PWY-7851: coenzyme A biosynthesis II (eukaryotic)|g__Anaerostipes.s__Anaerostipes_hadrus	0.0003176807
PWY-7851: coenzyme A biosynthesis II (eukaryotic)|g__Dorea.s__Dorea_longicatena	0.0000000002
PWY-7851: coenzyme A biosynthesis II (eukaryotic)|g__Collinsella.s__Collinsella_aerofaciens	0.0000864260
PWY-7851: coenzyme A biosynthesis II (eukaryotic)|g__Ruminococcus.s__Ruminococcus_lactaris	0.7838664980
PWY-7851: coenzyme A biosynthesis II (eukaryotic)|g__Blautia.s__Blautia_wexlerae	0.0000144064
PWY-7851: coenzyme A biosynthesis II (eukaryotic)|g__Agathobaculum.s__Agathobaculum_butyriciproducens	0.4610433122
PWY-3841: folate transformations II (plants)	0.0226131818
PWY-3841: folate transformations II (plants)|unclassified	0.0000000000
PWY-3841: folate transformations II (plants)|g__Firmicutes_unclassified.s__Firmicutes_bacterium_AM10_47	0.0000944204
PWY-3841: folate transformations II (plants)|g__Anaerostipes.s__Anaerostipes_hadrus	0.0002687128
PWY-3841: folate transformations II (plants)|g__Blautia.s__Blautia_wexlerae	0.0000000001
PWY-3841: folate transformations II (plants)|g__Dorea.s__Dorea_longicatena	0.0000000000
PWY-3841: folate transformations II (plants)|g__Blautia.s__Blautia_obeum	0.0000000000
PWY-2942: L-lysine biosynthesis III	0.0000624602
PWY-2942: L-lysine biosynthesis III|unclassified	0.0278902002
PWY-2942: L-lysine biosynthesis III|g__Blautia.s__Blautia_obeum	0.0000003634
PWY-2942: L-lysine biosynthesis III|g__Dorea.s__Dorea_longicatena	0.0014363214
PWY-2942: L-lysine biosynthesis III|g__Anaerostipes.s__Anaerostipes_hadrus	0.0008101818
PWY-2942: L-lysine biosynthesis III|g__Blautia.s__Blautia_wexlerae	0.0000000000
PWY-2942: L-lysine biosynthesis III|g__Ruminococcus.s__Ruminococcus_lactaris	0.3180292235
PWY-2942: L-lysine biosynthesis III|g__Eggerthella.s__Eggerthella_lenta	0.1824531793
PWY-6270: isoprene biosynthesis I	0.0000000000
PWY-6270: isoprene biosynthesis I|unclassified	0.0000000000
PWY-6270: isoprene biosynthesis I|g__Dorea.s__Dorea_longicatena	0.0033642565
PWY-6270: isoprene biosynthesis I|g__Anaerostipes.s__Anaerostipes_hadrus	0.0000945197
PWY-6270: isoprene biosynthesis I|g__Blautia.s__Blautia_obeum	0.0000000000
PWY-6270: isoprene biosynthesis I|g__Blautia.s__Blautia_wexlerae	0.0000000026
PWY-7560: methylerythritol phosphate pathway II	0.0000000000
PWY-7560: methylerythritol phosphate pathway II|unclassified	0.0000000000
PWY-7560: methylerythritol phosphate pathway II|g__Dorea.s__Dorea_longicatena	0.0029718522
PWY-7560: methylerythritol phosphate pathway II|g__Anaerostipes.s__Anaerostipes_hadrus	0.0002247181
PWY-7560: methylerythritol phosphate pathway II|g__Blautia.s__Blautia_obeum	0.0000000000
PWY-7560: methylerythritol phosphate pathway II|g__Blautia.s__Blautia_wexlerae	0.0000000023
P41-PWY: pyruvate fermentation to acetate and (S)-lactate I	0.0004018903
P41-PWY: pyruvate fermentation to acetate and (S)-lactate I|unclassified	0.6440731860
P41-PWY: pyruvate fermentation to acetate and (S)-lactate I|g__Blautia.s__Blautia_obeum	0.0000013654
P41-PWY: pyruvate fermentation to acetate and (S)-lactate I|g__Anaerostipes.s__Anaerostipes_hadrus	0.0345507918
P41-PWY: pyruvate fermentation to acetate and (S)-lactate I|g__Collinsella.s__Collinsella_aerofaciens	0.0983887879
P41-PWY: pyruvate fermentation to acetate and (S)-lactate I|g__Ruminococcus.s__Ruminococcus_lactaris	0.0784375805
P41-PWY: pyruvate fermentation to acetate and (S)-lactate I|g__Eggerthella.s__Eggerthella_lenta	0.4752804885
P41-PWY: pyruvate fermentation to acetate and (S)-lactate I|g__Agathobaculum.s__Agathobaculum_butyriciproducens	0.4057558664
PWY-5100: pyruvate fermentation to acetate and lactate II	0.0004018903
PWY-5100: pyruvate fermentation to acetate and lactate II|unclassified	0.6440731860
PWY-5100: pyruvate fermentation to acetate and lactate II|g__Anaerostipes.s__Anaerostipes_hadrus	0.6019012034
PWY-5100: pyruvate fermentation to acetate and lactate II|g__Blautia.s__Blautia_obeum	0.0000013654
PWY-5100: pyruvate fermentation to acetate and lactate II|g__Collinsella.s__Collinsella_aerofaciens	0.0983887879
PWY-5100: pyruvate fermentation to acetate and lactate II|g__Ruminococcus.s__Ruminococcus_lactaris	0.0784375805
PWY-5100: pyruvate fermentation to acetate and lactate II|g__Eggerthella.s__Eggerthella_lenta	0.5747287100
PWY-5100: pyruvate fermentation to acetate and lactate II|g__Agathobaculum.s__Agathobaculum_butyriciproducens	0.4057558664
PWY-724: superpathway of L-lysine, L-threonine and L-methionine biosynthesis II	0.0000000000
PWY-724: superpathway of L-lysine, L-threonine and L-methionine biosynthesis II|unclassified	0.0000000000
PWY-724: superpathway of L-lysine, L-threonine and L-methionine biosynthesis II|g__Blautia.s__Blautia_obeum	0.0000000000
PWY-724: superpathway of L-lysine, L-threonine and L-methionine biosynthesis II|g__Dorea.s__Dorea_longicatena	0.0000003551
PWY-724: superpathway of L-lysine, L-threonine and L-methionine biosynthesis II|g__Anaerostipes.s__Anaerostipes_hadrus	0.0000000007
SER-GLYSYN-PWY: superpathway of L-serine and glycine biosynthesis I	0.0114382184
SER-GLYSYN-PWY: superpathway of L-serine and glycine biosynthesis I|unclassified	0.0000000000
SER-GLYSYN-PWY: superpathway of L-serine and glycine biosynthesis I|g__Firmicutes_unclassified.s__Firmicutes_bacterium_AM10_47	0.5172534422
SER-GLYSYN-PWY: superpathway of L-serine and glycine biosynthesis I|g__Blautia.s__Blautia_obeum	0.0000000030
SER-GLYSYN-PWY: superpathway of L-serine and glycine biosynthesis I|g__Blautia.s__Blautia_wexlerae	0.9612634550
SER-GLYSYN-PWY: superpathway of L-serine and glycine biosynthesis I|g__Anaerostipes.s__Anaerostipes_hadrus	0.0001371156
SER-GLYSYN-PWY: superpathway of L-serine and glycine biosynthesis I|g__Collinsella.s__Collinsella_aerofaciens	0.0006115634
SER-GLYSYN-PWY: superpathway of L-serine and glycine biosynthesis I|g__Dorea.s__Dorea_longicatena	0.0000000645
SER-GLYSYN-PWY: superpathway of L-serine and glycine biosynthesis I|g__Eggerthella.s__Eggerthella_lenta	0.3143182821
SER-GLYSYN-PWY: superpathway of L-serine and glycine biosynthesis I|g__Ruminococcus.s__Ruminococcus_lactaris	0.0002493264
SER-GLYSYN-PWY: superpathway of L-serine and glycine biosynthesis I|g__Asaccharobacter.s__Asaccharobacter_celatus	0.1471261589
PWY-6527: stachyose degradation	0.0000000000
PWY-6527: stachyose degradation|unclassified	0.0000000000
PWY-6527: stachyose degradation|g__Blautia.s__Blautia_obeum	0.0000000000
PWY-6527: stachyose degradation|g__Blautia.s__Blautia_wexlerae	0.3083478609
PWY-6527: stachyose degradation|g__Dorea.s__Dorea_longicatena	0.0000000000
HSERMETANA-PWY: L-methionine biosynthesis III	0.0000000000
HSERMETANA-PWY: L-methionine biosynthesis III|unclassified	0.0000000000
HSERMETANA-PWY: L-methionine biosynthesis III|g__Dorea.s__Dorea_longicatena	0.6629601486
HSERMETANA-PWY: L-methionine biosynthesis III|g__Blautia.s__Blautia_obeum	0.0003726199
HSERMETANA-PWY: L-methionine biosynthesis III|g__Anaerostipes.s__Anaerostipes_hadrus	0.0209874357
HSERMETANA-PWY: L-methionine biosynthesis III|g__Blautia.s__Blautia_wexlerae	0.0002548398
HSERMETANA-PWY: L-methionine biosynthesis III|g__Ruminococcus.s__Ruminococcus_lactaris	0.0148713926
PWY-7977: L-methionine biosynthesis IV	0.0000000000
PWY-7977: L-methionine biosynthesis IV|unclassified	0.7884063084
PWY-7977: L-methionine biosynthesis IV|g__Dorea.s__Dorea_longicatena	0.0009624696
PWY-7977: L-methionine biosynthesis IV|g__Collinsella.s__Collinsella_aerofaciens	0.1516420365
PWY-7977: L-methionine biosynthesis IV|g__Anaerostipes.s__Anaerostipes_hadrus	0.0008724715
PWY-7977: L-methionine biosynthesis IV|g__Gordonibacter.s__Gordonibacter_urolithinfaciens	0.7285975757
PWY-7237: myo-, chiro- and scyllo-inositol degradation	0.0039937789
PWY-7237: myo-, chiro- and scyllo-inositol degradation|unclassified	0.5184827935
PWY-7237: myo-, chiro- and scyllo-inositol degradation|g__Anaerostipes.s__Anaerostipes_hadrus	0.9999999991
PWY-7237: myo-, chiro- and scyllo-inositol degradation|g__Firmicutes_unclassified.s__Firmicutes_bacterium_AM10_47	0.7795521763
PWY-7237: myo-, chiro- and scyllo-inositol degradation|g__Blautia.s__Blautia_obeum	0.0024220343
PWY-7237: myo-, chiro- and scyllo-inositol degradation|g__Blautia.s__Blautia_wexlerae	0.9922784047
PWY-7237: myo-, chiro- and scyllo-inositol degradation|g__Dorea.s__Dorea_longicatena	0.0019221050
PWY-7237: myo-, chiro- and scyllo-inositol degradation|g__Agathobaculum.s__Agathobaculum_butyriciproducens	1.0000000000
PWY-7237: myo-, chiro- and scyllo-inositol degradation|g__Faecalibacterium.s__Faecalibacterium_prausnitzii	0.9580639883
PWY-3001: superpathway of L-isoleucine biosynthesis I	0.0000000000
PWY-3001: superpathway of L-isoleucine biosynthesis I|unclassified	0.0000000000
HISTSYN-PWY: L-histidine biosynthesis	0.0000000000
HISTSYN-PWY: L-histidine biosynthesis|unclassified	0.0000000000
HISTSYN-PWY: L-histidine biosynthesis|g__Blautia.s__Blautia_obeum	0.0000000000
LACTOSECAT-PWY: lactose and galactose degradation I	0.0000000000
LACTOSECAT-PWY: lactose and galactose degradation I|g__Collinsella.s__Collinsella_aerofaciens	1.0000000000
LACTOSECAT-PWY: lactose and galactose degradation I|unclassified	0.0000000000
LACTOSECAT-PWY: lactose and galactose degradation I|g__Anaerostipes.s__Anaerostipes_hadrus	0.0000000392
PYRIDNUCSYN-PWY: NAD de novo biosynthesis I (from aspartate)	0.0000000000
PYRIDNUCSYN-PWY: NAD de novo biosynthesis I (from aspartate)|unclassified	0.0000000005
PYRIDNUCSYN-PWY: NAD de novo biosynthesis I (from aspartate)|g__Anaerostipes.s__Anaerostipes_hadrus	0.0000484392
PYRIDNUCSYN-PWY: NAD de novo biosynthesis I (from aspartate)|g__Blautia.s__Blautia_obeum	0.0000000000
PYRIDNUCSYN-PWY: NAD de novo biosynthesis I (from aspartate)|g__Dorea.s__Dorea_longicatena	0.0000000000
THRESYN-PWY: superpathway of L-threonine biosynthesis	0.0000000000
THRESYN-PWY: superpathway of L-threonine biosynthesis|unclassified	0.0000000000
THRESYN-PWY: superpathway of L-threonine biosynthesis|g__Collinsella.s__Collinsella_aerofaciens	0.1459391550
THRESYN-PWY: superpathway of L-threonine biosynthesis|g__Anaerostipes.s__Anaerostipes_hadrus	0.0000000001
THRESYN-PWY: superpathway of L-threonine biosynthesis|g__Blautia.s__Blautia_obeum	0.0000000000
PWY-6936: seleno-amino acid biosynthesis (plants)	0.0000000000
PWY-6936: seleno-amino acid biosynthesis (plants)|g__Anaerostipes.s__Anaerostipes_hadrus	0.9082715658
PWY-6936: seleno-amino acid biosynthesis (plants)|unclassified	0.0000000000
PWY-6123: inosine-5'-phosphate biosynthesis I	0.0000000000
PWY-6123: inosine-5'-phosphate biosynthesis I|unclassified	0.0000000000
PWY-6123: inosine-5'-phosphate biosynthesis I|g__Blautia.s__Blautia_obeum	0.0000000000
PWY-6123: inosine-5'-phosphate biosynthesis I|g__Anaerostipes.s__Anaerostipes_hadrus	0.0000353739
PWY-6123: inosine-5'-phosphate biosynthesis I|g__Collinsella.s__Collinsella_aerofaciens	0.0017413385
PWY-6123: inosine-5'-phosphate biosynthesis I|g__Blautia.s__Blautia_wexlerae	0.0604464726
PWY-6123: inosine-5'-phosphate biosynthesis I|g__Firmicutes_unclassified.s__Firmicutes_bacterium_AF16_15	0.3756590247
PWY-6123: inosine-5'-phosphate biosynthesis I|g__Eggerthella.s__Eggerthella_lenta	0.7192991712
PWY-6123: inosine-5'-phosphate biosynthesis I|g__Ruminococcus.s__Ruminococcus_lactaris	0.0915311350
PWY-6123: inosine-5'-phosphate biosynthesis I|g__Gordonibacter.s__Gordonibacter_urolithinfaciens	0.1293071909
OANTIGEN-PWY: O-antigen building blocks biosynthesis (E. coli)	0.0000000000
OANTIGEN-PWY: O-antigen building blocks biosynthesis (E. coli)|unclassified	0.0000000000
OANTIGEN-PWY: O-antigen building blocks biosynthesis (E. coli)|g__Collinsella.s__Collinsella_aerofaciens	0.5807130554
PWY-6124: inosine-5'-phosphate biosynthesis II	0.0000000000
PWY-6124: inosine-5'-phosphate biosynthesis II|unclassified	0.0000000000
PWY-6124: inosine-5'-phosphate biosynthesis II|g__Blautia.s__Blautia_obeum	0.0000139779
PWY-6124: inosine-5'-phosphate biosynthesis II|g__Blautia.s__Blautia_wexlerae	0.9942701378
PWY-6124: inosine-5'-phosphate biosynthesis II|g__Anaerostipes.s__Anaerostipes_hadrus	0.0000295929
PWY-6124: inosine-5'-phosphate biosynthesis II|g__Collinsella.s__Collinsella_aerofaciens	0.0014515484
PWY-6124: inosine-5'-phosphate biosynthesis II|g__Firmicutes_unclassified.s__Firmicutes_bacterium_AF16_15	0.3732918160
PWY-6124: inosine-5'-phosphate biosynthesis II|g__Eggerthella.s__Eggerthella_lenta	0.7264433824
PWY-6124: inosine-5'-phosphate biosynthesis II|g__Ruminococcus.s__Ruminococcus_lactaris	0.0774620046
PWY-6124: inosine-5'-phosphate biosynthesis II|g__Gordonibacter.s__Gordonibacter_urolithinfaciens	0.1121153285
RIBOSYN2-PWY: flavin biosynthesis I (bacteria and plants)	0.0000000000
RIBOSYN2-PWY: flavin biosynthesis I (bacteria and plants)|g__Blautia.s__Blautia_obeum	0.0000745887
RIBOSYN2-PWY: flavin biosynthesis I (bacteria and plants)|unclassified	0.0000000000
RIBOSYN2-PWY: flavin biosynthesis I (bacteria and plants)|g__Anaerostipes.s__Anaerostipes_hadrus	0.0000447644
RIBOSYN2-PWY: flavin biosynthesis I (bacteria and plants)|g__Dorea.s__Dorea_longicatena	0.0000000000
RIBOSYN2-PWY: flavin biosynthesis I (bacteria and plants)|g__Blautia.s__Blautia_wexlerae	0.0000035438
COBALSYN-PWY: superpathway of adenosylcobalamin salvage from cobinamide I	0.0000000000
COBALSYN-PWY: superpathway of adenosylcobalamin salvage from cobinamide I|unclassified	0.0000000000
COBALSYN-PWY: superpathway of adenosylcobalamin salvage from cobinamide I|g__Blautia.s__Blautia_obeum	0.0000996391
COBALSYN-PWY: superpathway of adenosylcobalamin salvage from cobinamide I|g__Dorea.s__Dorea_longicatena	0.0649494332
COBALSYN-PWY: superpathway of adenosylcobalamin salvage from cobinamide I|g__Collinsella.s__Collinsella_aerofaciens	0.0012352727
COBALSYN-PWY: superpathway of adenosylcobalamin salvage from cobinamide I|g__Blautia.s__Blautia_wexlerae	0.0000007553
METH-ACETATE-PWY: methanogenesis from acetate	0.0000000000
METH-ACETATE-PWY: methanogenesis from acetate|unclassified	0.0000000000
METH-ACETATE-PWY: methanogenesis from acetate|g__Blautia.s__Blautia_obeum	0.0000000004
METH-ACETATE-PWY: methanogenesis from acetate|g__Blautia.s__Blautia_wexlerae	0.3325289896
PWY-5695: inosine 5'-phosphate degradation	0.0000000000
PWY-5695: inosine 5'-phosphate degradation|unclassified	0.0000000000
PWY-5695: inosine 5'-phosphate degradation|g__Anaerostipes.s__Anaerostipes_hadrus	0.1307616995
PWY-5695: inosine 5'-phosphate degradation|g__Dorea.s__Dorea_longicatena	0.0002100100
PWY-5695: inosine 5'-phosphate degradation|g__Blautia.s__Blautia_obeum	0.0000000000
PWY-5695: inosine 5'-phosphate degradation|g__Blautia.s__Blautia_wexlerae	0.0000000000
PWY-5695: inosine 5'-phosphate degradation|g__Agathobaculum.s__Agathobaculum_butyriciproducens	0.0993784282
PWY-5188: tetrapyrrole biosynthesis I (from glutamate)	0.0000000000
PWY-5188: tetrapyrrole biosynthesis I (from glutamate)|unclassified	0.0000000000
PWY-5188: tetrapyrrole biosynthesis I (from glutamate)|g__Firmicutes_unclassified.s__Firmicutes_bacterium_AM10_47	0.0000076922
PWY-5188: tetrapyrrole biosynthesis I (from glutamate)|g__Blautia.s__Blautia_obeum	0.0000000000
PWY-5188: tetrapyrrole biosynthesis I (from glutamate)|g__Anaerostipes.s__Anaerostipes_hadrus	0.0002703093
PWY-5188: tetrapyrrole biosynthesis I (from glutamate)|g__Blautia.s__Blautia_wexlerae	0.0005470350
PWY-6703: preQ0 biosynthesis	0.0000000000
PWY-6703: preQ0 biosynthesis|g__Blautia.s__Blautia_obeum	0.7565230376
PWY-6703: preQ0 biosynthesis|g__Firmicutes_unclassified.s__Firmicutes_bacterium_AM10_47	0.0674931035
PWY-6703: preQ0 biosynthesis|g__Anaerostipes.s__Anaerostipes_hadrus	0.0162338701
PWY-6703: preQ0 biosynthesis|unclassified	0.0000000000
PWY-6703: preQ0 biosynthesis|g__Ruminococcus.s__Ruminococcus_lactaris	0.8360726915
PWY-7199: pyrimidine deoxyribonucleosides salvage	0.0000000000
PWY-7199: pyrimidine deoxyribonucleosides salvage|unclassified	0.0000004458
UDPNAGSYN-PWY: UDP-N-acetyl-D-glucosamine biosynthesis I	0.0000000000
UDPNAGSYN-PWY: UDP-N-acetyl-D-glucosamine biosynthesis I|unclassified	0.0000000000
UDPNAGSYN-PWY: UDP-N-acetyl-D-glucosamine biosynthesis I|g__Collinsella.s__Collinsella_aerofaciens	0.9051393560
UDPNAGSYN-PWY: UDP-N-acetyl-D-glucosamine biosynthesis I|g__Eggerthella.s__Eggerthella_lenta	0.9097436922
UDPNAGSYN-PWY: UDP-N-acetyl-D-glucosamine biosynthesis I|g__Agathobaculum.s__Agathobaculum_butyriciproducens	0.1278406789
PWY-6897: thiamine diphosphate salvage II	0.0000000000
PWY-6897: thiamine diphosphate salvage II|unclassified	0.0000000000
PWY-6897: thiamine diphosphate salvage II|g__Agathobaculum.s__Agathobaculum_butyriciproducens	0.2319941850
ASPASN-PWY: superpathway of L-aspartate and L-asparagine biosynthesis	0.0000000000
ASPASN-PWY: superpathway of L-aspartate and L-asparagine biosynthesis|unclassified	0.0000000000
ASPASN-PWY: superpathway of L-aspartate and L-asparagine biosynthesis|g__Blautia.s__Blautia_wexlerae	0.8437805167
ASPASN-PWY: superpathway of L-aspartate and L-asparagine biosynthesis|g__Blautia.s__Blautia_obeum	0.0000000000
THISYNARA-PWY: superpathway of thiamine diphosphate biosynthesis III (eukaryotes)	0.0000000000
THISYNARA-PWY: superpathway of thiamine diphosphate biosynthesis III (eukaryotes)|unclassified	0.0000000000
PWY-1861: formaldehyde assimilation II (assimilatory RuMP Cycle)	0.0000000000
PWY-1861: formaldehyde assimilation II (assimilatory RuMP Cycle)|g__Anaerostipes.s__Anaerostipes_hadrus	0.0001585829
PWY-1861: formaldehyde assimilation II (assimilatory RuMP Cycle)|g__Blautia.s__Blautia_obeum	0.0000000000
PWY-7208: superpathway of pyrimidine nucleobases salvage	0.0000000000
PWY-7208: superpathway of pyrimidine nucleobases salvage|g__Blautia.s__Blautia_obeum	0.0000000058
PWY-7208: superpathway of pyrimidine nucleobases salvage|g__Anaerostipes.s__Anaerostipes_hadrus	0.3649050237
PWY-7208: superpathway of pyrimidine nucleobases salvage|g__Collinsella.s__Collinsella_aerofaciens	0.0000014400
PWY-7208: superpathway of pyrimidine nucleobases salvage|g__Eggerthella.s__Eggerthella_lenta	0.6867780675
PWY-7208: superpathway of pyrimidine nucleobases salvage|unclassified	0.0000000000
PWY-8187: L-arginine degradation XIII (reductive Stickland reaction)	0.0000000000
PWY-8187: L-arginine degradation XIII (reductive Stickland reaction)|unclassified	0.0000000000
PWY-8187: L-arginine degradation XIII (reductive Stickland reaction)|g__Eggerthella.s__Eggerthella_lenta	0.5396588439
PWY-7400: L-arginine biosynthesis IV (archaebacteria)	0.0000000000
PWY-7400: L-arginine biosynthesis IV (archaebacteria)|unclassified	0.0000000000
PWY0-1586: peptidoglycan maturation (meso-diaminopimelate containing)	0.0000000000
PWY0-1586: peptidoglycan maturation (meso-diaminopimelate containing)|g__Anaerostipes.s__Anaerostipes_hadrus	0.4845814735
PWY0-1586: peptidoglycan maturation (meso-diaminopimelate containing)|unclassified	0.0000000000
PWY0-1586: peptidoglycan maturation (meso-diaminopimelate containing)|g__Collinsella.s__Collinsella_aerofaciens	0.0820341481
PWY0-1586: peptidoglycan maturation (meso-diaminopimelate containing)|g__Eggerthella.s__Eggerthella_lenta	0.0585701881
PWY0-1586: peptidoglycan maturation (meso-diaminopimelate containing)|g__Agathobaculum.s__Agathobaculum_butyriciproducens	0.0420726684
PWY-6731: starch degradation III	0.0000000000
PWY-6731: starch degradation III|unclassified	0.0000000000
PWY-6731: starch degradation III|g__Blautia.s__Blautia_obeum	0.0000000000
PWY-6731: starch degradation III|g__Blautia.s__Blautia_wexlerae	0.0045556665
PWY-6731: starch degradation III|g__Agathobaculum.s__Agathobaculum_butyriciproducens	0.6794729557
GLUCONEO-PWY: gluconeogenesis I	0.0000000000
GLUCONEO-PWY: gluconeogenesis I|unclassified	0.0000000000
PHOSLIPSYN-PWY: superpathway of phospholipid biosynthesis I (bacteria)	0.0000000000
PHOSLIPSYN-PWY: superpathway of phospholipid biosynthesis I (bacteria)|unclassified	0.0000000000
PWY-2941: L-lysine biosynthesis II	0.0000000000
PWY-2941: L-lysine biosynthesis II|unclassified	0.0000000000
P461-PWY: hexitol fermentation to lactate, formate, ethanol and acetate	0.0000000000
P461-PWY: hexitol fermentation to lactate, formate, ethanol and acetate|g__Anaerostipes.s__Anaerostipes_hadrus	0.8456599289
P461-PWY: hexitol fermentation to lactate, formate, ethanol and acetate|unclassified	0.0000000000
PWY0-1297: superpathway of purine deoxyribonucleosides degradation	0.0000000000
PWY-I9: L-cysteine biosynthesis VI (from L-methionine)	0.0000000000
PWY-I9: L-cysteine biosynthesis VI (from L-methionine)|g__Anaerostipes.s__Anaerostipes_hadrus	0.2150825705
PWY-I9: L-cysteine biosynthesis VI (from L-methionine)|unclassified	0.0000000000
PWY-I9: L-cysteine biosynthesis VI (from L-methionine)|g__Blautia.s__Blautia_obeum	0.0000000000
PWY-6628: superpathway of L-phenylalanine biosynthesis	0.0000000000
PWY-6628: superpathway of L-phenylalanine biosynthesis|unclassified	0.0000000000
PWY-6608: guanosine nucleotides degradation III	0.0000000000
PWY-6608: guanosine nucleotides degradation III|unclassified	0.0000000000
PWY-6608: guanosine nucleotides degradation III|g__Anaerostipes.s__Anaerostipes_hadrus	0.0000213085
PWY-6608: guanosine nucleotides degradation III|g__Blautia.s__Blautia_obeum	0.0000000000
PWY-6608: guanosine nucleotides degradation III|g__Blautia.s__Blautia_wexlerae	0.0000000000
P164-PWY: purine nucleobases degradation I (anaerobic)	0.0000000000
P164-PWY: purine nucleobases degradation I (anaerobic)|unclassified	0.0000000000
PWY-7328: superpathway of UDP-glucose-derived O-antigen building blocks biosynthesis	0.0000000000
PWY-7328: superpathway of UDP-glucose-derived O-antigen building blocks biosynthesis|unclassified	0.0000000000
PWY-702: L-methionine biosynthesis II	0.0000000000
PWY-702: L-methionine biosynthesis II|unclassified	0.0000000000
GLCMANNANAUT-PWY: superpathway of N-acetylglucosamine, N-acetylmannosamine and N-acetylneuraminate degradation	0.0000000000
GLCMANNANAUT-PWY: superpathway of N-acetylglucosamine, N-acetylmannosamine and N-acetylneuraminate degradation|unclassified	0.0000000000
GLCMANNANAUT-PWY: superpathway of N-acetylglucosamine, N-acetylmannosamine and N-acetylneuraminate degradation|g__Blautia.s__Blautia_obeum	0.0000000000
PWY-6353: purine nucleotides degradation II (aerobic)	0.0000000000
PWY-6353: purine nucleotides degradation II (aerobic)|unclassified	0.0000000000
PWY-5676: acetyl-CoA fermentation to butanoate II	0.0000000000
PWY-5676: acetyl-CoA fermentation to butanoate II|g__Anaerostipes.s__Anaerostipes_hadrus	0.0575803528
PWY-5676: acetyl-CoA fermentation to butanoate II|unclassified	0.0000000000
PWY-5659: GDP-mannose biosynthesis	0.0000000000
PWY-5659: GDP-mannose biosynthesis|unclassified	0.0000000000
PWY-5659: GDP-mannose biosynthesis|g__Faecalibacterium.s__Faecalibacterium_prausnitzii	0.9209004440
PWY-5659: GDP-mannose biosynthesis|g__Blautia.s__Blautia_obeum	0.0000000000
PPGPPMET-PWY: ppGpp metabolism	0.0000000000
PPGPPMET-PWY: ppGpp metabolism|unclassified	0.0000000000
DAPLYSINESYN-PWY: L-lysine biosynthesis I	0.0000000000
DAPLYSINESYN-PWY: L-lysine biosynthesis I|unclassified	0.0000000000
PWY0-162: superpathway of pyrimidine ribonucleotides de novo biosynthesis	0.0000000000
PWY66-409: superpathway of purine nucleotide salvage	0.0000000000
PWY4FS-7: phosphatidylglycerol biosynthesis I (plastidic)	0.0000000000
PWY4FS-7: phosphatidylglycerol biosynthesis I (plastidic)|unclassified	0.0000000000
PWY4FS-8: phosphatidylglycerol biosynthesis II (non-plastidic)	0.0000000000
PWY4FS-8: phosphatidylglycerol biosynthesis II (non-plastidic)|unclassified	0.0000000000
PWY-841: superpathway of purine nucleotides de novo biosynthesis I	0.0000000000
PWY-841: superpathway of purine nucleotides de novo biosynthesis I|unclassified	0.0000000000
PWY-841: superpathway of purine nucleotides de novo biosynthesis I|g__Eggerthella.s__Eggerthella_lenta	0.0254954434
P185-PWY: formaldehyde assimilation III (dihydroxyacetone cycle)	0.0000000000
P185-PWY: formaldehyde assimilation III (dihydroxyacetone cycle)|unclassified	0.0000000000
GOLPDLCAT-PWY: superpathway of glycerol degradation to 1,3-propanediol	0.0000000000
GOLPDLCAT-PWY: superpathway of glycerol degradation to 1,3-propanediol|g__Anaerostipes.s__Anaerostipes_hadrus	0.0014879688
GOLPDLCAT-PWY: superpathway of glycerol degradation to 1,3-propanediol|unclassified	0.0000000000
PWY-7229: superpathway of adenosine nucleotides de novo biosynthesis I	0.0000000000
PWY-7229: superpathway of adenosine nucleotides de novo biosynthesis I|unclassified	0.0000000000
PWY-7229: superpathway of adenosine nucleotides de novo biosynthesis I|g__Eggerthella.s__Eggerthella_lenta	0.8923716962
PWY-7013: (S)-propane-1,2-diol degradation	0.0000000000
PWY-7013: (S)-propane-1,2-diol degradation|unclassified	0.0000000000
SALVADEHYPOX-PWY: adenosine nucleotides degradation II	0.0000000000
SALVADEHYPOX-PWY: adenosine nucleotides degradation II|g__Anaerostipes.s__Anaerostipes_hadrus	0.0000266355
SALVADEHYPOX-PWY: adenosine nucleotides degradation II|unclassified	0.0000000000
PWY0-1479: tRNA processing	0.0000000000
PWY0-1479: tRNA processing|unclassified	0.0000000000
PWY-5384: sucrose degradation IV (sucrose phosphorylase)	0.0000000000
PWY-5384: sucrose degradation IV (sucrose phosphorylase)|g__Anaerostipes.s__Anaerostipes_hadrus	0.3547183589
PWY-5384: sucrose degradation IV (sucrose phosphorylase)|g__Blautia.s__Blautia_wexlerae	0.0000000000
PWY-6126: superpathway of adenosine nucleotides de novo biosynthesis II	0.0000000000
PWY-6126: superpathway of adenosine nucleotides de novo biosynthesis II|g__Eggerthella.s__Eggerthella_lenta	0.8984902649
PWY-6126: superpathway of adenosine nucleotides de novo biosynthesis II|unclassified	0.0000000000
PWY1ZNC-1: assimilatory sulfate reduction IV	0.0000000000
PWY1ZNC-1: assimilatory sulfate reduction IV|unclassified	0.0000000000
PWY-621: sucrose degradation III (sucrose invertase)	0.0000000000
PWY-621: sucrose degradation III (sucrose invertase)|g__Anaerostipes.s__Anaerostipes_hadrus	0.3741294622
HISDEG-PWY: L-histidine degradation I	0.0000000000
HISDEG-PWY: L-histidine degradation I|g__Firmicutes_unclassified.s__Firmicutes_bacterium_AM10_47	0.2264299167
PWY-6606: guanosine nucleotides degradation II	0.0000000000
PWY-6606: guanosine nucleotides degradation II|unclassified	0.0000000000
COLANSYN-PWY: colanic acid building blocks biosynthesis	0.0000000000
COLANSYN-PWY: colanic acid building blocks biosynthesis|unclassified	0.0000000000
PWY-6630: superpathway of L-tyrosine biosynthesis	0.0000000000
GLYCOLYSIS: glycolysis I (from glucose 6-phosphate)	0.0000000000
PWY-7228: superpathway of guanosine nucleotides de novo biosynthesis I	0.0000000000
PWY-7228: superpathway of guanosine nucleotides de novo biosynthesis I|g__Collinsella.s__Collinsella_aerofaciens	0.0000014668
PWY-7228: superpathway of guanosine nucleotides de novo biosynthesis I|g__Eggerthella.s__Eggerthella_lenta	0.8749741962
PWY-7228: superpathway of guanosine nucleotides de novo biosynthesis I|unclassified	0.0000000000
PWY-6125: superpathway of guanosine nucleotides de novo biosynthesis II	0.0000000000
PWY-6125: superpathway of guanosine nucleotides de novo biosynthesis II|g__Eggerthella.s__Eggerthella_lenta	0.0091763679
PWY-6125: superpathway of guanosine nucleotides de novo biosynthesis II|unclassified	0.0000000000
PWY-7761: NAD salvage pathway II (PNC IV cycle)	0.0000000000
PWY-7761: NAD salvage pathway II (PNC IV cycle)|g__Blautia.s__Blautia_obeum	0.0000000000
PWY-7761: NAD salvage pathway II (PNC IV cycle)|unclassified	0.0000000000
PWY-4041: &gamma;-glutamyl cycle	0.0000000000
PWY-4041: &gamma;-glutamyl cycle|unclassified	0.0000000000
ANAEROFRUCAT-PWY: homolactic fermentation	0.0000000000
PWY-7356: thiamine diphosphate salvage IV (yeast)	0.0000000000
PWY-7356: thiamine diphosphate salvage IV (yeast)|unclassified	0.0000000000
PWY-7356: thiamine diphosphate salvage IV (yeast)|g__Agathobaculum.s__Agathobaculum_butyriciproducens	0.2512201012
PWY-7323: superpathway of GDP-mannose-derived O-antigen building blocks biosynthesis	0.0000000000
PWY-7323: superpathway of GDP-mannose-derived O-antigen building blocks biosynthesis|unclassified	0.0000000000
PWY-6902: chitin degradation II (Vibrio)	0.0000000000
PWY-6902: chitin degradation II (Vibrio)|unclassified	0.0000000000
PWY-7315: dTDP-N-acetylthomosamine biosynthesis	0.0000000000
PWY-7315: dTDP-N-acetylthomosamine biosynthesis|unclassified	0.0000000000
PWY-7197: pyrimidine deoxyribonucleotide phosphorylation	0.0000000000
PWY-7197: pyrimidine deoxyribonucleotide phosphorylation|g__Collinsella.s__Collinsella_aerofaciens	0.0000009779
PWY-7197: pyrimidine deoxyribonucleotide phosphorylation|g__Eggerthella.s__Eggerthella_lenta	0.0360294200
PWY-7197: pyrimidine deoxyribonucleotide phosphorylation|unclassified	0.0000000000
PWY-5484: glycolysis II (from fructose 6-phosphate)	0.0000000000
PWY-7220: adenosine deoxyribonucleotides de novo biosynthesis II	0.0000000000
PWY-7220: adenosine deoxyribonucleotides de novo biosynthesis II|g__Eggerthella.s__Eggerthella_lenta	0.9548545253
PWY-7220: adenosine deoxyribonucleotides de novo biosynthesis II|unclassified	0.0000000000
PWY-7222: guanosine deoxyribonucleotides de novo biosynthesis II	0.0000000000
PWY-7222: guanosine deoxyribonucleotides de novo biosynthesis II|g__Eggerthella.s__Eggerthella_lenta	0.9548545253
PWY-7222: guanosine deoxyribonucleotides de novo biosynthesis II|unclassified	0.0000000000
RHAMCAT-PWY: L-rhamnose degradation I	0.0000000000
RHAMCAT-PWY: L-rhamnose degradation I|unclassified	0.0000000000
FUCCAT-PWY: fucose degradation	0.0000000000
FUCCAT-PWY: fucose degradation|unclassified	0.0000000000
PWY0-1477: ethanolamine utilization	0.0000000000
PWY0-1477: ethanolamine utilization|g__Blautia.s__Blautia_obeum	0.0000000000
PWY-5154: L-arginine biosynthesis III (via N-acetyl-L-citrulline)	0.0000000000
PWY-5154: L-arginine biosynthesis III (via N-acetyl-L-citrulline)|unclassified	0.0000000000
PWY-8131: 5'-deoxyadenosine degradation II	0.0000000000
PWY-8131: 5'-deoxyadenosine degradation II|unclassified	0.0000000000
PWY-5121: superpathway of geranylgeranyl diphosphate biosynthesis II (via MEP)	0.0000000000
PWY-5121: superpathway of geranylgeranyl diphosphate biosynthesis II (via MEP)|unclassified	0.0000000000
PWY-6590: superpathway of Clostridium acetobutylicum acidogenic fermentation	0.0000000000
PWY-6590: superpathway of Clostridium acetobutylicum acidogenic fermentation|unclassified	0.0000000000
FERMENTATION-PWY: mixed acid fermentation	0.0000000000
FERMENTATION-PWY: mixed acid fermentation|unclassified	0.0000000000
PWY-7198: pyrimidine deoxyribonucleotides de novo biosynthesis IV	0.0000000000
PWY-7198: pyrimidine deoxyribonucleotides de novo biosynthesis IV|unclassified	0.0000000000
PWY-6549: L-glutamine biosynthesis III	0.0000000000
PWY-6549: L-glutamine biosynthesis III|unclassified	0.0000000000
PWY-7117: C4 photosynthetic carbon assimilation cycle, PEPCK type	0.0000000000
PWY-7117: C4 photosynthetic carbon assimilation cycle, PEPCK type|unclassified	0.0000000000
PWY66-399: gluconeogenesis III	0.0000000000
CENTFERM-PWY: pyruvate fermentation to butanoate	0.0000000000
CENTFERM-PWY: pyruvate fermentation to butanoate|unclassified	0.0000000000
PWY-241: C4 photosynthetic carbon assimilation cycle, NADP-ME type	0.0000000000
PWY-241: C4 photosynthetic carbon assimilation cycle, NADP-ME type|unclassified	0.0000000000
GALACTITOLCAT-PWY: galactitol degradation	0.0000000000
GALACTITOLCAT-PWY: galactitol degradation|g__Anaerostipes.s__Anaerostipes_hadrus	0.0000000000
PWY-6470: peptidoglycan biosynthesis V (&beta;-lactam resistance)	0.0000000000
PWY-6470: peptidoglycan biosynthesis V (&beta;-lactam resistance)|unclassified	0.0000000000
HEMESYN2-PWY: heme b biosynthesis II (oxygen-independent)	0.0000000000
PWY0-1298: superpathway of pyrimidine deoxyribonucleosides degradation	0.0000000000
PWY0-1298: superpathway of pyrimidine deoxyribonucleosides degradation|unclassified	0.0000000000
FUC-RHAMCAT-PWY: superpathway of fucose and rhamnose degradation	0.0000000000
FUC-RHAMCAT-PWY: superpathway of fucose and rhamnose degradation|unclassified	0.0000000000
PENTOSE-P-PWY: pentose phosphate pathway	0.0000000000
PWY-6292: superpathway of L-cysteine biosynthesis (mammalian)	0.0000000000
PWY-6292: superpathway of L-cysteine biosynthesis (mammalian)|unclassified	0.0000000000
PWY-5913: partial TCA cycle (obligate autotrophs)	0.0000000000
PWY-5913: partial TCA cycle (obligate autotrophs)|unclassified	0.0000000000
PWY-7383: anaerobic energy metabolism (invertebrates, cytosol)	0.0000000000
PWY-7383: anaerobic energy metabolism (invertebrates, cytosol)|unclassified	0.0000000000
GLUCUROCAT-PWY: superpathway of &beta;-D-glucuronosides degradation	0.0000000000
GLUCUROCAT-PWY: superpathway of &beta;-D-glucuronosides degradation|unclassified	0.0000000000
PWY-6969: TCA cycle V (2-oxoglutarate synthase)	0.0000000000
PWY-7663: gondoate biosynthesis (anaerobic)	0.0000000000
PWY-7663: gondoate biosynthesis (anaerobic)|unclassified	0.0000000000
PWY-5690: TCA cycle II (plants and fungi)	0.0000000000
PWY-6518: bile acids epimerization	0.0000000000
PWY0-1261: anhydromuropeptides recycling I	0.0000000000
PWY0-1261: anhydromuropeptides recycling I|unclassified	0.0000000000
PWY-7242: D-fructuronate degradation	0.0000000000
PWY-7242: D-fructuronate degradation|unclassified	0.0000000000
TCA: TCA cycle I (prokaryotic)	0.0000000000
MET-SAM-PWY: superpathway of S-adenosyl-L-methionine biosynthesis	0.0000000000
MET-SAM-PWY: superpathway of S-adenosyl-L-methionine biosynthesis|unclassified	0.0000000000
PWY-5347: superpathway of L-methionine biosynthesis (transsulfuration)	0.0000000000
PWY-5347: superpathway of L-methionine biosynthesis (transsulfuration)|unclassified	0.0000000000
METSYN-PWY: superpathway of L-homoserine and L-methionine biosynthesis	0.0000000000
METSYN-PWY: superpathway of L-homoserine and L-methionine biosynthesis|unclassified	0.0000000000
METHGLYUT-PWY: superpathway of methylglyoxal degradation	0.0000000000
HOMOSER-METSYN-PWY: L-methionine biosynthesis I	0.0000000000
HOMOSER-METSYN-PWY: L-methionine biosynthesis I|unclassified	0.0000000000
GLYOXYLATE-BYPASS: glyoxylate cycle	0.0000000000
GLYOXYLATE-BYPASS: glyoxylate cycle|unclassified	0.0000000000