# Pathway	merged_KLR-15268551Week-4_S71_L002__kneaddata_paired_Coverage
UNMAPPED	1.0000000000
UNINTEGRATED	1.0000000000
UNINTEGRATED|g__Akkermansia.s__Akkermansia_muciniphila	1.0000000000
UNINTEGRATED|g__Anaerostipes.s__Anaerostipes_hadrus	1.0000000000
UNINTEGRATED|g__Asaccharobacter.s__Asaccharobacter_celatus	1.0000000000
UNINTEGRATED|g__Bacteroides.s__Bacteroides_vulgatus	1.0000000000
UNINTEGRATED|g__Blautia.s__Blautia_hydrogenotrophica	1.0000000000
UNINTEGRATED|g__Blautia.s__Blautia_obeum	1.0000000000
UNINTEGRATED|g__Blautia.s__Blautia_wexlerae	1.0000000000
UNINTEGRATED|g__Collinsella.s__Collinsella_aerofaciens	1.0000000000
UNINTEGRATED|g__Eggerthella.s__Eggerthella_lenta	1.0000000000
UNINTEGRATED|g__Erysipelatoclostridium.s__Clostridium_spiroforme	1.0000000000
UNINTEGRATED|g__Eubacterium.s__Eubacterium_ramulus	1.0000000000
UNINTEGRATED|g__Faecalibacterium.s__Faecalibacterium_prausnitzii	1.0000000000
UNINTEGRATED|g__Gemmiger.s__Gemmiger_formicilis	1.0000000000
UNINTEGRATED|g__Gordonibacter.s__Gordonibacter_pamelaeae	1.0000000000
UNINTEGRATED|g__Intestinibacter.s__Intestinibacter_bartlettii	1.0000000000
UNINTEGRATED|g__Lachnospiraceae_unclassified.s__Eubacterium_rectale	1.0000000000
UNINTEGRATED|g__Roseburia.s__Roseburia_hominis	1.0000000000
UNINTEGRATED|g__Roseburia.s__Roseburia_intestinalis	1.0000000000
UNINTEGRATED|g__Roseburia.s__Roseburia_inulinivorans	1.0000000000
UNINTEGRATED|g__Ruminococcaceae_unclassified.s__Eubacterium_siraeum	1.0000000000
UNINTEGRATED|g__Ruminococcus.s__Ruminococcus_bromii	1.0000000000
UNINTEGRATED|g__Ruthenibacterium.s__Ruthenibacterium_lactatiformans	1.0000000000
UNINTEGRATED|g__Sellimonas.s__Sellimonas_intestinalis	1.0000000000
UNINTEGRATED|g__Streptococcus.s__Streptococcus_equinus	1.0000000000
UNINTEGRATED|g__Streptococcus.s__Streptococcus_infantarius	1.0000000000
UNINTEGRATED|g__Streptococcus.s__Streptococcus_salivarius	1.0000000000
UNINTEGRATED|unclassified	1.0000000000
PWY-7238: sucrose biosynthesis II	1.0000000000
PWY-7238: sucrose biosynthesis II|g__Blautia.s__Blautia_obeum	1.0000000000
PWY-7238: sucrose biosynthesis II|g__Collinsella.s__Collinsella_aerofaciens	0.9844791264
PWY-7238: sucrose biosynthesis II|g__Blautia.s__Blautia_wexlerae	0.9999999947
PWY-7238: sucrose biosynthesis II|g__Lachnospiraceae_unclassified.s__Eubacterium_rectale	0.9999999998
PWY-7238: sucrose biosynthesis II|unclassified	0.9999988821
PWY-7238: sucrose biosynthesis II|g__Ruminococcus.s__Ruminococcus_bromii	0.7109646895
PWY-7238: sucrose biosynthesis II|g__Anaerostipes.s__Anaerostipes_hadrus	0.6936617880
PWY-7238: sucrose biosynthesis II|g__Gemmiger.s__Gemmiger_formicilis	0.0594003749
PWY-7238: sucrose biosynthesis II|g__Ruminococcaceae_unclassified.s__Eubacterium_siraeum	0.9998753213
PWY-7238: sucrose biosynthesis II|g__Sellimonas.s__Sellimonas_intestinalis	0.7249947977
PWY-7238: sucrose biosynthesis II|g__Roseburia.s__Roseburia_hominis	0.9588966172
PWY-7238: sucrose biosynthesis II|g__Eubacterium.s__Eubacterium_ramulus	0.9909537105
PWY-7238: sucrose biosynthesis II|g__Faecalibacterium.s__Faecalibacterium_prausnitzii	0.8620281019
PWY-7238: sucrose biosynthesis II|g__Roseburia.s__Roseburia_inulinivorans	0.7664454520
PWY-7238: sucrose biosynthesis II|g__Intestinibacter.s__Intestinibacter_bartlettii	0.5089546747
PWY-5941: glycogen degradation II	1.0000000000
PWY-5941: glycogen degradation II|g__Collinsella.s__Collinsella_aerofaciens	0.9895989398
PWY-5941: glycogen degradation II|g__Blautia.s__Blautia_obeum	0.1034508485
PWY-5941: glycogen degradation II|g__Blautia.s__Blautia_wexlerae	0.9999999929
PWY-5941: glycogen degradation II|unclassified	0.0000000000
PWY-5941: glycogen degradation II|g__Anaerostipes.s__Anaerostipes_hadrus	0.7499951510
PWY-5941: glycogen degradation II|g__Ruminococcaceae_unclassified.s__Eubacterium_siraeum	0.8479000514
PWY-5941: glycogen degradation II|g__Roseburia.s__Roseburia_hominis	0.9434149763
PWY-5941: glycogen degradation II|g__Eubacterium.s__Eubacterium_ramulus	0.9912261434
PWY-5941: glycogen degradation II|g__Faecalibacterium.s__Faecalibacterium_prausnitzii	0.0593778524
PWY-1042: glycolysis IV	1.0000000000
PWY-1042: glycolysis IV|unclassified	0.9999828404
PWY-1042: glycolysis IV|g__Collinsella.s__Collinsella_aerofaciens	0.0000000774
PWY-1042: glycolysis IV|g__Blautia.s__Blautia_wexlerae	0.0000000000
PWY-1042: glycolysis IV|g__Lachnospiraceae_unclassified.s__Eubacterium_rectale	0.0370394904
PWY-1042: glycolysis IV|g__Anaerostipes.s__Anaerostipes_hadrus	0.1548411180
PWY-1042: glycolysis IV|g__Blautia.s__Blautia_obeum	0.0000000000
PWY-1042: glycolysis IV|g__Roseburia.s__Roseburia_hominis	0.7116063103
PWY-1042: glycolysis IV|g__Faecalibacterium.s__Faecalibacterium_prausnitzii	0.5678161868
PWY-1042: glycolysis IV|g__Eggerthella.s__Eggerthella_lenta	0.2729799215
GLYCOGENSYNTH-PWY: glycogen biosynthesis I (from ADP-D-Glucose)	1.0000000000
GLYCOGENSYNTH-PWY: glycogen biosynthesis I (from ADP-D-Glucose)|g__Blautia.s__Blautia_obeum	0.9999999325
GLYCOGENSYNTH-PWY: glycogen biosynthesis I (from ADP-D-Glucose)|g__Blautia.s__Blautia_wexlerae	0.9999999893
GLYCOGENSYNTH-PWY: glycogen biosynthesis I (from ADP-D-Glucose)|g__Collinsella.s__Collinsella_aerofaciens	0.0000248931
GLYCOGENSYNTH-PWY: glycogen biosynthesis I (from ADP-D-Glucose)|unclassified	0.9661126334
GLYCOGENSYNTH-PWY: glycogen biosynthesis I (from ADP-D-Glucose)|g__Ruminococcus.s__Ruminococcus_bromii	0.1706156321
GLYCOGENSYNTH-PWY: glycogen biosynthesis I (from ADP-D-Glucose)|g__Anaerostipes.s__Anaerostipes_hadrus	0.9999693400
GLYCOGENSYNTH-PWY: glycogen biosynthesis I (from ADP-D-Glucose)|g__Lachnospiraceae_unclassified.s__Eubacterium_rectale	0.0002558721
GLYCOGENSYNTH-PWY: glycogen biosynthesis I (from ADP-D-Glucose)|g__Gemmiger.s__Gemmiger_formicilis	0.3734084973
GLYCOGENSYNTH-PWY: glycogen biosynthesis I (from ADP-D-Glucose)|g__Sellimonas.s__Sellimonas_intestinalis	0.8871192970
GLYCOGENSYNTH-PWY: glycogen biosynthesis I (from ADP-D-Glucose)|g__Roseburia.s__Roseburia_hominis	0.9218019353
GLYCOGENSYNTH-PWY: glycogen biosynthesis I (from ADP-D-Glucose)|g__Ruminococcaceae_unclassified.s__Eubacterium_siraeum	0.5714827951
GLYCOGENSYNTH-PWY: glycogen biosynthesis I (from ADP-D-Glucose)|g__Eubacterium.s__Eubacterium_ramulus	0.9891064992
GLYCOGENSYNTH-PWY: glycogen biosynthesis I (from ADP-D-Glucose)|g__Faecalibacterium.s__Faecalibacterium_prausnitzii	0.7245283927
DTDPRHAMSYN-PWY: dTDP-&beta;-L-rhamnose biosynthesis	1.0000000000
DTDPRHAMSYN-PWY: dTDP-&beta;-L-rhamnose biosynthesis|g__Collinsella.s__Collinsella_aerofaciens	1.0000000000
DTDPRHAMSYN-PWY: dTDP-&beta;-L-rhamnose biosynthesis|g__Akkermansia.s__Akkermansia_muciniphila	0.0640057406
DTDPRHAMSYN-PWY: dTDP-&beta;-L-rhamnose biosynthesis|unclassified	0.9999612309
DTDPRHAMSYN-PWY: dTDP-&beta;-L-rhamnose biosynthesis|g__Blautia.s__Blautia_obeum	0.7114619937
DTDPRHAMSYN-PWY: dTDP-&beta;-L-rhamnose biosynthesis|g__Lachnospiraceae_unclassified.s__Eubacterium_rectale	0.2580142977
DTDPRHAMSYN-PWY: dTDP-&beta;-L-rhamnose biosynthesis|g__Blautia.s__Blautia_wexlerae	0.0056982843
DTDPRHAMSYN-PWY: dTDP-&beta;-L-rhamnose biosynthesis|g__Gemmiger.s__Gemmiger_formicilis	0.6730353302
DTDPRHAMSYN-PWY: dTDP-&beta;-L-rhamnose biosynthesis|g__Anaerostipes.s__Anaerostipes_hadrus	0.1637303472
DTDPRHAMSYN-PWY: dTDP-&beta;-L-rhamnose biosynthesis|g__Sellimonas.s__Sellimonas_intestinalis	0.4581330944
DTDPRHAMSYN-PWY: dTDP-&beta;-L-rhamnose biosynthesis|g__Erysipelatoclostridium.s__Clostridium_spiroforme	0.8893498874
DTDPRHAMSYN-PWY: dTDP-&beta;-L-rhamnose biosynthesis|g__Faecalibacterium.s__Faecalibacterium_prausnitzii	0.4798165615
DTDPRHAMSYN-PWY: dTDP-&beta;-L-rhamnose biosynthesis|g__Roseburia.s__Roseburia_hominis	0.1127336240
PWY-6386: UDP-N-acetylmuramoyl-pentapeptide biosynthesis II (lysine-containing)	1.0000000000
PWY-6386: UDP-N-acetylmuramoyl-pentapeptide biosynthesis II (lysine-containing)|g__Collinsella.s__Collinsella_aerofaciens	0.0000943393
PWY-6386: UDP-N-acetylmuramoyl-pentapeptide biosynthesis II (lysine-containing)|unclassified	0.9832985328
PWY-6386: UDP-N-acetylmuramoyl-pentapeptide biosynthesis II (lysine-containing)|g__Blautia.s__Blautia_obeum	0.0416767173
PWY-6386: UDP-N-acetylmuramoyl-pentapeptide biosynthesis II (lysine-containing)|g__Blautia.s__Blautia_wexlerae	0.7809986766
PWY-6386: UDP-N-acetylmuramoyl-pentapeptide biosynthesis II (lysine-containing)|g__Lachnospiraceae_unclassified.s__Eubacterium_rectale	0.0786808251
PWY-6386: UDP-N-acetylmuramoyl-pentapeptide biosynthesis II (lysine-containing)|g__Gemmiger.s__Gemmiger_formicilis	0.0505461096
PWY-6386: UDP-N-acetylmuramoyl-pentapeptide biosynthesis II (lysine-containing)|g__Anaerostipes.s__Anaerostipes_hadrus	0.0696464483
PWY-6386: UDP-N-acetylmuramoyl-pentapeptide biosynthesis II (lysine-containing)|g__Sellimonas.s__Sellimonas_intestinalis	0.5018276257
PWY-6386: UDP-N-acetylmuramoyl-pentapeptide biosynthesis II (lysine-containing)|g__Ruminococcaceae_unclassified.s__Eubacterium_siraeum	0.0789721554
PWY-6386: UDP-N-acetylmuramoyl-pentapeptide biosynthesis II (lysine-containing)|g__Roseburia.s__Roseburia_hominis	0.0388648049
PWY-6386: UDP-N-acetylmuramoyl-pentapeptide biosynthesis II (lysine-containing)|g__Eggerthella.s__Eggerthella_lenta	0.1034049074
PWY-6387: UDP-N-acetylmuramoyl-pentapeptide biosynthesis I (meso-diaminopimelate containing)	1.0000000000
PWY-6387: UDP-N-acetylmuramoyl-pentapeptide biosynthesis I (meso-diaminopimelate containing)|g__Akkermansia.s__Akkermansia_muciniphila	0.0719382205
PWY-6387: UDP-N-acetylmuramoyl-pentapeptide biosynthesis I (meso-diaminopimelate containing)|g__Blautia.s__Blautia_obeum	0.7496487354
PWY-6387: UDP-N-acetylmuramoyl-pentapeptide biosynthesis I (meso-diaminopimelate containing)|unclassified	0.9987975671
PWY-6387: UDP-N-acetylmuramoyl-pentapeptide biosynthesis I (meso-diaminopimelate containing)|g__Collinsella.s__Collinsella_aerofaciens	0.0000786188
PWY-6387: UDP-N-acetylmuramoyl-pentapeptide biosynthesis I (meso-diaminopimelate containing)|g__Blautia.s__Blautia_wexlerae	0.6963572422
PWY-6387: UDP-N-acetylmuramoyl-pentapeptide biosynthesis I (meso-diaminopimelate containing)|g__Lachnospiraceae_unclassified.s__Eubacterium_rectale	0.0366599445
PWY-6387: UDP-N-acetylmuramoyl-pentapeptide biosynthesis I (meso-diaminopimelate containing)|g__Anaerostipes.s__Anaerostipes_hadrus	0.1970098644
PWY-6387: UDP-N-acetylmuramoyl-pentapeptide biosynthesis I (meso-diaminopimelate containing)|g__Gemmiger.s__Gemmiger_formicilis	0.0508446282
PWY-6387: UDP-N-acetylmuramoyl-pentapeptide biosynthesis I (meso-diaminopimelate containing)|g__Sellimonas.s__Sellimonas_intestinalis	0.5709364165
PWY-6387: UDP-N-acetylmuramoyl-pentapeptide biosynthesis I (meso-diaminopimelate containing)|g__Roseburia.s__Roseburia_hominis	0.1423295622
PWY-6387: UDP-N-acetylmuramoyl-pentapeptide biosynthesis I (meso-diaminopimelate containing)|g__Asaccharobacter.s__Asaccharobacter_celatus	0.2013181647
PWY-6387: UDP-N-acetylmuramoyl-pentapeptide biosynthesis I (meso-diaminopimelate containing)|g__Eggerthella.s__Eggerthella_lenta	0.1206016522
PEPTIDOGLYCANSYN-PWY: peptidoglycan biosynthesis I (meso-diaminopimelate containing)	1.0000000000
PEPTIDOGLYCANSYN-PWY: peptidoglycan biosynthesis I (meso-diaminopimelate containing)|g__Akkermansia.s__Akkermansia_muciniphila	0.0882007758
PEPTIDOGLYCANSYN-PWY: peptidoglycan biosynthesis I (meso-diaminopimelate containing)|g__Blautia.s__Blautia_obeum	0.7013755723
PEPTIDOGLYCANSYN-PWY: peptidoglycan biosynthesis I (meso-diaminopimelate containing)|unclassified	0.9990377932
PEPTIDOGLYCANSYN-PWY: peptidoglycan biosynthesis I (meso-diaminopimelate containing)|g__Collinsella.s__Collinsella_aerofaciens	0.0000982669
PEPTIDOGLYCANSYN-PWY: peptidoglycan biosynthesis I (meso-diaminopimelate containing)|g__Blautia.s__Blautia_wexlerae	0.7383470066
PEPTIDOGLYCANSYN-PWY: peptidoglycan biosynthesis I (meso-diaminopimelate containing)|g__Lachnospiraceae_unclassified.s__Eubacterium_rectale	0.0071249395
PEPTIDOGLYCANSYN-PWY: peptidoglycan biosynthesis I (meso-diaminopimelate containing)|g__Anaerostipes.s__Anaerostipes_hadrus	0.2339078083
PEPTIDOGLYCANSYN-PWY: peptidoglycan biosynthesis I (meso-diaminopimelate containing)|g__Gemmiger.s__Gemmiger_formicilis	0.0607723854
PEPTIDOGLYCANSYN-PWY: peptidoglycan biosynthesis I (meso-diaminopimelate containing)|g__Sellimonas.s__Sellimonas_intestinalis	0.4062975679
PEPTIDOGLYCANSYN-PWY: peptidoglycan biosynthesis I (meso-diaminopimelate containing)|g__Roseburia.s__Roseburia_hominis	0.1700505423
PEPTIDOGLYCANSYN-PWY: peptidoglycan biosynthesis I (meso-diaminopimelate containing)|g__Asaccharobacter.s__Asaccharobacter_celatus	0.2251126541
PEPTIDOGLYCANSYN-PWY: peptidoglycan biosynthesis I (meso-diaminopimelate containing)|g__Eggerthella.s__Eggerthella_lenta	0.0924295910
ARGSYNBSUB-PWY: L-arginine biosynthesis II (acetyl cycle)	1.0000000000
ARGSYNBSUB-PWY: L-arginine biosynthesis II (acetyl cycle)|g__Akkermansia.s__Akkermansia_muciniphila	0.1392688580
ARGSYNBSUB-PWY: L-arginine biosynthesis II (acetyl cycle)|g__Collinsella.s__Collinsella_aerofaciens	0.0101269559
ARGSYNBSUB-PWY: L-arginine biosynthesis II (acetyl cycle)|g__Blautia.s__Blautia_wexlerae	0.7626952926
ARGSYNBSUB-PWY: L-arginine biosynthesis II (acetyl cycle)|g__Blautia.s__Blautia_obeum	0.0000000024
ARGSYNBSUB-PWY: L-arginine biosynthesis II (acetyl cycle)|g__Ruminococcus.s__Ruminococcus_bromii	0.7710656035
ARGSYNBSUB-PWY: L-arginine biosynthesis II (acetyl cycle)|unclassified	0.0021060958
ARGSYNBSUB-PWY: L-arginine biosynthesis II (acetyl cycle)|g__Lachnospiraceae_unclassified.s__Eubacterium_rectale	0.0135529768
ARGSYNBSUB-PWY: L-arginine biosynthesis II (acetyl cycle)|g__Gemmiger.s__Gemmiger_formicilis	0.9064869751
ARGSYNBSUB-PWY: L-arginine biosynthesis II (acetyl cycle)|g__Anaerostipes.s__Anaerostipes_hadrus	0.0489406493
ARGSYNBSUB-PWY: L-arginine biosynthesis II (acetyl cycle)|g__Sellimonas.s__Sellimonas_intestinalis	0.3044452092
ARGSYNBSUB-PWY: L-arginine biosynthesis II (acetyl cycle)|g__Ruminococcaceae_unclassified.s__Eubacterium_siraeum	0.0318751355
ARGSYNBSUB-PWY: L-arginine biosynthesis II (acetyl cycle)|g__Faecalibacterium.s__Faecalibacterium_prausnitzii	0.4809625467
ARGSYNBSUB-PWY: L-arginine biosynthesis II (acetyl cycle)|g__Roseburia.s__Roseburia_hominis	0.0426541760
ARO-PWY: chorismate biosynthesis I	1.0000000000
ARO-PWY: chorismate biosynthesis I|g__Blautia.s__Blautia_obeum	0.8448187829
ARO-PWY: chorismate biosynthesis I|g__Akkermansia.s__Akkermansia_muciniphila	0.0009468191
ARO-PWY: chorismate biosynthesis I|g__Collinsella.s__Collinsella_aerofaciens	0.0000568275
ARO-PWY: chorismate biosynthesis I|g__Ruminococcus.s__Ruminococcus_bromii	0.1926700410
ARO-PWY: chorismate biosynthesis I|unclassified	0.0756879593
ARO-PWY: chorismate biosynthesis I|g__Lachnospiraceae_unclassified.s__Eubacterium_rectale	0.1175730641
ARO-PWY: chorismate biosynthesis I|g__Anaerostipes.s__Anaerostipes_hadrus	0.0171640140
ARO-PWY: chorismate biosynthesis I|g__Blautia.s__Blautia_wexlerae	0.0000000000
ARO-PWY: chorismate biosynthesis I|g__Ruminococcaceae_unclassified.s__Eubacterium_siraeum	0.3198270514
ARO-PWY: chorismate biosynthesis I|g__Sellimonas.s__Sellimonas_intestinalis	0.1993711299
ARO-PWY: chorismate biosynthesis I|g__Roseburia.s__Roseburia_hominis	0.0087127177
ARO-PWY: chorismate biosynthesis I|g__Eggerthella.s__Eggerthella_lenta	0.0535128830
PWY-5686: UMP biosynthesis I	1.0000000000
PWY-5686: UMP biosynthesis I|g__Akkermansia.s__Akkermansia_muciniphila	0.0336681992
PWY-5686: UMP biosynthesis I|g__Collinsella.s__Collinsella_aerofaciens	0.0019442849
PWY-5686: UMP biosynthesis I|g__Blautia.s__Blautia_obeum	0.0000001230
PWY-5686: UMP biosynthesis I|unclassified	0.0788817436
PWY-5686: UMP biosynthesis I|g__Lachnospiraceae_unclassified.s__Eubacterium_rectale	0.0989430692
PWY-5686: UMP biosynthesis I|g__Blautia.s__Blautia_wexlerae	0.0039238243
PWY-5686: UMP biosynthesis I|g__Gemmiger.s__Gemmiger_formicilis	0.1310226535
PWY-5686: UMP biosynthesis I|g__Anaerostipes.s__Anaerostipes_hadrus	0.1339059370
PWY-5686: UMP biosynthesis I|g__Sellimonas.s__Sellimonas_intestinalis	0.2057562239
PWY-5686: UMP biosynthesis I|g__Ruminococcaceae_unclassified.s__Eubacterium_siraeum	0.0005410806
PWY-5686: UMP biosynthesis I|g__Eggerthella.s__Eggerthella_lenta	0.3774143032
PWY-5686: UMP biosynthesis I|g__Asaccharobacter.s__Asaccharobacter_celatus	0.1374411758
PWY-7790: UMP biosynthesis II	1.0000000000
PWY-7790: UMP biosynthesis II|g__Akkermansia.s__Akkermansia_muciniphila	0.0161467721
PWY-7790: UMP biosynthesis II|g__Collinsella.s__Collinsella_aerofaciens	0.0019442849
PWY-7790: UMP biosynthesis II|g__Blautia.s__Blautia_obeum	0.0000001230
PWY-7790: UMP biosynthesis II|unclassified	0.0788817436
PWY-7790: UMP biosynthesis II|g__Lachnospiraceae_unclassified.s__Eubacterium_rectale	0.0989430692
PWY-7790: UMP biosynthesis II|g__Blautia.s__Blautia_wexlerae	0.0039238243
PWY-7790: UMP biosynthesis II|g__Gemmiger.s__Gemmiger_formicilis	0.1310226535
PWY-7790: UMP biosynthesis II|g__Anaerostipes.s__Anaerostipes_hadrus	0.1339059370
PWY-7790: UMP biosynthesis II|g__Sellimonas.s__Sellimonas_intestinalis	0.2057562239
PWY-7790: UMP biosynthesis II|g__Ruminococcaceae_unclassified.s__Eubacterium_siraeum	0.0005410806
PWY-7790: UMP biosynthesis II|g__Eggerthella.s__Eggerthella_lenta	0.3774143032
PWY-7790: UMP biosynthesis II|g__Asaccharobacter.s__Asaccharobacter_celatus	0.1374411758
PWY-7791: UMP biosynthesis III	1.0000000000
PWY-7791: UMP biosynthesis III|g__Akkermansia.s__Akkermansia_muciniphila	0.0161467721
PWY-7791: UMP biosynthesis III|g__Collinsella.s__Collinsella_aerofaciens	0.0019442849
PWY-7791: UMP biosynthesis III|g__Blautia.s__Blautia_obeum	0.0000001230
PWY-7791: UMP biosynthesis III|unclassified	0.0788817436
PWY-7791: UMP biosynthesis III|g__Lachnospiraceae_unclassified.s__Eubacterium_rectale	0.0989430692
PWY-7791: UMP biosynthesis III|g__Blautia.s__Blautia_wexlerae	0.0039238243
PWY-7791: UMP biosynthesis III|g__Gemmiger.s__Gemmiger_formicilis	0.1310226535
PWY-7791: UMP biosynthesis III|g__Anaerostipes.s__Anaerostipes_hadrus	0.1339059370
PWY-7791: UMP biosynthesis III|g__Sellimonas.s__Sellimonas_intestinalis	0.2057562239
PWY-7791: UMP biosynthesis III|g__Ruminococcaceae_unclassified.s__Eubacterium_siraeum	0.0005410806
PWY-7791: UMP biosynthesis III|g__Eggerthella.s__Eggerthella_lenta	0.3774143032
PWY-7791: UMP biosynthesis III|g__Asaccharobacter.s__Asaccharobacter_celatus	0.1374411758
PWY-6163: chorismate biosynthesis from 3-dehydroquinate	1.0000000000
PWY-6163: chorismate biosynthesis from 3-dehydroquinate|g__Blautia.s__Blautia_obeum	0.8824007017
PWY-6163: chorismate biosynthesis from 3-dehydroquinate|g__Akkermansia.s__Akkermansia_muciniphila	0.0006764826
PWY-6163: chorismate biosynthesis from 3-dehydroquinate|g__Collinsella.s__Collinsella_aerofaciens	0.0064219065
PWY-6163: chorismate biosynthesis from 3-dehydroquinate|g__Ruminococcus.s__Ruminococcus_bromii	0.6665542041
PWY-6163: chorismate biosynthesis from 3-dehydroquinate|g__Lachnospiraceae_unclassified.s__Eubacterium_rectale	0.4418453719
PWY-6163: chorismate biosynthesis from 3-dehydroquinate|unclassified	0.2358171316
PWY-6163: chorismate biosynthesis from 3-dehydroquinate|g__Blautia.s__Blautia_wexlerae	0.0000000004
PWY-6163: chorismate biosynthesis from 3-dehydroquinate|g__Anaerostipes.s__Anaerostipes_hadrus	0.4729298439
PWY-6163: chorismate biosynthesis from 3-dehydroquinate|g__Sellimonas.s__Sellimonas_intestinalis	0.4699234020
PWY-6163: chorismate biosynthesis from 3-dehydroquinate|g__Ruminococcaceae_unclassified.s__Eubacterium_siraeum	0.3209661940
PWY-6163: chorismate biosynthesis from 3-dehydroquinate|g__Asaccharobacter.s__Asaccharobacter_celatus	0.3593863559
PWY-6163: chorismate biosynthesis from 3-dehydroquinate|g__Roseburia.s__Roseburia_hominis	0.0062777437
PWY-6163: chorismate biosynthesis from 3-dehydroquinate|g__Eggerthella.s__Eggerthella_lenta	0.0412678795
PWY-6163: chorismate biosynthesis from 3-dehydroquinate|g__Eubacterium.s__Eubacterium_ramulus	0.4298894036
ARGSYN-PWY: L-arginine biosynthesis I (via L-ornithine)	1.0000000000
ARGSYN-PWY: L-arginine biosynthesis I (via L-ornithine)|g__Collinsella.s__Collinsella_aerofaciens	0.0000000001
ARGSYN-PWY: L-arginine biosynthesis I (via L-ornithine)|g__Blautia.s__Blautia_wexlerae	0.8870052821
ARGSYN-PWY: L-arginine biosynthesis I (via L-ornithine)|unclassified	0.0056651503
ARGSYN-PWY: L-arginine biosynthesis I (via L-ornithine)|g__Lachnospiraceae_unclassified.s__Eubacterium_rectale	0.0082912585
ARGSYN-PWY: L-arginine biosynthesis I (via L-ornithine)|g__Gemmiger.s__Gemmiger_formicilis	0.8621702741
ARGSYN-PWY: L-arginine biosynthesis I (via L-ornithine)|g__Anaerostipes.s__Anaerostipes_hadrus	0.0105518520
ARGSYN-PWY: L-arginine biosynthesis I (via L-ornithine)|g__Sellimonas.s__Sellimonas_intestinalis	0.1765412850
ARGSYN-PWY: L-arginine biosynthesis I (via L-ornithine)|g__Ruminococcaceae_unclassified.s__Eubacterium_siraeum	0.0379020854
ARGSYN-PWY: L-arginine biosynthesis I (via L-ornithine)|g__Blautia.s__Blautia_obeum	0.0000000000
PWY-7221: guanosine ribonucleotides de novo biosynthesis	1.0000000000
PWY-7221: guanosine ribonucleotides de novo biosynthesis|g__Akkermansia.s__Akkermansia_muciniphila	0.9822929174
PWY-7221: guanosine ribonucleotides de novo biosynthesis|g__Collinsella.s__Collinsella_aerofaciens	0.0303440689
PWY-7221: guanosine ribonucleotides de novo biosynthesis|g__Blautia.s__Blautia_wexlerae	0.8634979528
PWY-7221: guanosine ribonucleotides de novo biosynthesis|g__Blautia.s__Blautia_obeum	0.0000000015
PWY-7221: guanosine ribonucleotides de novo biosynthesis|g__Ruminococcus.s__Ruminococcus_bromii	0.0007355821
PWY-7221: guanosine ribonucleotides de novo biosynthesis|unclassified	0.0004958024
PWY-7221: guanosine ribonucleotides de novo biosynthesis|g__Lachnospiraceae_unclassified.s__Eubacterium_rectale	0.0331902960
PWY-7221: guanosine ribonucleotides de novo biosynthesis|g__Anaerostipes.s__Anaerostipes_hadrus	0.0000604612
PWY-7221: guanosine ribonucleotides de novo biosynthesis|g__Eggerthella.s__Eggerthella_lenta	0.9268370264
PWY-7221: guanosine ribonucleotides de novo biosynthesis|g__Ruminococcaceae_unclassified.s__Eubacterium_siraeum	0.1413039576
PWY-7221: guanosine ribonucleotides de novo biosynthesis|g__Sellimonas.s__Sellimonas_intestinalis	0.0319122749
PWY-7221: guanosine ribonucleotides de novo biosynthesis|g__Gordonibacter.s__Gordonibacter_pamelaeae	0.8669941937
PWY-7221: guanosine ribonucleotides de novo biosynthesis|g__Bacteroides.s__Bacteroides_vulgatus	0.7188120895
VALSYN-PWY: L-valine biosynthesis	1.0000000000
VALSYN-PWY: L-valine biosynthesis|g__Akkermansia.s__Akkermansia_muciniphila	0.5448036406
VALSYN-PWY: L-valine biosynthesis|g__Blautia.s__Blautia_obeum	0.1799602522
VALSYN-PWY: L-valine biosynthesis|unclassified	0.1090697408
VALSYN-PWY: L-valine biosynthesis|g__Lachnospiraceae_unclassified.s__Eubacterium_rectale	0.1651367603
VALSYN-PWY: L-valine biosynthesis|g__Ruminococcus.s__Ruminococcus_bromii	0.0042463998
VALSYN-PWY: L-valine biosynthesis|g__Blautia.s__Blautia_wexlerae	0.0000002601
VALSYN-PWY: L-valine biosynthesis|g__Gemmiger.s__Gemmiger_formicilis	0.7278282642
VALSYN-PWY: L-valine biosynthesis|g__Anaerostipes.s__Anaerostipes_hadrus	0.0142144141
VALSYN-PWY: L-valine biosynthesis|g__Ruminococcaceae_unclassified.s__Eubacterium_siraeum	0.5022173769
VALSYN-PWY: L-valine biosynthesis|g__Sellimonas.s__Sellimonas_intestinalis	0.2228926016
VALSYN-PWY: L-valine biosynthesis|g__Roseburia.s__Roseburia_hominis	0.5224710870
VALSYN-PWY: L-valine biosynthesis|g__Asaccharobacter.s__Asaccharobacter_celatus	0.2338949035
VALSYN-PWY: L-valine biosynthesis|g__Eggerthella.s__Eggerthella_lenta	0.3945180175
VALSYN-PWY: L-valine biosynthesis|g__Eubacterium.s__Eubacterium_ramulus	0.4756538556
VALSYN-PWY: L-valine biosynthesis|g__Faecalibacterium.s__Faecalibacterium_prausnitzii	0.0557131539
VALSYN-PWY: L-valine biosynthesis|g__Ruthenibacterium.s__Ruthenibacterium_lactatiformans	0.6221214659
VALSYN-PWY: L-valine biosynthesis|g__Gordonibacter.s__Gordonibacter_pamelaeae	0.0627051123
VALSYN-PWY: L-valine biosynthesis|g__Roseburia.s__Roseburia_inulinivorans	0.3335868127
VALSYN-PWY: L-valine biosynthesis|g__Streptococcus.s__Streptococcus_infantarius	0.2544789372
VALSYN-PWY: L-valine biosynthesis|g__Roseburia.s__Roseburia_intestinalis	0.4206203919
PWY-6122: 5-aminoimidazole ribonucleotide biosynthesis II	1.0000000000
PWY-6122: 5-aminoimidazole ribonucleotide biosynthesis II|g__Collinsella.s__Collinsella_aerofaciens	0.9932239689
PWY-6122: 5-aminoimidazole ribonucleotide biosynthesis II|g__Akkermansia.s__Akkermansia_muciniphila	0.4778568896
PWY-6122: 5-aminoimidazole ribonucleotide biosynthesis II|g__Blautia.s__Blautia_obeum	0.8973390958
PWY-6122: 5-aminoimidazole ribonucleotide biosynthesis II|unclassified	0.4313288503
PWY-6122: 5-aminoimidazole ribonucleotide biosynthesis II|g__Ruminococcus.s__Ruminococcus_bromii	0.0043822633
PWY-6122: 5-aminoimidazole ribonucleotide biosynthesis II|g__Lachnospiraceae_unclassified.s__Eubacterium_rectale	0.2639693375
PWY-6122: 5-aminoimidazole ribonucleotide biosynthesis II|g__Blautia.s__Blautia_wexlerae	0.0970445252
PWY-6122: 5-aminoimidazole ribonucleotide biosynthesis II|g__Gemmiger.s__Gemmiger_formicilis	0.3465559926
PWY-6122: 5-aminoimidazole ribonucleotide biosynthesis II|g__Anaerostipes.s__Anaerostipes_hadrus	0.0890546493
PWY-6122: 5-aminoimidazole ribonucleotide biosynthesis II|g__Sellimonas.s__Sellimonas_intestinalis	0.8574005977
PWY-6122: 5-aminoimidazole ribonucleotide biosynthesis II|g__Ruminococcaceae_unclassified.s__Eubacterium_siraeum	0.3939699227
PWY-6122: 5-aminoimidazole ribonucleotide biosynthesis II|g__Roseburia.s__Roseburia_hominis	0.7204557653
PWY-6122: 5-aminoimidazole ribonucleotide biosynthesis II|g__Asaccharobacter.s__Asaccharobacter_celatus	0.5943971730
PWY-6122: 5-aminoimidazole ribonucleotide biosynthesis II|g__Eggerthella.s__Eggerthella_lenta	0.6034153988
PWY-6122: 5-aminoimidazole ribonucleotide biosynthesis II|g__Eubacterium.s__Eubacterium_ramulus	0.2231725150
PWY-6122: 5-aminoimidazole ribonucleotide biosynthesis II|g__Gordonibacter.s__Gordonibacter_pamelaeae	0.2307322788
PWY-6277: superpathway of 5-aminoimidazole ribonucleotide biosynthesis	1.0000000000
PWY-6277: superpathway of 5-aminoimidazole ribonucleotide biosynthesis|g__Collinsella.s__Collinsella_aerofaciens	0.9932239689
PWY-6277: superpathway of 5-aminoimidazole ribonucleotide biosynthesis|g__Akkermansia.s__Akkermansia_muciniphila	0.4778568896
PWY-6277: superpathway of 5-aminoimidazole ribonucleotide biosynthesis|g__Blautia.s__Blautia_obeum	0.8973390958
PWY-6277: superpathway of 5-aminoimidazole ribonucleotide biosynthesis|unclassified	0.4313288503
PWY-6277: superpathway of 5-aminoimidazole ribonucleotide biosynthesis|g__Ruminococcus.s__Ruminococcus_bromii	0.0043822633
PWY-6277: superpathway of 5-aminoimidazole ribonucleotide biosynthesis|g__Lachnospiraceae_unclassified.s__Eubacterium_rectale	0.2639693375
PWY-6277: superpathway of 5-aminoimidazole ribonucleotide biosynthesis|g__Blautia.s__Blautia_wexlerae	0.0970445252
PWY-6277: superpathway of 5-aminoimidazole ribonucleotide biosynthesis|g__Gemmiger.s__Gemmiger_formicilis	0.3465559926
PWY-6277: superpathway of 5-aminoimidazole ribonucleotide biosynthesis|g__Anaerostipes.s__Anaerostipes_hadrus	0.0890546493
PWY-6277: superpathway of 5-aminoimidazole ribonucleotide biosynthesis|g__Sellimonas.s__Sellimonas_intestinalis	0.8574005977
PWY-6277: superpathway of 5-aminoimidazole ribonucleotide biosynthesis|g__Ruminococcaceae_unclassified.s__Eubacterium_siraeum	0.3939699227
PWY-6277: superpathway of 5-aminoimidazole ribonucleotide biosynthesis|g__Roseburia.s__Roseburia_hominis	0.7204557653
PWY-6277: superpathway of 5-aminoimidazole ribonucleotide biosynthesis|g__Asaccharobacter.s__Asaccharobacter_celatus	0.5943971730
PWY-6277: superpathway of 5-aminoimidazole ribonucleotide biosynthesis|g__Eggerthella.s__Eggerthella_lenta	0.6034153988
PWY-6277: superpathway of 5-aminoimidazole ribonucleotide biosynthesis|g__Eubacterium.s__Eubacterium_ramulus	0.2231725150
PWY-6277: superpathway of 5-aminoimidazole ribonucleotide biosynthesis|g__Gordonibacter.s__Gordonibacter_pamelaeae	0.2307322788
PWY-6385: peptidoglycan biosynthesis III (mycobacteria)	1.0000000000
PWY-6385: peptidoglycan biosynthesis III (mycobacteria)|g__Collinsella.s__Collinsella_aerofaciens	0.0000982120
PWY-6385: peptidoglycan biosynthesis III (mycobacteria)|g__Blautia.s__Blautia_obeum	0.0434131004
PWY-6385: peptidoglycan biosynthesis III (mycobacteria)|unclassified	0.9835101418
PWY-6385: peptidoglycan biosynthesis III (mycobacteria)|g__Blautia.s__Blautia_wexlerae	0.3594007682
PWY-6385: peptidoglycan biosynthesis III (mycobacteria)|g__Lachnospiraceae_unclassified.s__Eubacterium_rectale	0.0370197593
PWY-6385: peptidoglycan biosynthesis III (mycobacteria)|g__Anaerostipes.s__Anaerostipes_hadrus	0.2244996674
PWY-6385: peptidoglycan biosynthesis III (mycobacteria)|g__Sellimonas.s__Sellimonas_intestinalis	0.3898407142
PWY-6385: peptidoglycan biosynthesis III (mycobacteria)|g__Roseburia.s__Roseburia_hominis	0.0427202498
PWY-6385: peptidoglycan biosynthesis III (mycobacteria)|g__Eggerthella.s__Eggerthella_lenta	0.0924884095
PWY-6121: 5-aminoimidazole ribonucleotide biosynthesis I	1.0000000000
PWY-6121: 5-aminoimidazole ribonucleotide biosynthesis I|g__Collinsella.s__Collinsella_aerofaciens	0.9945599246
PWY-6121: 5-aminoimidazole ribonucleotide biosynthesis I|g__Akkermansia.s__Akkermansia_muciniphila	0.5274125200
PWY-6121: 5-aminoimidazole ribonucleotide biosynthesis I|g__Blautia.s__Blautia_obeum	0.9140819978
PWY-6121: 5-aminoimidazole ribonucleotide biosynthesis I|unclassified	0.0900189900
PWY-6121: 5-aminoimidazole ribonucleotide biosynthesis I|g__Ruminococcus.s__Ruminococcus_bromii	0.0054511342
PWY-6121: 5-aminoimidazole ribonucleotide biosynthesis I|g__Lachnospiraceae_unclassified.s__Eubacterium_rectale	0.3071345660
PWY-6121: 5-aminoimidazole ribonucleotide biosynthesis I|g__Blautia.s__Blautia_wexlerae	0.0369576574
PWY-6121: 5-aminoimidazole ribonucleotide biosynthesis I|g__Gemmiger.s__Gemmiger_formicilis	0.2597406730
PWY-6121: 5-aminoimidazole ribonucleotide biosynthesis I|g__Anaerostipes.s__Anaerostipes_hadrus	0.0379705499
PWY-6121: 5-aminoimidazole ribonucleotide biosynthesis I|g__Sellimonas.s__Sellimonas_intestinalis	0.7149534579
PWY-6121: 5-aminoimidazole ribonucleotide biosynthesis I|g__Ruminococcaceae_unclassified.s__Eubacterium_siraeum	0.4366550801
PWY-6121: 5-aminoimidazole ribonucleotide biosynthesis I|g__Asaccharobacter.s__Asaccharobacter_celatus	0.6466482921
PWY-6121: 5-aminoimidazole ribonucleotide biosynthesis I|g__Roseburia.s__Roseburia_hominis	0.7235323473
PWY-6121: 5-aminoimidazole ribonucleotide biosynthesis I|g__Eggerthella.s__Eggerthella_lenta	0.6486635915
PWY-6121: 5-aminoimidazole ribonucleotide biosynthesis I|g__Gordonibacter.s__Gordonibacter_pamelaeae	0.2722578311
PWY-7953: UDP-N-acetylmuramoyl-pentapeptide biosynthesis III (meso-diaminopimelate containing)	1.0000000000
PWY-7953: UDP-N-acetylmuramoyl-pentapeptide biosynthesis III (meso-diaminopimelate containing)|g__Akkermansia.s__Akkermansia_muciniphila	0.0640109736
PWY-7953: UDP-N-acetylmuramoyl-pentapeptide biosynthesis III (meso-diaminopimelate containing)|g__Blautia.s__Blautia_obeum	0.0309772393
PWY-7953: UDP-N-acetylmuramoyl-pentapeptide biosynthesis III (meso-diaminopimelate containing)|unclassified	0.9766084101
PWY-7953: UDP-N-acetylmuramoyl-pentapeptide biosynthesis III (meso-diaminopimelate containing)|g__Blautia.s__Blautia_wexlerae	0.2963568074
PWY-7953: UDP-N-acetylmuramoyl-pentapeptide biosynthesis III (meso-diaminopimelate containing)|g__Lachnospiraceae_unclassified.s__Eubacterium_rectale	0.0053706097
PWY-7953: UDP-N-acetylmuramoyl-pentapeptide biosynthesis III (meso-diaminopimelate containing)|g__Anaerostipes.s__Anaerostipes_hadrus	0.0547090649
PWY-7953: UDP-N-acetylmuramoyl-pentapeptide biosynthesis III (meso-diaminopimelate containing)|g__Sellimonas.s__Sellimonas_intestinalis	0.5393538038
PWY-7953: UDP-N-acetylmuramoyl-pentapeptide biosynthesis III (meso-diaminopimelate containing)|g__Eggerthella.s__Eggerthella_lenta	0.2330713621
PWY-7953: UDP-N-acetylmuramoyl-pentapeptide biosynthesis III (meso-diaminopimelate containing)|g__Roseburia.s__Roseburia_hominis	0.0305095790
ANAGLYCOLYSIS-PWY: glycolysis III (from glucose)	0.6529549870
ANAGLYCOLYSIS-PWY: glycolysis III (from glucose)|unclassified	0.9630222401
ANAGLYCOLYSIS-PWY: glycolysis III (from glucose)|g__Collinsella.s__Collinsella_aerofaciens	0.0000000464
ANAGLYCOLYSIS-PWY: glycolysis III (from glucose)|g__Lachnospiraceae_unclassified.s__Eubacterium_rectale	0.0226825294
ANAGLYCOLYSIS-PWY: glycolysis III (from glucose)|g__Blautia.s__Blautia_wexlerae	0.0000000000
ANAGLYCOLYSIS-PWY: glycolysis III (from glucose)|g__Anaerostipes.s__Anaerostipes_hadrus	0.0980343848
ANAGLYCOLYSIS-PWY: glycolysis III (from glucose)|g__Blautia.s__Blautia_obeum	0.0000000000
COMPLETE-ARO-PWY: superpathway of aromatic amino acid biosynthesis	1.0000000000
COMPLETE-ARO-PWY: superpathway of aromatic amino acid biosynthesis|g__Blautia.s__Blautia_obeum	0.5760379792
COMPLETE-ARO-PWY: superpathway of aromatic amino acid biosynthesis|g__Lachnospiraceae_unclassified.s__Eubacterium_rectale	0.0915682631
COMPLETE-ARO-PWY: superpathway of aromatic amino acid biosynthesis|unclassified	0.0000001012
COMPLETE-ARO-PWY: superpathway of aromatic amino acid biosynthesis|g__Anaerostipes.s__Anaerostipes_hadrus	0.0158021306
COMPLETE-ARO-PWY: superpathway of aromatic amino acid biosynthesis|g__Sellimonas.s__Sellimonas_intestinalis	0.1929201718
COMPLETE-ARO-PWY: superpathway of aromatic amino acid biosynthesis|g__Ruminococcaceae_unclassified.s__Eubacterium_siraeum	0.1655052976
ILEUSYN-PWY: L-isoleucine biosynthesis I (from threonine)	1.0000000000
ILEUSYN-PWY: L-isoleucine biosynthesis I (from threonine)|g__Akkermansia.s__Akkermansia_muciniphila	0.4151700246
ILEUSYN-PWY: L-isoleucine biosynthesis I (from threonine)|unclassified	0.0254345679
ILEUSYN-PWY: L-isoleucine biosynthesis I (from threonine)|g__Lachnospiraceae_unclassified.s__Eubacterium_rectale	0.0712514739
ILEUSYN-PWY: L-isoleucine biosynthesis I (from threonine)|g__Gemmiger.s__Gemmiger_formicilis	0.1495778265
ILEUSYN-PWY: L-isoleucine biosynthesis I (from threonine)|g__Anaerostipes.s__Anaerostipes_hadrus	0.0094138791
ILEUSYN-PWY: L-isoleucine biosynthesis I (from threonine)|g__Blautia.s__Blautia_wexlerae	0.0000000000
ILEUSYN-PWY: L-isoleucine biosynthesis I (from threonine)|g__Ruminococcaceae_unclassified.s__Eubacterium_siraeum	0.4460864136
ILEUSYN-PWY: L-isoleucine biosynthesis I (from threonine)|g__Blautia.s__Blautia_obeum	0.0000000000
ILEUSYN-PWY: L-isoleucine biosynthesis I (from threonine)|g__Roseburia.s__Roseburia_hominis	0.4841235995
ILEUSYN-PWY: L-isoleucine biosynthesis I (from threonine)|g__Asaccharobacter.s__Asaccharobacter_celatus	0.1607535816
ILEUSYN-PWY: L-isoleucine biosynthesis I (from threonine)|g__Eggerthella.s__Eggerthella_lenta	0.3182233729
ILEUSYN-PWY: L-isoleucine biosynthesis I (from threonine)|g__Roseburia.s__Roseburia_inulinivorans	0.1703604425
ILEUSYN-PWY: L-isoleucine biosynthesis I (from threonine)|g__Roseburia.s__Roseburia_intestinalis	0.4069025705
TRNA-CHARGING-PWY: tRNA charging	1.0000000000
TRNA-CHARGING-PWY: tRNA charging|unclassified	0.0405076337
TRNA-CHARGING-PWY: tRNA charging|g__Lachnospiraceae_unclassified.s__Eubacterium_rectale	0.0000601658
TRNA-CHARGING-PWY: tRNA charging|g__Gemmiger.s__Gemmiger_formicilis	0.3296191740
TRNA-CHARGING-PWY: tRNA charging|g__Anaerostipes.s__Anaerostipes_hadrus	0.0044886536
TRNA-CHARGING-PWY: tRNA charging|g__Roseburia.s__Roseburia_hominis	0.1988672774
TRNA-CHARGING-PWY: tRNA charging|g__Faecalibacterium.s__Faecalibacterium_prausnitzii	0.1285491180
CALVIN-PWY: Calvin-Benson-Bassham cycle	1.0000000000
CALVIN-PWY: Calvin-Benson-Bassham cycle|g__Blautia.s__Blautia_wexlerae	0.0022091700
CALVIN-PWY: Calvin-Benson-Bassham cycle|g__Collinsella.s__Collinsella_aerofaciens	0.0000026179
CALVIN-PWY: Calvin-Benson-Bassham cycle|unclassified	0.0027295720
CALVIN-PWY: Calvin-Benson-Bassham cycle|g__Lachnospiraceae_unclassified.s__Eubacterium_rectale	0.0054702176
CALVIN-PWY: Calvin-Benson-Bassham cycle|g__Anaerostipes.s__Anaerostipes_hadrus	0.0276441036
CALVIN-PWY: Calvin-Benson-Bassham cycle|g__Blautia.s__Blautia_obeum	0.0000000000
CALVIN-PWY: Calvin-Benson-Bassham cycle|g__Roseburia.s__Roseburia_hominis	0.0242639774
BRANCHED-CHAIN-AA-SYN-PWY: superpathway of branched chain amino acid biosynthesis	1.0000000000
BRANCHED-CHAIN-AA-SYN-PWY: superpathway of branched chain amino acid biosynthesis|g__Akkermansia.s__Akkermansia_muciniphila	0.4074835603
BRANCHED-CHAIN-AA-SYN-PWY: superpathway of branched chain amino acid biosynthesis|unclassified	0.0300404274
BRANCHED-CHAIN-AA-SYN-PWY: superpathway of branched chain amino acid biosynthesis|g__Lachnospiraceae_unclassified.s__Eubacterium_rectale	0.0759926168
BRANCHED-CHAIN-AA-SYN-PWY: superpathway of branched chain amino acid biosynthesis|g__Gemmiger.s__Gemmiger_formicilis	0.1687097124
BRANCHED-CHAIN-AA-SYN-PWY: superpathway of branched chain amino acid biosynthesis|g__Anaerostipes.s__Anaerostipes_hadrus	0.0088237193
BRANCHED-CHAIN-AA-SYN-PWY: superpathway of branched chain amino acid biosynthesis|g__Blautia.s__Blautia_wexlerae	0.0000000000
BRANCHED-CHAIN-AA-SYN-PWY: superpathway of branched chain amino acid biosynthesis|g__Ruminococcaceae_unclassified.s__Eubacterium_siraeum	0.4653477797
BRANCHED-CHAIN-AA-SYN-PWY: superpathway of branched chain amino acid biosynthesis|g__Blautia.s__Blautia_obeum	0.0000000000
BRANCHED-CHAIN-AA-SYN-PWY: superpathway of branched chain amino acid biosynthesis|g__Roseburia.s__Roseburia_hominis	0.4781447380
BRANCHED-CHAIN-AA-SYN-PWY: superpathway of branched chain amino acid biosynthesis|g__Asaccharobacter.s__Asaccharobacter_celatus	0.1914087688
BRANCHED-CHAIN-AA-SYN-PWY: superpathway of branched chain amino acid biosynthesis|g__Eggerthella.s__Eggerthella_lenta	0.3277652759
GLUTORN-PWY: L-ornithine biosynthesis I	1.0000000000
GLUTORN-PWY: L-ornithine biosynthesis I|g__Blautia.s__Blautia_obeum	0.0000000013
GLUTORN-PWY: L-ornithine biosynthesis I|g__Collinsella.s__Collinsella_aerofaciens	0.0000000000
GLUTORN-PWY: L-ornithine biosynthesis I|g__Ruminococcus.s__Ruminococcus_bromii	0.8526251830
GLUTORN-PWY: L-ornithine biosynthesis I|g__Blautia.s__Blautia_wexlerae	0.6207783805
GLUTORN-PWY: L-ornithine biosynthesis I|unclassified	0.0011858619
GLUTORN-PWY: L-ornithine biosynthesis I|g__Lachnospiraceae_unclassified.s__Eubacterium_rectale	0.0053245376
GLUTORN-PWY: L-ornithine biosynthesis I|g__Gemmiger.s__Gemmiger_formicilis	0.7818321327
GLUTORN-PWY: L-ornithine biosynthesis I|g__Anaerostipes.s__Anaerostipes_hadrus	0.0022604226
GLUTORN-PWY: L-ornithine biosynthesis I|g__Sellimonas.s__Sellimonas_intestinalis	0.0839472904
GLUTORN-PWY: L-ornithine biosynthesis I|g__Ruminococcaceae_unclassified.s__Eubacterium_siraeum	0.0357331793
GLUTORN-PWY: L-ornithine biosynthesis I|g__Roseburia.s__Roseburia_hominis	0.2254912563
GLUTORN-PWY: L-ornithine biosynthesis I|g__Blautia.s__Blautia_hydrogenotrophica	0.3836939706
PWY-5103: L-isoleucine biosynthesis III	1.0000000000
PWY-5103: L-isoleucine biosynthesis III|g__Akkermansia.s__Akkermansia_muciniphila	0.3531679151
PWY-5103: L-isoleucine biosynthesis III|unclassified	0.0169379174
PWY-5103: L-isoleucine biosynthesis III|g__Lachnospiraceae_unclassified.s__Eubacterium_rectale	0.0505237677
PWY-5103: L-isoleucine biosynthesis III|g__Gemmiger.s__Gemmiger_formicilis	0.1009685308
PWY-5103: L-isoleucine biosynthesis III|g__Anaerostipes.s__Anaerostipes_hadrus	0.0072805601
PWY-5103: L-isoleucine biosynthesis III|g__Blautia.s__Blautia_wexlerae	0.0000000000
PWY-5103: L-isoleucine biosynthesis III|g__Ruminococcaceae_unclassified.s__Eubacterium_siraeum	0.3922491828
PWY-5103: L-isoleucine biosynthesis III|g__Roseburia.s__Roseburia_hominis	0.4472338112
PWY-5103: L-isoleucine biosynthesis III|g__Blautia.s__Blautia_obeum	0.0000000000
PWY-5103: L-isoleucine biosynthesis III|g__Asaccharobacter.s__Asaccharobacter_celatus	0.1248027084
PWY-5103: L-isoleucine biosynthesis III|g__Eggerthella.s__Eggerthella_lenta	0.2725078118
PWY-5103: L-isoleucine biosynthesis III|g__Roseburia.s__Roseburia_inulinivorans	0.1261192275
PWY-5103: L-isoleucine biosynthesis III|g__Roseburia.s__Roseburia_intestinalis	0.3817185610
PWY66-429: fatty acid biosynthesis initiation (mitochondria)	0.9999999983
PWY66-429: fatty acid biosynthesis initiation (mitochondria)|g__Blautia.s__Blautia_obeum	0.9046834927
PWY66-429: fatty acid biosynthesis initiation (mitochondria)|unclassified	0.9999999989
PWY66-429: fatty acid biosynthesis initiation (mitochondria)|g__Blautia.s__Blautia_wexlerae	0.0000126684
PWY66-429: fatty acid biosynthesis initiation (mitochondria)|g__Anaerostipes.s__Anaerostipes_hadrus	0.5739356730
PWY66-429: fatty acid biosynthesis initiation (mitochondria)|g__Ruminococcaceae_unclassified.s__Eubacterium_siraeum	0.3755876027
PWY66-429: fatty acid biosynthesis initiation (mitochondria)|g__Sellimonas.s__Sellimonas_intestinalis	0.3219047913
PWY66-429: fatty acid biosynthesis initiation (mitochondria)|g__Eggerthella.s__Eggerthella_lenta	0.1853035925
PWY66-429: fatty acid biosynthesis initiation (mitochondria)|g__Eubacterium.s__Eubacterium_ramulus	0.1084333816
NONMEVIPP-PWY: methylerythritol phosphate pathway I	1.0000000000
NONMEVIPP-PWY: methylerythritol phosphate pathway I|g__Blautia.s__Blautia_obeum	0.0000000091
NONMEVIPP-PWY: methylerythritol phosphate pathway I|unclassified	0.1666938530
NONMEVIPP-PWY: methylerythritol phosphate pathway I|g__Ruminococcus.s__Ruminococcus_bromii	0.0000219650
NONMEVIPP-PWY: methylerythritol phosphate pathway I|g__Blautia.s__Blautia_wexlerae	0.0000000005
NONMEVIPP-PWY: methylerythritol phosphate pathway I|g__Gemmiger.s__Gemmiger_formicilis	0.0120635678
NONMEVIPP-PWY: methylerythritol phosphate pathway I|g__Anaerostipes.s__Anaerostipes_hadrus	0.0024803659
NONMEVIPP-PWY: methylerythritol phosphate pathway I|g__Sellimonas.s__Sellimonas_intestinalis	0.2760219805
NONMEVIPP-PWY: methylerythritol phosphate pathway I|g__Ruminococcaceae_unclassified.s__Eubacterium_siraeum	0.0436135731
NONMEVIPP-PWY: methylerythritol phosphate pathway I|g__Asaccharobacter.s__Asaccharobacter_celatus	0.6504139261
NONMEVIPP-PWY: methylerythritol phosphate pathway I|g__Roseburia.s__Roseburia_hominis	0.0711664834
PWY-3841: folate transformations II (plants)	1.0000000000
PWY-3841: folate transformations II (plants)|g__Akkermansia.s__Akkermansia_muciniphila	0.0044640813
PWY-3841: folate transformations II (plants)|unclassified	0.9864397869
PWY-3841: folate transformations II (plants)|g__Blautia.s__Blautia_wexlerae	0.0000000000
PWY-3841: folate transformations II (plants)|g__Lachnospiraceae_unclassified.s__Eubacterium_rectale	0.0424076991
PWY-3841: folate transformations II (plants)|g__Blautia.s__Blautia_obeum	0.0000000000
PWY-3841: folate transformations II (plants)|g__Anaerostipes.s__Anaerostipes_hadrus	0.0027361921
PWY-3841: folate transformations II (plants)|g__Sellimonas.s__Sellimonas_intestinalis	0.4849274127
PWY-3841: folate transformations II (plants)|g__Ruminococcaceae_unclassified.s__Eubacterium_siraeum	0.4365891674
PWY-3841: folate transformations II (plants)|g__Roseburia.s__Roseburia_hominis	0.7350033425
PWY-8178: pentose phosphate pathway (non-oxidative branch) II	1.0000000000
PWY-8178: pentose phosphate pathway (non-oxidative branch) II|g__Collinsella.s__Collinsella_aerofaciens	0.0000007272
PWY-8178: pentose phosphate pathway (non-oxidative branch) II|unclassified	0.1349935733
PWY-8178: pentose phosphate pathway (non-oxidative branch) II|g__Lachnospiraceae_unclassified.s__Eubacterium_rectale	0.5800664723
PWY-8178: pentose phosphate pathway (non-oxidative branch) II|g__Blautia.s__Blautia_obeum	0.0000000000
PWY-8178: pentose phosphate pathway (non-oxidative branch) II|g__Blautia.s__Blautia_wexlerae	0.0000002590
PWY-8178: pentose phosphate pathway (non-oxidative branch) II|g__Anaerostipes.s__Anaerostipes_hadrus	0.0847519641
PWY-8178: pentose phosphate pathway (non-oxidative branch) II|g__Ruminococcaceae_unclassified.s__Eubacterium_siraeum	0.1908852868
PWY-8178: pentose phosphate pathway (non-oxidative branch) II|g__Roseburia.s__Roseburia_hominis	0.0102274705
PWY-5097: L-lysine biosynthesis VI	0.9990715516
PWY-5097: L-lysine biosynthesis VI|g__Akkermansia.s__Akkermansia_muciniphila	0.0895700129
PWY-5097: L-lysine biosynthesis VI|g__Blautia.s__Blautia_obeum	0.2343368231
PWY-5097: L-lysine biosynthesis VI|unclassified	0.5659961313
PWY-5097: L-lysine biosynthesis VI|g__Blautia.s__Blautia_wexlerae	0.0029694224
PWY-5097: L-lysine biosynthesis VI|g__Ruminococcus.s__Ruminococcus_bromii	0.0061150865
PWY-5097: L-lysine biosynthesis VI|g__Lachnospiraceae_unclassified.s__Eubacterium_rectale	0.0000000000
PWY-5097: L-lysine biosynthesis VI|g__Gemmiger.s__Gemmiger_formicilis	0.0188697577
PWY-5097: L-lysine biosynthesis VI|g__Anaerostipes.s__Anaerostipes_hadrus	0.0274225849
PWY-5097: L-lysine biosynthesis VI|g__Roseburia.s__Roseburia_hominis	0.7518881418
PWY-5097: L-lysine biosynthesis VI|g__Ruminococcaceae_unclassified.s__Eubacterium_siraeum	0.1715954136
PWY-5097: L-lysine biosynthesis VI|g__Asaccharobacter.s__Asaccharobacter_celatus	0.1677663011
PWY-2942: L-lysine biosynthesis III	0.9989169777
PWY-2942: L-lysine biosynthesis III|g__Akkermansia.s__Akkermansia_muciniphila	0.3455432296
PWY-2942: L-lysine biosynthesis III|g__Blautia.s__Blautia_obeum	0.2577393534
PWY-2942: L-lysine biosynthesis III|unclassified	0.5293347215
PWY-2942: L-lysine biosynthesis III|g__Blautia.s__Blautia_wexlerae	0.0000000000
PWY-2942: L-lysine biosynthesis III|g__Anaerostipes.s__Anaerostipes_hadrus	0.0484966986
PWY-2942: L-lysine biosynthesis III|g__Ruminococcaceae_unclassified.s__Eubacterium_siraeum	0.1624260482
PWY-2942: L-lysine biosynthesis III|g__Asaccharobacter.s__Asaccharobacter_celatus	0.1724662080
PWY-2942: L-lysine biosynthesis III|g__Eggerthella.s__Eggerthella_lenta	0.1201432803
PWY-2942: L-lysine biosynthesis III|g__Gordonibacter.s__Gordonibacter_pamelaeae	0.2509888808
NONOXIPENT-PWY: pentose phosphate pathway (non-oxidative branch) I	1.0000000000
NONOXIPENT-PWY: pentose phosphate pathway (non-oxidative branch) I|g__Lachnospiraceae_unclassified.s__Eubacterium_rectale	0.9644390921
NONOXIPENT-PWY: pentose phosphate pathway (non-oxidative branch) I|g__Collinsella.s__Collinsella_aerofaciens	0.0000008727
NONOXIPENT-PWY: pentose phosphate pathway (non-oxidative branch) I|g__Blautia.s__Blautia_obeum	0.0000000000
NONOXIPENT-PWY: pentose phosphate pathway (non-oxidative branch) I|unclassified	0.1012474901
NONOXIPENT-PWY: pentose phosphate pathway (non-oxidative branch) I|g__Anaerostipes.s__Anaerostipes_hadrus	0.0991835237
NONOXIPENT-PWY: pentose phosphate pathway (non-oxidative branch) I|g__Blautia.s__Blautia_wexlerae	0.0000000000
NONOXIPENT-PWY: pentose phosphate pathway (non-oxidative branch) I|g__Ruminococcaceae_unclassified.s__Eubacterium_siraeum	0.1979917960
PWY-7357: thiamine phosphate formation from pyrithiamine and oxythiamine (yeast)	0.0003620226
PWY-7357: thiamine phosphate formation from pyrithiamine and oxythiamine (yeast)|g__Blautia.s__Blautia_obeum	0.0002038589
PWY-7357: thiamine phosphate formation from pyrithiamine and oxythiamine (yeast)|g__Collinsella.s__Collinsella_aerofaciens	0.4352555233
PWY-7357: thiamine phosphate formation from pyrithiamine and oxythiamine (yeast)|g__Blautia.s__Blautia_wexlerae	0.0535585875
PWY-7357: thiamine phosphate formation from pyrithiamine and oxythiamine (yeast)|g__Lachnospiraceae_unclassified.s__Eubacterium_rectale	0.2349134980
PWY-7357: thiamine phosphate formation from pyrithiamine and oxythiamine (yeast)|g__Anaerostipes.s__Anaerostipes_hadrus	0.4160327159
PWY-7357: thiamine phosphate formation from pyrithiamine and oxythiamine (yeast)|unclassified	0.0000000000
PWY-7357: thiamine phosphate formation from pyrithiamine and oxythiamine (yeast)|g__Ruminococcaceae_unclassified.s__Eubacterium_siraeum	0.5894461398
PWY-7357: thiamine phosphate formation from pyrithiamine and oxythiamine (yeast)|g__Roseburia.s__Roseburia_hominis	0.3447408959
PWY-7357: thiamine phosphate formation from pyrithiamine and oxythiamine (yeast)|g__Asaccharobacter.s__Asaccharobacter_celatus	0.0637313916
PWY-7357: thiamine phosphate formation from pyrithiamine and oxythiamine (yeast)|g__Eggerthella.s__Eggerthella_lenta	0.0071292714
1CMET2-PWY: folate transformations III (E. coli)	0.9999826508
1CMET2-PWY: folate transformations III (E. coli)|g__Akkermansia.s__Akkermansia_muciniphila	0.0029593630
1CMET2-PWY: folate transformations III (E. coli)|unclassified	0.0000000258
1CMET2-PWY: folate transformations III (E. coli)|g__Blautia.s__Blautia_obeum	0.0000000000
1CMET2-PWY: folate transformations III (E. coli)|g__Anaerostipes.s__Anaerostipes_hadrus	0.0019327648
1CMET2-PWY: folate transformations III (E. coli)|g__Blautia.s__Blautia_wexlerae	0.0000000000
1CMET2-PWY: folate transformations III (E. coli)|g__Ruminococcaceae_unclassified.s__Eubacterium_siraeum	0.0052580097
COA-PWY: coenzyme A biosynthesis I (prokaryotic)	1.0000000000
COA-PWY: coenzyme A biosynthesis I (prokaryotic)|g__Akkermansia.s__Akkermansia_muciniphila	0.4192744195
COA-PWY: coenzyme A biosynthesis I (prokaryotic)|g__Blautia.s__Blautia_obeum	0.0044149604
COA-PWY: coenzyme A biosynthesis I (prokaryotic)|g__Collinsella.s__Collinsella_aerofaciens	0.0000005259
COA-PWY: coenzyme A biosynthesis I (prokaryotic)|unclassified	0.9876954670
COA-PWY: coenzyme A biosynthesis I (prokaryotic)|g__Lachnospiraceae_unclassified.s__Eubacterium_rectale	0.0307503588
COA-PWY: coenzyme A biosynthesis I (prokaryotic)|g__Blautia.s__Blautia_wexlerae	0.0000063968
COA-PWY: coenzyme A biosynthesis I (prokaryotic)|g__Gemmiger.s__Gemmiger_formicilis	0.0639353196
COA-PWY: coenzyme A biosynthesis I (prokaryotic)|g__Anaerostipes.s__Anaerostipes_hadrus	0.0028282191
COA-PWY: coenzyme A biosynthesis I (prokaryotic)|g__Sellimonas.s__Sellimonas_intestinalis	0.6022036850
COA-PWY: coenzyme A biosynthesis I (prokaryotic)|g__Roseburia.s__Roseburia_hominis	0.5258250254
COA-PWY: coenzyme A biosynthesis I (prokaryotic)|g__Eubacterium.s__Eubacterium_ramulus	0.5695883123
COA-PWY: coenzyme A biosynthesis I (prokaryotic)|g__Eggerthella.s__Eggerthella_lenta	0.1879853498
PWY-6700: queuosine biosynthesis I (de novo)	1.0000000000
PWY-6700: queuosine biosynthesis I (de novo)|g__Akkermansia.s__Akkermansia_muciniphila	0.3266424343
PWY-6700: queuosine biosynthesis I (de novo)|g__Blautia.s__Blautia_obeum	0.5086806383
PWY-6700: queuosine biosynthesis I (de novo)|unclassified	0.9961746521
PWY-6700: queuosine biosynthesis I (de novo)|g__Collinsella.s__Collinsella_aerofaciens	0.0000000000
PWY-6700: queuosine biosynthesis I (de novo)|g__Lachnospiraceae_unclassified.s__Eubacterium_rectale	0.0010542326
PWY-6700: queuosine biosynthesis I (de novo)|g__Ruminococcus.s__Ruminococcus_bromii	0.0000002626
PWY-6700: queuosine biosynthesis I (de novo)|g__Gemmiger.s__Gemmiger_formicilis	0.0878798084
PWY-6700: queuosine biosynthesis I (de novo)|g__Anaerostipes.s__Anaerostipes_hadrus	0.2721266478
PWY-6700: queuosine biosynthesis I (de novo)|g__Blautia.s__Blautia_wexlerae	0.0000000000
PWY-6700: queuosine biosynthesis I (de novo)|g__Sellimonas.s__Sellimonas_intestinalis	0.1195540753
PWY-6700: queuosine biosynthesis I (de novo)|g__Eubacterium.s__Eubacterium_ramulus	0.9015643042
PWY-6700: queuosine biosynthesis I (de novo)|g__Ruminococcaceae_unclassified.s__Eubacterium_siraeum	0.0414720255
PWY-6700: queuosine biosynthesis I (de novo)|g__Roseburia.s__Roseburia_hominis	0.1753107126
PWY-6700: queuosine biosynthesis I (de novo)|g__Asaccharobacter.s__Asaccharobacter_celatus	0.0002976683
PWY-7977: L-methionine biosynthesis IV	0.9983763458
PWY-7977: L-methionine biosynthesis IV|g__Collinsella.s__Collinsella_aerofaciens	0.6753817503
PWY-7977: L-methionine biosynthesis IV|g__Akkermansia.s__Akkermansia_muciniphila	0.0458010135
PWY-7977: L-methionine biosynthesis IV|unclassified	0.0436434242
PWY-7977: L-methionine biosynthesis IV|g__Anaerostipes.s__Anaerostipes_hadrus	0.0382528655
PWY-7977: L-methionine biosynthesis IV|g__Ruminococcaceae_unclassified.s__Eubacterium_siraeum	0.2013193317
PWY-6151: S-adenosyl-L-methionine salvage I	0.9999999975
PWY-6151: S-adenosyl-L-methionine salvage I|g__Collinsella.s__Collinsella_aerofaciens	0.0123000621
PWY-6151: S-adenosyl-L-methionine salvage I|unclassified	0.5997060620
PWY-6151: S-adenosyl-L-methionine salvage I|g__Blautia.s__Blautia_wexlerae	0.0269511554
PWY-6151: S-adenosyl-L-methionine salvage I|g__Ruminococcus.s__Ruminococcus_bromii	0.0123342630
PWY-6151: S-adenosyl-L-methionine salvage I|g__Lachnospiraceae_unclassified.s__Eubacterium_rectale	0.2341919104
PWY-6151: S-adenosyl-L-methionine salvage I|g__Blautia.s__Blautia_obeum	0.0000000000
PWY-6151: S-adenosyl-L-methionine salvage I|g__Anaerostipes.s__Anaerostipes_hadrus	0.7137978640
PWY-6151: S-adenosyl-L-methionine salvage I|g__Gemmiger.s__Gemmiger_formicilis	0.0014641701
PWY-6151: S-adenosyl-L-methionine salvage I|g__Sellimonas.s__Sellimonas_intestinalis	0.7463464588
PWY-6151: S-adenosyl-L-methionine salvage I|g__Blautia.s__Blautia_hydrogenotrophica	0.4305965903
PWY-6609: adenine and adenosine salvage III	1.0000000000
PWY-6609: adenine and adenosine salvage III|unclassified	0.9413136539
PWY-6609: adenine and adenosine salvage III|g__Blautia.s__Blautia_obeum	0.0000000034
PWY-6609: adenine and adenosine salvage III|g__Blautia.s__Blautia_wexlerae	0.9936370354
PWY-6609: adenine and adenosine salvage III|g__Lachnospiraceae_unclassified.s__Eubacterium_rectale	0.9176141112
PWY-6609: adenine and adenosine salvage III|g__Gemmiger.s__Gemmiger_formicilis	0.1353979466
PWY-6609: adenine and adenosine salvage III|g__Anaerostipes.s__Anaerostipes_hadrus	0.1371177129
PWY-6609: adenine and adenosine salvage III|g__Sellimonas.s__Sellimonas_intestinalis	0.9086596290
PWY-6609: adenine and adenosine salvage III|g__Ruminococcaceae_unclassified.s__Eubacterium_siraeum	0.4545778465
PWY-6609: adenine and adenosine salvage III|g__Asaccharobacter.s__Asaccharobacter_celatus	0.4182410181
PWY-6609: adenine and adenosine salvage III|g__Eubacterium.s__Eubacterium_ramulus	0.7274808807
PWY-6609: adenine and adenosine salvage III|g__Eggerthella.s__Eggerthella_lenta	0.3023484636
PWY-6609: adenine and adenosine salvage III|g__Roseburia.s__Roseburia_hominis	0.0687978907
PWY-6609: adenine and adenosine salvage III|g__Bacteroides.s__Bacteroides_vulgatus	0.7806857246
PWY-6123: inosine-5'-phosphate biosynthesis I	0.9997250233
PWY-6123: inosine-5'-phosphate biosynthesis I|g__Akkermansia.s__Akkermansia_muciniphila	0.0204802730
PWY-6123: inosine-5'-phosphate biosynthesis I|g__Collinsella.s__Collinsella_aerofaciens	0.0000099517
PWY-6123: inosine-5'-phosphate biosynthesis I|g__Blautia.s__Blautia_wexlerae	0.9980191736
PWY-6123: inosine-5'-phosphate biosynthesis I|unclassified	0.0000000000
PWY-6123: inosine-5'-phosphate biosynthesis I|g__Blautia.s__Blautia_obeum	0.0000000000
PWY-6123: inosine-5'-phosphate biosynthesis I|g__Anaerostipes.s__Anaerostipes_hadrus	0.0016864235
PWY-6123: inosine-5'-phosphate biosynthesis I|g__Ruminococcaceae_unclassified.s__Eubacterium_siraeum	0.2195945630
PWY-6123: inosine-5'-phosphate biosynthesis I|g__Eggerthella.s__Eggerthella_lenta	0.2435222405
PWY-6123: inosine-5'-phosphate biosynthesis I|g__Gordonibacter.s__Gordonibacter_pamelaeae	0.2226121705
PWY-6123: inosine-5'-phosphate biosynthesis I|g__Streptococcus.s__Streptococcus_infantarius	0.5551898198
COA-PWY-1: superpathway of coenzyme A biosynthesis III (mammals)	0.6376769838
COA-PWY-1: superpathway of coenzyme A biosynthesis III (mammals)|g__Collinsella.s__Collinsella_aerofaciens	0.0000006573
COA-PWY-1: superpathway of coenzyme A biosynthesis III (mammals)|g__Blautia.s__Blautia_obeum	0.0053465501
COA-PWY-1: superpathway of coenzyme A biosynthesis III (mammals)|unclassified	0.1843459068
COA-PWY-1: superpathway of coenzyme A biosynthesis III (mammals)|g__Lachnospiraceae_unclassified.s__Eubacterium_rectale	0.0045773647
COA-PWY-1: superpathway of coenzyme A biosynthesis III (mammals)|g__Gemmiger.s__Gemmiger_formicilis	0.0786618205
COA-PWY-1: superpathway of coenzyme A biosynthesis III (mammals)|g__Blautia.s__Blautia_wexlerae	0.0000000000
COA-PWY-1: superpathway of coenzyme A biosynthesis III (mammals)|g__Anaerostipes.s__Anaerostipes_hadrus	0.0035327760
COA-PWY-1: superpathway of coenzyme A biosynthesis III (mammals)|g__Sellimonas.s__Sellimonas_intestinalis	0.5654910167
COA-PWY-1: superpathway of coenzyme A biosynthesis III (mammals)|g__Eggerthella.s__Eggerthella_lenta	0.1101787146
COA-PWY-1: superpathway of coenzyme A biosynthesis III (mammals)|g__Roseburia.s__Roseburia_hominis	0.0167616880
COA-PWY-1: superpathway of coenzyme A biosynthesis III (mammals)|g__Eubacterium.s__Eubacterium_ramulus	0.3383994504
PWY-724: superpathway of L-lysine, L-threonine and L-methionine biosynthesis II	0.0072734710
PWY-724: superpathway of L-lysine, L-threonine and L-methionine biosynthesis II|g__Blautia.s__Blautia_obeum	0.0000000000
PWY-724: superpathway of L-lysine, L-threonine and L-methionine biosynthesis II|unclassified	0.1084194040
PWY-724: superpathway of L-lysine, L-threonine and L-methionine biosynthesis II|g__Anaerostipes.s__Anaerostipes_hadrus	0.0166956866
PWY-724: superpathway of L-lysine, L-threonine and L-methionine biosynthesis II|g__Asaccharobacter.s__Asaccharobacter_celatus	0.1643308376
PWY-6124: inosine-5'-phosphate biosynthesis II	0.9996700462
PWY-6124: inosine-5'-phosphate biosynthesis II|g__Akkermansia.s__Akkermansia_muciniphila	0.0171255069
PWY-6124: inosine-5'-phosphate biosynthesis II|g__Collinsella.s__Collinsella_aerofaciens	0.0000082931
PWY-6124: inosine-5'-phosphate biosynthesis II|g__Blautia.s__Blautia_wexlerae	0.9994365568
PWY-6124: inosine-5'-phosphate biosynthesis II|g__Blautia.s__Blautia_obeum	0.0000000020
PWY-6124: inosine-5'-phosphate biosynthesis II|unclassified	0.0000000000
PWY-6124: inosine-5'-phosphate biosynthesis II|g__Anaerostipes.s__Anaerostipes_hadrus	0.0072602567
PWY-6124: inosine-5'-phosphate biosynthesis II|g__Ruminococcaceae_unclassified.s__Eubacterium_siraeum	0.1907943969
PWY-6124: inosine-5'-phosphate biosynthesis II|g__Eggerthella.s__Eggerthella_lenta	0.2221792827
PWY-6124: inosine-5'-phosphate biosynthesis II|g__Gordonibacter.s__Gordonibacter_pamelaeae	0.2070354600
PWY-6124: inosine-5'-phosphate biosynthesis II|g__Streptococcus.s__Streptococcus_infantarius	0.5382721047
PWY-6124: inosine-5'-phosphate biosynthesis II|g__Streptococcus.s__Streptococcus_salivarius	0.5491256412
HISTSYN-PWY: L-histidine biosynthesis	0.0000812110
HISTSYN-PWY: L-histidine biosynthesis|g__Collinsella.s__Collinsella_aerofaciens	0.0000000000
HISTSYN-PWY: L-histidine biosynthesis|unclassified	0.0510318994
HISTSYN-PWY: L-histidine biosynthesis|g__Blautia.s__Blautia_obeum	0.0000000000
HISTSYN-PWY: L-histidine biosynthesis|g__Ruminococcus.s__Ruminococcus_bromii	0.0000000001
HISTSYN-PWY: L-histidine biosynthesis|g__Ruminococcaceae_unclassified.s__Eubacterium_siraeum	0.0218348460
HISTSYN-PWY: L-histidine biosynthesis|g__Eggerthella.s__Eggerthella_lenta	0.0841664465
PWY0-1296: purine ribonucleosides degradation	0.9999585578
PWY0-1296: purine ribonucleosides degradation|g__Blautia.s__Blautia_obeum	0.9999748465
PWY0-1296: purine ribonucleosides degradation|unclassified	0.9487145359
PWY0-1296: purine ribonucleosides degradation|g__Blautia.s__Blautia_wexlerae	0.9714559989
PWY0-1296: purine ribonucleosides degradation|g__Lachnospiraceae_unclassified.s__Eubacterium_rectale	0.7401382369
PWY0-1296: purine ribonucleosides degradation|g__Gemmiger.s__Gemmiger_formicilis	0.3189963395
PWY0-1296: purine ribonucleosides degradation|g__Anaerostipes.s__Anaerostipes_hadrus	0.1463049988
PWY0-1296: purine ribonucleosides degradation|g__Sellimonas.s__Sellimonas_intestinalis	0.7509782132
PWY0-1296: purine ribonucleosides degradation|g__Roseburia.s__Roseburia_hominis	0.0019558490
PWY-3001: superpathway of L-isoleucine biosynthesis I	0.0000000013
PWY-3001: superpathway of L-isoleucine biosynthesis I|unclassified	0.0000000000
PWY-7111: pyruvate fermentation to isobutanol (engineered)	0.0015784372
PWY-7111: pyruvate fermentation to isobutanol (engineered)|unclassified	0.0000000834
PWY-7111: pyruvate fermentation to isobutanol (engineered)|g__Blautia.s__Blautia_wexlerae	0.0000003251
PWY-7111: pyruvate fermentation to isobutanol (engineered)|g__Anaerostipes.s__Anaerostipes_hadrus	0.0177051007
PWY-7111: pyruvate fermentation to isobutanol (engineered)|g__Ruminococcaceae_unclassified.s__Eubacterium_siraeum	0.3951750253
PWY-7111: pyruvate fermentation to isobutanol (engineered)|g__Sellimonas.s__Sellimonas_intestinalis	0.1281646455
PWY-7111: pyruvate fermentation to isobutanol (engineered)|g__Lachnospiraceae_unclassified.s__Eubacterium_rectale	0.0000000000
PWY-7111: pyruvate fermentation to isobutanol (engineered)|g__Roseburia.s__Roseburia_hominis	0.2348106272
PWY-7111: pyruvate fermentation to isobutanol (engineered)|g__Blautia.s__Blautia_obeum	0.0000000000
PWY-7111: pyruvate fermentation to isobutanol (engineered)|g__Roseburia.s__Roseburia_inulinivorans	0.1370555878
PWY-7851: coenzyme A biosynthesis II (eukaryotic)	0.5847132194
PWY-7851: coenzyme A biosynthesis II (eukaryotic)|g__Blautia.s__Blautia_obeum	0.0044149604
PWY-7851: coenzyme A biosynthesis II (eukaryotic)|g__Collinsella.s__Collinsella_aerofaciens	0.0000005259
PWY-7851: coenzyme A biosynthesis II (eukaryotic)|unclassified	0.1535849578
PWY-7851: coenzyme A biosynthesis II (eukaryotic)|g__Lachnospiraceae_unclassified.s__Eubacterium_rectale	0.0037777808
PWY-7851: coenzyme A biosynthesis II (eukaryotic)|g__Gemmiger.s__Gemmiger_formicilis	0.0639353196
PWY-7851: coenzyme A biosynthesis II (eukaryotic)|g__Blautia.s__Blautia_wexlerae	0.0000000000
PWY-7851: coenzyme A biosynthesis II (eukaryotic)|g__Anaerostipes.s__Anaerostipes_hadrus	0.0028282191
PWY-7851: coenzyme A biosynthesis II (eukaryotic)|g__Sellimonas.s__Sellimonas_intestinalis	0.5110902908
PWY-7851: coenzyme A biosynthesis II (eukaryotic)|g__Eubacterium.s__Eubacterium_ramulus	0.5099918710
PWY-7851: coenzyme A biosynthesis II (eukaryotic)|g__Roseburia.s__Roseburia_hominis	0.0143741611
PWY-7851: coenzyme A biosynthesis II (eukaryotic)|g__Eggerthella.s__Eggerthella_lenta	0.0901340405
PWY-5667: CDP-diacylglycerol biosynthesis I	0.9125474368
PWY-5667: CDP-diacylglycerol biosynthesis I|g__Blautia.s__Blautia_obeum	0.0331514510
PWY-5667: CDP-diacylglycerol biosynthesis I|unclassified	0.3615863794
PWY-5667: CDP-diacylglycerol biosynthesis I|g__Blautia.s__Blautia_wexlerae	0.0000241086
PWY-5667: CDP-diacylglycerol biosynthesis I|g__Lachnospiraceae_unclassified.s__Eubacterium_rectale	0.0004206123
PWY-5667: CDP-diacylglycerol biosynthesis I|g__Anaerostipes.s__Anaerostipes_hadrus	0.0206523663
PWY-5667: CDP-diacylglycerol biosynthesis I|g__Sellimonas.s__Sellimonas_intestinalis	0.0881698365
PWY-5667: CDP-diacylglycerol biosynthesis I|g__Roseburia.s__Roseburia_hominis	0.1987044447
PWY-5667: CDP-diacylglycerol biosynthesis I|g__Ruminococcaceae_unclassified.s__Eubacterium_siraeum	0.0001287564
PWY0-1319: CDP-diacylglycerol biosynthesis II	0.9125474368
PWY0-1319: CDP-diacylglycerol biosynthesis II|g__Blautia.s__Blautia_obeum	0.0331514510
PWY0-1319: CDP-diacylglycerol biosynthesis II|unclassified	0.3615863794
PWY0-1319: CDP-diacylglycerol biosynthesis II|g__Blautia.s__Blautia_wexlerae	0.0000241086
PWY0-1319: CDP-diacylglycerol biosynthesis II|g__Lachnospiraceae_unclassified.s__Eubacterium_rectale	0.0004206123
PWY0-1319: CDP-diacylglycerol biosynthesis II|g__Anaerostipes.s__Anaerostipes_hadrus	0.0206523663
PWY0-1319: CDP-diacylglycerol biosynthesis II|g__Sellimonas.s__Sellimonas_intestinalis	0.0881698365
PWY0-1319: CDP-diacylglycerol biosynthesis II|g__Roseburia.s__Roseburia_hominis	0.1987044447
PWY0-1319: CDP-diacylglycerol biosynthesis II|g__Ruminococcaceae_unclassified.s__Eubacterium_siraeum	0.0001287564
HSERMETANA-PWY: L-methionine biosynthesis III	0.0000017201
HSERMETANA-PWY: L-methionine biosynthesis III|g__Akkermansia.s__Akkermansia_muciniphila	0.0030447902
HSERMETANA-PWY: L-methionine biosynthesis III|g__Blautia.s__Blautia_obeum	0.0000004626
HSERMETANA-PWY: L-methionine biosynthesis III|g__Blautia.s__Blautia_wexlerae	0.0000000000
HSERMETANA-PWY: L-methionine biosynthesis III|g__Anaerostipes.s__Anaerostipes_hadrus	0.4338009837
HSERMETANA-PWY: L-methionine biosynthesis III|unclassified	0.0000000000
HSERMETANA-PWY: L-methionine biosynthesis III|g__Ruminococcaceae_unclassified.s__Eubacterium_siraeum	0.4207772925
PANTOSYN-PWY: superpathway of coenzyme A biosynthesis I (bacteria)	0.7102089647
PANTOSYN-PWY: superpathway of coenzyme A biosynthesis I (bacteria)|g__Akkermansia.s__Akkermansia_muciniphila	0.0008153137
PANTOSYN-PWY: superpathway of coenzyme A biosynthesis I (bacteria)|g__Blautia.s__Blautia_obeum	0.0052138794
PANTOSYN-PWY: superpathway of coenzyme A biosynthesis I (bacteria)|g__Lachnospiraceae_unclassified.s__Eubacterium_rectale	0.0004523106
PANTOSYN-PWY: superpathway of coenzyme A biosynthesis I (bacteria)|unclassified	0.0000000075
PANTOSYN-PWY: superpathway of coenzyme A biosynthesis I (bacteria)|g__Blautia.s__Blautia_wexlerae	0.0000000000
PANTOSYN-PWY: superpathway of coenzyme A biosynthesis I (bacteria)|g__Anaerostipes.s__Anaerostipes_hadrus	0.0062159762
PANTOSYN-PWY: superpathway of coenzyme A biosynthesis I (bacteria)|g__Roseburia.s__Roseburia_hominis	0.1457511990
PANTOSYN-PWY: superpathway of coenzyme A biosynthesis I (bacteria)|g__Sellimonas.s__Sellimonas_intestinalis	0.0000000257
PANTOSYN-PWY: superpathway of coenzyme A biosynthesis I (bacteria)|g__Eubacterium.s__Eubacterium_ramulus	0.2385293176
PANTOSYN-PWY: superpathway of coenzyme A biosynthesis I (bacteria)|g__Eggerthella.s__Eggerthella_lenta	0.0001424842
SER-GLYSYN-PWY: superpathway of L-serine and glycine biosynthesis I	0.9996579408
SER-GLYSYN-PWY: superpathway of L-serine and glycine biosynthesis I|g__Collinsella.s__Collinsella_aerofaciens	0.0018342780
SER-GLYSYN-PWY: superpathway of L-serine and glycine biosynthesis I|g__Blautia.s__Blautia_obeum	0.0000000000
SER-GLYSYN-PWY: superpathway of L-serine and glycine biosynthesis I|g__Blautia.s__Blautia_wexlerae	0.0006195697
SER-GLYSYN-PWY: superpathway of L-serine and glycine biosynthesis I|unclassified	0.0000000000
SER-GLYSYN-PWY: superpathway of L-serine and glycine biosynthesis I|g__Anaerostipes.s__Anaerostipes_hadrus	0.0013488058
SER-GLYSYN-PWY: superpathway of L-serine and glycine biosynthesis I|g__Ruminococcaceae_unclassified.s__Eubacterium_siraeum	0.1816088232
SER-GLYSYN-PWY: superpathway of L-serine and glycine biosynthesis I|g__Eggerthella.s__Eggerthella_lenta	0.7147640182
SER-GLYSYN-PWY: superpathway of L-serine and glycine biosynthesis I|g__Asaccharobacter.s__Asaccharobacter_celatus	0.1582962259
SER-GLYSYN-PWY: superpathway of L-serine and glycine biosynthesis I|g__Eubacterium.s__Eubacterium_ramulus	0.2383727727
SER-GLYSYN-PWY: superpathway of L-serine and glycine biosynthesis I|g__Gordonibacter.s__Gordonibacter_pamelaeae	0.2335072472
PWY-5100: pyruvate fermentation to acetate and lactate II	0.5375595953
PWY-5100: pyruvate fermentation to acetate and lactate II|g__Collinsella.s__Collinsella_aerofaciens	0.8794464626
PWY-5100: pyruvate fermentation to acetate and lactate II|g__Blautia.s__Blautia_obeum	0.0000000000
PWY-5100: pyruvate fermentation to acetate and lactate II|g__Lachnospiraceae_unclassified.s__Eubacterium_rectale	0.1705195727
PWY-5100: pyruvate fermentation to acetate and lactate II|unclassified	0.0000000003
PWY-5100: pyruvate fermentation to acetate and lactate II|g__Anaerostipes.s__Anaerostipes_hadrus	0.1073151417
PWY-5100: pyruvate fermentation to acetate and lactate II|g__Roseburia.s__Roseburia_hominis	0.6356500783
PWY-5100: pyruvate fermentation to acetate and lactate II|g__Eubacterium.s__Eubacterium_ramulus	0.7802364200
PWY-5100: pyruvate fermentation to acetate and lactate II|g__Eggerthella.s__Eggerthella_lenta	0.0546662157
PWY-5100: pyruvate fermentation to acetate and lactate II|g__Gordonibacter.s__Gordonibacter_pamelaeae	0.4620448731
P41-PWY: pyruvate fermentation to acetate and (S)-lactate I	0.5375595953
P41-PWY: pyruvate fermentation to acetate and (S)-lactate I|g__Collinsella.s__Collinsella_aerofaciens	0.8794464626
P41-PWY: pyruvate fermentation to acetate and (S)-lactate I|g__Blautia.s__Blautia_obeum	0.0000000000
P41-PWY: pyruvate fermentation to acetate and (S)-lactate I|g__Lachnospiraceae_unclassified.s__Eubacterium_rectale	0.1705195727
P41-PWY: pyruvate fermentation to acetate and (S)-lactate I|unclassified	0.0000000003
P41-PWY: pyruvate fermentation to acetate and (S)-lactate I|g__Anaerostipes.s__Anaerostipes_hadrus	0.0038553654
P41-PWY: pyruvate fermentation to acetate and (S)-lactate I|g__Roseburia.s__Roseburia_hominis	0.6356500783
P41-PWY: pyruvate fermentation to acetate and (S)-lactate I|g__Eggerthella.s__Eggerthella_lenta	0.0229917689
PANTO-PWY: phosphopantothenate biosynthesis I	0.9122588931
PANTO-PWY: phosphopantothenate biosynthesis I|g__Akkermansia.s__Akkermansia_muciniphila	0.3489288734
PANTO-PWY: phosphopantothenate biosynthesis I|g__Blautia.s__Blautia_obeum	0.0057022497
PANTO-PWY: phosphopantothenate biosynthesis I|g__Blautia.s__Blautia_wexlerae	0.0417523251
PANTO-PWY: phosphopantothenate biosynthesis I|g__Lachnospiraceae_unclassified.s__Eubacterium_rectale	0.0468302757
PANTO-PWY: phosphopantothenate biosynthesis I|unclassified	0.0000000518
PANTO-PWY: phosphopantothenate biosynthesis I|g__Anaerostipes.s__Anaerostipes_hadrus	0.3865813378
PANTO-PWY: phosphopantothenate biosynthesis I|g__Asaccharobacter.s__Asaccharobacter_celatus	0.2191739800
PANTO-PWY: phosphopantothenate biosynthesis I|g__Roseburia.s__Roseburia_hominis	0.1661420598
PANTO-PWY: phosphopantothenate biosynthesis I|g__Sellimonas.s__Sellimonas_intestinalis	0.0000021599
PANTO-PWY: phosphopantothenate biosynthesis I|g__Eubacterium.s__Eubacterium_ramulus	0.3002153689
PANTO-PWY: phosphopantothenate biosynthesis I|g__Eggerthella.s__Eggerthella_lenta	0.0005585036
PWY-6317: D-galactose degradation I (Leloir pathway)	0.9176266257
PWY-6317: D-galactose degradation I (Leloir pathway)|g__Blautia.s__Blautia_obeum	0.0000753855
PWY-6317: D-galactose degradation I (Leloir pathway)|g__Collinsella.s__Collinsella_aerofaciens	0.0000000000
PWY-6317: D-galactose degradation I (Leloir pathway)|g__Blautia.s__Blautia_wexlerae	0.0951659496
PWY-6317: D-galactose degradation I (Leloir pathway)|unclassified	0.0000000000
PWY-6317: D-galactose degradation I (Leloir pathway)|g__Anaerostipes.s__Anaerostipes_hadrus	0.0287894827
PWY-6317: D-galactose degradation I (Leloir pathway)|g__Ruminococcaceae_unclassified.s__Eubacterium_siraeum	0.0461737279
PWY-6317: D-galactose degradation I (Leloir pathway)|g__Eubacterium.s__Eubacterium_ramulus	0.8332297804
PWY-6317: D-galactose degradation I (Leloir pathway)|g__Roseburia.s__Roseburia_hominis	0.0568906900
PWY-6270: isoprene biosynthesis I	0.0000000000
PWY-6270: isoprene biosynthesis I|g__Blautia.s__Blautia_obeum	0.0000000000
PWY-6270: isoprene biosynthesis I|unclassified	0.0000000000
PWY-6270: isoprene biosynthesis I|g__Anaerostipes.s__Anaerostipes_hadrus	0.0017732348
PWY-6823: molybdopterin biosynthesis	0.9923351234
PWY-6823: molybdopterin biosynthesis|g__Blautia.s__Blautia_obeum	0.9997462718
PWY-6823: molybdopterin biosynthesis|unclassified	0.9999999999
PWY-6823: molybdopterin biosynthesis|g__Lachnospiraceae_unclassified.s__Eubacterium_rectale	0.0640991064
PWY-6823: molybdopterin biosynthesis|g__Anaerostipes.s__Anaerostipes_hadrus	0.0002418782
PWY-6823: molybdopterin biosynthesis|g__Eggerthella.s__Eggerthella_lenta	0.2910535736
PWY-6823: molybdopterin biosynthesis|g__Sellimonas.s__Sellimonas_intestinalis	0.0000410135
PWY-6823: molybdopterin biosynthesis|g__Intestinibacter.s__Intestinibacter_bartlettii	0.7359245799
PWY-6823: molybdopterin biosynthesis|g__Gordonibacter.s__Gordonibacter_pamelaeae	0.0135831019
PWY-8187: L-arginine degradation XIII (reductive Stickland reaction)	0.0001436024
PWY-8187: L-arginine degradation XIII (reductive Stickland reaction)|unclassified	0.1033083709
PWY-8187: L-arginine degradation XIII (reductive Stickland reaction)|g__Asaccharobacter.s__Asaccharobacter_celatus	0.7284519850
PWY-8187: L-arginine degradation XIII (reductive Stickland reaction)|g__Eubacterium.s__Eubacterium_ramulus	0.4131658503
OANTIGEN-PWY: O-antigen building blocks biosynthesis (E. coli)	0.0000000000
OANTIGEN-PWY: O-antigen building blocks biosynthesis (E. coli)|g__Collinsella.s__Collinsella_aerofaciens	0.0083886245
OANTIGEN-PWY: O-antigen building blocks biosynthesis (E. coli)|unclassified	0.0000035328
PWY-7560: methylerythritol phosphate pathway II	0.0000000000
PWY-7560: methylerythritol phosphate pathway II|g__Blautia.s__Blautia_obeum	0.0000000000
PWY-7560: methylerythritol phosphate pathway II|unclassified	0.0000000000
PWY-7560: methylerythritol phosphate pathway II|g__Anaerostipes.s__Anaerostipes_hadrus	0.0016894418
PYRIDNUCSYN-PWY: NAD de novo biosynthesis I (from aspartate)	0.0000000000
PYRIDNUCSYN-PWY: NAD de novo biosynthesis I (from aspartate)|unclassified	0.0000000000
PYRIDNUCSYN-PWY: NAD de novo biosynthesis I (from aspartate)|g__Anaerostipes.s__Anaerostipes_hadrus	0.0000000001
THRESYN-PWY: superpathway of L-threonine biosynthesis	0.0000000010
THRESYN-PWY: superpathway of L-threonine biosynthesis|g__Collinsella.s__Collinsella_aerofaciens	0.0263306416
THRESYN-PWY: superpathway of L-threonine biosynthesis|g__Blautia.s__Blautia_obeum	0.0000000000
THRESYN-PWY: superpathway of L-threonine biosynthesis|unclassified	0.0000000001
THRESYN-PWY: superpathway of L-threonine biosynthesis|g__Anaerostipes.s__Anaerostipes_hadrus	0.0000000001
PWY-6527: stachyose degradation	0.0000000000
PWY-6527: stachyose degradation|g__Blautia.s__Blautia_wexlerae	0.1362649711
PWY-6527: stachyose degradation|g__Blautia.s__Blautia_obeum	0.0000000000
PWY-6527: stachyose degradation|unclassified	0.0000000000
PWY-6527: stachyose degradation|g__Ruminococcaceae_unclassified.s__Eubacterium_siraeum	0.9215873464
PWY-6527: stachyose degradation|g__Sellimonas.s__Sellimonas_intestinalis	0.5906551289
PWY-6527: stachyose degradation|g__Eubacterium.s__Eubacterium_ramulus	0.7871135682
PWY-6527: stachyose degradation|g__Roseburia.s__Roseburia_hominis	0.0431802623
PWY-5188: tetrapyrrole biosynthesis I (from glutamate)	0.0863997552
PWY-5188: tetrapyrrole biosynthesis I (from glutamate)|g__Akkermansia.s__Akkermansia_muciniphila	0.0200017490
PWY-5188: tetrapyrrole biosynthesis I (from glutamate)|g__Ruminococcus.s__Ruminococcus_bromii	0.8068752825
PWY-5188: tetrapyrrole biosynthesis I (from glutamate)|g__Blautia.s__Blautia_obeum	0.0000000000
PWY-5188: tetrapyrrole biosynthesis I (from glutamate)|g__Blautia.s__Blautia_wexlerae	0.0000041341
PWY-5188: tetrapyrrole biosynthesis I (from glutamate)|g__Anaerostipes.s__Anaerostipes_hadrus	0.0051778297
PWY-5188: tetrapyrrole biosynthesis I (from glutamate)|unclassified	0.0000000000
PWY-5188: tetrapyrrole biosynthesis I (from glutamate)|g__Gordonibacter.s__Gordonibacter_pamelaeae	0.2631346152
COBALSYN-PWY: superpathway of adenosylcobalamin salvage from cobinamide I	0.0000000012
COBALSYN-PWY: superpathway of adenosylcobalamin salvage from cobinamide I|g__Blautia.s__Blautia_obeum	0.0000000000
COBALSYN-PWY: superpathway of adenosylcobalamin salvage from cobinamide I|g__Gordonibacter.s__Gordonibacter_pamelaeae	1.0000000000
COBALSYN-PWY: superpathway of adenosylcobalamin salvage from cobinamide I|g__Collinsella.s__Collinsella_aerofaciens	0.0000000000
COBALSYN-PWY: superpathway of adenosylcobalamin salvage from cobinamide I|g__Blautia.s__Blautia_wexlerae	0.0000046932
COBALSYN-PWY: superpathway of adenosylcobalamin salvage from cobinamide I|unclassified	0.0000000000
COBALSYN-PWY: superpathway of adenosylcobalamin salvage from cobinamide I|g__Faecalibacterium.s__Faecalibacterium_prausnitzii	0.2927743813
RIBOSYN2-PWY: flavin biosynthesis I (bacteria and plants)	0.0000000000
RIBOSYN2-PWY: flavin biosynthesis I (bacteria and plants)|g__Blautia.s__Blautia_obeum	0.0000008381
RIBOSYN2-PWY: flavin biosynthesis I (bacteria and plants)|g__Lachnospiraceae_unclassified.s__Eubacterium_rectale	0.1482728962
RIBOSYN2-PWY: flavin biosynthesis I (bacteria and plants)|g__Blautia.s__Blautia_wexlerae	0.0000000000
RIBOSYN2-PWY: flavin biosynthesis I (bacteria and plants)|g__Faecalibacterium.s__Faecalibacterium_prausnitzii	0.1173587860
PWY-7229: superpathway of adenosine nucleotides de novo biosynthesis I	0.0000000000
PWY-7229: superpathway of adenosine nucleotides de novo biosynthesis I|unclassified	0.0000000000
PWY-7229: superpathway of adenosine nucleotides de novo biosynthesis I|g__Eggerthella.s__Eggerthella_lenta	0.2715110882
PWY-841: superpathway of purine nucleotides de novo biosynthesis I	0.0000000000
PWY-841: superpathway of purine nucleotides de novo biosynthesis I|unclassified	0.0000000000
PWY-841: superpathway of purine nucleotides de novo biosynthesis I|g__Eggerthella.s__Eggerthella_lenta	0.3045691870
PWY0-1586: peptidoglycan maturation (meso-diaminopimelate containing)	0.0000000000
PWY0-1586: peptidoglycan maturation (meso-diaminopimelate containing)|g__Collinsella.s__Collinsella_aerofaciens	0.0302641141
PWY0-1586: peptidoglycan maturation (meso-diaminopimelate containing)|g__Lachnospiraceae_unclassified.s__Eubacterium_rectale	0.0393009959
PWY0-1586: peptidoglycan maturation (meso-diaminopimelate containing)|g__Anaerostipes.s__Anaerostipes_hadrus	0.5267871863
PWY0-1586: peptidoglycan maturation (meso-diaminopimelate containing)|unclassified	0.0000000000
PWY0-1586: peptidoglycan maturation (meso-diaminopimelate containing)|g__Roseburia.s__Roseburia_hominis	0.7286275169
PWY0-1586: peptidoglycan maturation (meso-diaminopimelate containing)|g__Eubacterium.s__Eubacterium_ramulus	0.8339389044
PWY0-1586: peptidoglycan maturation (meso-diaminopimelate containing)|g__Eggerthella.s__Eggerthella_lenta	0.2308102900
PWY0-1586: peptidoglycan maturation (meso-diaminopimelate containing)|g__Bacteroides.s__Bacteroides_vulgatus	0.7341103041
PWY0-1586: peptidoglycan maturation (meso-diaminopimelate containing)|g__Blautia.s__Blautia_hydrogenotrophica	0.3675291043
PWY0-1586: peptidoglycan maturation (meso-diaminopimelate containing)|g__Streptococcus.s__Streptococcus_infantarius	0.6092034661
PWY0-1586: peptidoglycan maturation (meso-diaminopimelate containing)|g__Streptococcus.s__Streptococcus_equinus	0.4773407208
UDPNAGSYN-PWY: UDP-N-acetyl-D-glucosamine biosynthesis I	0.0000000000
UDPNAGSYN-PWY: UDP-N-acetyl-D-glucosamine biosynthesis I|g__Collinsella.s__Collinsella_aerofaciens	0.8879673102
UDPNAGSYN-PWY: UDP-N-acetyl-D-glucosamine biosynthesis I|unclassified	0.0000017664
UDPNAGSYN-PWY: UDP-N-acetyl-D-glucosamine biosynthesis I|g__Ruminococcaceae_unclassified.s__Eubacterium_siraeum	0.3325935443
UDPNAGSYN-PWY: UDP-N-acetyl-D-glucosamine biosynthesis I|g__Eggerthella.s__Eggerthella_lenta	0.8284156083
UDPNAGSYN-PWY: UDP-N-acetyl-D-glucosamine biosynthesis I|g__Gordonibacter.s__Gordonibacter_pamelaeae	0.2230248721
LACTOSECAT-PWY: lactose and galactose degradation I	0.0000000000
LACTOSECAT-PWY: lactose and galactose degradation I|g__Collinsella.s__Collinsella_aerofaciens	1.0000000000
LACTOSECAT-PWY: lactose and galactose degradation I|unclassified	0.4390076197
LACTOSECAT-PWY: lactose and galactose degradation I|g__Anaerostipes.s__Anaerostipes_hadrus	0.4647843962
PWY-6703: preQ0 biosynthesis	0.0000000024
PWY-6703: preQ0 biosynthesis|g__Akkermansia.s__Akkermansia_muciniphila	0.9011035101
PWY-6703: preQ0 biosynthesis|g__Blautia.s__Blautia_obeum	0.0000190093
PWY-6703: preQ0 biosynthesis|g__Anaerostipes.s__Anaerostipes_hadrus	0.1448183094
PWY-6703: preQ0 biosynthesis|unclassified	0.0000000000
PWY-7237: myo-, chiro- and scyllo-inositol degradation	0.0000095161
PWY-7237: myo-, chiro- and scyllo-inositol degradation|unclassified	0.9993605103
PWY-7237: myo-, chiro- and scyllo-inositol degradation|g__Blautia.s__Blautia_obeum	0.0030489339
PWY-7237: myo-, chiro- and scyllo-inositol degradation|g__Anaerostipes.s__Anaerostipes_hadrus	0.9999996881
PWY-7237: myo-, chiro- and scyllo-inositol degradation|g__Lachnospiraceae_unclassified.s__Eubacterium_rectale	0.4910371382
PWY-7237: myo-, chiro- and scyllo-inositol degradation|g__Roseburia.s__Roseburia_hominis	0.9942539676
PWY-7237: myo-, chiro- and scyllo-inositol degradation|g__Faecalibacterium.s__Faecalibacterium_prausnitzii	0.7776549647
PWY-7237: myo-, chiro- and scyllo-inositol degradation|g__Blautia.s__Blautia_hydrogenotrophica	0.9020462339
PWY-7237: myo-, chiro- and scyllo-inositol degradation|g__Blautia.s__Blautia_wexlerae	0.0000000000
PWY-7237: myo-, chiro- and scyllo-inositol degradation|g__Roseburia.s__Roseburia_inulinivorans	0.7968950898
PWY-6126: superpathway of adenosine nucleotides de novo biosynthesis II	0.0000000000
PWY-6126: superpathway of adenosine nucleotides de novo biosynthesis II|unclassified	0.0000000000
PWY-6126: superpathway of adenosine nucleotides de novo biosynthesis II|g__Eggerthella.s__Eggerthella_lenta	0.3028119261
PWY-5973: cis-vaccenate biosynthesis	0.0000000000
PWY-5973: cis-vaccenate biosynthesis|unclassified	0.0070144540
PWY0-162: superpathway of pyrimidine ribonucleotides de novo biosynthesis	0.0000000000
PWY-2941: L-lysine biosynthesis II	0.0000000000
PWY-2941: L-lysine biosynthesis II|unclassified	0.0000000000
PWY-7228: superpathway of guanosine nucleotides de novo biosynthesis I	0.0000000000
PWY-7228: superpathway of guanosine nucleotides de novo biosynthesis I|g__Collinsella.s__Collinsella_aerofaciens	0.0000000000
PWY-7228: superpathway of guanosine nucleotides de novo biosynthesis I|unclassified	0.0000000000
PWY-7228: superpathway of guanosine nucleotides de novo biosynthesis I|g__Eggerthella.s__Eggerthella_lenta	0.9459577828
PWY-7228: superpathway of guanosine nucleotides de novo biosynthesis I|g__Gordonibacter.s__Gordonibacter_pamelaeae	0.8038030133
PWY-7208: superpathway of pyrimidine nucleobases salvage	0.0000000000
PWY-7208: superpathway of pyrimidine nucleobases salvage|g__Collinsella.s__Collinsella_aerofaciens	0.0000000000
PWY-7208: superpathway of pyrimidine nucleobases salvage|g__Blautia.s__Blautia_obeum	0.0000006345
PWY-7208: superpathway of pyrimidine nucleobases salvage|unclassified	0.0000000000
PWY-7208: superpathway of pyrimidine nucleobases salvage|g__Asaccharobacter.s__Asaccharobacter_celatus	0.4408437083
PWY-7208: superpathway of pyrimidine nucleobases salvage|g__Ruminococcaceae_unclassified.s__Eubacterium_siraeum	0.0160716646
PWY-7663: gondoate biosynthesis (anaerobic)	0.0000000000
PWY-7663: gondoate biosynthesis (anaerobic)|unclassified	0.0056194467
PWY-6125: superpathway of guanosine nucleotides de novo biosynthesis II	0.0000000000
PWY-6125: superpathway of guanosine nucleotides de novo biosynthesis II|unclassified	0.0000000000
PWY-6125: superpathway of guanosine nucleotides de novo biosynthesis II|g__Eggerthella.s__Eggerthella_lenta	0.7710672183
PWY-7383: anaerobic energy metabolism (invertebrates, cytosol)	0.0000000000
ASPASN-PWY: superpathway of L-aspartate and L-asparagine biosynthesis	0.0000000000
ASPASN-PWY: superpathway of L-aspartate and L-asparagine biosynthesis|g__Blautia.s__Blautia_obeum	0.0000000000
ASPASN-PWY: superpathway of L-aspartate and L-asparagine biosynthesis|unclassified	0.0000000000
ASPASN-PWY: superpathway of L-aspartate and L-asparagine biosynthesis|g__Blautia.s__Blautia_wexlerae	0.0000000000
PWY-5695: inosine 5'-phosphate degradation	0.0000000000
PWY-5695: inosine 5'-phosphate degradation|g__Blautia.s__Blautia_wexlerae	0.0000205754
PWY-5695: inosine 5'-phosphate degradation|g__Blautia.s__Blautia_obeum	0.0000000000
PWY-5695: inosine 5'-phosphate degradation|unclassified	0.0000000000
PWY-5695: inosine 5'-phosphate degradation|g__Anaerostipes.s__Anaerostipes_hadrus	0.1681841544
PWY-5695: inosine 5'-phosphate degradation|g__Eubacterium.s__Eubacterium_ramulus	0.3398664899
PWY-5695: inosine 5'-phosphate degradation|g__Blautia.s__Blautia_hydrogenotrophica	0.4599434326
PWY-5695: inosine 5'-phosphate degradation|g__Bacteroides.s__Bacteroides_vulgatus	0.5427651238
PWY-5981: CDP-diacylglycerol biosynthesis III	0.0000000000
PWY-6897: thiamine diphosphate salvage II	0.0000000000
PWY-6897: thiamine diphosphate salvage II|g__Lachnospiraceae_unclassified.s__Eubacterium_rectale	0.0241860740
PWY-6897: thiamine diphosphate salvage II|g__Asaccharobacter.s__Asaccharobacter_celatus	0.0055689511
PWY-6897: thiamine diphosphate salvage II|unclassified	0.0000000000
METH-ACETATE-PWY: methanogenesis from acetate	0.0000000000
METH-ACETATE-PWY: methanogenesis from acetate|g__Blautia.s__Blautia_obeum	0.0000000000
METH-ACETATE-PWY: methanogenesis from acetate|g__Blautia.s__Blautia_wexlerae	0.0000000000
METH-ACETATE-PWY: methanogenesis from acetate|unclassified	0.0000000000
PWY-7282: 4-amino-2-methyl-5-diphosphomethylpyrimidine biosynthesis II	0.0000000000
PWY-7282: 4-amino-2-methyl-5-diphosphomethylpyrimidine biosynthesis II|unclassified	0.0000000000
COLANSYN-PWY: colanic acid building blocks biosynthesis	0.0000000000
COLANSYN-PWY: colanic acid building blocks biosynthesis|unclassified	0.0000000000
PWY-5659: GDP-mannose biosynthesis	0.0000000000
PWY-5659: GDP-mannose biosynthesis|g__Lachnospiraceae_unclassified.s__Eubacterium_rectale	0.0000000000
PWY-5659: GDP-mannose biosynthesis|unclassified	0.0000000000
PWY-5659: GDP-mannose biosynthesis|g__Ruminococcaceae_unclassified.s__Eubacterium_siraeum	0.4532369672
PWY-5659: GDP-mannose biosynthesis|g__Faecalibacterium.s__Faecalibacterium_prausnitzii	0.8741339358
PWY0-845: superpathway of pyridoxal 5'-phosphate biosynthesis and salvage	0.0000000000
PWY-7197: pyrimidine deoxyribonucleotide phosphorylation	0.0000000000
PWY-7197: pyrimidine deoxyribonucleotide phosphorylation|g__Collinsella.s__Collinsella_aerofaciens	0.3382849640
PWY-7197: pyrimidine deoxyribonucleotide phosphorylation|unclassified	0.0000000000
PWY-7197: pyrimidine deoxyribonucleotide phosphorylation|g__Eggerthella.s__Eggerthella_lenta	0.8000464161
PWY-7197: pyrimidine deoxyribonucleotide phosphorylation|g__Asaccharobacter.s__Asaccharobacter_celatus	0.5419900366
PWY-7328: superpathway of UDP-glucose-derived O-antigen building blocks biosynthesis	0.0000000000
PWY-7328: superpathway of UDP-glucose-derived O-antigen building blocks biosynthesis|unclassified	0.0000000000
FUCCAT-PWY: fucose degradation	0.0000000000
FUCCAT-PWY: fucose degradation|g__Ruminococcaceae_unclassified.s__Eubacterium_siraeum	0.1832377563
FUCCAT-PWY: fucose degradation|unclassified	0.0000000000
PWY-1861: formaldehyde assimilation II (assimilatory RuMP Cycle)	0.0000000000
PWY-1861: formaldehyde assimilation II (assimilatory RuMP Cycle)|g__Anaerostipes.s__Anaerostipes_hadrus	0.1748672408
PWY-1861: formaldehyde assimilation II (assimilatory RuMP Cycle)|unclassified	0.0000000000
PWY-7220: adenosine deoxyribonucleotides de novo biosynthesis II	0.0000000000
PWY-7220: adenosine deoxyribonucleotides de novo biosynthesis II|g__Eggerthella.s__Eggerthella_lenta	0.9851769293
PWY-7220: adenosine deoxyribonucleotides de novo biosynthesis II|unclassified	0.0000000000
PWY-7222: guanosine deoxyribonucleotides de novo biosynthesis II	0.0000000000
PWY-7222: guanosine deoxyribonucleotides de novo biosynthesis II|g__Eggerthella.s__Eggerthella_lenta	0.9851769293
PWY-7222: guanosine deoxyribonucleotides de novo biosynthesis II|unclassified	0.0000000000
THISYNARA-PWY: superpathway of thiamine diphosphate biosynthesis III (eukaryotes)	0.0000000000
THISYNARA-PWY: superpathway of thiamine diphosphate biosynthesis III (eukaryotes)|g__Lachnospiraceae_unclassified.s__Eubacterium_rectale	0.0000000000
THISYNARA-PWY: superpathway of thiamine diphosphate biosynthesis III (eukaryotes)|g__Roseburia.s__Roseburia_hominis	0.2297062098
THISYNARA-PWY: superpathway of thiamine diphosphate biosynthesis III (eukaryotes)|unclassified	0.0000000000
PWY-6969: TCA cycle V (2-oxoglutarate synthase)	0.0000000000
PWY-6608: guanosine nucleotides degradation III	0.0000000000
PWY-6608: guanosine nucleotides degradation III|g__Blautia.s__Blautia_obeum	0.0000000000
PWY-6608: guanosine nucleotides degradation III|g__Blautia.s__Blautia_wexlerae	0.0000205753
PWY-6608: guanosine nucleotides degradation III|g__Anaerostipes.s__Anaerostipes_hadrus	0.1681841544
PWY-6608: guanosine nucleotides degradation III|unclassified	0.0000000000
PWY-6936: seleno-amino acid biosynthesis (plants)	0.0000000000
PWY-6936: seleno-amino acid biosynthesis (plants)|g__Anaerostipes.s__Anaerostipes_hadrus	0.5365019296
PWY-6936: seleno-amino acid biosynthesis (plants)|unclassified	0.0000000000
PWY-6731: starch degradation III	0.0000000000
PWY-6731: starch degradation III|g__Blautia.s__Blautia_wexlerae	0.0001873547
PWY-6731: starch degradation III|g__Blautia.s__Blautia_obeum	0.0000000000
PWY-6731: starch degradation III|unclassified	0.0000000000
PWY-6731: starch degradation III|g__Eubacterium.s__Eubacterium_ramulus	0.8198032963
PYRIDOXSYN-PWY: pyridoxal 5'-phosphate biosynthesis I	0.0000000000
PWY0-1061: superpathway of L-alanine biosynthesis	0.0000000000
PWY0-1061: superpathway of L-alanine biosynthesis|g__Lachnospiraceae_unclassified.s__Eubacterium_rectale	0.3357437862
PWY-7199: pyrimidine deoxyribonucleosides salvage	0.0000000000
PWY-7199: pyrimidine deoxyribonucleosides salvage|unclassified	0.0000000000
PWY-7199: pyrimidine deoxyribonucleosides salvage|g__Roseburia.s__Roseburia_hominis	0.7371552621
PWY-7199: pyrimidine deoxyribonucleosides salvage|g__Eubacterium.s__Eubacterium_ramulus	0.1571782709
PWY0-1241: ADP-L-glycero-&beta;-D-manno-heptose biosynthesis	0.0000000000
PWY0-1241: ADP-L-glycero-&beta;-D-manno-heptose biosynthesis|g__Akkermansia.s__Akkermansia_muciniphila	0.5590863134
PWY-5676: acetyl-CoA fermentation to butanoate II	0.0000000000
PWY-5676: acetyl-CoA fermentation to butanoate II|g__Anaerostipes.s__Anaerostipes_hadrus	0.0085070546
P461-PWY: hexitol fermentation to lactate, formate, ethanol and acetate	0.0000000000
P461-PWY: hexitol fermentation to lactate, formate, ethanol and acetate|g__Anaerostipes.s__Anaerostipes_hadrus	0.8134461407
P42-PWY: incomplete reductive TCA cycle	0.0000000000
PWY-6353: purine nucleotides degradation II (aerobic)	0.0000000000
PWY-7761: NAD salvage pathway II (PNC IV cycle)	0.0000000000
PWY-7761: NAD salvage pathway II (PNC IV cycle)|unclassified	0.0000000000
DAPLYSINESYN-PWY: L-lysine biosynthesis I	0.0000000000
PWY-4041: &gamma;-glutamyl cycle	0.0000000000
PWY-4041: &gamma;-glutamyl cycle|unclassified	0.0000000000
PWY-I9: L-cysteine biosynthesis VI (from L-methionine)	0.0000000000
PWY-I9: L-cysteine biosynthesis VI (from L-methionine)|g__Anaerostipes.s__Anaerostipes_hadrus	0.0002509221
PWY-I9: L-cysteine biosynthesis VI (from L-methionine)|unclassified	0.0000000000
PWY-7323: superpathway of GDP-mannose-derived O-antigen building blocks biosynthesis	0.0000000000
PWY-7323: superpathway of GDP-mannose-derived O-antigen building blocks biosynthesis|unclassified	0.0000000000
PWY-702: L-methionine biosynthesis II	0.0000000000
PWY-702: L-methionine biosynthesis II|unclassified	0.0000000000
PWY-7198: pyrimidine deoxyribonucleotides de novo biosynthesis IV	0.0000000000
PWY-7198: pyrimidine deoxyribonucleotides de novo biosynthesis IV|unclassified	0.0000000000
PWY-6628: superpathway of L-phenylalanine biosynthesis	0.0000000000
PWY-6606: guanosine nucleotides degradation II	0.0000000000
PWY-7400: L-arginine biosynthesis IV (archaebacteria)	0.0000000000
PWY-6630: superpathway of L-tyrosine biosynthesis	0.0000000000
PWY-6630: superpathway of L-tyrosine biosynthesis|g__Ruminococcaceae_unclassified.s__Eubacterium_siraeum	0.1284646073
PWY-5384: sucrose degradation IV (sucrose phosphorylase)	0.0000000000
PWY-5384: sucrose degradation IV (sucrose phosphorylase)|g__Anaerostipes.s__Anaerostipes_hadrus	0.4558691138
SALVADEHYPOX-PWY: adenosine nucleotides degradation II	0.0000000000
SALVADEHYPOX-PWY: adenosine nucleotides degradation II|g__Anaerostipes.s__Anaerostipes_hadrus	0.2004655700
PWY-621: sucrose degradation III (sucrose invertase)	0.0000000000
PWY-621: sucrose degradation III (sucrose invertase)|g__Anaerostipes.s__Anaerostipes_hadrus	0.4223009200
PWY-5121: superpathway of geranylgeranyl diphosphate biosynthesis II (via MEP)	0.0000000000
PPGPPMET-PWY: ppGpp metabolism	0.0000000000
PWY-7456: &beta;-(1,4)-mannan degradation	0.0000000000
PWY-7456: &beta;-(1,4)-mannan degradation|g__Ruminococcaceae_unclassified.s__Eubacterium_siraeum	0.2719409967
PWY-6590: superpathway of Clostridium acetobutylicum acidogenic fermentation	0.0000000000
FERMENTATION-PWY: mixed acid fermentation	0.0000000000
FERMENTATION-PWY: mixed acid fermentation|unclassified	0.0000000000
GLCMANNANAUT-PWY: superpathway of N-acetylglucosamine, N-acetylmannosamine and N-acetylneuraminate degradation	0.0000000000
GLCMANNANAUT-PWY: superpathway of N-acetylglucosamine, N-acetylmannosamine and N-acetylneuraminate degradation|unclassified	0.0000000000
GLCMANNANAUT-PWY: superpathway of N-acetylglucosamine, N-acetylmannosamine and N-acetylneuraminate degradation|g__Blautia.s__Blautia_obeum	0.0000000000
RHAMCAT-PWY: L-rhamnose degradation I	0.0000000000
RHAMCAT-PWY: L-rhamnose degradation I|g__Asaccharobacter.s__Asaccharobacter_celatus	0.8868904189
RHAMCAT-PWY: L-rhamnose degradation I|g__Roseburia.s__Roseburia_hominis	0.1177834643
RHAMCAT-PWY: L-rhamnose degradation I|unclassified	0.0000000000
PENTOSE-P-PWY: pentose phosphate pathway	0.0000000000
PENTOSE-P-PWY: pentose phosphate pathway|unclassified	0.0000000000
CITRULBIO-PWY: L-citrulline biosynthesis	0.0000000000
CITRULBIO-PWY: L-citrulline biosynthesis|unclassified	0.0000000000
GLUCONEO-PWY: gluconeogenesis I	0.0000000000
CENTFERM-PWY: pyruvate fermentation to butanoate	0.0000000000
PWY-4984: urea cycle	0.0000000000
PWY-4984: urea cycle|unclassified	0.0000000000
PWY66-399: gluconeogenesis III	0.0000000000
ANAEROFRUCAT-PWY: homolactic fermentation	0.0000000000
ANAEROFRUCAT-PWY: homolactic fermentation|unclassified	0.0000000000
GOLPDLCAT-PWY: superpathway of glycerol degradation to 1,3-propanediol	0.0000000000
GOLPDLCAT-PWY: superpathway of glycerol degradation to 1,3-propanediol|g__Anaerostipes.s__Anaerostipes_hadrus	0.0003744261
PWY-7115: C4 photosynthetic carbon assimilation cycle, NAD-ME type	0.0000000000
POLYAMSYN-PWY: superpathway of polyamine biosynthesis I	0.0000000000
PWY-6305: superpathway of putrescine biosynthesis	0.0000000000
PWY-6305: superpathway of putrescine biosynthesis|unclassified	0.0000000000
ARG+POLYAMINE-SYN: superpathway of arginine and polyamine biosynthesis	0.0000000000
PWY-5347: superpathway of L-methionine biosynthesis (transsulfuration)	0.0000000000
PWY-6901: superpathway of glucose and xylose degradation	0.0000000000
MET-SAM-PWY: superpathway of S-adenosyl-L-methionine biosynthesis	0.0000000000
PWY-6549: L-glutamine biosynthesis III	0.0000000000
PWY-7392: taxadiene biosynthesis (engineered)	0.0000000000
PWY1ZNC-1: assimilatory sulfate reduction IV	0.0000000000
GLYCOLYSIS: glycolysis I (from glucose 6-phosphate)	0.0000000000
GLYCOLYSIS: glycolysis I (from glucose 6-phosphate)|unclassified	0.0000000000
PWY-5484: glycolysis II (from fructose 6-phosphate)	0.0000000000
PWY-5484: glycolysis II (from fructose 6-phosphate)|unclassified	0.0000000000
METSYN-PWY: superpathway of L-homoserine and L-methionine biosynthesis	0.0000000000
POLYISOPRENSYN-PWY: polyisoprenoid biosynthesis (E. coli)	0.0000000000
RUMP-PWY: formaldehyde oxidation I	0.0000000000
PWY-5690: TCA cycle II (plants and fungi)	0.0000000000
P185-PWY: formaldehyde assimilation III (dihydroxyacetone cycle)	0.0000000000
PWY-6147: 6-hydroxymethyl-dihydropterin diphosphate biosynthesis I	0.0000000000
PWY-6147: 6-hydroxymethyl-dihydropterin diphosphate biosynthesis I|unclassified	0.0000000000
PWY0-1479: tRNA processing	0.0000000000
PWY-6292: superpathway of L-cysteine biosynthesis (mammalian)	0.0000000000
PWY-6292: superpathway of L-cysteine biosynthesis (mammalian)|unclassified	0.0000000000
PWY-7117: C4 photosynthetic carbon assimilation cycle, PEPCK type	0.0000000000
PWY-5345: superpathway of L-methionine biosynthesis (by sulfhydrylation)	0.0000000000
PWY-8004: Entner-Doudoroff pathway I	0.0000000000
HOMOSER-METSYN-PWY: L-methionine biosynthesis I	0.0000000000
PWY-5505: L-glutamate and L-glutamine biosynthesis	0.0000000000
PWY-1269: CMP-3-deoxy-D-manno-octulosonate biosynthesis	0.0000000000
GLUCUROCAT-PWY: superpathway of &beta;-D-glucuronosides degradation	0.0000000000
GALACTUROCAT-PWY: D-galacturonate degradation I	0.0000000000
PWY-5989: stearate biosynthesis II (bacteria and plants)	0.0000000000
PWY-241: C4 photosynthetic carbon assimilation cycle, NADP-ME type	0.0000000000
SULFATE-CYS-PWY: superpathway of sulfate assimilation and cysteine biosynthesis	0.0000000000
PWY-7242: D-fructuronate degradation	0.0000000000
PWY-6507: 4-deoxy-L-threo-hex-4-enopyranuronate degradation	0.0000000000
PWY-6507: 4-deoxy-L-threo-hex-4-enopyranuronate degradation|g__Faecalibacterium.s__Faecalibacterium_prausnitzii	0.0354360626
PWY-6859: all-trans-farnesol biosynthesis	0.0000000000
PWY-7234: inosine-5'-phosphate biosynthesis III	0.0000000000
PWY-5154: L-arginine biosynthesis III (via N-acetyl-L-citrulline)	0.0000000000
ARGININE-SYN4-PWY: L-ornithine biosynthesis II	0.0000000000
PWY-5913: partial TCA cycle (obligate autotrophs)	0.0000000000
PWY-5367: petroselinate biosynthesis	0.0000000000
PWY-5022: 4-aminobutanoate degradation V	0.0000000000
GLUDEG-I-PWY: GABA shunt	0.0000000000
HISDEG-PWY: L-histidine degradation I	0.0000000000
HISDEG-PWY: L-histidine degradation I|unclassified	0.0000000000
PWY-6902: chitin degradation II (Vibrio)	0.0000000000
PWY-7315: dTDP-N-acetylthomosamine biosynthesis	0.0000000000
PWY-7315: dTDP-N-acetylthomosamine biosynthesis|g__Asaccharobacter.s__Asaccharobacter_celatus	0.0050713009
SO4ASSIM-PWY: assimilatory sulfate reduction I	0.0000000000