# Pathway	merged_VKT-15080919Week-4_S28_L002__kneaddata_paired_Coverage
UNMAPPED	1.0000000000
UNINTEGRATED	1.0000000000
UNINTEGRATED|g__Anaerostipes.s__Anaerostipes_hadrus	1.0000000000
UNINTEGRATED|g__Asaccharobacter.s__Asaccharobacter_celatus	1.0000000000
UNINTEGRATED|g__Blautia.s__Blautia_hydrogenotrophica	1.0000000000
UNINTEGRATED|g__Blautia.s__Blautia_obeum	1.0000000000
UNINTEGRATED|g__Blautia.s__Blautia_wexlerae	1.0000000000
UNINTEGRATED|g__Dorea.s__Dorea_formicigenerans	1.0000000000
UNINTEGRATED|g__Eggerthella.s__Eggerthella_lenta	1.0000000000
UNINTEGRATED|g__Erysipelatoclostridium.s__Clostridium_spiroforme	1.0000000000
UNINTEGRATED|g__Erysipelatoclostridium.s__Erysipelatoclostridium_ramosum	1.0000000000
UNINTEGRATED|g__Gemmiger.s__Gemmiger_formicilis	1.0000000000
UNINTEGRATED|g__Gordonibacter.s__Gordonibacter_urolithinfaciens	1.0000000000
UNINTEGRATED|g__Streptococcus.s__Streptococcus_equinus	1.0000000000
UNINTEGRATED|g__Streptococcus.s__Streptococcus_parasanguinis	1.0000000000
UNINTEGRATED|g__Streptococcus.s__Streptococcus_pneumoniae	1.0000000000
UNINTEGRATED|g__Streptococcus.s__Streptococcus_salivarius	1.0000000000
UNINTEGRATED|g__Streptococcus.s__Streptococcus_thermophilus	1.0000000000
UNINTEGRATED|g__Streptococcus.s__Streptococcus_vestibularis	1.0000000000
UNINTEGRATED|unclassified	1.0000000000
PWY-7238: sucrose biosynthesis II	1.0000000000
PWY-7238: sucrose biosynthesis II|g__Blautia.s__Blautia_obeum	1.0000000000
PWY-7238: sucrose biosynthesis II|unclassified	0.9999985601
PWY-7238: sucrose biosynthesis II|g__Blautia.s__Blautia_wexlerae	0.9999997859
PWY-7238: sucrose biosynthesis II|g__Anaerostipes.s__Anaerostipes_hadrus	0.6669913510
PWY-7238: sucrose biosynthesis II|g__Gemmiger.s__Gemmiger_formicilis	0.5290619529
PWY-7238: sucrose biosynthesis II|g__Blautia.s__Blautia_hydrogenotrophica	0.9553610782
PWY-7238: sucrose biosynthesis II|g__Streptococcus.s__Streptococcus_pneumoniae	0.7264833823
PWY-7238: sucrose biosynthesis II|g__Streptococcus.s__Streptococcus_thermophilus	0.2956620819
PWY-7238: sucrose biosynthesis II|g__Streptococcus.s__Streptococcus_salivarius	0.1587584119
PWY-7238: sucrose biosynthesis II|g__Streptococcus.s__Streptococcus_equinus	0.0659420568
GLYCOGENSYNTH-PWY: glycogen biosynthesis I (from ADP-D-Glucose)	1.0000000000
GLYCOGENSYNTH-PWY: glycogen biosynthesis I (from ADP-D-Glucose)|unclassified	0.9999994625
GLYCOGENSYNTH-PWY: glycogen biosynthesis I (from ADP-D-Glucose)|g__Blautia.s__Blautia_wexlerae	0.9999633910
GLYCOGENSYNTH-PWY: glycogen biosynthesis I (from ADP-D-Glucose)|g__Blautia.s__Blautia_obeum	0.8839800247
GLYCOGENSYNTH-PWY: glycogen biosynthesis I (from ADP-D-Glucose)|g__Anaerostipes.s__Anaerostipes_hadrus	0.9996872243
GLYCOGENSYNTH-PWY: glycogen biosynthesis I (from ADP-D-Glucose)|g__Blautia.s__Blautia_hydrogenotrophica	0.6300311476
GLYCOGENSYNTH-PWY: glycogen biosynthesis I (from ADP-D-Glucose)|g__Gemmiger.s__Gemmiger_formicilis	0.0074201362
PWY-5941: glycogen degradation II	0.9850271005
PWY-5941: glycogen degradation II|g__Blautia.s__Blautia_obeum	0.9580846641
PWY-5941: glycogen degradation II|unclassified	0.0000022678
PWY-5941: glycogen degradation II|g__Blautia.s__Blautia_wexlerae	0.9999876539
PWY-5941: glycogen degradation II|g__Anaerostipes.s__Anaerostipes_hadrus	0.7158549462
PWY-5941: glycogen degradation II|g__Blautia.s__Blautia_hydrogenotrophica	0.7648413786
PWY-5941: glycogen degradation II|g__Streptococcus.s__Streptococcus_pneumoniae	0.6943545714
PWY-5941: glycogen degradation II|g__Streptococcus.s__Streptococcus_thermophilus	0.2589617452
PWY-5941: glycogen degradation II|g__Streptococcus.s__Streptococcus_salivarius	0.1617717788
PWY-5941: glycogen degradation II|g__Streptococcus.s__Streptococcus_equinus	0.0662368268
PWY-1042: glycolysis IV	0.8810350790
PWY-1042: glycolysis IV|unclassified	0.9452008449
PWY-1042: glycolysis IV|g__Blautia.s__Blautia_wexlerae	0.0000000000
PWY-1042: glycolysis IV|g__Anaerostipes.s__Anaerostipes_hadrus	0.5563286776
PWY-1042: glycolysis IV|g__Blautia.s__Blautia_hydrogenotrophica	0.7711164376
PWY-1042: glycolysis IV|g__Blautia.s__Blautia_obeum	0.0000000000
PWY-1042: glycolysis IV|g__Eggerthella.s__Eggerthella_lenta	0.1735916644
PWY-1042: glycolysis IV|g__Erysipelatoclostridium.s__Clostridium_spiroforme	0.3372814008
PWY-1042: glycolysis IV|g__Streptococcus.s__Streptococcus_thermophilus	0.1925635444
PWY-1042: glycolysis IV|g__Streptococcus.s__Streptococcus_vestibularis	0.8855424032
PWY-1042: glycolysis IV|g__Streptococcus.s__Streptococcus_salivarius	0.4228169501
ARGSYNBSUB-PWY: L-arginine biosynthesis II (acetyl cycle)	0.9999999722
ARGSYNBSUB-PWY: L-arginine biosynthesis II (acetyl cycle)|unclassified	0.9991860073
ARGSYNBSUB-PWY: L-arginine biosynthesis II (acetyl cycle)|g__Blautia.s__Blautia_wexlerae	0.9276369373
ARGSYNBSUB-PWY: L-arginine biosynthesis II (acetyl cycle)|g__Blautia.s__Blautia_obeum	0.0000000000
ARGSYNBSUB-PWY: L-arginine biosynthesis II (acetyl cycle)|g__Gemmiger.s__Gemmiger_formicilis	0.7421522532
ARGSYNBSUB-PWY: L-arginine biosynthesis II (acetyl cycle)|g__Anaerostipes.s__Anaerostipes_hadrus	0.0000062235
ARGSYNBSUB-PWY: L-arginine biosynthesis II (acetyl cycle)|g__Eggerthella.s__Eggerthella_lenta	0.3876948480
ARGSYNBSUB-PWY: L-arginine biosynthesis II (acetyl cycle)|g__Blautia.s__Blautia_hydrogenotrophica	0.4412632105
ARGSYNBSUB-PWY: L-arginine biosynthesis II (acetyl cycle)|g__Streptococcus.s__Streptococcus_salivarius	0.1574578484
VALSYN-PWY: L-valine biosynthesis	0.9999929539
VALSYN-PWY: L-valine biosynthesis|unclassified	0.8166563868
VALSYN-PWY: L-valine biosynthesis|g__Blautia.s__Blautia_obeum	0.9996015477
VALSYN-PWY: L-valine biosynthesis|g__Blautia.s__Blautia_wexlerae	0.0081859075
VALSYN-PWY: L-valine biosynthesis|g__Anaerostipes.s__Anaerostipes_hadrus	0.3993442212
VALSYN-PWY: L-valine biosynthesis|g__Blautia.s__Blautia_hydrogenotrophica	0.9498643608
VALSYN-PWY: L-valine biosynthesis|g__Gemmiger.s__Gemmiger_formicilis	0.2060930372
VALSYN-PWY: L-valine biosynthesis|g__Eggerthella.s__Eggerthella_lenta	0.2633315974
VALSYN-PWY: L-valine biosynthesis|g__Streptococcus.s__Streptococcus_parasanguinis	0.6450424696
VALSYN-PWY: L-valine biosynthesis|g__Streptococcus.s__Streptococcus_salivarius	0.7669967802
VALSYN-PWY: L-valine biosynthesis|g__Streptococcus.s__Streptococcus_pneumoniae	0.4966835562
VALSYN-PWY: L-valine biosynthesis|g__Streptococcus.s__Streptococcus_thermophilus	0.1412898841
VALSYN-PWY: L-valine biosynthesis|g__Streptococcus.s__Streptococcus_equinus	0.1968889427
PWY-6386: UDP-N-acetylmuramoyl-pentapeptide biosynthesis II (lysine-containing)	0.9999945048
PWY-6386: UDP-N-acetylmuramoyl-pentapeptide biosynthesis II (lysine-containing)|unclassified	0.1716268325
PWY-6386: UDP-N-acetylmuramoyl-pentapeptide biosynthesis II (lysine-containing)|g__Blautia.s__Blautia_obeum	0.8611127333
PWY-6386: UDP-N-acetylmuramoyl-pentapeptide biosynthesis II (lysine-containing)|g__Blautia.s__Blautia_wexlerae	0.2912313529
PWY-6386: UDP-N-acetylmuramoyl-pentapeptide biosynthesis II (lysine-containing)|g__Anaerostipes.s__Anaerostipes_hadrus	0.0133112135
PWY-6386: UDP-N-acetylmuramoyl-pentapeptide biosynthesis II (lysine-containing)|g__Gemmiger.s__Gemmiger_formicilis	0.1532165427
PWY-6386: UDP-N-acetylmuramoyl-pentapeptide biosynthesis II (lysine-containing)|g__Streptococcus.s__Streptococcus_pneumoniae	0.6416222168
PWY-6386: UDP-N-acetylmuramoyl-pentapeptide biosynthesis II (lysine-containing)|g__Streptococcus.s__Streptococcus_thermophilus	0.1846401957
ANAGLYCOLYSIS-PWY: glycolysis III (from glucose)	0.8160448270
ANAGLYCOLYSIS-PWY: glycolysis III (from glucose)|unclassified	0.0000000000
ANAGLYCOLYSIS-PWY: glycolysis III (from glucose)|g__Blautia.s__Blautia_wexlerae	0.0000000000
ANAGLYCOLYSIS-PWY: glycolysis III (from glucose)|g__Anaerostipes.s__Anaerostipes_hadrus	0.4293332836
ANAGLYCOLYSIS-PWY: glycolysis III (from glucose)|g__Blautia.s__Blautia_obeum	0.0000000000
ANAGLYCOLYSIS-PWY: glycolysis III (from glucose)|g__Blautia.s__Blautia_hydrogenotrophica	0.5167210945
ANAGLYCOLYSIS-PWY: glycolysis III (from glucose)|g__Streptococcus.s__Streptococcus_thermophilus	0.2735049406
ANAGLYCOLYSIS-PWY: glycolysis III (from glucose)|g__Streptococcus.s__Streptococcus_salivarius	0.4614167253
ANAGLYCOLYSIS-PWY: glycolysis III (from glucose)|g__Streptococcus.s__Streptococcus_pneumoniae	0.0698216281
PWY-8178: pentose phosphate pathway (non-oxidative branch) II	0.9390935860
PWY-8178: pentose phosphate pathway (non-oxidative branch) II|unclassified	0.4680020520
PWY-8178: pentose phosphate pathway (non-oxidative branch) II|g__Blautia.s__Blautia_wexlerae	0.6920656213
PWY-8178: pentose phosphate pathway (non-oxidative branch) II|g__Blautia.s__Blautia_obeum	0.0000000000
PWY-8178: pentose phosphate pathway (non-oxidative branch) II|g__Anaerostipes.s__Anaerostipes_hadrus	0.4096360958
PWY-8178: pentose phosphate pathway (non-oxidative branch) II|g__Blautia.s__Blautia_hydrogenotrophica	0.9814523267
PWY-8178: pentose phosphate pathway (non-oxidative branch) II|g__Erysipelatoclostridium.s__Clostridium_spiroforme	0.6192135831
PWY-8178: pentose phosphate pathway (non-oxidative branch) II|g__Streptococcus.s__Streptococcus_thermophilus	0.2334035201
ILEUSYN-PWY: L-isoleucine biosynthesis I (from threonine)	0.9998707600
ILEUSYN-PWY: L-isoleucine biosynthesis I (from threonine)|unclassified	0.6745366667
ILEUSYN-PWY: L-isoleucine biosynthesis I (from threonine)|g__Blautia.s__Blautia_obeum	0.0000000000
ILEUSYN-PWY: L-isoleucine biosynthesis I (from threonine)|g__Blautia.s__Blautia_wexlerae	0.0000000001
ILEUSYN-PWY: L-isoleucine biosynthesis I (from threonine)|g__Anaerostipes.s__Anaerostipes_hadrus	0.3678362628
ILEUSYN-PWY: L-isoleucine biosynthesis I (from threonine)|g__Gemmiger.s__Gemmiger_formicilis	0.0442986774
ILEUSYN-PWY: L-isoleucine biosynthesis I (from threonine)|g__Blautia.s__Blautia_hydrogenotrophica	0.6517906986
ILEUSYN-PWY: L-isoleucine biosynthesis I (from threonine)|g__Eggerthella.s__Eggerthella_lenta	0.0025319505
ILEUSYN-PWY: L-isoleucine biosynthesis I (from threonine)|g__Streptococcus.s__Streptococcus_pneumoniae	0.3135225765
ILEUSYN-PWY: L-isoleucine biosynthesis I (from threonine)|g__Streptococcus.s__Streptococcus_thermophilus	0.0043334787
ILEUSYN-PWY: L-isoleucine biosynthesis I (from threonine)|g__Streptococcus.s__Streptococcus_equinus	0.1313418681
PEPTIDOGLYCANSYN-PWY: peptidoglycan biosynthesis I (meso-diaminopimelate containing)	0.9999946076
PEPTIDOGLYCANSYN-PWY: peptidoglycan biosynthesis I (meso-diaminopimelate containing)|unclassified	0.9566134317
PEPTIDOGLYCANSYN-PWY: peptidoglycan biosynthesis I (meso-diaminopimelate containing)|g__Blautia.s__Blautia_obeum	0.7616460979
PEPTIDOGLYCANSYN-PWY: peptidoglycan biosynthesis I (meso-diaminopimelate containing)|g__Blautia.s__Blautia_wexlerae	0.2983734426
PEPTIDOGLYCANSYN-PWY: peptidoglycan biosynthesis I (meso-diaminopimelate containing)|g__Anaerostipes.s__Anaerostipes_hadrus	0.0864064008
PEPTIDOGLYCANSYN-PWY: peptidoglycan biosynthesis I (meso-diaminopimelate containing)|g__Gemmiger.s__Gemmiger_formicilis	0.0337796326
PEPTIDOGLYCANSYN-PWY: peptidoglycan biosynthesis I (meso-diaminopimelate containing)|g__Blautia.s__Blautia_hydrogenotrophica	0.3689946516
PEPTIDOGLYCANSYN-PWY: peptidoglycan biosynthesis I (meso-diaminopimelate containing)|g__Eggerthella.s__Eggerthella_lenta	0.1484074173
PEPTIDOGLYCANSYN-PWY: peptidoglycan biosynthesis I (meso-diaminopimelate containing)|g__Streptococcus.s__Streptococcus_thermophilus	0.1126260033
PEPTIDOGLYCANSYN-PWY: peptidoglycan biosynthesis I (meso-diaminopimelate containing)|g__Streptococcus.s__Streptococcus_pneumoniae	0.2340003645
PWY-6387: UDP-N-acetylmuramoyl-pentapeptide biosynthesis I (meso-diaminopimelate containing)	0.9999932596
PWY-6387: UDP-N-acetylmuramoyl-pentapeptide biosynthesis I (meso-diaminopimelate containing)|unclassified	0.9464049104
PWY-6387: UDP-N-acetylmuramoyl-pentapeptide biosynthesis I (meso-diaminopimelate containing)|g__Blautia.s__Blautia_obeum	0.9548715770
PWY-6387: UDP-N-acetylmuramoyl-pentapeptide biosynthesis I (meso-diaminopimelate containing)|g__Blautia.s__Blautia_wexlerae	0.2726682619
PWY-6387: UDP-N-acetylmuramoyl-pentapeptide biosynthesis I (meso-diaminopimelate containing)|g__Anaerostipes.s__Anaerostipes_hadrus	0.0704023006
PWY-6387: UDP-N-acetylmuramoyl-pentapeptide biosynthesis I (meso-diaminopimelate containing)|g__Gemmiger.s__Gemmiger_formicilis	0.1332929729
PWY-6387: UDP-N-acetylmuramoyl-pentapeptide biosynthesis I (meso-diaminopimelate containing)|g__Blautia.s__Blautia_hydrogenotrophica	0.3716330255
PWY-6387: UDP-N-acetylmuramoyl-pentapeptide biosynthesis I (meso-diaminopimelate containing)|g__Eggerthella.s__Eggerthella_lenta	0.1238077193
PWY-6387: UDP-N-acetylmuramoyl-pentapeptide biosynthesis I (meso-diaminopimelate containing)|g__Streptococcus.s__Streptococcus_thermophilus	0.1210248910
PWY-6387: UDP-N-acetylmuramoyl-pentapeptide biosynthesis I (meso-diaminopimelate containing)|g__Streptococcus.s__Streptococcus_pneumoniae	0.1974675858
PWY-5097: L-lysine biosynthesis VI	0.9934444366
PWY-5097: L-lysine biosynthesis VI|unclassified	0.8257526161
PWY-5097: L-lysine biosynthesis VI|g__Blautia.s__Blautia_obeum	0.0005342265
PWY-5097: L-lysine biosynthesis VI|g__Blautia.s__Blautia_wexlerae	0.0013274257
PWY-5097: L-lysine biosynthesis VI|g__Anaerostipes.s__Anaerostipes_hadrus	0.0126458752
PWY-5097: L-lysine biosynthesis VI|g__Gemmiger.s__Gemmiger_formicilis	0.0011372595
CALVIN-PWY: Calvin-Benson-Bassham cycle	0.9716915799
CALVIN-PWY: Calvin-Benson-Bassham cycle|unclassified	0.6996647683
CALVIN-PWY: Calvin-Benson-Bassham cycle|g__Blautia.s__Blautia_wexlerae	0.0909777091
CALVIN-PWY: Calvin-Benson-Bassham cycle|g__Anaerostipes.s__Anaerostipes_hadrus	0.3491103413
CALVIN-PWY: Calvin-Benson-Bassham cycle|g__Blautia.s__Blautia_obeum	0.0000000000
CALVIN-PWY: Calvin-Benson-Bassham cycle|g__Blautia.s__Blautia_hydrogenotrophica	0.2235487306
PWY-6385: peptidoglycan biosynthesis III (mycobacteria)	0.9999195579
PWY-6385: peptidoglycan biosynthesis III (mycobacteria)|unclassified	0.1768128280
PWY-6385: peptidoglycan biosynthesis III (mycobacteria)|g__Blautia.s__Blautia_obeum	0.7616460979
PWY-6385: peptidoglycan biosynthesis III (mycobacteria)|g__Blautia.s__Blautia_wexlerae	0.0000008200
PWY-6385: peptidoglycan biosynthesis III (mycobacteria)|g__Anaerostipes.s__Anaerostipes_hadrus	0.0862455236
PWY-6385: peptidoglycan biosynthesis III (mycobacteria)|g__Blautia.s__Blautia_hydrogenotrophica	0.3820274480
PWY-6385: peptidoglycan biosynthesis III (mycobacteria)|g__Eggerthella.s__Eggerthella_lenta	0.1469853092
PWY-6163: chorismate biosynthesis from 3-dehydroquinate	0.9649549952
PWY-6163: chorismate biosynthesis from 3-dehydroquinate|unclassified	0.7697644389
PWY-6163: chorismate biosynthesis from 3-dehydroquinate|g__Blautia.s__Blautia_obeum	0.8203042721
PWY-6163: chorismate biosynthesis from 3-dehydroquinate|g__Blautia.s__Blautia_wexlerae	0.0000000933
PWY-6163: chorismate biosynthesis from 3-dehydroquinate|g__Anaerostipes.s__Anaerostipes_hadrus	0.5296479928
PWY-6163: chorismate biosynthesis from 3-dehydroquinate|g__Eggerthella.s__Eggerthella_lenta	0.3609144334
PWY-6163: chorismate biosynthesis from 3-dehydroquinate|g__Blautia.s__Blautia_hydrogenotrophica	0.0996871756
PWY-6163: chorismate biosynthesis from 3-dehydroquinate|g__Streptococcus.s__Streptococcus_thermophilus	0.4031751360
PWY-6163: chorismate biosynthesis from 3-dehydroquinate|g__Streptococcus.s__Streptococcus_pneumoniae	0.6945687890
PWY-6122: 5-aminoimidazole ribonucleotide biosynthesis II	0.9999982169
PWY-6122: 5-aminoimidazole ribonucleotide biosynthesis II|unclassified	0.7301673040
PWY-6122: 5-aminoimidazole ribonucleotide biosynthesis II|g__Blautia.s__Blautia_obeum	0.8082944246
PWY-6122: 5-aminoimidazole ribonucleotide biosynthesis II|g__Blautia.s__Blautia_wexlerae	0.1274843345
PWY-6122: 5-aminoimidazole ribonucleotide biosynthesis II|g__Gemmiger.s__Gemmiger_formicilis	0.3291541078
PWY-6122: 5-aminoimidazole ribonucleotide biosynthesis II|g__Eggerthella.s__Eggerthella_lenta	0.8982055951
PWY-6122: 5-aminoimidazole ribonucleotide biosynthesis II|g__Anaerostipes.s__Anaerostipes_hadrus	0.0177334160
PWY-6122: 5-aminoimidazole ribonucleotide biosynthesis II|g__Blautia.s__Blautia_hydrogenotrophica	0.5852959732
PWY-6122: 5-aminoimidazole ribonucleotide biosynthesis II|g__Asaccharobacter.s__Asaccharobacter_celatus	0.4085382833
PWY-6122: 5-aminoimidazole ribonucleotide biosynthesis II|g__Streptococcus.s__Streptococcus_thermophilus	0.9223015383
PWY-6122: 5-aminoimidazole ribonucleotide biosynthesis II|g__Streptococcus.s__Streptococcus_salivarius	0.7247766240
PWY-6122: 5-aminoimidazole ribonucleotide biosynthesis II|g__Streptococcus.s__Streptococcus_equinus	0.8050023525
PWY-6122: 5-aminoimidazole ribonucleotide biosynthesis II|g__Streptococcus.s__Streptococcus_parasanguinis	0.0025204968
PWY-6277: superpathway of 5-aminoimidazole ribonucleotide biosynthesis	0.9999982169
PWY-6277: superpathway of 5-aminoimidazole ribonucleotide biosynthesis|unclassified	0.7301673040
PWY-6277: superpathway of 5-aminoimidazole ribonucleotide biosynthesis|g__Blautia.s__Blautia_obeum	0.8082944246
PWY-6277: superpathway of 5-aminoimidazole ribonucleotide biosynthesis|g__Blautia.s__Blautia_wexlerae	0.1274843345
PWY-6277: superpathway of 5-aminoimidazole ribonucleotide biosynthesis|g__Gemmiger.s__Gemmiger_formicilis	0.3291541078
PWY-6277: superpathway of 5-aminoimidazole ribonucleotide biosynthesis|g__Eggerthella.s__Eggerthella_lenta	0.8982055951
PWY-6277: superpathway of 5-aminoimidazole ribonucleotide biosynthesis|g__Anaerostipes.s__Anaerostipes_hadrus	0.0177334160
PWY-6277: superpathway of 5-aminoimidazole ribonucleotide biosynthesis|g__Blautia.s__Blautia_hydrogenotrophica	0.5852959732
PWY-6277: superpathway of 5-aminoimidazole ribonucleotide biosynthesis|g__Asaccharobacter.s__Asaccharobacter_celatus	0.4085382833
PWY-6277: superpathway of 5-aminoimidazole ribonucleotide biosynthesis|g__Streptococcus.s__Streptococcus_thermophilus	0.9223015383
PWY-6277: superpathway of 5-aminoimidazole ribonucleotide biosynthesis|g__Streptococcus.s__Streptococcus_salivarius	0.7247766240
PWY-6277: superpathway of 5-aminoimidazole ribonucleotide biosynthesis|g__Streptococcus.s__Streptococcus_equinus	0.8050023525
PWY-6277: superpathway of 5-aminoimidazole ribonucleotide biosynthesis|g__Streptococcus.s__Streptococcus_parasanguinis	0.0025204968
ARGSYN-PWY: L-arginine biosynthesis I (via L-ornithine)	0.9858187393
ARGSYN-PWY: L-arginine biosynthesis I (via L-ornithine)|unclassified	0.9199290847
ARGSYN-PWY: L-arginine biosynthesis I (via L-ornithine)|g__Blautia.s__Blautia_wexlerae	0.8341880222
ARGSYN-PWY: L-arginine biosynthesis I (via L-ornithine)|g__Blautia.s__Blautia_obeum	0.0000000000
ARGSYN-PWY: L-arginine biosynthesis I (via L-ornithine)|g__Gemmiger.s__Gemmiger_formicilis	0.5562488563
ARGSYN-PWY: L-arginine biosynthesis I (via L-ornithine)|g__Anaerostipes.s__Anaerostipes_hadrus	0.0000168016
ARGSYN-PWY: L-arginine biosynthesis I (via L-ornithine)|g__Blautia.s__Blautia_hydrogenotrophica	0.4751392357
PWY-5103: L-isoleucine biosynthesis III	0.9997960623
PWY-5103: L-isoleucine biosynthesis III|unclassified	0.5944609558
PWY-5103: L-isoleucine biosynthesis III|g__Blautia.s__Blautia_wexlerae	0.0000000000
PWY-5103: L-isoleucine biosynthesis III|g__Blautia.s__Blautia_obeum	0.0000000000
PWY-5103: L-isoleucine biosynthesis III|g__Anaerostipes.s__Anaerostipes_hadrus	0.3371216410
PWY-5103: L-isoleucine biosynthesis III|g__Gemmiger.s__Gemmiger_formicilis	0.0294907662
PWY-5103: L-isoleucine biosynthesis III|g__Blautia.s__Blautia_hydrogenotrophica	0.5456460045
PWY-5103: L-isoleucine biosynthesis III|g__Eggerthella.s__Eggerthella_lenta	0.0015878831
PWY-5103: L-isoleucine biosynthesis III|g__Streptococcus.s__Streptococcus_pneumoniae	0.2447928666
PWY-5103: L-isoleucine biosynthesis III|g__Streptococcus.s__Streptococcus_thermophilus	0.0027316568
PWY-5103: L-isoleucine biosynthesis III|g__Streptococcus.s__Streptococcus_equinus	0.1055198274
ARO-PWY: chorismate biosynthesis I	0.8641329079
ARO-PWY: chorismate biosynthesis I|unclassified	0.6835024312
ARO-PWY: chorismate biosynthesis I|g__Blautia.s__Blautia_obeum	0.7064557985
ARO-PWY: chorismate biosynthesis I|g__Blautia.s__Blautia_wexlerae	0.0000001305
ARO-PWY: chorismate biosynthesis I|g__Anaerostipes.s__Anaerostipes_hadrus	0.5949852038
ARO-PWY: chorismate biosynthesis I|g__Eggerthella.s__Eggerthella_lenta	0.2693033427
ARO-PWY: chorismate biosynthesis I|g__Blautia.s__Blautia_hydrogenotrophica	0.0994228796
ARO-PWY: chorismate biosynthesis I|g__Streptococcus.s__Streptococcus_thermophilus	0.3406137383
ARO-PWY: chorismate biosynthesis I|g__Streptococcus.s__Streptococcus_pneumoniae	0.5680371244
PWY-7953: UDP-N-acetylmuramoyl-pentapeptide biosynthesis III (meso-diaminopimelate containing)	0.9998853688
PWY-7953: UDP-N-acetylmuramoyl-pentapeptide biosynthesis III (meso-diaminopimelate containing)|unclassified	0.1307035456
PWY-7953: UDP-N-acetylmuramoyl-pentapeptide biosynthesis III (meso-diaminopimelate containing)|g__Blautia.s__Blautia_obeum	0.9487550315
PWY-7953: UDP-N-acetylmuramoyl-pentapeptide biosynthesis III (meso-diaminopimelate containing)|g__Blautia.s__Blautia_wexlerae	0.0000005740
PWY-7953: UDP-N-acetylmuramoyl-pentapeptide biosynthesis III (meso-diaminopimelate containing)|g__Anaerostipes.s__Anaerostipes_hadrus	0.0621594104
PWY-7953: UDP-N-acetylmuramoyl-pentapeptide biosynthesis III (meso-diaminopimelate containing)|g__Eggerthella.s__Eggerthella_lenta	0.1108700390
BRANCHED-CHAIN-AA-SYN-PWY: superpathway of branched chain amino acid biosynthesis	0.9908518231
BRANCHED-CHAIN-AA-SYN-PWY: superpathway of branched chain amino acid biosynthesis|unclassified	0.6488818017
BRANCHED-CHAIN-AA-SYN-PWY: superpathway of branched chain amino acid biosynthesis|g__Blautia.s__Blautia_obeum	0.0000000000
BRANCHED-CHAIN-AA-SYN-PWY: superpathway of branched chain amino acid biosynthesis|g__Blautia.s__Blautia_wexlerae	0.0000000000
BRANCHED-CHAIN-AA-SYN-PWY: superpathway of branched chain amino acid biosynthesis|g__Anaerostipes.s__Anaerostipes_hadrus	0.3795635867
BRANCHED-CHAIN-AA-SYN-PWY: superpathway of branched chain amino acid biosynthesis|g__Gemmiger.s__Gemmiger_formicilis	0.0534990887
BRANCHED-CHAIN-AA-SYN-PWY: superpathway of branched chain amino acid biosynthesis|g__Blautia.s__Blautia_hydrogenotrophica	0.6937647747
BRANCHED-CHAIN-AA-SYN-PWY: superpathway of branched chain amino acid biosynthesis|g__Eggerthella.s__Eggerthella_lenta	0.0021130485
BRANCHED-CHAIN-AA-SYN-PWY: superpathway of branched chain amino acid biosynthesis|g__Streptococcus.s__Streptococcus_pneumoniae	0.3594181148
BRANCHED-CHAIN-AA-SYN-PWY: superpathway of branched chain amino acid biosynthesis|g__Streptococcus.s__Streptococcus_equinus	0.1440409295
PWY-7237: myo-, chiro- and scyllo-inositol degradation	1.0000000000
PWY-7237: myo-, chiro- and scyllo-inositol degradation|g__Blautia.s__Blautia_obeum	1.0000000000
PWY-7237: myo-, chiro- and scyllo-inositol degradation|unclassified	0.9976676681
PWY-7237: myo-, chiro- and scyllo-inositol degradation|g__Anaerostipes.s__Anaerostipes_hadrus	0.9999992805
PWY-7237: myo-, chiro- and scyllo-inositol degradation|g__Blautia.s__Blautia_hydrogenotrophica	0.9999999919
PWY-7237: myo-, chiro- and scyllo-inositol degradation|g__Blautia.s__Blautia_wexlerae	0.0000000000
PWY-6609: adenine and adenosine salvage III	0.9999999976
PWY-6609: adenine and adenosine salvage III|unclassified	0.8466018668
PWY-6609: adenine and adenosine salvage III|g__Blautia.s__Blautia_wexlerae	0.0000000013
PWY-6609: adenine and adenosine salvage III|g__Blautia.s__Blautia_obeum	0.0000000000
PWY-6609: adenine and adenosine salvage III|g__Anaerostipes.s__Anaerostipes_hadrus	0.9027443781
PWY-6609: adenine and adenosine salvage III|g__Gemmiger.s__Gemmiger_formicilis	0.5499133603
PWY-6609: adenine and adenosine salvage III|g__Eggerthella.s__Eggerthella_lenta	0.7504103352
PWY-6609: adenine and adenosine salvage III|g__Blautia.s__Blautia_hydrogenotrophica	0.3279578876
PWY-6609: adenine and adenosine salvage III|g__Streptococcus.s__Streptococcus_parasanguinis	0.7416145578
PWY-6609: adenine and adenosine salvage III|g__Gordonibacter.s__Gordonibacter_urolithinfaciens	0.5989608390
PWY-6609: adenine and adenosine salvage III|g__Streptococcus.s__Streptococcus_salivarius	0.7374535312
PWY-7221: guanosine ribonucleotides de novo biosynthesis	0.9807230739
PWY-7221: guanosine ribonucleotides de novo biosynthesis|g__Blautia.s__Blautia_wexlerae	0.9999999996
PWY-7221: guanosine ribonucleotides de novo biosynthesis|unclassified	0.0469221192
PWY-7221: guanosine ribonucleotides de novo biosynthesis|g__Blautia.s__Blautia_obeum	0.0000000000
PWY-7221: guanosine ribonucleotides de novo biosynthesis|g__Anaerostipes.s__Anaerostipes_hadrus	0.0010089096
PWY-7221: guanosine ribonucleotides de novo biosynthesis|g__Eggerthella.s__Eggerthella_lenta	0.5368349335
PWY-7221: guanosine ribonucleotides de novo biosynthesis|g__Blautia.s__Blautia_hydrogenotrophica	0.4361016239
PWY-7221: guanosine ribonucleotides de novo biosynthesis|g__Gordonibacter.s__Gordonibacter_urolithinfaciens	0.7503477551
PWY-7221: guanosine ribonucleotides de novo biosynthesis|g__Asaccharobacter.s__Asaccharobacter_celatus	0.0251965444
PWY-7221: guanosine ribonucleotides de novo biosynthesis|g__Streptococcus.s__Streptococcus_parasanguinis	0.5457960875
PWY-7221: guanosine ribonucleotides de novo biosynthesis|g__Erysipelatoclostridium.s__Clostridium_spiroforme	0.0924975988
PWY-7221: guanosine ribonucleotides de novo biosynthesis|g__Streptococcus.s__Streptococcus_salivarius	0.7701341709
PWY-7221: guanosine ribonucleotides de novo biosynthesis|g__Erysipelatoclostridium.s__Erysipelatoclostridium_ramosum	0.2301385119
PWY0-1296: purine ribonucleosides degradation	0.9999999979
PWY0-1296: purine ribonucleosides degradation|g__Blautia.s__Blautia_obeum	1.0000000000
PWY0-1296: purine ribonucleosides degradation|unclassified	0.6902145546
PWY0-1296: purine ribonucleosides degradation|g__Blautia.s__Blautia_wexlerae	0.0000000014
PWY0-1296: purine ribonucleosides degradation|g__Anaerostipes.s__Anaerostipes_hadrus	0.0862467836
PWY0-1296: purine ribonucleosides degradation|g__Gemmiger.s__Gemmiger_formicilis	0.3745622513
PWY0-1296: purine ribonucleosides degradation|g__Streptococcus.s__Streptococcus_equinus	0.8177994401
PWY0-1296: purine ribonucleosides degradation|g__Streptococcus.s__Streptococcus_salivarius	0.5587221188
DTDPRHAMSYN-PWY: dTDP-&beta;-L-rhamnose biosynthesis	0.9999434065
DTDPRHAMSYN-PWY: dTDP-&beta;-L-rhamnose biosynthesis|unclassified	0.9999791221
DTDPRHAMSYN-PWY: dTDP-&beta;-L-rhamnose biosynthesis|g__Blautia.s__Blautia_obeum	0.3887931964
DTDPRHAMSYN-PWY: dTDP-&beta;-L-rhamnose biosynthesis|g__Blautia.s__Blautia_wexlerae	0.0001216118
DTDPRHAMSYN-PWY: dTDP-&beta;-L-rhamnose biosynthesis|g__Gemmiger.s__Gemmiger_formicilis	0.9353089914
DTDPRHAMSYN-PWY: dTDP-&beta;-L-rhamnose biosynthesis|g__Anaerostipes.s__Anaerostipes_hadrus	0.0943774454
DTDPRHAMSYN-PWY: dTDP-&beta;-L-rhamnose biosynthesis|g__Blautia.s__Blautia_hydrogenotrophica	0.3380693879
DTDPRHAMSYN-PWY: dTDP-&beta;-L-rhamnose biosynthesis|g__Eggerthella.s__Eggerthella_lenta	0.0192116364
DTDPRHAMSYN-PWY: dTDP-&beta;-L-rhamnose biosynthesis|g__Streptococcus.s__Streptococcus_salivarius	0.3084109574
DTDPRHAMSYN-PWY: dTDP-&beta;-L-rhamnose biosynthesis|g__Streptococcus.s__Streptococcus_parasanguinis	0.0496060655
DTDPRHAMSYN-PWY: dTDP-&beta;-L-rhamnose biosynthesis|g__Streptococcus.s__Streptococcus_thermophilus	0.0046041141
PWY-6121: 5-aminoimidazole ribonucleotide biosynthesis I	0.9999443449
PWY-6121: 5-aminoimidazole ribonucleotide biosynthesis I|unclassified	0.7713794869
PWY-6121: 5-aminoimidazole ribonucleotide biosynthesis I|g__Blautia.s__Blautia_obeum	0.8405203954
PWY-6121: 5-aminoimidazole ribonucleotide biosynthesis I|g__Blautia.s__Blautia_wexlerae	0.0007277436
PWY-6121: 5-aminoimidazole ribonucleotide biosynthesis I|g__Gemmiger.s__Gemmiger_formicilis	0.3676212558
PWY-6121: 5-aminoimidazole ribonucleotide biosynthesis I|g__Anaerostipes.s__Anaerostipes_hadrus	0.0217751282
PWY-6121: 5-aminoimidazole ribonucleotide biosynthesis I|g__Eggerthella.s__Eggerthella_lenta	0.5870406023
PWY-6121: 5-aminoimidazole ribonucleotide biosynthesis I|g__Blautia.s__Blautia_hydrogenotrophica	0.4837295269
PWY-6121: 5-aminoimidazole ribonucleotide biosynthesis I|g__Streptococcus.s__Streptococcus_thermophilus	0.9368557452
PWY-6121: 5-aminoimidazole ribonucleotide biosynthesis I|g__Streptococcus.s__Streptococcus_equinus	0.7946504841
PWY-6121: 5-aminoimidazole ribonucleotide biosynthesis I|g__Streptococcus.s__Streptococcus_parasanguinis	0.0031419256
PWY-2942: L-lysine biosynthesis III	0.8772715364
PWY-2942: L-lysine biosynthesis III|unclassified	0.7912328915
PWY-2942: L-lysine biosynthesis III|g__Blautia.s__Blautia_obeum	0.9709043468
PWY-2942: L-lysine biosynthesis III|g__Blautia.s__Blautia_wexlerae	0.0008630588
PWY-2942: L-lysine biosynthesis III|g__Anaerostipes.s__Anaerostipes_hadrus	0.0100264609
PWY-2942: L-lysine biosynthesis III|g__Eggerthella.s__Eggerthella_lenta	0.7299484759
GLUTORN-PWY: L-ornithine biosynthesis I	0.9999999506
GLUTORN-PWY: L-ornithine biosynthesis I|unclassified	0.9985736962
GLUTORN-PWY: L-ornithine biosynthesis I|g__Blautia.s__Blautia_wexlerae	0.5118047298
GLUTORN-PWY: L-ornithine biosynthesis I|g__Blautia.s__Blautia_obeum	0.0000000000
GLUTORN-PWY: L-ornithine biosynthesis I|g__Gemmiger.s__Gemmiger_formicilis	0.2763192850
GLUTORN-PWY: L-ornithine biosynthesis I|g__Blautia.s__Blautia_hydrogenotrophica	0.4659610569
GLUTORN-PWY: L-ornithine biosynthesis I|g__Anaerostipes.s__Anaerostipes_hadrus	0.0000035005
GLUTORN-PWY: L-ornithine biosynthesis I|g__Streptococcus.s__Streptococcus_pneumoniae	0.3522731652
PWY-6151: S-adenosyl-L-methionine salvage I	0.7362106845
PWY-6151: S-adenosyl-L-methionine salvage I|unclassified	0.8290401182
PWY-6151: S-adenosyl-L-methionine salvage I|g__Blautia.s__Blautia_wexlerae	0.2806450581
PWY-6151: S-adenosyl-L-methionine salvage I|g__Anaerostipes.s__Anaerostipes_hadrus	0.8667452093
PWY-6151: S-adenosyl-L-methionine salvage I|g__Blautia.s__Blautia_obeum	0.0000000000
PWY-6151: S-adenosyl-L-methionine salvage I|g__Blautia.s__Blautia_hydrogenotrophica	0.8891332723
PWY-6151: S-adenosyl-L-methionine salvage I|g__Gemmiger.s__Gemmiger_formicilis	0.0215785347
PWY-6151: S-adenosyl-L-methionine salvage I|g__Streptococcus.s__Streptococcus_thermophilus	0.5384984936
PWY-6151: S-adenosyl-L-methionine salvage I|g__Streptococcus.s__Streptococcus_equinus	0.5541333238
PWY-6151: S-adenosyl-L-methionine salvage I|g__Streptococcus.s__Streptococcus_pneumoniae	0.1498458251
PWY-6151: S-adenosyl-L-methionine salvage I|g__Streptococcus.s__Streptococcus_salivarius	0.2637873773
COMPLETE-ARO-PWY: superpathway of aromatic amino acid biosynthesis	0.4351483424
COMPLETE-ARO-PWY: superpathway of aromatic amino acid biosynthesis|unclassified	0.2320594347
COMPLETE-ARO-PWY: superpathway of aromatic amino acid biosynthesis|g__Blautia.s__Blautia_obeum	0.0099307485
COMPLETE-ARO-PWY: superpathway of aromatic amino acid biosynthesis|g__Blautia.s__Blautia_wexlerae	0.0000000000
COMPLETE-ARO-PWY: superpathway of aromatic amino acid biosynthesis|g__Anaerostipes.s__Anaerostipes_hadrus	0.5190696967
COMPLETE-ARO-PWY: superpathway of aromatic amino acid biosynthesis|g__Streptococcus.s__Streptococcus_thermophilus	0.3443663808
COMPLETE-ARO-PWY: superpathway of aromatic amino acid biosynthesis|g__Streptococcus.s__Streptococcus_pneumoniae	0.5515138778
PWY-3841: folate transformations II (plants)	0.9990336449
PWY-3841: folate transformations II (plants)|unclassified	0.9765094691
PWY-3841: folate transformations II (plants)|g__Blautia.s__Blautia_wexlerae	0.0000000000
PWY-3841: folate transformations II (plants)|g__Blautia.s__Blautia_obeum	0.0000000000
PWY-3841: folate transformations II (plants)|g__Anaerostipes.s__Anaerostipes_hadrus	0.1280998865
PWY-3841: folate transformations II (plants)|g__Blautia.s__Blautia_hydrogenotrophica	0.6201353834
PWY-5686: UMP biosynthesis I	0.7368468206
PWY-5686: UMP biosynthesis I|unclassified	0.0000132657
PWY-5686: UMP biosynthesis I|g__Blautia.s__Blautia_wexlerae	0.0432224299
PWY-5686: UMP biosynthesis I|g__Blautia.s__Blautia_obeum	0.0000030682
PWY-5686: UMP biosynthesis I|g__Anaerostipes.s__Anaerostipes_hadrus	0.5617028445
PWY-5686: UMP biosynthesis I|g__Gemmiger.s__Gemmiger_formicilis	0.0007668786
PWY-5686: UMP biosynthesis I|g__Eggerthella.s__Eggerthella_lenta	0.1235770380
PWY-5686: UMP biosynthesis I|g__Blautia.s__Blautia_hydrogenotrophica	0.0205395666
PWY-7790: UMP biosynthesis II	0.7368468206
PWY-7790: UMP biosynthesis II|unclassified	0.0000132657
PWY-7790: UMP biosynthesis II|g__Blautia.s__Blautia_wexlerae	0.0432224299
PWY-7790: UMP biosynthesis II|g__Blautia.s__Blautia_obeum	0.0000030682
PWY-7790: UMP biosynthesis II|g__Anaerostipes.s__Anaerostipes_hadrus	0.5617028445
PWY-7790: UMP biosynthesis II|g__Gemmiger.s__Gemmiger_formicilis	0.0007668786
PWY-7790: UMP biosynthesis II|g__Eggerthella.s__Eggerthella_lenta	0.1235770380
PWY-7790: UMP biosynthesis II|g__Blautia.s__Blautia_hydrogenotrophica	0.0205395666
PWY-7791: UMP biosynthesis III	0.7368468206
PWY-7791: UMP biosynthesis III|unclassified	0.0000132657
PWY-7791: UMP biosynthesis III|g__Blautia.s__Blautia_wexlerae	0.0432224299
PWY-7791: UMP biosynthesis III|g__Blautia.s__Blautia_obeum	0.0000030682
PWY-7791: UMP biosynthesis III|g__Anaerostipes.s__Anaerostipes_hadrus	0.5617028445
PWY-7791: UMP biosynthesis III|g__Gemmiger.s__Gemmiger_formicilis	0.0007668786
PWY-7791: UMP biosynthesis III|g__Eggerthella.s__Eggerthella_lenta	0.1235770380
PWY-7791: UMP biosynthesis III|g__Blautia.s__Blautia_hydrogenotrophica	0.0205395666
NONMEVIPP-PWY: methylerythritol phosphate pathway I	0.7101009385
NONMEVIPP-PWY: methylerythritol phosphate pathway I|unclassified	0.2785765347
NONMEVIPP-PWY: methylerythritol phosphate pathway I|g__Blautia.s__Blautia_obeum	0.0036106874
NONMEVIPP-PWY: methylerythritol phosphate pathway I|g__Blautia.s__Blautia_wexlerae	0.0000000000
NONMEVIPP-PWY: methylerythritol phosphate pathway I|g__Anaerostipes.s__Anaerostipes_hadrus	0.0739146278
NONMEVIPP-PWY: methylerythritol phosphate pathway I|g__Gemmiger.s__Gemmiger_formicilis	0.2015915970
NONMEVIPP-PWY: methylerythritol phosphate pathway I|g__Asaccharobacter.s__Asaccharobacter_celatus	0.3133383316
NONMEVIPP-PWY: methylerythritol phosphate pathway I|g__Blautia.s__Blautia_hydrogenotrophica	0.0008763365
PWY-6527: stachyose degradation	0.3486196083
PWY-6527: stachyose degradation|unclassified	0.0000411585
PWY-6527: stachyose degradation|g__Blautia.s__Blautia_obeum	0.0051422690
PWY-6527: stachyose degradation|g__Blautia.s__Blautia_wexlerae	0.9293067169
PWY-6823: molybdopterin biosynthesis	0.9995056000
PWY-6823: molybdopterin biosynthesis|g__Blautia.s__Blautia_obeum	0.9991120013
PWY-6823: molybdopterin biosynthesis|unclassified	0.8574305738
PWY-6823: molybdopterin biosynthesis|g__Eggerthella.s__Eggerthella_lenta	0.8027604398
PWY-6823: molybdopterin biosynthesis|g__Anaerostipes.s__Anaerostipes_hadrus	0.0000800027
PWY-6823: molybdopterin biosynthesis|g__Blautia.s__Blautia_hydrogenotrophica	0.3375896638
PWY-6823: molybdopterin biosynthesis|g__Blautia.s__Blautia_wexlerae	0.0000000000
PWY-6823: molybdopterin biosynthesis|g__Gordonibacter.s__Gordonibacter_urolithinfaciens	0.6797107686
PWY-5667: CDP-diacylglycerol biosynthesis I	0.7503986254
PWY-5667: CDP-diacylglycerol biosynthesis I|unclassified	0.8813058764
PWY-5667: CDP-diacylglycerol biosynthesis I|g__Blautia.s__Blautia_obeum	0.6288160903
PWY-5667: CDP-diacylglycerol biosynthesis I|g__Blautia.s__Blautia_wexlerae	0.0000000000
PWY-5667: CDP-diacylglycerol biosynthesis I|g__Anaerostipes.s__Anaerostipes_hadrus	0.0326446955
PWY-5667: CDP-diacylglycerol biosynthesis I|g__Blautia.s__Blautia_hydrogenotrophica	0.0191288266
PWY0-1319: CDP-diacylglycerol biosynthesis II	0.7503986254
PWY0-1319: CDP-diacylglycerol biosynthesis II|unclassified	0.8813058764
PWY0-1319: CDP-diacylglycerol biosynthesis II|g__Blautia.s__Blautia_obeum	0.6288160903
PWY0-1319: CDP-diacylglycerol biosynthesis II|g__Blautia.s__Blautia_wexlerae	0.0000000000
PWY0-1319: CDP-diacylglycerol biosynthesis II|g__Anaerostipes.s__Anaerostipes_hadrus	0.0326446955
PWY0-1319: CDP-diacylglycerol biosynthesis II|g__Blautia.s__Blautia_hydrogenotrophica	0.0191288266
1CMET2-PWY: folate transformations III (E. coli)	0.0220644581
1CMET2-PWY: folate transformations III (E. coli)|unclassified	0.0007627893
1CMET2-PWY: folate transformations III (E. coli)|g__Blautia.s__Blautia_wexlerae	0.0000000000
1CMET2-PWY: folate transformations III (E. coli)|g__Blautia.s__Blautia_obeum	0.0000000000
1CMET2-PWY: folate transformations III (E. coli)|g__Anaerostipes.s__Anaerostipes_hadrus	0.1293954789
1CMET2-PWY: folate transformations III (E. coli)|g__Blautia.s__Blautia_hydrogenotrophica	0.6466433712
P41-PWY: pyruvate fermentation to acetate and (S)-lactate I	0.9882780051
P41-PWY: pyruvate fermentation to acetate and (S)-lactate I|unclassified	0.8219036793
P41-PWY: pyruvate fermentation to acetate and (S)-lactate I|g__Blautia.s__Blautia_wexlerae	0.4057603764
P41-PWY: pyruvate fermentation to acetate and (S)-lactate I|g__Blautia.s__Blautia_obeum	0.0000000509
P41-PWY: pyruvate fermentation to acetate and (S)-lactate I|g__Anaerostipes.s__Anaerostipes_hadrus	0.5217146007
P41-PWY: pyruvate fermentation to acetate and (S)-lactate I|g__Eggerthella.s__Eggerthella_lenta	0.1479656819
P41-PWY: pyruvate fermentation to acetate and (S)-lactate I|g__Streptococcus.s__Streptococcus_thermophilus	0.3491938644
PWY-5100: pyruvate fermentation to acetate and lactate II	0.9882780051
PWY-5100: pyruvate fermentation to acetate and lactate II|unclassified	0.8219036793
PWY-5100: pyruvate fermentation to acetate and lactate II|g__Blautia.s__Blautia_wexlerae	0.4057603764
PWY-5100: pyruvate fermentation to acetate and lactate II|g__Blautia.s__Blautia_obeum	0.0000000509
PWY-5100: pyruvate fermentation to acetate and lactate II|g__Anaerostipes.s__Anaerostipes_hadrus	0.7922154825
PWY-5100: pyruvate fermentation to acetate and lactate II|g__Blautia.s__Blautia_hydrogenotrophica	0.4639007294
PWY-5100: pyruvate fermentation to acetate and lactate II|g__Eggerthella.s__Eggerthella_lenta	0.4913959401
PWY-5100: pyruvate fermentation to acetate and lactate II|g__Streptococcus.s__Streptococcus_thermophilus	0.3491938644
PWY-7111: pyruvate fermentation to isobutanol (engineered)	0.0035425791
PWY-7111: pyruvate fermentation to isobutanol (engineered)|unclassified	0.0722624175
PWY-7111: pyruvate fermentation to isobutanol (engineered)|g__Blautia.s__Blautia_wexlerae	0.0000000000
PWY-7111: pyruvate fermentation to isobutanol (engineered)|g__Blautia.s__Blautia_obeum	0.0000000000
PWY-7111: pyruvate fermentation to isobutanol (engineered)|g__Anaerostipes.s__Anaerostipes_hadrus	0.3842272502
PWY-7111: pyruvate fermentation to isobutanol (engineered)|g__Blautia.s__Blautia_hydrogenotrophica	0.0234741548
PWY-7111: pyruvate fermentation to isobutanol (engineered)|g__Streptococcus.s__Streptococcus_salivarius	0.8026956438
PWY-7111: pyruvate fermentation to isobutanol (engineered)|g__Streptococcus.s__Streptococcus_equinus	0.1189802443
PWY66-429: fatty acid biosynthesis initiation (mitochondria)	0.9693065339
PWY66-429: fatty acid biosynthesis initiation (mitochondria)|unclassified	0.9970191190
PWY66-429: fatty acid biosynthesis initiation (mitochondria)|g__Blautia.s__Blautia_obeum	0.0679129658
PWY66-429: fatty acid biosynthesis initiation (mitochondria)|g__Blautia.s__Blautia_wexlerae	0.0000010351
PWY66-429: fatty acid biosynthesis initiation (mitochondria)|g__Anaerostipes.s__Anaerostipes_hadrus	0.2206232993
PWY66-429: fatty acid biosynthesis initiation (mitochondria)|g__Blautia.s__Blautia_hydrogenotrophica	0.0749798822
PWY66-429: fatty acid biosynthesis initiation (mitochondria)|g__Streptococcus.s__Streptococcus_thermophilus	0.3357154841
PWY66-429: fatty acid biosynthesis initiation (mitochondria)|g__Streptococcus.s__Streptococcus_salivarius	0.6187613001
PWY66-429: fatty acid biosynthesis initiation (mitochondria)|g__Streptococcus.s__Streptococcus_pneumoniae	0.0893738657
PWY-6270: isoprene biosynthesis I	0.0000235382
PWY-6270: isoprene biosynthesis I|unclassified	0.0000000000
PWY-6270: isoprene biosynthesis I|g__Blautia.s__Blautia_obeum	0.0000000000
PWY-6270: isoprene biosynthesis I|g__Blautia.s__Blautia_wexlerae	0.0000000000
PWY-6270: isoprene biosynthesis I|g__Anaerostipes.s__Anaerostipes_hadrus	0.0101893169
NONOXIPENT-PWY: pentose phosphate pathway (non-oxidative branch) I	0.8915785882
NONOXIPENT-PWY: pentose phosphate pathway (non-oxidative branch) I|unclassified	0.4129899842
NONOXIPENT-PWY: pentose phosphate pathway (non-oxidative branch) I|g__Blautia.s__Blautia_wexlerae	0.0000000000
NONOXIPENT-PWY: pentose phosphate pathway (non-oxidative branch) I|g__Blautia.s__Blautia_obeum	0.0000000000
NONOXIPENT-PWY: pentose phosphate pathway (non-oxidative branch) I|g__Anaerostipes.s__Anaerostipes_hadrus	0.4537845468
NONOXIPENT-PWY: pentose phosphate pathway (non-oxidative branch) I|g__Blautia.s__Blautia_hydrogenotrophica	0.9282925357
NONOXIPENT-PWY: pentose phosphate pathway (non-oxidative branch) I|g__Erysipelatoclostridium.s__Clostridium_spiroforme	0.5791894632
NONOXIPENT-PWY: pentose phosphate pathway (non-oxidative branch) I|g__Streptococcus.s__Streptococcus_thermophilus	0.1963239807
PWY-7560: methylerythritol phosphate pathway II	0.0000205960
PWY-7560: methylerythritol phosphate pathway II|g__Blautia.s__Blautia_obeum	0.0036106874
PWY-7560: methylerythritol phosphate pathway II|unclassified	0.0000000000
PWY-7560: methylerythritol phosphate pathway II|g__Blautia.s__Blautia_wexlerae	0.0000000000
PWY-7560: methylerythritol phosphate pathway II|g__Anaerostipes.s__Anaerostipes_hadrus	0.0739146278
PANTO-PWY: phosphopantothenate biosynthesis I	0.9738578895
PANTO-PWY: phosphopantothenate biosynthesis I|g__Blautia.s__Blautia_wexlerae	0.0376460973
PANTO-PWY: phosphopantothenate biosynthesis I|unclassified	0.0000000021
PANTO-PWY: phosphopantothenate biosynthesis I|g__Anaerostipes.s__Anaerostipes_hadrus	0.6675840025
PANTO-PWY: phosphopantothenate biosynthesis I|g__Eggerthella.s__Eggerthella_lenta	0.9979329652
PANTO-PWY: phosphopantothenate biosynthesis I|g__Blautia.s__Blautia_obeum	0.0000000000
PANTO-PWY: phosphopantothenate biosynthesis I|g__Blautia.s__Blautia_hydrogenotrophica	0.4132644203
PANTO-PWY: phosphopantothenate biosynthesis I|g__Dorea.s__Dorea_formicigenerans	0.8865133025
TRNA-CHARGING-PWY: tRNA charging	0.0000000000
TRNA-CHARGING-PWY: tRNA charging|unclassified	0.0080566434
TRNA-CHARGING-PWY: tRNA charging|g__Anaerostipes.s__Anaerostipes_hadrus	0.0773817941
TRNA-CHARGING-PWY: tRNA charging|g__Gemmiger.s__Gemmiger_formicilis	0.2011216833
PWY-6317: D-galactose degradation I (Leloir pathway)	0.8559127653
PWY-6317: D-galactose degradation I (Leloir pathway)|unclassified	0.0000548767
PWY-6317: D-galactose degradation I (Leloir pathway)|g__Blautia.s__Blautia_wexlerae	0.9056034180
PWY-6317: D-galactose degradation I (Leloir pathway)|g__Blautia.s__Blautia_obeum	0.0068397814
PWY-6317: D-galactose degradation I (Leloir pathway)|g__Anaerostipes.s__Anaerostipes_hadrus	0.5231244573
PWY-6317: D-galactose degradation I (Leloir pathway)|g__Blautia.s__Blautia_hydrogenotrophica	0.1020758606
PWY-7357: thiamine phosphate formation from pyrithiamine and oxythiamine (yeast)	0.0000000939
PWY-7357: thiamine phosphate formation from pyrithiamine and oxythiamine (yeast)|g__Blautia.s__Blautia_obeum	0.8453445970
PWY-7357: thiamine phosphate formation from pyrithiamine and oxythiamine (yeast)|unclassified	0.0000000007
PWY-7357: thiamine phosphate formation from pyrithiamine and oxythiamine (yeast)|g__Anaerostipes.s__Anaerostipes_hadrus	0.0666306220
PWY-7357: thiamine phosphate formation from pyrithiamine and oxythiamine (yeast)|g__Blautia.s__Blautia_wexlerae	0.0000000000
PWY-7357: thiamine phosphate formation from pyrithiamine and oxythiamine (yeast)|g__Eggerthella.s__Eggerthella_lenta	0.0228641085
PWY-7357: thiamine phosphate formation from pyrithiamine and oxythiamine (yeast)|g__Asaccharobacter.s__Asaccharobacter_celatus	0.1012800210
PANTOSYN-PWY: superpathway of coenzyme A biosynthesis I (bacteria)	0.4307584639
PANTOSYN-PWY: superpathway of coenzyme A biosynthesis I (bacteria)|unclassified	0.0000000047
PANTOSYN-PWY: superpathway of coenzyme A biosynthesis I (bacteria)|g__Blautia.s__Blautia_wexlerae	0.0000000000
PANTOSYN-PWY: superpathway of coenzyme A biosynthesis I (bacteria)|g__Blautia.s__Blautia_obeum	0.0000000000
PANTOSYN-PWY: superpathway of coenzyme A biosynthesis I (bacteria)|g__Anaerostipes.s__Anaerostipes_hadrus	0.6312822866
PANTOSYN-PWY: superpathway of coenzyme A biosynthesis I (bacteria)|g__Eggerthella.s__Eggerthella_lenta	0.6061777520
PWY-724: superpathway of L-lysine, L-threonine and L-methionine biosynthesis II	0.0000000000
PWY-724: superpathway of L-lysine, L-threonine and L-methionine biosynthesis II|unclassified	0.0104410833
PWY-724: superpathway of L-lysine, L-threonine and L-methionine biosynthesis II|g__Blautia.s__Blautia_obeum	0.0000710170
PWY-724: superpathway of L-lysine, L-threonine and L-methionine biosynthesis II|g__Anaerostipes.s__Anaerostipes_hadrus	0.0045225173
COA-PWY: coenzyme A biosynthesis I (prokaryotic)	0.6725421698
COA-PWY: coenzyme A biosynthesis I (prokaryotic)|unclassified	0.0448691047
COA-PWY: coenzyme A biosynthesis I (prokaryotic)|g__Blautia.s__Blautia_obeum	0.0533007878
COA-PWY: coenzyme A biosynthesis I (prokaryotic)|g__Blautia.s__Blautia_wexlerae	0.0001019175
COA-PWY: coenzyme A biosynthesis I (prokaryotic)|g__Anaerostipes.s__Anaerostipes_hadrus	0.5652690526
COA-PWY: coenzyme A biosynthesis I (prokaryotic)|g__Gemmiger.s__Gemmiger_formicilis	0.4951201311
COA-PWY: coenzyme A biosynthesis I (prokaryotic)|g__Eggerthella.s__Eggerthella_lenta	0.4840852876
COA-PWY: coenzyme A biosynthesis I (prokaryotic)|g__Blautia.s__Blautia_hydrogenotrophica	0.2209372203
COA-PWY-1: superpathway of coenzyme A biosynthesis III (mammals)	0.2973018302
COA-PWY-1: superpathway of coenzyme A biosynthesis III (mammals)|unclassified	0.0022398727
COA-PWY-1: superpathway of coenzyme A biosynthesis III (mammals)|g__Blautia.s__Blautia_obeum	0.0618193180
COA-PWY-1: superpathway of coenzyme A biosynthesis III (mammals)|g__Blautia.s__Blautia_wexlerae	0.0000000000
COA-PWY-1: superpathway of coenzyme A biosynthesis III (mammals)|g__Anaerostipes.s__Anaerostipes_hadrus	0.2507004083
COA-PWY-1: superpathway of coenzyme A biosynthesis III (mammals)|g__Gemmiger.s__Gemmiger_formicilis	0.5474759883
COA-PWY-1: superpathway of coenzyme A biosynthesis III (mammals)|g__Eggerthella.s__Eggerthella_lenta	0.5397815301
PWY-6123: inosine-5'-phosphate biosynthesis I	0.0113122005
PWY-6123: inosine-5'-phosphate biosynthesis I|unclassified	0.0000000001
PWY-6123: inosine-5'-phosphate biosynthesis I|g__Blautia.s__Blautia_wexlerae	0.0065794434
PWY-6123: inosine-5'-phosphate biosynthesis I|g__Blautia.s__Blautia_obeum	0.0000000000
PWY-6123: inosine-5'-phosphate biosynthesis I|g__Anaerostipes.s__Anaerostipes_hadrus	0.0037897579
PWY-6123: inosine-5'-phosphate biosynthesis I|g__Eggerthella.s__Eggerthella_lenta	0.8757852709
PWY-6123: inosine-5'-phosphate biosynthesis I|g__Streptococcus.s__Streptococcus_thermophilus	0.8972899832
PWY-6123: inosine-5'-phosphate biosynthesis I|g__Gordonibacter.s__Gordonibacter_urolithinfaciens	0.4226882551
PWY-6123: inosine-5'-phosphate biosynthesis I|g__Streptococcus.s__Streptococcus_equinus	0.7496598700
PWY-6123: inosine-5'-phosphate biosynthesis I|g__Streptococcus.s__Streptococcus_salivarius	0.5714816366
SER-GLYSYN-PWY: superpathway of L-serine and glycine biosynthesis I	0.6146535304
SER-GLYSYN-PWY: superpathway of L-serine and glycine biosynthesis I|unclassified	0.0040760618
SER-GLYSYN-PWY: superpathway of L-serine and glycine biosynthesis I|g__Blautia.s__Blautia_wexlerae	0.9600458912
SER-GLYSYN-PWY: superpathway of L-serine and glycine biosynthesis I|g__Blautia.s__Blautia_obeum	0.0000000000
SER-GLYSYN-PWY: superpathway of L-serine and glycine biosynthesis I|g__Blautia.s__Blautia_hydrogenotrophica	0.9656089325
SER-GLYSYN-PWY: superpathway of L-serine and glycine biosynthesis I|g__Anaerostipes.s__Anaerostipes_hadrus	0.0068638978
SER-GLYSYN-PWY: superpathway of L-serine and glycine biosynthesis I|g__Eggerthella.s__Eggerthella_lenta	0.1609836384
SER-GLYSYN-PWY: superpathway of L-serine and glycine biosynthesis I|g__Streptococcus.s__Streptococcus_thermophilus	0.0200412992
SER-GLYSYN-PWY: superpathway of L-serine and glycine biosynthesis I|g__Streptococcus.s__Streptococcus_pneumoniae	0.1319055334
HSERMETANA-PWY: L-methionine biosynthesis III	0.0000000052
HSERMETANA-PWY: L-methionine biosynthesis III|unclassified	0.0000188595
HSERMETANA-PWY: L-methionine biosynthesis III|g__Blautia.s__Blautia_wexlerae	0.0000000010
HSERMETANA-PWY: L-methionine biosynthesis III|g__Blautia.s__Blautia_obeum	0.0000000000
HSERMETANA-PWY: L-methionine biosynthesis III|g__Anaerostipes.s__Anaerostipes_hadrus	0.2966278674
PWY-3001: superpathway of L-isoleucine biosynthesis I	0.0000000000
PWY-3001: superpathway of L-isoleucine biosynthesis I|unclassified	0.0000000000
PWY-7851: coenzyme A biosynthesis II (eukaryotic)	0.2528776625
PWY-7851: coenzyme A biosynthesis II (eukaryotic)|unclassified	0.0017927013
PWY-7851: coenzyme A biosynthesis II (eukaryotic)|g__Blautia.s__Blautia_obeum	0.0533007878
PWY-7851: coenzyme A biosynthesis II (eukaryotic)|g__Blautia.s__Blautia_wexlerae	0.0000000000
PWY-7851: coenzyme A biosynthesis II (eukaryotic)|g__Gemmiger.s__Gemmiger_formicilis	0.4951201311
PWY-7851: coenzyme A biosynthesis II (eukaryotic)|g__Anaerostipes.s__Anaerostipes_hadrus	0.2111474964
PWY-7851: coenzyme A biosynthesis II (eukaryotic)|g__Eggerthella.s__Eggerthella_lenta	0.4840852876
PWY-6124: inosine-5'-phosphate biosynthesis II	0.0094446404
PWY-6124: inosine-5'-phosphate biosynthesis II|g__Blautia.s__Blautia_wexlerae	0.9654651870
PWY-6124: inosine-5'-phosphate biosynthesis II|unclassified	0.0000000001
PWY-6124: inosine-5'-phosphate biosynthesis II|g__Blautia.s__Blautia_obeum	0.0000000000
PWY-6124: inosine-5'-phosphate biosynthesis II|g__Anaerostipes.s__Anaerostipes_hadrus	0.0031615645
PWY-6124: inosine-5'-phosphate biosynthesis II|g__Eggerthella.s__Eggerthella_lenta	0.8890982290
PWY-6124: inosine-5'-phosphate biosynthesis II|g__Streptococcus.s__Streptococcus_thermophilus	0.8793586526
PWY-6124: inosine-5'-phosphate biosynthesis II|g__Gordonibacter.s__Gordonibacter_urolithinfaciens	0.6300387881
PWY-6124: inosine-5'-phosphate biosynthesis II|g__Streptococcus.s__Streptococcus_equinus	0.7362424720
PWY-6124: inosine-5'-phosphate biosynthesis II|g__Streptococcus.s__Streptococcus_salivarius	0.4418336170
PWY-6700: queuosine biosynthesis I (de novo)	0.2468051778
PWY-6700: queuosine biosynthesis I (de novo)|unclassified	0.0089013598
PWY-6700: queuosine biosynthesis I (de novo)|g__Blautia.s__Blautia_wexlerae	0.0000000000
PWY-6700: queuosine biosynthesis I (de novo)|g__Blautia.s__Blautia_obeum	0.0000000000
PWY-6700: queuosine biosynthesis I (de novo)|g__Gemmiger.s__Gemmiger_formicilis	0.4068331084
PWY-6700: queuosine biosynthesis I (de novo)|g__Anaerostipes.s__Anaerostipes_hadrus	0.1746126312
PWY-6700: queuosine biosynthesis I (de novo)|g__Blautia.s__Blautia_hydrogenotrophica	0.1047955577
PWY-6700: queuosine biosynthesis I (de novo)|g__Erysipelatoclostridium.s__Clostridium_spiroforme	0.1958546787
PWY-6700: queuosine biosynthesis I (de novo)|g__Streptococcus.s__Streptococcus_equinus	0.8482224494
PWY-6700: queuosine biosynthesis I (de novo)|g__Streptococcus.s__Streptococcus_vestibularis	0.6099058421
PWY-1861: formaldehyde assimilation II (assimilatory RuMP Cycle)	0.0000000000
PWY-1861: formaldehyde assimilation II (assimilatory RuMP Cycle)|unclassified	0.0000000000
PWY-1861: formaldehyde assimilation II (assimilatory RuMP Cycle)|g__Anaerostipes.s__Anaerostipes_hadrus	0.0000000031
PWY-1861: formaldehyde assimilation II (assimilatory RuMP Cycle)|g__Blautia.s__Blautia_obeum	0.0000000000
PWY-7977: L-methionine biosynthesis IV	0.0000000000
PWY-7977: L-methionine biosynthesis IV|unclassified	0.0003816176
PWY-7977: L-methionine biosynthesis IV|g__Anaerostipes.s__Anaerostipes_hadrus	0.0083759644
RIBOSYN2-PWY: flavin biosynthesis I (bacteria and plants)	0.0000001941
RIBOSYN2-PWY: flavin biosynthesis I (bacteria and plants)|g__Blautia.s__Blautia_obeum	0.0001721008
RIBOSYN2-PWY: flavin biosynthesis I (bacteria and plants)|g__Blautia.s__Blautia_wexlerae	0.0000000051
RIBOSYN2-PWY: flavin biosynthesis I (bacteria and plants)|unclassified	0.0000000000
RIBOSYN2-PWY: flavin biosynthesis I (bacteria and plants)|g__Anaerostipes.s__Anaerostipes_hadrus	0.0119501127
RIBOSYN2-PWY: flavin biosynthesis I (bacteria and plants)|g__Eggerthella.s__Eggerthella_lenta	0.0010832139
PWY-6731: starch degradation III	0.0000000000
PWY-6731: starch degradation III|g__Blautia.s__Blautia_obeum	0.7435272293
PWY-6731: starch degradation III|unclassified	0.0000000954
PWY-6731: starch degradation III|g__Blautia.s__Blautia_wexlerae	0.0000000000
THRESYN-PWY: superpathway of L-threonine biosynthesis	0.0000000000
THRESYN-PWY: superpathway of L-threonine biosynthesis|unclassified	0.0000296142
THRESYN-PWY: superpathway of L-threonine biosynthesis|g__Blautia.s__Blautia_obeum	0.0000400393
THRESYN-PWY: superpathway of L-threonine biosynthesis|g__Anaerostipes.s__Anaerostipes_hadrus	0.0069285418
THRESYN-PWY: superpathway of L-threonine biosynthesis|g__Streptococcus.s__Streptococcus_thermophilus	0.1967804289
THRESYN-PWY: superpathway of L-threonine biosynthesis|g__Streptococcus.s__Streptococcus_salivarius	0.2553900281
ASPASN-PWY: superpathway of L-aspartate and L-asparagine biosynthesis	0.0003763654
ASPASN-PWY: superpathway of L-aspartate and L-asparagine biosynthesis|g__Blautia.s__Blautia_obeum	0.0000000000
ASPASN-PWY: superpathway of L-aspartate and L-asparagine biosynthesis|unclassified	0.0000000000
ASPASN-PWY: superpathway of L-aspartate and L-asparagine biosynthesis|g__Blautia.s__Blautia_wexlerae	0.0000000000
ASPASN-PWY: superpathway of L-aspartate and L-asparagine biosynthesis|g__Streptococcus.s__Streptococcus_thermophilus	0.0323674995
METH-ACETATE-PWY: methanogenesis from acetate	0.0000000000
METH-ACETATE-PWY: methanogenesis from acetate|g__Blautia.s__Blautia_wexlerae	0.0000000000
METH-ACETATE-PWY: methanogenesis from acetate|g__Blautia.s__Blautia_obeum	0.0000000000
METH-ACETATE-PWY: methanogenesis from acetate|unclassified	0.0000000000
METH-ACETATE-PWY: methanogenesis from acetate|g__Blautia.s__Blautia_hydrogenotrophica	0.6330631044
PYRIDNUCSYN-PWY: NAD de novo biosynthesis I (from aspartate)	0.0000000000
PYRIDNUCSYN-PWY: NAD de novo biosynthesis I (from aspartate)|unclassified	0.0018816086
PYRIDNUCSYN-PWY: NAD de novo biosynthesis I (from aspartate)|g__Anaerostipes.s__Anaerostipes_hadrus	0.2893149488
HISTSYN-PWY: L-histidine biosynthesis	0.0000000000
HISTSYN-PWY: L-histidine biosynthesis|unclassified	0.0000000000
HISTSYN-PWY: L-histidine biosynthesis|g__Blautia.s__Blautia_obeum	0.0000000000
HISTSYN-PWY: L-histidine biosynthesis|g__Eggerthella.s__Eggerthella_lenta	0.0442227334
PWY-7400: L-arginine biosynthesis IV (archaebacteria)	0.0000000000
PWY-7400: L-arginine biosynthesis IV (archaebacteria)|unclassified	0.0000000000
PWY-7400: L-arginine biosynthesis IV (archaebacteria)|g__Blautia.s__Blautia_hydrogenotrophica	0.4714717842
PWY-5188: tetrapyrrole biosynthesis I (from glutamate)	0.0000000000
PWY-5188: tetrapyrrole biosynthesis I (from glutamate)|g__Blautia.s__Blautia_wexlerae	0.0020673418
PWY-5188: tetrapyrrole biosynthesis I (from glutamate)|unclassified	0.0000000000
PWY-5188: tetrapyrrole biosynthesis I (from glutamate)|g__Blautia.s__Blautia_obeum	0.0000000000
PWY-5188: tetrapyrrole biosynthesis I (from glutamate)|g__Anaerostipes.s__Anaerostipes_hadrus	0.0466493239
PWY-5188: tetrapyrrole biosynthesis I (from glutamate)|g__Blautia.s__Blautia_hydrogenotrophica	0.1407432958
PWY-5695: inosine 5'-phosphate degradation	0.0000000000
PWY-5695: inosine 5'-phosphate degradation|g__Blautia.s__Blautia_wexlerae	0.0000000019
PWY-5695: inosine 5'-phosphate degradation|g__Blautia.s__Blautia_obeum	0.0000000000
PWY-5695: inosine 5'-phosphate degradation|unclassified	0.0000000000
PWY-5695: inosine 5'-phosphate degradation|g__Anaerostipes.s__Anaerostipes_hadrus	0.7591019332
PWY-5695: inosine 5'-phosphate degradation|g__Blautia.s__Blautia_hydrogenotrophica	0.4032518007
COBALSYN-PWY: superpathway of adenosylcobalamin salvage from cobinamide I	0.0000000004
COBALSYN-PWY: superpathway of adenosylcobalamin salvage from cobinamide I|g__Blautia.s__Blautia_obeum	0.0000347422
COBALSYN-PWY: superpathway of adenosylcobalamin salvage from cobinamide I|unclassified	0.0000000000
COBALSYN-PWY: superpathway of adenosylcobalamin salvage from cobinamide I|g__Blautia.s__Blautia_wexlerae	0.0000000034
PWY-6608: guanosine nucleotides degradation III	0.0000000000
PWY-6608: guanosine nucleotides degradation III|g__Blautia.s__Blautia_obeum	0.0000000008
PWY-6608: guanosine nucleotides degradation III|g__Blautia.s__Blautia_wexlerae	0.0000000019
PWY-6608: guanosine nucleotides degradation III|unclassified	0.0000000000
PWY-6608: guanosine nucleotides degradation III|g__Anaerostipes.s__Anaerostipes_hadrus	0.2819987559
PWY-I9: L-cysteine biosynthesis VI (from L-methionine)	0.0000000000
PWY-I9: L-cysteine biosynthesis VI (from L-methionine)|unclassified	0.0000000000
PWY-I9: L-cysteine biosynthesis VI (from L-methionine)|g__Anaerostipes.s__Anaerostipes_hadrus	0.1136258464
PWY-I9: L-cysteine biosynthesis VI (from L-methionine)|g__Blautia.s__Blautia_obeum	0.0000000000
PWY-I9: L-cysteine biosynthesis VI (from L-methionine)|g__Streptococcus.s__Streptococcus_thermophilus	0.5450088250
PWY-I9: L-cysteine biosynthesis VI (from L-methionine)|g__Streptococcus.s__Streptococcus_pneumoniae	0.1790438653
P164-PWY: purine nucleobases degradation I (anaerobic)	0.0000000000
P164-PWY: purine nucleobases degradation I (anaerobic)|unclassified	0.0000000000
PWY-6936: seleno-amino acid biosynthesis (plants)	0.0000000000
PWY-6936: seleno-amino acid biosynthesis (plants)|unclassified	0.0000000000
PWY-6936: seleno-amino acid biosynthesis (plants)|g__Anaerostipes.s__Anaerostipes_hadrus	0.8732317605
PWY-6936: seleno-amino acid biosynthesis (plants)|g__Streptococcus.s__Streptococcus_thermophilus	0.2872679538
PWY-6936: seleno-amino acid biosynthesis (plants)|g__Streptococcus.s__Streptococcus_salivarius	0.1544695400
PWY-7199: pyrimidine deoxyribonucleosides salvage	0.0000000000
PWY-7199: pyrimidine deoxyribonucleosides salvage|unclassified	0.0000000094
OANTIGEN-PWY: O-antigen building blocks biosynthesis (E. coli)	0.0000000000
OANTIGEN-PWY: O-antigen building blocks biosynthesis (E. coli)|unclassified	0.0000000000
OANTIGEN-PWY: O-antigen building blocks biosynthesis (E. coli)|g__Eggerthella.s__Eggerthella_lenta	0.0453387909
PWY-8187: L-arginine degradation XIII (reductive Stickland reaction)	0.0000000000
PWY-8187: L-arginine degradation XIII (reductive Stickland reaction)|g__Eggerthella.s__Eggerthella_lenta	0.9128679686
PWY-8187: L-arginine degradation XIII (reductive Stickland reaction)|unclassified	0.0000000000
PWY-7229: superpathway of adenosine nucleotides de novo biosynthesis I	0.0000000000
PWY-7229: superpathway of adenosine nucleotides de novo biosynthesis I|g__Eggerthella.s__Eggerthella_lenta	0.0107558019
PWY-702: L-methionine biosynthesis II	0.0000000000
PWY-702: L-methionine biosynthesis II|unclassified	0.0000000000
PWY-702: L-methionine biosynthesis II|g__Streptococcus.s__Streptococcus_thermophilus	0.8859932719
PWY-702: L-methionine biosynthesis II|g__Streptococcus.s__Streptococcus_salivarius	0.1554002182
PWY-6897: thiamine diphosphate salvage II	0.0000000000
PWY-6897: thiamine diphosphate salvage II|unclassified	0.0000000000
THISYNARA-PWY: superpathway of thiamine diphosphate biosynthesis III (eukaryotes)	0.0000000000
THISYNARA-PWY: superpathway of thiamine diphosphate biosynthesis III (eukaryotes)|unclassified	0.0000000000
PWY-841: superpathway of purine nucleotides de novo biosynthesis I	0.0000000000
PWY-841: superpathway of purine nucleotides de novo biosynthesis I|g__Eggerthella.s__Eggerthella_lenta	0.0351381063
PHOSLIPSYN-PWY: superpathway of phospholipid biosynthesis I (bacteria)	0.0000000000
PHOSLIPSYN-PWY: superpathway of phospholipid biosynthesis I (bacteria)|unclassified	0.0000000000
P461-PWY: hexitol fermentation to lactate, formate, ethanol and acetate	0.0000000000
P461-PWY: hexitol fermentation to lactate, formate, ethanol and acetate|g__Anaerostipes.s__Anaerostipes_hadrus	0.9848687019
P461-PWY: hexitol fermentation to lactate, formate, ethanol and acetate|unclassified	0.0000000000
PWY0-1586: peptidoglycan maturation (meso-diaminopimelate containing)	0.0000000000
PWY0-1586: peptidoglycan maturation (meso-diaminopimelate containing)|g__Anaerostipes.s__Anaerostipes_hadrus	0.9023882400
PWY0-1586: peptidoglycan maturation (meso-diaminopimelate containing)|g__Blautia.s__Blautia_hydrogenotrophica	0.8227287546
PWY0-1586: peptidoglycan maturation (meso-diaminopimelate containing)|unclassified	0.0000000000
PWY0-1586: peptidoglycan maturation (meso-diaminopimelate containing)|g__Eggerthella.s__Eggerthella_lenta	0.1103340837
PWY0-1586: peptidoglycan maturation (meso-diaminopimelate containing)|g__Streptococcus.s__Streptococcus_thermophilus	0.8207449464
PWY0-1586: peptidoglycan maturation (meso-diaminopimelate containing)|g__Streptococcus.s__Streptococcus_parasanguinis	0.3055887578
PWY0-1586: peptidoglycan maturation (meso-diaminopimelate containing)|g__Streptococcus.s__Streptococcus_equinus	0.2216414479
PWY0-1586: peptidoglycan maturation (meso-diaminopimelate containing)|g__Streptococcus.s__Streptococcus_salivarius	0.0533254623
COLANSYN-PWY: colanic acid building blocks biosynthesis	0.0000000000
COLANSYN-PWY: colanic acid building blocks biosynthesis|unclassified	0.0000000000
PWY-5659: GDP-mannose biosynthesis	0.0000000000
PWY-5659: GDP-mannose biosynthesis|g__Blautia.s__Blautia_obeum	0.0000011171
PWY-5659: GDP-mannose biosynthesis|unclassified	0.0000000000
PWY-5659: GDP-mannose biosynthesis|g__Streptococcus.s__Streptococcus_thermophilus	0.2281169191
PWY-6703: preQ0 biosynthesis	0.0000000000
PWY-6703: preQ0 biosynthesis|g__Blautia.s__Blautia_obeum	0.0000000000
PWY-6703: preQ0 biosynthesis|unclassified	0.0000000000
PWY-6703: preQ0 biosynthesis|g__Anaerostipes.s__Anaerostipes_hadrus	0.0277695094
PWY-6703: preQ0 biosynthesis|g__Streptococcus.s__Streptococcus_thermophilus	0.4485546968
PWY-7328: superpathway of UDP-glucose-derived O-antigen building blocks biosynthesis	0.0000000000
PWY-7328: superpathway of UDP-glucose-derived O-antigen building blocks biosynthesis|unclassified	0.0000000000
PWY0-162: superpathway of pyrimidine ribonucleotides de novo biosynthesis	0.0000000000
PWY-6628: superpathway of L-phenylalanine biosynthesis	0.0000000000
PWY-6126: superpathway of adenosine nucleotides de novo biosynthesis II	0.0000000000
PWY-6126: superpathway of adenosine nucleotides de novo biosynthesis II|g__Eggerthella.s__Eggerthella_lenta	0.0125259440
UDPNAGSYN-PWY: UDP-N-acetyl-D-glucosamine biosynthesis I	0.0000000000
UDPNAGSYN-PWY: UDP-N-acetyl-D-glucosamine biosynthesis I|unclassified	0.0000000000
UDPNAGSYN-PWY: UDP-N-acetyl-D-glucosamine biosynthesis I|g__Eggerthella.s__Eggerthella_lenta	0.5628222405
UDPNAGSYN-PWY: UDP-N-acetyl-D-glucosamine biosynthesis I|g__Streptococcus.s__Streptococcus_thermophilus	0.2445395399
UDPNAGSYN-PWY: UDP-N-acetyl-D-glucosamine biosynthesis I|g__Streptococcus.s__Streptococcus_pneumoniae	0.3367222619
UDPNAGSYN-PWY: UDP-N-acetyl-D-glucosamine biosynthesis I|g__Streptococcus.s__Streptococcus_equinus	0.5911631132
GLUCONEO-PWY: gluconeogenesis I	0.0000000000
PWY-6470: peptidoglycan biosynthesis V (&beta;-lactam resistance)	0.0000000000
PWY-6470: peptidoglycan biosynthesis V (&beta;-lactam resistance)|unclassified	0.0000000000
PWY-7208: superpathway of pyrimidine nucleobases salvage	0.0000000000
PWY-7208: superpathway of pyrimidine nucleobases salvage|g__Blautia.s__Blautia_obeum	0.0000000000
PWY-7208: superpathway of pyrimidine nucleobases salvage|g__Anaerostipes.s__Anaerostipes_hadrus	0.0029532306
PWY-7208: superpathway of pyrimidine nucleobases salvage|g__Asaccharobacter.s__Asaccharobacter_celatus	0.0249438352
GLCMANNANAUT-PWY: superpathway of N-acetylglucosamine, N-acetylmannosamine and N-acetylneuraminate degradation	0.0000000000
GLCMANNANAUT-PWY: superpathway of N-acetylglucosamine, N-acetylmannosamine and N-acetylneuraminate degradation|unclassified	0.0000000000
GLCMANNANAUT-PWY: superpathway of N-acetylglucosamine, N-acetylmannosamine and N-acetylneuraminate degradation|g__Blautia.s__Blautia_obeum	0.0000000000
GLCMANNANAUT-PWY: superpathway of N-acetylglucosamine, N-acetylmannosamine and N-acetylneuraminate degradation|g__Blautia.s__Blautia_hydrogenotrophica	0.8594056386
PWY-7228: superpathway of guanosine nucleotides de novo biosynthesis I	0.0000000000
PWY-7228: superpathway of guanosine nucleotides de novo biosynthesis I|g__Eggerthella.s__Eggerthella_lenta	0.6347297391
GOLPDLCAT-PWY: superpathway of glycerol degradation to 1,3-propanediol	0.0000000000
GOLPDLCAT-PWY: superpathway of glycerol degradation to 1,3-propanediol|unclassified	0.0000000000
GOLPDLCAT-PWY: superpathway of glycerol degradation to 1,3-propanediol|g__Anaerostipes.s__Anaerostipes_hadrus	0.0043078622
PWY-7761: NAD salvage pathway II (PNC IV cycle)	0.0000000000
PWY4FS-7: phosphatidylglycerol biosynthesis I (plastidic)	0.0000000000
PWY4FS-7: phosphatidylglycerol biosynthesis I (plastidic)|unclassified	0.0000000000
PWY4FS-8: phosphatidylglycerol biosynthesis II (non-plastidic)	0.0000000000
PWY4FS-8: phosphatidylglycerol biosynthesis II (non-plastidic)|unclassified	0.0000000000
PWY-5676: acetyl-CoA fermentation to butanoate II	0.0000000000
PWY-5676: acetyl-CoA fermentation to butanoate II|g__Anaerostipes.s__Anaerostipes_hadrus	0.5094525332
DAPLYSINESYN-PWY: L-lysine biosynthesis I	0.0000000000
PWY-621: sucrose degradation III (sucrose invertase)	0.0000000000
PWY-621: sucrose degradation III (sucrose invertase)|g__Anaerostipes.s__Anaerostipes_hadrus	0.9697165622
PWY-621: sucrose degradation III (sucrose invertase)|g__Streptococcus.s__Streptococcus_pneumoniae	0.7358829503
PWY-621: sucrose degradation III (sucrose invertase)|g__Streptococcus.s__Streptococcus_thermophilus	0.1402786628
PWY-621: sucrose degradation III (sucrose invertase)|g__Streptococcus.s__Streptococcus_salivarius	0.2418880100
PWY-621: sucrose degradation III (sucrose invertase)|g__Streptococcus.s__Streptococcus_equinus	0.2373934205
PWY-5384: sucrose degradation IV (sucrose phosphorylase)	0.0000000000
PWY-5384: sucrose degradation IV (sucrose phosphorylase)|g__Anaerostipes.s__Anaerostipes_hadrus	0.8174498958
PWY-5384: sucrose degradation IV (sucrose phosphorylase)|unclassified	0.0000000000
PWY-5384: sucrose degradation IV (sucrose phosphorylase)|g__Streptococcus.s__Streptococcus_pneumoniae	0.7046962131
PWY-5384: sucrose degradation IV (sucrose phosphorylase)|g__Streptococcus.s__Streptococcus_thermophilus	0.1144428095
PWY-5384: sucrose degradation IV (sucrose phosphorylase)|g__Streptococcus.s__Streptococcus_salivarius	0.2418880100
PWY-5384: sucrose degradation IV (sucrose phosphorylase)|g__Streptococcus.s__Streptococcus_equinus	0.3199791979
LACTOSECAT-PWY: lactose and galactose degradation I	0.0000000000
LACTOSECAT-PWY: lactose and galactose degradation I|unclassified	0.0000000000
PWY-7013: (S)-propane-1,2-diol degradation	0.0000000000
PWY-7013: (S)-propane-1,2-diol degradation|unclassified	0.0000000000
PWY-6353: purine nucleotides degradation II (aerobic)	0.0000000000
PPGPPMET-PWY: ppGpp metabolism	0.0000000000
PPGPPMET-PWY: ppGpp metabolism|unclassified	0.0000000000
PWY-6125: superpathway of guanosine nucleotides de novo biosynthesis II	0.0000000000
PWY-6125: superpathway of guanosine nucleotides de novo biosynthesis II|g__Eggerthella.s__Eggerthella_lenta	0.4071778092
GLYCOLYSIS: glycolysis I (from glucose 6-phosphate)	0.0000000000
PWY-4041: &gamma;-glutamyl cycle	0.0000000000
PWY-4041: &gamma;-glutamyl cycle|g__Streptococcus.s__Streptococcus_parasanguinis	0.3017865306
PWY-4041: &gamma;-glutamyl cycle|g__Streptococcus.s__Streptococcus_thermophilus	0.0378075614
PWY-4041: &gamma;-glutamyl cycle|g__Streptococcus.s__Streptococcus_pneumoniae	0.0330034204
PWY-4041: &gamma;-glutamyl cycle|g__Streptococcus.s__Streptococcus_salivarius	0.0219518532
ANAEROFRUCAT-PWY: homolactic fermentation	0.0000000000
PWY-7323: superpathway of GDP-mannose-derived O-antigen building blocks biosynthesis	0.0000000000
FUCCAT-PWY: fucose degradation	0.0000000000
FUCCAT-PWY: fucose degradation|g__Blautia.s__Blautia_hydrogenotrophica	0.2183766360
PWY1ZNC-1: assimilatory sulfate reduction IV	0.0000000000
PWY1ZNC-1: assimilatory sulfate reduction IV|unclassified	0.0000000000
PWY-5121: superpathway of geranylgeranyl diphosphate biosynthesis II (via MEP)	0.0000000000
PWY-5121: superpathway of geranylgeranyl diphosphate biosynthesis II (via MEP)|unclassified	0.0000000000
PWY-2941: L-lysine biosynthesis II	0.0000000000
PWY-2941: L-lysine biosynthesis II|unclassified	0.0000000000
PWY-6590: superpathway of Clostridium acetobutylicum acidogenic fermentation	0.0000000000
PENTOSE-P-PWY: pentose phosphate pathway	0.0000000000
PENTOSE-P-PWY: pentose phosphate pathway|unclassified	0.0000000000
PWY-7117: C4 photosynthetic carbon assimilation cycle, PEPCK type	0.0000000000
PWY-7117: C4 photosynthetic carbon assimilation cycle, PEPCK type|unclassified	0.0000000000
PWY-5484: glycolysis II (from fructose 6-phosphate)	0.0000000000
PWY-7198: pyrimidine deoxyribonucleotides de novo biosynthesis IV	0.0000000000
PWY-5154: L-arginine biosynthesis III (via N-acetyl-L-citrulline)	0.0000000000
PWY-5154: L-arginine biosynthesis III (via N-acetyl-L-citrulline)|unclassified	0.0000000000
PWY-5154: L-arginine biosynthesis III (via N-acetyl-L-citrulline)|g__Blautia.s__Blautia_hydrogenotrophica	0.4335107974
PWY-6630: superpathway of L-tyrosine biosynthesis	0.0000000000
PWY-241: C4 photosynthetic carbon assimilation cycle, NADP-ME type	0.0000000000
PWY-241: C4 photosynthetic carbon assimilation cycle, NADP-ME type|unclassified	0.0000000000
PWY-7220: adenosine deoxyribonucleotides de novo biosynthesis II	0.0000000000
PWY-7220: adenosine deoxyribonucleotides de novo biosynthesis II|g__Eggerthella.s__Eggerthella_lenta	0.9988636811
PWY-7222: guanosine deoxyribonucleotides de novo biosynthesis II	0.0000000000
PWY-7222: guanosine deoxyribonucleotides de novo biosynthesis II|g__Eggerthella.s__Eggerthella_lenta	0.9988636811
P185-PWY: formaldehyde assimilation III (dihydroxyacetone cycle)	0.0000000000
P185-PWY: formaldehyde assimilation III (dihydroxyacetone cycle)|unclassified	0.0000000000
PWY-6606: guanosine nucleotides degradation II	0.0000000000
CENTFERM-PWY: pyruvate fermentation to butanoate	0.0000000000
RHAMCAT-PWY: L-rhamnose degradation I	0.0000000000
RHAMCAT-PWY: L-rhamnose degradation I|unclassified	0.0000000000
PWY-7197: pyrimidine deoxyribonucleotide phosphorylation	0.0000000000
PWY-7197: pyrimidine deoxyribonucleotide phosphorylation|g__Asaccharobacter.s__Asaccharobacter_celatus	0.0168820335
PWY-6901: superpathway of glucose and xylose degradation	0.0000000000
PWY-6901: superpathway of glucose and xylose degradation|unclassified	0.0000000000
SALVADEHYPOX-PWY: adenosine nucleotides degradation II	0.0000000000
SALVADEHYPOX-PWY: adenosine nucleotides degradation II|g__Anaerostipes.s__Anaerostipes_hadrus	0.3217154531
PWY-7234: inosine-5'-phosphate biosynthesis III	0.0000000000
PWY-7234: inosine-5'-phosphate biosynthesis III|g__Streptococcus.s__Streptococcus_thermophilus	0.8587110563
PWY-7234: inosine-5'-phosphate biosynthesis III|g__Streptococcus.s__Streptococcus_salivarius	0.5714816366
PWY-5345: superpathway of L-methionine biosynthesis (by sulfhydrylation)	0.0000000000
P441-PWY: superpathway of N-acetylneuraminate degradation	0.0000000000
PWY66-399: gluconeogenesis III	0.0000000000
PWY-7383: anaerobic energy metabolism (invertebrates, cytosol)	0.0000000000
PWY0-1479: tRNA processing	0.0000000000
SULFATE-CYS-PWY: superpathway of sulfate assimilation and cysteine biosynthesis	0.0000000000
PWY-6549: L-glutamine biosynthesis III	0.0000000000
P42-PWY: incomplete reductive TCA cycle	0.0000000000
PWY66-409: superpathway of purine nucleotide salvage	0.0000000000
PWY-8004: Entner-Doudoroff pathway I	0.0000000000
PWY-6969: TCA cycle V (2-oxoglutarate synthase)	0.0000000000
PWY-6588: pyruvate fermentation to acetone	0.0000000000
CITRULBIO-PWY: L-citrulline biosynthesis	0.0000000000
CITRULBIO-PWY: L-citrulline biosynthesis|unclassified	0.0000000000
PWY-5981: CDP-diacylglycerol biosynthesis III	0.0000000000
HEMESYN2-PWY: heme b biosynthesis II (oxygen-independent)	0.0000000000
HEMESYN2-PWY: heme b biosynthesis II (oxygen-independent)|unclassified	0.0000000000
PWY-4984: urea cycle	0.0000000000
PWY-4984: urea cycle|unclassified	0.0000000000
PWY-7356: thiamine diphosphate salvage IV (yeast)	0.0000000000
PWY-7356: thiamine diphosphate salvage IV (yeast)|unclassified	0.0000000000
HISDEG-PWY: L-histidine degradation I	0.0000000000
PWY0-1298: superpathway of pyrimidine deoxyribonucleosides degradation	0.0000000000
PWY0-1298: superpathway of pyrimidine deoxyribonucleosides degradation|unclassified	0.0000000000
SO4ASSIM-PWY: assimilatory sulfate reduction I	0.0000000000
PWY0-1477: ethanolamine utilization	0.0000000000
PWY0-1477: ethanolamine utilization|unclassified	0.0000000000
PWY0-1297: superpathway of purine deoxyribonucleosides degradation	0.0000000000
PWY0-1297: superpathway of purine deoxyribonucleosides degradation|unclassified	0.0000000000
PWY-6305: superpathway of putrescine biosynthesis	0.0000000000
PWY-6305: superpathway of putrescine biosynthesis|unclassified	0.0000000000
PWY4LZ-257: superpathway of fermentation (Chlamydomonas reinhardtii)	0.0000000000
PWY4LZ-257: superpathway of fermentation (Chlamydomonas reinhardtii)|unclassified	0.0000000000
PWY-6293: superpathway of L-cysteine biosynthesis (fungi)	0.0000000000
PWY-6292: superpathway of L-cysteine biosynthesis (mammalian)	0.0000000000
P161-PWY: acetylene degradation (anaerobic)	0.0000000000
P161-PWY: acetylene degradation (anaerobic)|unclassified	0.0000000000
RUMP-PWY: formaldehyde oxidation I	0.0000000000
PWY-1269: CMP-3-deoxy-D-manno-octulosonate biosynthesis	0.0000000000
PWY-1269: CMP-3-deoxy-D-manno-octulosonate biosynthesis|g__Blautia.s__Blautia_hydrogenotrophica	0.1076170322
P125-PWY: superpathway of (R,R)-butanediol biosynthesis	0.0000000000
PWY-801: homocysteine and cysteine interconversion	0.0000000000
PWY-822: fructan biosynthesis	0.0000000000
PWY-822: fructan biosynthesis|g__Streptococcus.s__Streptococcus_equinus	0.9348019291
PWY-822: fructan biosynthesis|g__Streptococcus.s__Streptococcus_pneumoniae	0.1149850072
PWY-822: fructan biosynthesis|g__Streptococcus.s__Streptococcus_salivarius	0.1064308137