# Pathway	merged_6034-7_S172_L002__kneaddata_paired_Abundance
UNMAPPED	1109297.5638655559
UNINTEGRATED	8461657.6080090068
UNINTEGRATED|g__Klebsiella.s__Klebsiella_pneumoniae	3297298.0223125797
UNINTEGRATED|unclassified	1824200.1395809099
UNINTEGRATED|g__Enterococcus.s__Enterococcus_faecalis	424759.5023895501
UNINTEGRATED|g__Escherichia.s__Escherichia_coli	406124.1148397346
UNINTEGRATED|g__Klebsiella.s__Klebsiella_oxytoca	189512.2438987806
UNINTEGRATED|g__Listeria.s__Listeria_monocytogenes	100955.4378103639
UNINTEGRATED|g__Klebsiella.s__Klebsiella_aerogenes	86861.9028042885
UNINTEGRATED|g__Klebsiella.s__Klebsiella_variicola	81722.7537331878
PWY0-1586: peptidoglycan maturation (meso-diaminopimelate containing)	8401.5173078622
PWY0-1586: peptidoglycan maturation (meso-diaminopimelate containing)|g__Klebsiella.s__Klebsiella_pneumoniae	4390.1230136033
PWY0-1586: peptidoglycan maturation (meso-diaminopimelate containing)|unclassified	1785.2195983046
PWY0-1586: peptidoglycan maturation (meso-diaminopimelate containing)|g__Escherichia.s__Escherichia_coli	942.0320848233
PWY0-1586: peptidoglycan maturation (meso-diaminopimelate containing)|g__Klebsiella.s__Klebsiella_oxytoca	386.5690500267
PWY0-1586: peptidoglycan maturation (meso-diaminopimelate containing)|g__Klebsiella.s__Klebsiella_variicola	3.8674786229
PWY0-1296: purine ribonucleosides degradation	6282.3793647176
PWY0-1296: purine ribonucleosides degradation|unclassified	2736.1108058645
PWY0-1296: purine ribonucleosides degradation|g__Klebsiella.s__Klebsiella_pneumoniae	1335.8556519315
PWY0-1296: purine ribonucleosides degradation|g__Listeria.s__Listeria_monocytogenes	134.3529460921
PWY0-1296: purine ribonucleosides degradation|g__Enterococcus.s__Enterococcus_faecalis	115.5635838255
LACTOSECAT-PWY: lactose and galactose degradation I	5629.0643901928
LACTOSECAT-PWY: lactose and galactose degradation I|g__Listeria.s__Listeria_monocytogenes	1643.1850875198
LACTOSECAT-PWY: lactose and galactose degradation I|g__Enterococcus.s__Enterococcus_faecalis	1606.3923745471
PWY-5695: inosine 5'-phosphate degradation	5035.8563458317
PWY-5695: inosine 5'-phosphate degradation|unclassified	2231.4581472855
PWY-5695: inosine 5'-phosphate degradation|g__Klebsiella.s__Klebsiella_pneumoniae	1267.8381383698
PWY-5695: inosine 5'-phosphate degradation|g__Enterococcus.s__Enterococcus_faecalis	128.5015630372
PWY-5695: inosine 5'-phosphate degradation|g__Listeria.s__Listeria_monocytogenes	89.5231904972
PWY-6609: adenine and adenosine salvage III	4981.0460368375
PWY-6609: adenine and adenosine salvage III|unclassified	2865.5535945326
PWY-6609: adenine and adenosine salvage III|g__Klebsiella.s__Klebsiella_pneumoniae	1393.9225087468
PWY-6609: adenine and adenosine salvage III|g__Listeria.s__Listeria_monocytogenes	128.6231747444
PWY-6609: adenine and adenosine salvage III|g__Enterococcus.s__Enterococcus_faecalis	104.6517678068
PWY-6122: 5-aminoimidazole ribonucleotide biosynthesis II	4887.5106780536
PWY-6122: 5-aminoimidazole ribonucleotide biosynthesis II|unclassified	2156.1773926324
PWY-6122: 5-aminoimidazole ribonucleotide biosynthesis II|g__Klebsiella.s__Klebsiella_pneumoniae	1409.0601192457
PWY-6122: 5-aminoimidazole ribonucleotide biosynthesis II|g__Enterococcus.s__Enterococcus_faecalis	97.9461935395
PWY-6122: 5-aminoimidazole ribonucleotide biosynthesis II|g__Listeria.s__Listeria_monocytogenes	93.0716982414
PWY-6122: 5-aminoimidazole ribonucleotide biosynthesis II|g__Klebsiella.s__Klebsiella_variicola	9.9895432169
PWY-6277: superpathway of 5-aminoimidazole ribonucleotide biosynthesis	4887.5106780536
PWY-6277: superpathway of 5-aminoimidazole ribonucleotide biosynthesis|unclassified	2156.1773926324
PWY-6277: superpathway of 5-aminoimidazole ribonucleotide biosynthesis|g__Klebsiella.s__Klebsiella_pneumoniae	1409.0601192457
PWY-6277: superpathway of 5-aminoimidazole ribonucleotide biosynthesis|g__Enterococcus.s__Enterococcus_faecalis	97.9461935395
PWY-6277: superpathway of 5-aminoimidazole ribonucleotide biosynthesis|g__Listeria.s__Listeria_monocytogenes	93.0716982414
PWY-6277: superpathway of 5-aminoimidazole ribonucleotide biosynthesis|g__Klebsiella.s__Klebsiella_variicola	9.9895432169
NONOXIPENT-PWY: pentose phosphate pathway (non-oxidative branch) I	4845.0148492363
NONOXIPENT-PWY: pentose phosphate pathway (non-oxidative branch) I|g__Klebsiella.s__Klebsiella_pneumoniae	2867.2876411506
NONOXIPENT-PWY: pentose phosphate pathway (non-oxidative branch) I|unclassified	1797.6894160449
NONOXIPENT-PWY: pentose phosphate pathway (non-oxidative branch) I|g__Klebsiella.s__Klebsiella_oxytoca	156.8805195687
NONOXIPENT-PWY: pentose phosphate pathway (non-oxidative branch) I|g__Escherichia.s__Escherichia_coli	119.6821578699
NONOXIPENT-PWY: pentose phosphate pathway (non-oxidative branch) I|g__Enterococcus.s__Enterococcus_faecalis	81.7651330183
NONOXIPENT-PWY: pentose phosphate pathway (non-oxidative branch) I|g__Listeria.s__Listeria_monocytogenes	73.3260444887
VALSYN-PWY: L-valine biosynthesis	4571.4190414182
VALSYN-PWY: L-valine biosynthesis|g__Klebsiella.s__Klebsiella_pneumoniae	3039.3491137916
VALSYN-PWY: L-valine biosynthesis|unclassified	89.2330427588
RHAMCAT-PWY: L-rhamnose degradation I	4538.6464376807
RHAMCAT-PWY: L-rhamnose degradation I|unclassified	1981.2448411648
RHAMCAT-PWY: L-rhamnose degradation I|g__Klebsiella.s__Klebsiella_pneumoniae	1324.4491607818
RHAMCAT-PWY: L-rhamnose degradation I|g__Escherichia.s__Escherichia_coli	252.3601968908
RHAMCAT-PWY: L-rhamnose degradation I|g__Enterococcus.s__Enterococcus_faecalis	186.3805770149
RHAMCAT-PWY: L-rhamnose degradation I|g__Klebsiella.s__Klebsiella_aerogenes	149.5121944345
PWY-7013: (S)-propane-1,2-diol degradation	4510.5134375509
PWY-7013: (S)-propane-1,2-diol degradation|g__Klebsiella.s__Klebsiella_pneumoniae	2908.2186071408
PWY-7013: (S)-propane-1,2-diol degradation|g__Klebsiella.s__Klebsiella_aerogenes	260.9998877213
PWY-7013: (S)-propane-1,2-diol degradation|g__Klebsiella.s__Klebsiella_oxytoca	223.9277826615
PWY-7013: (S)-propane-1,2-diol degradation|g__Escherichia.s__Escherichia_coli	161.3574279324
PWY-7013: (S)-propane-1,2-diol degradation|unclassified	154.8294568747
PWY-7013: (S)-propane-1,2-diol degradation|g__Klebsiella.s__Klebsiella_variicola	7.0315150276
PWY0-1477: ethanolamine utilization	4495.1599913193
PWY0-1477: ethanolamine utilization|g__Klebsiella.s__Klebsiella_pneumoniae	3183.8576153902
PWY0-1477: ethanolamine utilization|g__Klebsiella.s__Klebsiella_aerogenes	234.8592364107
PWY0-1477: ethanolamine utilization|g__Escherichia.s__Escherichia_coli	228.4148278681
PWY0-1477: ethanolamine utilization|g__Listeria.s__Listeria_monocytogenes	153.6820859312
PWY0-1477: ethanolamine utilization|g__Enterococcus.s__Enterococcus_faecalis	148.7629430820
PWY0-1477: ethanolamine utilization|unclassified	118.8979330077
PWY0-1477: ethanolamine utilization|g__Klebsiella.s__Klebsiella_oxytoca	55.8570509301
PWY0-1477: ethanolamine utilization|g__Klebsiella.s__Klebsiella_variicola	5.4495067860
PWY-6936: seleno-amino acid biosynthesis (plants)	4493.1076447802
PWY-6936: seleno-amino acid biosynthesis (plants)|g__Klebsiella.s__Klebsiella_pneumoniae	1796.3327672471
PWY-6936: seleno-amino acid biosynthesis (plants)|unclassified	87.1041247065
PWY-6936: seleno-amino acid biosynthesis (plants)|g__Listeria.s__Listeria_monocytogenes	63.9564845367
PWY-6936: seleno-amino acid biosynthesis (plants)|g__Enterococcus.s__Enterococcus_faecalis	59.7214119784
PWY-6936: seleno-amino acid biosynthesis (plants)|g__Escherichia.s__Escherichia_coli	57.4696092599
PWY-6163: chorismate biosynthesis from 3-dehydroquinate	4480.6873029905
PWY-6163: chorismate biosynthesis from 3-dehydroquinate|unclassified	1631.9244173379
PWY-6163: chorismate biosynthesis from 3-dehydroquinate|g__Klebsiella.s__Klebsiella_pneumoniae	1469.1511352078
PWY-6163: chorismate biosynthesis from 3-dehydroquinate|g__Escherichia.s__Escherichia_coli	246.5832919273
PWY-6163: chorismate biosynthesis from 3-dehydroquinate|g__Enterococcus.s__Enterococcus_faecalis	86.1803949320
PWY-6163: chorismate biosynthesis from 3-dehydroquinate|g__Listeria.s__Listeria_monocytogenes	66.2083241299
ARO-PWY: chorismate biosynthesis I	4434.4229704996
ARO-PWY: chorismate biosynthesis I|g__Klebsiella.s__Klebsiella_pneumoniae	1588.9971172013
ARO-PWY: chorismate biosynthesis I|unclassified	1573.9002658308
ARO-PWY: chorismate biosynthesis I|g__Escherichia.s__Escherichia_coli	235.2261159823
ARO-PWY: chorismate biosynthesis I|g__Listeria.s__Listeria_monocytogenes	65.9230462563
ARO-PWY: chorismate biosynthesis I|g__Enterococcus.s__Enterococcus_faecalis	65.4834939498
PWY-6121: 5-aminoimidazole ribonucleotide biosynthesis I	4424.3523457603
PWY-6121: 5-aminoimidazole ribonucleotide biosynthesis I|unclassified	2059.1109656652
PWY-6121: 5-aminoimidazole ribonucleotide biosynthesis I|g__Klebsiella.s__Klebsiella_pneumoniae	1368.2146227312
PWY-6121: 5-aminoimidazole ribonucleotide biosynthesis I|g__Listeria.s__Listeria_monocytogenes	96.7660318962
PWY-6121: 5-aminoimidazole ribonucleotide biosynthesis I|g__Enterococcus.s__Enterococcus_faecalis	88.9008765636
CALVIN-PWY: Calvin-Benson-Bassham cycle	4400.4748983214
CALVIN-PWY: Calvin-Benson-Bassham cycle|g__Klebsiella.s__Klebsiella_pneumoniae	2459.1582480458
CALVIN-PWY: Calvin-Benson-Bassham cycle|unclassified	218.6152416922
CALVIN-PWY: Calvin-Benson-Bassham cycle|g__Klebsiella.s__Klebsiella_variicola	9.1479842839
PWY-1042: glycolysis IV	4375.9270849365
PWY-1042: glycolysis IV|g__Klebsiella.s__Klebsiella_pneumoniae	2949.1688048570
PWY-1042: glycolysis IV|unclassified	127.3453165579
PWY-1042: glycolysis IV|g__Klebsiella.s__Klebsiella_variicola	49.0466515690
PWY-8178: pentose phosphate pathway (non-oxidative branch) II	4361.5954163683
PWY-8178: pentose phosphate pathway (non-oxidative branch) II|g__Klebsiella.s__Klebsiella_pneumoniae	1395.7978602685
PWY-8178: pentose phosphate pathway (non-oxidative branch) II|unclassified	110.3271985327
UDPNAGSYN-PWY: UDP-N-acetyl-D-glucosamine biosynthesis I	4329.2130199533
UDPNAGSYN-PWY: UDP-N-acetyl-D-glucosamine biosynthesis I|unclassified	2087.6007955519
UDPNAGSYN-PWY: UDP-N-acetyl-D-glucosamine biosynthesis I|g__Klebsiella.s__Klebsiella_pneumoniae	1023.2869310006
UDPNAGSYN-PWY: UDP-N-acetyl-D-glucosamine biosynthesis I|g__Enterococcus.s__Enterococcus_faecalis	168.7334721300
UDPNAGSYN-PWY: UDP-N-acetyl-D-glucosamine biosynthesis I|g__Escherichia.s__Escherichia_coli	129.5334678920
UDPNAGSYN-PWY: UDP-N-acetyl-D-glucosamine biosynthesis I|g__Listeria.s__Listeria_monocytogenes	89.7669432505
ANAGLYCOLYSIS-PWY: glycolysis III (from glucose)	4194.1640074251
ANAGLYCOLYSIS-PWY: glycolysis III (from glucose)|g__Klebsiella.s__Klebsiella_pneumoniae	1697.2663358157
ANAGLYCOLYSIS-PWY: glycolysis III (from glucose)|unclassified	254.4224665359
PWY-7663: gondoate biosynthesis (anaerobic)	4039.7467303830
PWY-7663: gondoate biosynthesis (anaerobic)|g__Klebsiella.s__Klebsiella_pneumoniae	1765.7114767131
PWY-7663: gondoate biosynthesis (anaerobic)|unclassified	697.2273434172
PWY-7663: gondoate biosynthesis (anaerobic)|g__Enterococcus.s__Enterococcus_faecalis	173.7270285898
PWY-7663: gondoate biosynthesis (anaerobic)|g__Klebsiella.s__Klebsiella_oxytoca	151.5074866538
PWY-7663: gondoate biosynthesis (anaerobic)|g__Escherichia.s__Escherichia_coli	136.1944833094
PWY-7663: gondoate biosynthesis (anaerobic)|g__Listeria.s__Listeria_monocytogenes	134.5923076989
PWY-7663: gondoate biosynthesis (anaerobic)|g__Klebsiella.s__Klebsiella_aerogenes	69.4543234625
PWY-7663: gondoate biosynthesis (anaerobic)|g__Klebsiella.s__Klebsiella_variicola	49.1415462093
PWY-6317: D-galactose degradation I (Leloir pathway)	4004.2539504875
PWY-6317: D-galactose degradation I (Leloir pathway)|unclassified	2387.8898756505
PWY-6317: D-galactose degradation I (Leloir pathway)|g__Klebsiella.s__Klebsiella_pneumoniae	814.4009182447
PWY-6317: D-galactose degradation I (Leloir pathway)|g__Enterococcus.s__Enterococcus_faecalis	103.0063307256
PWY-6317: D-galactose degradation I (Leloir pathway)|g__Listeria.s__Listeria_monocytogenes	93.9023925986
COMPLETE-ARO-PWY: superpathway of aromatic amino acid biosynthesis	3964.4110424354
COMPLETE-ARO-PWY: superpathway of aromatic amino acid biosynthesis|g__Klebsiella.s__Klebsiella_pneumoniae	1579.8443976903
COMPLETE-ARO-PWY: superpathway of aromatic amino acid biosynthesis|unclassified	1560.5884539882
COMPLETE-ARO-PWY: superpathway of aromatic amino acid biosynthesis|g__Escherichia.s__Escherichia_coli	177.4507799818
COMPLETE-ARO-PWY: superpathway of aromatic amino acid biosynthesis|g__Enterococcus.s__Enterococcus_faecalis	67.0214803292
COMPLETE-ARO-PWY: superpathway of aromatic amino acid biosynthesis|g__Listeria.s__Listeria_monocytogenes	60.6653599513
TRNA-CHARGING-PWY: tRNA charging	3949.9463192107
TRNA-CHARGING-PWY: tRNA charging|g__Klebsiella.s__Klebsiella_pneumoniae	1649.7006446113
TRNA-CHARGING-PWY: tRNA charging|unclassified	418.0242255445
TRNA-CHARGING-PWY: tRNA charging|g__Enterococcus.s__Enterococcus_faecalis	95.5368049313
GLUCOSE1PMETAB-PWY: glucose and glucose-1-phosphate degradation	3946.1543300254
GLUCOSE1PMETAB-PWY: glucose and glucose-1-phosphate degradation|g__Klebsiella.s__Klebsiella_pneumoniae	1554.3816915304
GLUCOSE1PMETAB-PWY: glucose and glucose-1-phosphate degradation|g__Escherichia.s__Escherichia_coli	150.5802099430
GLUCOSE1PMETAB-PWY: glucose and glucose-1-phosphate degradation|g__Klebsiella.s__Klebsiella_aerogenes	76.8738912253
GLUCOSE1PMETAB-PWY: glucose and glucose-1-phosphate degradation|g__Klebsiella.s__Klebsiella_variicola	12.0607565865
PWY-2941: L-lysine biosynthesis II	3940.1061014079
PWY-2941: L-lysine biosynthesis II|unclassified	1432.9914912642
PWY-2941: L-lysine biosynthesis II|g__Klebsiella.s__Klebsiella_pneumoniae	505.5250021165
PWY-2941: L-lysine biosynthesis II|g__Listeria.s__Listeria_monocytogenes	61.3966075419
PWY-2941: L-lysine biosynthesis II|g__Enterococcus.s__Enterococcus_faecalis	47.6604926443
PWY-2942: L-lysine biosynthesis III	3931.8177206395
PWY-2942: L-lysine biosynthesis III|unclassified	1960.1507348334
PWY-2942: L-lysine biosynthesis III|g__Klebsiella.s__Klebsiella_pneumoniae	1187.2655960823
PWY-2942: L-lysine biosynthesis III|g__Enterococcus.s__Enterococcus_faecalis	45.9061444046
PWY-2942: L-lysine biosynthesis III|g__Listeria.s__Listeria_monocytogenes	36.0970650981
PWY-2942: L-lysine biosynthesis III|g__Klebsiella.s__Klebsiella_variicola	7.8054785127
PWY-5097: L-lysine biosynthesis VI	3867.4941072167
PWY-5097: L-lysine biosynthesis VI|unclassified	1921.2976473293
PWY-5097: L-lysine biosynthesis VI|g__Klebsiella.s__Klebsiella_pneumoniae	1350.5543340416
PWY-5097: L-lysine biosynthesis VI|g__Enterococcus.s__Enterococcus_faecalis	51.0515619295
PWY-5097: L-lysine biosynthesis VI|g__Listeria.s__Listeria_monocytogenes	39.6248767244
PWY-5097: L-lysine biosynthesis VI|g__Klebsiella.s__Klebsiella_variicola	7.8029458468
P41-PWY: pyruvate fermentation to acetate and (S)-lactate I	3829.5724496261
P41-PWY: pyruvate fermentation to acetate and (S)-lactate I|g__Klebsiella.s__Klebsiella_pneumoniae	948.1315561516
P41-PWY: pyruvate fermentation to acetate and (S)-lactate I|unclassified	18.1849066635
PWY-5100: pyruvate fermentation to acetate and lactate II	3829.5724496261
PWY-5100: pyruvate fermentation to acetate and lactate II|g__Klebsiella.s__Klebsiella_pneumoniae	1141.9753847330
PWY-5100: pyruvate fermentation to acetate and lactate II|g__Enterococcus.s__Enterococcus_faecalis	65.1206643610
PWY-5100: pyruvate fermentation to acetate and lactate II|unclassified	28.2566297334
PWY-7221: guanosine ribonucleotides de novo biosynthesis	3739.4909353583
PWY-7221: guanosine ribonucleotides de novo biosynthesis|unclassified	1885.0775714487
PWY-7221: guanosine ribonucleotides de novo biosynthesis|g__Klebsiella.s__Klebsiella_pneumoniae	1070.9778664180
PWY-7221: guanosine ribonucleotides de novo biosynthesis|g__Enterococcus.s__Enterococcus_faecalis	119.6653250660
PWY-7221: guanosine ribonucleotides de novo biosynthesis|g__Listeria.s__Listeria_monocytogenes	71.8453836237
PWY-7221: guanosine ribonucleotides de novo biosynthesis|g__Klebsiella.s__Klebsiella_variicola	1.3922477491
PWY-I9: L-cysteine biosynthesis VI (from L-methionine)	3719.4288991952
PWY-I9: L-cysteine biosynthesis VI (from L-methionine)|unclassified	1627.1489952042
PWY-I9: L-cysteine biosynthesis VI (from L-methionine)|g__Klebsiella.s__Klebsiella_pneumoniae	770.1981762849
PWY-7229: superpathway of adenosine nucleotides de novo biosynthesis I	3607.9792924254
PWY-7229: superpathway of adenosine nucleotides de novo biosynthesis I|unclassified	1672.2274115801
PWY-7229: superpathway of adenosine nucleotides de novo biosynthesis I|g__Klebsiella.s__Klebsiella_pneumoniae	874.6854036675
PWY-7229: superpathway of adenosine nucleotides de novo biosynthesis I|g__Enterococcus.s__Enterococcus_faecalis	149.5783751905
PWY-7229: superpathway of adenosine nucleotides de novo biosynthesis I|g__Listeria.s__Listeria_monocytogenes	70.5190762940
FASYN-ELONG-PWY: fatty acid elongation -- saturated	3571.8730804299
FASYN-ELONG-PWY: fatty acid elongation -- saturated|g__Klebsiella.s__Klebsiella_pneumoniae	1656.3423272406
FASYN-ELONG-PWY: fatty acid elongation -- saturated|g__Enterococcus.s__Enterococcus_faecalis	135.2669764485
FASYN-ELONG-PWY: fatty acid elongation -- saturated|unclassified	106.5637556125
PWY-6151: S-adenosyl-L-methionine salvage I	3557.6613702437
PWY-6151: S-adenosyl-L-methionine salvage I|unclassified	2155.3987486848
PWY-6151: S-adenosyl-L-methionine salvage I|g__Klebsiella.s__Klebsiella_pneumoniae	1463.8104629682
PWY-6151: S-adenosyl-L-methionine salvage I|g__Enterococcus.s__Enterococcus_faecalis	85.4785664945
PWY-6151: S-adenosyl-L-methionine salvage I|g__Listeria.s__Listeria_monocytogenes	49.7865780485
PWY-6151: S-adenosyl-L-methionine salvage I|g__Klebsiella.s__Klebsiella_aerogenes	26.2701373316
PWY-6151: S-adenosyl-L-methionine salvage I|g__Klebsiella.s__Klebsiella_variicola	6.9274505838
PWY-7977: L-methionine biosynthesis IV	3526.7300339670
PWY-7977: L-methionine biosynthesis IV|g__Klebsiella.s__Klebsiella_pneumoniae	1740.4651622881
PWY-7977: L-methionine biosynthesis IV|g__Klebsiella.s__Klebsiella_variicola	2.4360782585
PWY-3841: folate transformations II (plants)	3515.3135065513
PWY-3841: folate transformations II (plants)|unclassified	1806.7628699088
PWY-3841: folate transformations II (plants)|g__Klebsiella.s__Klebsiella_pneumoniae	891.6325730735
PWY-3841: folate transformations II (plants)|g__Enterococcus.s__Enterococcus_faecalis	69.6012204958
PWY-3841: folate transformations II (plants)|g__Listeria.s__Listeria_monocytogenes	65.4756220009
PWY-6385: peptidoglycan biosynthesis III (mycobacteria)	3513.1159238229
PWY-6385: peptidoglycan biosynthesis III (mycobacteria)|g__Klebsiella.s__Klebsiella_pneumoniae	1350.9570723531
PWY-6385: peptidoglycan biosynthesis III (mycobacteria)|unclassified	602.6641896091
PWY-7237: myo-, chiro- and scyllo-inositol degradation	3500.3927333123
PWY-7237: myo-, chiro- and scyllo-inositol degradation|g__Klebsiella.s__Klebsiella_pneumoniae	2281.9678608387
PWY-7237: myo-, chiro- and scyllo-inositol degradation|g__Escherichia.s__Escherichia_coli	597.9538143026
PWY-7237: myo-, chiro- and scyllo-inositol degradation|g__Klebsiella.s__Klebsiella_variicola	439.9042181864
PWY-7237: myo-, chiro- and scyllo-inositol degradation|g__Klebsiella.s__Klebsiella_oxytoca	194.8336029712
PWY-7237: myo-, chiro- and scyllo-inositol degradation|unclassified	171.3744058165
PWY-7237: myo-, chiro- and scyllo-inositol degradation|g__Enterococcus.s__Enterococcus_faecalis	108.6297619192
PWY-7237: myo-, chiro- and scyllo-inositol degradation|g__Listeria.s__Listeria_monocytogenes	97.6624607962
PWY-7237: myo-, chiro- and scyllo-inositol degradation|g__Klebsiella.s__Klebsiella_aerogenes	67.2449295648
PWY-7664: oleate biosynthesis IV (anaerobic)	3460.7820770091
PWY-7664: oleate biosynthesis IV (anaerobic)|g__Klebsiella.s__Klebsiella_pneumoniae	1534.8226052122
PWY-7664: oleate biosynthesis IV (anaerobic)|g__Enterococcus.s__Enterococcus_faecalis	125.5335204417
PWY-7664: oleate biosynthesis IV (anaerobic)|unclassified	95.0906831611
PWY-5384: sucrose degradation IV (sucrose phosphorylase)	3460.2741965440
PWY-5384: sucrose degradation IV (sucrose phosphorylase)|g__Klebsiella.s__Klebsiella_pneumoniae	1730.8024169170
PWY-5384: sucrose degradation IV (sucrose phosphorylase)|g__Enterococcus.s__Enterococcus_faecalis	142.0742266757
PWY-5384: sucrose degradation IV (sucrose phosphorylase)|g__Listeria.s__Listeria_monocytogenes	80.9668820375
PWY-5384: sucrose degradation IV (sucrose phosphorylase)|g__Klebsiella.s__Klebsiella_variicola	2.4710420493
PWY-841: superpathway of purine nucleotides de novo biosynthesis I	3450.7631709834
PWY-841: superpathway of purine nucleotides de novo biosynthesis I|unclassified	1762.4085483861
PWY-841: superpathway of purine nucleotides de novo biosynthesis I|g__Klebsiella.s__Klebsiella_pneumoniae	1007.3325384186
PWY-841: superpathway of purine nucleotides de novo biosynthesis I|g__Enterococcus.s__Enterococcus_faecalis	98.0123825597
PWY-841: superpathway of purine nucleotides de novo biosynthesis I|g__Listeria.s__Listeria_monocytogenes	58.5406557438
PWY-7228: superpathway of guanosine nucleotides de novo biosynthesis I	3435.9653119542
PWY-7228: superpathway of guanosine nucleotides de novo biosynthesis I|unclassified	1923.9933445109
PWY-7228: superpathway of guanosine nucleotides de novo biosynthesis I|g__Klebsiella.s__Klebsiella_pneumoniae	1045.6630015375
PWY-7228: superpathway of guanosine nucleotides de novo biosynthesis I|g__Enterococcus.s__Enterococcus_faecalis	120.7217372332
PWY-7228: superpathway of guanosine nucleotides de novo biosynthesis I|g__Listeria.s__Listeria_monocytogenes	73.5625713947
PWY-5686: UMP biosynthesis I	3375.8150509465
PWY-5686: UMP biosynthesis I|g__Klebsiella.s__Klebsiella_pneumoniae	1480.0573990676
PWY-5686: UMP biosynthesis I|unclassified	1469.0094364873
PWY-5686: UMP biosynthesis I|g__Enterococcus.s__Enterococcus_faecalis	83.9611117079
PWY-5686: UMP biosynthesis I|g__Listeria.s__Listeria_monocytogenes	58.0319326714
PWY-7790: UMP biosynthesis II	3375.8150509465
PWY-7790: UMP biosynthesis II|g__Klebsiella.s__Klebsiella_pneumoniae	1480.0573990676
PWY-7790: UMP biosynthesis II|unclassified	1469.0094364873
PWY-7790: UMP biosynthesis II|g__Listeria.s__Listeria_monocytogenes	84.0642313298
PWY-7790: UMP biosynthesis II|g__Enterococcus.s__Enterococcus_faecalis	83.9611117079
PWY-7791: UMP biosynthesis III	3375.8150509465
PWY-7791: UMP biosynthesis III|g__Klebsiella.s__Klebsiella_pneumoniae	1480.0573990676
PWY-7791: UMP biosynthesis III|unclassified	1469.0094364873
PWY-7791: UMP biosynthesis III|g__Listeria.s__Listeria_monocytogenes	84.3350988969
PWY-7791: UMP biosynthesis III|g__Enterococcus.s__Enterococcus_faecalis	83.9611117079
PWY-5971: palmitate biosynthesis (type II fatty acid synthase)	3369.2293328192
P461-PWY: hexitol fermentation to lactate, formate, ethanol and acetate	3364.6740477342
P461-PWY: hexitol fermentation to lactate, formate, ethanol and acetate|g__Klebsiella.s__Klebsiella_pneumoniae	1263.4247898643
PWY-6386: UDP-N-acetylmuramoyl-pentapeptide biosynthesis II (lysine-containing)	3350.7247283113
PWY-6386: UDP-N-acetylmuramoyl-pentapeptide biosynthesis II (lysine-containing)|unclassified	1871.2513483650
PWY-6386: UDP-N-acetylmuramoyl-pentapeptide biosynthesis II (lysine-containing)|g__Klebsiella.s__Klebsiella_pneumoniae	865.7305440349
PWY-6386: UDP-N-acetylmuramoyl-pentapeptide biosynthesis II (lysine-containing)|g__Enterococcus.s__Enterococcus_faecalis	107.7428413880
PWY-6386: UDP-N-acetylmuramoyl-pentapeptide biosynthesis II (lysine-containing)|g__Listeria.s__Listeria_monocytogenes	62.4635389144
PWY-6126: superpathway of adenosine nucleotides de novo biosynthesis II	3333.6486474984
PWY-6126: superpathway of adenosine nucleotides de novo biosynthesis II|unclassified	1635.3858487532
PWY-6126: superpathway of adenosine nucleotides de novo biosynthesis II|g__Klebsiella.s__Klebsiella_pneumoniae	845.2553459558
PWY-6126: superpathway of adenosine nucleotides de novo biosynthesis II|g__Enterococcus.s__Enterococcus_faecalis	135.7204048868
PWY-6126: superpathway of adenosine nucleotides de novo biosynthesis II|g__Listeria.s__Listeria_monocytogenes	67.6361391600
PWY-6527: stachyose degradation	3327.7813909713
PWY-6527: stachyose degradation|unclassified	1226.4324528864
PWY-6527: stachyose degradation|g__Klebsiella.s__Klebsiella_pneumoniae	784.6011500765
PWY-6527: stachyose degradation|g__Klebsiella.s__Klebsiella_oxytoca	85.8951070994
PWY-6901: superpathway of glucose and xylose degradation	3326.4424980816
PWY-6901: superpathway of glucose and xylose degradation|g__Klebsiella.s__Klebsiella_pneumoniae	1309.6361240567
PWY0-862: (5Z)-dodecenoate biosynthesis I	3322.9819585782
PWY0-862: (5Z)-dodecenoate biosynthesis I|g__Klebsiella.s__Klebsiella_pneumoniae	1398.0617644156
PWY0-862: (5Z)-dodecenoate biosynthesis I|g__Listeria.s__Listeria_monocytogenes	142.0748946401
PWY0-862: (5Z)-dodecenoate biosynthesis I|g__Klebsiella.s__Klebsiella_oxytoca	120.4926906785
PWY0-862: (5Z)-dodecenoate biosynthesis I|g__Enterococcus.s__Enterococcus_faecalis	114.5438238702
PWY0-862: (5Z)-dodecenoate biosynthesis I|unclassified	83.1537972971
PWY0-862: (5Z)-dodecenoate biosynthesis I|g__Klebsiella.s__Klebsiella_aerogenes	56.0814869374
PWY0-862: (5Z)-dodecenoate biosynthesis I|g__Escherichia.s__Escherichia_coli	15.2998256797
PWY-6282: palmitoleate biosynthesis I (from (5Z)-dodec-5-enoate)	3311.3786118764
PWY-6282: palmitoleate biosynthesis I (from (5Z)-dodec-5-enoate)|g__Klebsiella.s__Klebsiella_pneumoniae	1560.2605059893
PWY-6282: palmitoleate biosynthesis I (from (5Z)-dodec-5-enoate)|g__Enterococcus.s__Enterococcus_faecalis	141.2006735231
PWY-6282: palmitoleate biosynthesis I (from (5Z)-dodec-5-enoate)|unclassified	82.3009292688
PWY-6471: peptidoglycan biosynthesis IV (Enterococcus faecium)	3286.0947520464
PWY-6471: peptidoglycan biosynthesis IV (Enterococcus faecium)|unclassified	836.7034084842
PEPTIDOGLYCANSYN-PWY: peptidoglycan biosynthesis I (meso-diaminopimelate containing)	3282.4416623942
PEPTIDOGLYCANSYN-PWY: peptidoglycan biosynthesis I (meso-diaminopimelate containing)|g__Klebsiella.s__Klebsiella_pneumoniae	1259.7858629513
PEPTIDOGLYCANSYN-PWY: peptidoglycan biosynthesis I (meso-diaminopimelate containing)|unclassified	602.1907176120
PEPTIDOGLYCANSYN-PWY: peptidoglycan biosynthesis I (meso-diaminopimelate containing)|g__Enterococcus.s__Enterococcus_faecalis	73.8238580419
PEPTIDOGLYCANSYN-PWY: peptidoglycan biosynthesis I (meso-diaminopimelate containing)|g__Listeria.s__Listeria_monocytogenes	63.0585674609
GLYCOLYSIS: glycolysis I (from glucose 6-phosphate)	3277.2546000770
GLYCOLYSIS: glycolysis I (from glucose 6-phosphate)|g__Klebsiella.s__Klebsiella_pneumoniae	1467.4546620157
GLYCOLYSIS: glycolysis I (from glucose 6-phosphate)|unclassified	268.8560233632
PWY-8187: L-arginine degradation XIII (reductive Stickland reaction)	3213.0683720310
PWY-8187: L-arginine degradation XIII (reductive Stickland reaction)|unclassified	969.8056302420
PWY-8187: L-arginine degradation XIII (reductive Stickland reaction)|g__Klebsiella.s__Klebsiella_pneumoniae	297.2715398879
PWY-8187: L-arginine degradation XIII (reductive Stickland reaction)|g__Enterococcus.s__Enterococcus_faecalis	133.9263750677
PWY-8187: L-arginine degradation XIII (reductive Stickland reaction)|g__Listeria.s__Listeria_monocytogenes	115.2182093105
PWY-6125: superpathway of guanosine nucleotides de novo biosynthesis II	3206.5159171220
PWY-6125: superpathway of guanosine nucleotides de novo biosynthesis II|unclassified	1836.8747094476
PWY-6125: superpathway of guanosine nucleotides de novo biosynthesis II|g__Klebsiella.s__Klebsiella_pneumoniae	977.6675192569
PWY-6125: superpathway of guanosine nucleotides de novo biosynthesis II|g__Enterococcus.s__Enterococcus_faecalis	103.3746018302
PWY-6125: superpathway of guanosine nucleotides de novo biosynthesis II|g__Listeria.s__Listeria_monocytogenes	70.0176277333
PWY-6387: UDP-N-acetylmuramoyl-pentapeptide biosynthesis I (meso-diaminopimelate containing)	3202.4576460795
PWY-6387: UDP-N-acetylmuramoyl-pentapeptide biosynthesis I (meso-diaminopimelate containing)|g__Klebsiella.s__Klebsiella_pneumoniae	1203.0422898982
PWY-6387: UDP-N-acetylmuramoyl-pentapeptide biosynthesis I (meso-diaminopimelate containing)|unclassified	516.0295410088
PWY-6387: UDP-N-acetylmuramoyl-pentapeptide biosynthesis I (meso-diaminopimelate containing)|g__Enterococcus.s__Enterococcus_faecalis	97.1457179607
PWY-6387: UDP-N-acetylmuramoyl-pentapeptide biosynthesis I (meso-diaminopimelate containing)|g__Listeria.s__Listeria_monocytogenes	58.1307562610
PWY-6123: inosine-5'-phosphate biosynthesis I	3155.5952134857
PWY-6123: inosine-5'-phosphate biosynthesis I|unclassified	1527.0479011090
PWY-6123: inosine-5'-phosphate biosynthesis I|g__Klebsiella.s__Klebsiella_pneumoniae	782.1473923687
PWY-6123: inosine-5'-phosphate biosynthesis I|g__Enterococcus.s__Enterococcus_faecalis	97.6049262725
PWY-6123: inosine-5'-phosphate biosynthesis I|g__Listeria.s__Listeria_monocytogenes	54.6465420561
PWY-6123: inosine-5'-phosphate biosynthesis I|g__Klebsiella.s__Klebsiella_variicola	1.6183021590
PWY-6470: peptidoglycan biosynthesis V (&beta;-lactam resistance)	3144.6250943159
PWY-6470: peptidoglycan biosynthesis V (&beta;-lactam resistance)|unclassified	800.6818235881
PENTOSE-P-PWY: pentose phosphate pathway	3121.2132345777
PENTOSE-P-PWY: pentose phosphate pathway|g__Klebsiella.s__Klebsiella_pneumoniae	1607.7133161599
PENTOSE-P-PWY: pentose phosphate pathway|unclassified	162.9079189606
PENTOSE-P-PWY: pentose phosphate pathway|g__Enterococcus.s__Enterococcus_faecalis	88.5467293873
PENTOSE-P-PWY: pentose phosphate pathway|g__Listeria.s__Listeria_monocytogenes	68.0261036608
OANTIGEN-PWY: O-antigen building blocks biosynthesis (E. coli)	3080.0965926254
OANTIGEN-PWY: O-antigen building blocks biosynthesis (E. coli)|unclassified	756.3414335090
OANTIGEN-PWY: O-antigen building blocks biosynthesis (E. coli)|g__Enterococcus.s__Enterococcus_faecalis	103.5192942364
OANTIGEN-PWY: O-antigen building blocks biosynthesis (E. coli)|g__Listeria.s__Listeria_monocytogenes	50.9848325464
ILEUSYN-PWY: L-isoleucine biosynthesis I (from threonine)	3067.1209819248
ILEUSYN-PWY: L-isoleucine biosynthesis I (from threonine)|g__Klebsiella.s__Klebsiella_pneumoniae	2597.8684354023
PWY-7220: adenosine deoxyribonucleotides de novo biosynthesis II	3056.1874363394
PWY-7220: adenosine deoxyribonucleotides de novo biosynthesis II|unclassified	1827.0856501147
PWY-7220: adenosine deoxyribonucleotides de novo biosynthesis II|g__Klebsiella.s__Klebsiella_pneumoniae	976.9993362184
PWY-7220: adenosine deoxyribonucleotides de novo biosynthesis II|g__Enterococcus.s__Enterococcus_faecalis	108.1533684948
PWY-7220: adenosine deoxyribonucleotides de novo biosynthesis II|g__Listeria.s__Listeria_monocytogenes	70.4933148654
PWY-7222: guanosine deoxyribonucleotides de novo biosynthesis II	3056.1874363394
PWY-7222: guanosine deoxyribonucleotides de novo biosynthesis II|unclassified	1827.0856501147
PWY-7222: guanosine deoxyribonucleotides de novo biosynthesis II|g__Klebsiella.s__Klebsiella_pneumoniae	976.9993362184
PWY-7222: guanosine deoxyribonucleotides de novo biosynthesis II|g__Enterococcus.s__Enterococcus_faecalis	108.1533684948
PWY-7222: guanosine deoxyribonucleotides de novo biosynthesis II|g__Listeria.s__Listeria_monocytogenes	70.4933148654
BRANCHED-CHAIN-AA-SYN-PWY: superpathway of branched chain amino acid biosynthesis	3051.5270572168
BRANCHED-CHAIN-AA-SYN-PWY: superpathway of branched chain amino acid biosynthesis|g__Klebsiella.s__Klebsiella_pneumoniae	2461.4822679738
PWY-5973: cis-vaccenate biosynthesis	3043.2696972843
PWY-5973: cis-vaccenate biosynthesis|g__Klebsiella.s__Klebsiella_pneumoniae	1506.0485754335
PWY-5973: cis-vaccenate biosynthesis|g__Enterococcus.s__Enterococcus_faecalis	238.9384866070
PWY-5973: cis-vaccenate biosynthesis|unclassified	166.0354207524
PWY-5973: cis-vaccenate biosynthesis|g__Listeria.s__Listeria_monocytogenes	131.3829009320
PWY-6124: inosine-5'-phosphate biosynthesis II	3030.8439735576
PWY-6124: inosine-5'-phosphate biosynthesis II|unclassified	1470.5928642560
PWY-6124: inosine-5'-phosphate biosynthesis II|g__Klebsiella.s__Klebsiella_pneumoniae	702.2921425525
PWY-6124: inosine-5'-phosphate biosynthesis II|g__Enterococcus.s__Enterococcus_faecalis	91.2685498775
PWY-6124: inosine-5'-phosphate biosynthesis II|g__Listeria.s__Listeria_monocytogenes	41.5203848765
PWY-6124: inosine-5'-phosphate biosynthesis II|g__Klebsiella.s__Klebsiella_variicola	1.0294535894
PWY-6700: queuosine biosynthesis I (de novo)	3021.3191940639
PWY-6700: queuosine biosynthesis I (de novo)|unclassified	1786.3142656856
PWY-6700: queuosine biosynthesis I (de novo)|g__Klebsiella.s__Klebsiella_pneumoniae	1105.3477553128
PWY-6700: queuosine biosynthesis I (de novo)|g__Enterococcus.s__Enterococcus_faecalis	99.4225112743
PWY-6700: queuosine biosynthesis I (de novo)|g__Listeria.s__Listeria_monocytogenes	74.0548526625
PWY-7208: superpathway of pyrimidine nucleobases salvage	3016.1805983312
PWY-7208: superpathway of pyrimidine nucleobases salvage|unclassified	1820.3481377338
PWY-7208: superpathway of pyrimidine nucleobases salvage|g__Klebsiella.s__Klebsiella_pneumoniae	935.9397734483
PWY-7208: superpathway of pyrimidine nucleobases salvage|g__Enterococcus.s__Enterococcus_faecalis	77.5617632076
PWY-7208: superpathway of pyrimidine nucleobases salvage|g__Listeria.s__Listeria_monocytogenes	63.5323766383
PWY0-1061: superpathway of L-alanine biosynthesis	2935.2384223511
PWY0-1061: superpathway of L-alanine biosynthesis|unclassified	1759.2578944258
PWY0-1061: superpathway of L-alanine biosynthesis|g__Klebsiella.s__Klebsiella_pneumoniae	787.4381939883
PWY-7117: C4 photosynthetic carbon assimilation cycle, PEPCK type	2928.6145303511
PWY-7117: C4 photosynthetic carbon assimilation cycle, PEPCK type|g__Klebsiella.s__Klebsiella_pneumoniae	2175.0755817499
PWY-7117: C4 photosynthetic carbon assimilation cycle, PEPCK type|g__Klebsiella.s__Klebsiella_variicola	6.6578659429
SO4ASSIM-PWY: assimilatory sulfate reduction I	2904.9033267851
SO4ASSIM-PWY: assimilatory sulfate reduction I|g__Klebsiella.s__Klebsiella_pneumoniae	2604.4585468861
SO4ASSIM-PWY: assimilatory sulfate reduction I|g__Klebsiella.s__Klebsiella_oxytoca	101.2306943095
SO4ASSIM-PWY: assimilatory sulfate reduction I|g__Klebsiella.s__Klebsiella_variicola	3.3072570740
PWY66-429: fatty acid biosynthesis initiation (mitochondria)	2889.3085756770
PWY66-429: fatty acid biosynthesis initiation (mitochondria)|g__Klebsiella.s__Klebsiella_pneumoniae	1813.9903102073
PWY66-429: fatty acid biosynthesis initiation (mitochondria)|g__Enterococcus.s__Enterococcus_faecalis	148.9859396918
PWY66-429: fatty acid biosynthesis initiation (mitochondria)|unclassified	98.3575159326
PWY66-429: fatty acid biosynthesis initiation (mitochondria)|g__Listeria.s__Listeria_monocytogenes	77.1928636689
PWY4FS-7: phosphatidylglycerol biosynthesis I (plastidic)	2824.4862493192
PWY4FS-7: phosphatidylglycerol biosynthesis I (plastidic)|g__Klebsiella.s__Klebsiella_pneumoniae	1059.6805167453
PWY4FS-7: phosphatidylglycerol biosynthesis I (plastidic)|g__Escherichia.s__Escherichia_coli	346.7033031127
PWY4FS-8: phosphatidylglycerol biosynthesis II (non-plastidic)	2824.4862493192
PWY4FS-8: phosphatidylglycerol biosynthesis II (non-plastidic)|g__Klebsiella.s__Klebsiella_pneumoniae	1059.6805167453
PWY4FS-8: phosphatidylglycerol biosynthesis II (non-plastidic)|g__Escherichia.s__Escherichia_coli	346.7033031127
PWY-702: L-methionine biosynthesis II	2811.0346759694
PWY-702: L-methionine biosynthesis II|g__Klebsiella.s__Klebsiella_pneumoniae	1474.9115523299
PWY-702: L-methionine biosynthesis II|unclassified	91.3975029289
PWY-8004: Entner-Doudoroff pathway I	2780.7873757453
PWY-8004: Entner-Doudoroff pathway I|g__Klebsiella.s__Klebsiella_pneumoniae	796.0732997457
GALACTUROCAT-PWY: D-galacturonate degradation I	2745.8406752136
PWY-7234: inosine-5'-phosphate biosynthesis III	2725.6985019925
PWY-7234: inosine-5'-phosphate biosynthesis III|unclassified	1363.1346364327
PWY-7234: inosine-5'-phosphate biosynthesis III|g__Klebsiella.s__Klebsiella_pneumoniae	716.6823681985
PWY-7234: inosine-5'-phosphate biosynthesis III|g__Enterococcus.s__Enterococcus_faecalis	97.6049262725
PWY-7234: inosine-5'-phosphate biosynthesis III|g__Listeria.s__Listeria_monocytogenes	46.4945948055
PWY-7234: inosine-5'-phosphate biosynthesis III|g__Klebsiella.s__Klebsiella_variicola	1.6183021590
1CMET2-PWY: folate transformations III (E. coli)	2712.5280794746
1CMET2-PWY: folate transformations III (E. coli)|g__Klebsiella.s__Klebsiella_pneumoniae	941.7595731896
PWY-6608: guanosine nucleotides degradation III	2698.6813053751
PWY-6608: guanosine nucleotides degradation III|g__Klebsiella.s__Klebsiella_pneumoniae	1033.7810751561
PWY-6608: guanosine nucleotides degradation III|unclassified	438.5608851474
PWY-6608: guanosine nucleotides degradation III|g__Enterococcus.s__Enterococcus_faecalis	104.0122795387
PWY-6608: guanosine nucleotides degradation III|g__Listeria.s__Listeria_monocytogenes	87.7834912638
ANAEROFRUCAT-PWY: homolactic fermentation	2691.9281892995
ANAEROFRUCAT-PWY: homolactic fermentation|g__Klebsiella.s__Klebsiella_pneumoniae	1167.9904844002
ANAEROFRUCAT-PWY: homolactic fermentation|unclassified	197.2547173482
ASPASN-PWY: superpathway of L-aspartate and L-asparagine biosynthesis	2671.2476992326
ASPASN-PWY: superpathway of L-aspartate and L-asparagine biosynthesis|g__Klebsiella.s__Klebsiella_pneumoniae	2332.3284651056
ASPASN-PWY: superpathway of L-aspartate and L-asparagine biosynthesis|g__Klebsiella.s__Klebsiella_variicola	22.9859544611
PWY0-1298: superpathway of pyrimidine deoxyribonucleosides degradation	2668.0004483091
PWY0-1298: superpathway of pyrimidine deoxyribonucleosides degradation|g__Klebsiella.s__Klebsiella_pneumoniae	1089.5754243800
PWY0-1298: superpathway of pyrimidine deoxyribonucleosides degradation|g__Enterococcus.s__Enterococcus_faecalis	84.4717940331
PWY0-1298: superpathway of pyrimidine deoxyribonucleosides degradation|g__Listeria.s__Listeria_monocytogenes	23.7757954037
PWY0-1298: superpathway of pyrimidine deoxyribonucleosides degradation|g__Klebsiella.s__Klebsiella_variicola	17.9539675131
PWY-724: superpathway of L-lysine, L-threonine and L-methionine biosynthesis II	2646.7239274597
PWY-724: superpathway of L-lysine, L-threonine and L-methionine biosynthesis II|g__Klebsiella.s__Klebsiella_pneumoniae	1307.0047702135
PWY-724: superpathway of L-lysine, L-threonine and L-methionine biosynthesis II|unclassified	60.2292736731
PWY-724: superpathway of L-lysine, L-threonine and L-methionine biosynthesis II|g__Enterococcus.s__Enterococcus_faecalis	58.6532638735
PWY-724: superpathway of L-lysine, L-threonine and L-methionine biosynthesis II|g__Listeria.s__Listeria_monocytogenes	42.9823397070
GLUCONEO-PWY: gluconeogenesis I	2629.9927427661
GLUCONEO-PWY: gluconeogenesis I|g__Klebsiella.s__Klebsiella_pneumoniae	1423.3589872035
PWY-7199: pyrimidine deoxyribonucleosides salvage	2618.2095033554
PWY-7199: pyrimidine deoxyribonucleosides salvage|unclassified	1294.4315831830
PWY-7199: pyrimidine deoxyribonucleosides salvage|g__Klebsiella.s__Klebsiella_pneumoniae	530.3886061093
PWY-7199: pyrimidine deoxyribonucleosides salvage|g__Escherichia.s__Escherichia_coli	216.3259989926
PWY-7199: pyrimidine deoxyribonucleosides salvage|g__Enterococcus.s__Enterococcus_faecalis	96.2868343286
PWY-7199: pyrimidine deoxyribonucleosides salvage|g__Listeria.s__Listeria_monocytogenes	62.3258829393
DTDPRHAMSYN-PWY: dTDP-&beta;-L-rhamnose biosynthesis	2606.3546599410
DTDPRHAMSYN-PWY: dTDP-&beta;-L-rhamnose biosynthesis|unclassified	1988.2611647537
DTDPRHAMSYN-PWY: dTDP-&beta;-L-rhamnose biosynthesis|g__Enterococcus.s__Enterococcus_faecalis	76.0756458932
DTDPRHAMSYN-PWY: dTDP-&beta;-L-rhamnose biosynthesis|g__Listeria.s__Listeria_monocytogenes	33.4113824693
PWY-5989: stearate biosynthesis II (bacteria and plants)	2599.4564230580
PWY-5989: stearate biosynthesis II (bacteria and plants)|g__Klebsiella.s__Klebsiella_pneumoniae	1510.6677499734
PWY-5989: stearate biosynthesis II (bacteria and plants)|g__Enterococcus.s__Enterococcus_faecalis	122.8338789253
PHOSLIPSYN-PWY: superpathway of phospholipid biosynthesis I (bacteria)	2591.6101553928
PHOSLIPSYN-PWY: superpathway of phospholipid biosynthesis I (bacteria)|g__Klebsiella.s__Klebsiella_pneumoniae	1159.6432076105
PHOSLIPSYN-PWY: superpathway of phospholipid biosynthesis I (bacteria)|g__Escherichia.s__Escherichia_coli	201.7488546699
PWY-5667: CDP-diacylglycerol biosynthesis I	2579.5759110339
PWY-5667: CDP-diacylglycerol biosynthesis I|g__Klebsiella.s__Klebsiella_pneumoniae	1277.4168769049
PWY-5667: CDP-diacylglycerol biosynthesis I|g__Escherichia.s__Escherichia_coli	299.3024544522
PWY-5667: CDP-diacylglycerol biosynthesis I|g__Enterococcus.s__Enterococcus_faecalis	116.7657690398
PWY0-1319: CDP-diacylglycerol biosynthesis II	2579.5759110339
PWY0-1319: CDP-diacylglycerol biosynthesis II|g__Klebsiella.s__Klebsiella_pneumoniae	1277.4168769049
PWY0-1319: CDP-diacylglycerol biosynthesis II|g__Escherichia.s__Escherichia_coli	299.3024544522
PWY0-1319: CDP-diacylglycerol biosynthesis II|g__Enterococcus.s__Enterococcus_faecalis	116.7657690398
PWY-7184: pyrimidine deoxyribonucleotides de novo biosynthesis I	2554.0663679270
PWY-7184: pyrimidine deoxyribonucleotides de novo biosynthesis I|g__Klebsiella.s__Klebsiella_pneumoniae	866.1068650767
PWY-7197: pyrimidine deoxyribonucleotide phosphorylation	2540.3508866140
PWY-7197: pyrimidine deoxyribonucleotide phosphorylation|unclassified	1579.6284549899
PWY-7197: pyrimidine deoxyribonucleotide phosphorylation|g__Klebsiella.s__Klebsiella_pneumoniae	781.6629220181
PWY-7197: pyrimidine deoxyribonucleotide phosphorylation|g__Enterococcus.s__Enterococcus_faecalis	91.5889911647
PWY-7197: pyrimidine deoxyribonucleotide phosphorylation|g__Listeria.s__Listeria_monocytogenes	49.0292776273
PWY-5484: glycolysis II (from fructose 6-phosphate)	2534.4333283247
PWY-5484: glycolysis II (from fructose 6-phosphate)|g__Klebsiella.s__Klebsiella_pneumoniae	1277.5587614717
PWY-5484: glycolysis II (from fructose 6-phosphate)|unclassified	161.1143701667
PWY-5941: glycogen degradation II	2510.4036545518
PWY-5941: glycogen degradation II|g__Klebsiella.s__Klebsiella_pneumoniae	1407.6613069013
PWY-5941: glycogen degradation II|unclassified	33.3132228547
THRESYN-PWY: superpathway of L-threonine biosynthesis	2507.3946145058
THRESYN-PWY: superpathway of L-threonine biosynthesis|g__Klebsiella.s__Klebsiella_pneumoniae	1708.2751446029
THRESYN-PWY: superpathway of L-threonine biosynthesis|g__Enterococcus.s__Enterococcus_faecalis	82.8888453290
THRESYN-PWY: superpathway of L-threonine biosynthesis|g__Listeria.s__Listeria_monocytogenes	50.4349506517
THRESYN-PWY: superpathway of L-threonine biosynthesis|unclassified	34.7225063226
THRESYN-PWY: superpathway of L-threonine biosynthesis|g__Klebsiella.s__Klebsiella_variicola	2.8226202349
PWY-7111: pyruvate fermentation to isobutanol (engineered)	2506.6082692467
PWY-7111: pyruvate fermentation to isobutanol (engineered)|g__Klebsiella.s__Klebsiella_pneumoniae	2327.0173496958
COA-PWY: coenzyme A biosynthesis I (prokaryotic)	2499.1059579919
COA-PWY: coenzyme A biosynthesis I (prokaryotic)|unclassified	1686.2786368386
COA-PWY: coenzyme A biosynthesis I (prokaryotic)|g__Klebsiella.s__Klebsiella_pneumoniae	433.8920866863
COA-PWY: coenzyme A biosynthesis I (prokaryotic)|g__Enterococcus.s__Enterococcus_faecalis	103.5400098648
COA-PWY: coenzyme A biosynthesis I (prokaryotic)|g__Escherichia.s__Escherichia_coli	90.1800585932
COA-PWY: coenzyme A biosynthesis I (prokaryotic)|g__Listeria.s__Listeria_monocytogenes	45.1768081112
COA-PWY: coenzyme A biosynthesis I (prokaryotic)|g__Klebsiella.s__Klebsiella_oxytoca	34.8850614682
PWY-5103: L-isoleucine biosynthesis III	2491.1770263979
PWY-5103: L-isoleucine biosynthesis III|g__Klebsiella.s__Klebsiella_pneumoniae	2229.5026768808
GLYCOGENSYNTH-PWY: glycogen biosynthesis I (from ADP-D-Glucose)	2468.3968545164
GLYCOGENSYNTH-PWY: glycogen biosynthesis I (from ADP-D-Glucose)|g__Klebsiella.s__Klebsiella_pneumoniae	1736.7331739694
PWY0-166: superpathway of pyrimidine deoxyribonucleotides de novo biosynthesis (E. coli)	2444.9914593772
PWY0-166: superpathway of pyrimidine deoxyribonucleotides de novo biosynthesis (E. coli)|g__Klebsiella.s__Klebsiella_pneumoniae	845.0159053031
DAPLYSINESYN-PWY: L-lysine biosynthesis I	2436.9566708782
DAPLYSINESYN-PWY: L-lysine biosynthesis I|g__Klebsiella.s__Klebsiella_pneumoniae	1256.9767730565
DAPLYSINESYN-PWY: L-lysine biosynthesis I|unclassified	65.5882876065
FERMENTATION-PWY: mixed acid fermentation	2412.5463994544
FERMENTATION-PWY: mixed acid fermentation|g__Klebsiella.s__Klebsiella_pneumoniae	1463.3378850107
FERMENTATION-PWY: mixed acid fermentation|unclassified	58.8961714923
PWY0-162: superpathway of pyrimidine ribonucleotides de novo biosynthesis	2402.5999414269
PWY0-162: superpathway of pyrimidine ribonucleotides de novo biosynthesis|g__Klebsiella.s__Klebsiella_pneumoniae	1215.4317836693
PWY0-162: superpathway of pyrimidine ribonucleotides de novo biosynthesis|unclassified	407.8478165780
PWY-6519: 8-amino-7-oxononanoate biosynthesis I	2399.1998456041
PWY-6519: 8-amino-7-oxononanoate biosynthesis I|g__Klebsiella.s__Klebsiella_pneumoniae	1211.7247464993
PWY-621: sucrose degradation III (sucrose invertase)	2389.2769172940
PWY-621: sucrose degradation III (sucrose invertase)|g__Klebsiella.s__Klebsiella_pneumoniae	1750.6510051093
PWY-621: sucrose degradation III (sucrose invertase)|g__Enterococcus.s__Enterococcus_faecalis	121.3005050677
PWY-621: sucrose degradation III (sucrose invertase)|g__Listeria.s__Listeria_monocytogenes	30.9382465181
PWY-3001: superpathway of L-isoleucine biosynthesis I	2388.2060748312
PWY-3001: superpathway of L-isoleucine biosynthesis I|g__Klebsiella.s__Klebsiella_pneumoniae	1793.3449926012
PWY66-409: superpathway of purine nucleotide salvage	2357.7298393622
PWY66-409: superpathway of purine nucleotide salvage|g__Klebsiella.s__Klebsiella_pneumoniae	917.2384586269
PWY66-409: superpathway of purine nucleotide salvage|g__Enterococcus.s__Enterococcus_faecalis	106.5424583369
PWY66-409: superpathway of purine nucleotide salvage|g__Listeria.s__Listeria_monocytogenes	58.9732747129
PWY-7328: superpathway of UDP-glucose-derived O-antigen building blocks biosynthesis	2316.9187036182
PWY-7328: superpathway of UDP-glucose-derived O-antigen building blocks biosynthesis|g__Klebsiella.s__Klebsiella_pneumoniae	832.7481995286
PWY-7953: UDP-N-acetylmuramoyl-pentapeptide biosynthesis III (meso-diaminopimelate containing)	2293.6952921408
PWY-7953: UDP-N-acetylmuramoyl-pentapeptide biosynthesis III (meso-diaminopimelate containing)|g__Klebsiella.s__Klebsiella_pneumoniae	803.4708504693
PWY-5913: partial TCA cycle (obligate autotrophs)	2282.5207948520
PWY-5913: partial TCA cycle (obligate autotrophs)|g__Klebsiella.s__Klebsiella_pneumoniae	2105.7031763820
PWY-7115: C4 photosynthetic carbon assimilation cycle, NAD-ME type	2282.1478812078
PWY-7115: C4 photosynthetic carbon assimilation cycle, NAD-ME type|g__Klebsiella.s__Klebsiella_pneumoniae	854.6722156583
PWY-6305: superpathway of putrescine biosynthesis	2202.8070524895
PWY-6305: superpathway of putrescine biosynthesis|g__Klebsiella.s__Klebsiella_pneumoniae	2124.6456574166
PWY-6305: superpathway of putrescine biosynthesis|unclassified	21.6842695538
BIOTIN-BIOSYNTHESIS-PWY: biotin biosynthesis I	2178.7747141031
BIOTIN-BIOSYNTHESIS-PWY: biotin biosynthesis I|g__Klebsiella.s__Klebsiella_pneumoniae	1157.8775635796
PWY0-1297: superpathway of purine deoxyribonucleosides degradation	2177.0660724575
PWY0-1297: superpathway of purine deoxyribonucleosides degradation|g__Klebsiella.s__Klebsiella_pneumoniae	975.9892671665
PWY0-1297: superpathway of purine deoxyribonucleosides degradation|g__Enterococcus.s__Enterococcus_faecalis	88.5153133006
PWY0-1297: superpathway of purine deoxyribonucleosides degradation|g__Listeria.s__Listeria_monocytogenes	43.2917966285
PWY-7345: superpathway of anaerobic sucrose degradation	2154.6001038063
PWY-7345: superpathway of anaerobic sucrose degradation|g__Klebsiella.s__Klebsiella_pneumoniae	1168.2268541253
GLYCOLYSIS-E-D: superpathway of glycolysis and the Entner-Doudoroff pathway	2142.8140231265
GLYCOLYSIS-E-D: superpathway of glycolysis and the Entner-Doudoroff pathway|g__Klebsiella.s__Klebsiella_pneumoniae	973.5486503575
PWY0-1479: tRNA processing	2139.9111999567
PWY0-1479: tRNA processing|g__Klebsiella.s__Klebsiella_pneumoniae	648.4315883900
PWY0-1479: tRNA processing|unclassified	80.9828390667
PWY0-1479: tRNA processing|g__Klebsiella.s__Klebsiella_variicola	5.2365395346
PWY-7238: sucrose biosynthesis II	2109.5055531081
PWY-7238: sucrose biosynthesis II|g__Klebsiella.s__Klebsiella_pneumoniae	1189.2768534937
PWY-7238: sucrose biosynthesis II|g__Escherichia.s__Escherichia_coli	197.2427272790
PWY-7238: sucrose biosynthesis II|g__Klebsiella.s__Klebsiella_oxytoca	104.6989076286
PWY-7238: sucrose biosynthesis II|unclassified	28.0162869662
P185-PWY: formaldehyde assimilation III (dihydroxyacetone cycle)	2094.4105890192
P185-PWY: formaldehyde assimilation III (dihydroxyacetone cycle)|g__Klebsiella.s__Klebsiella_pneumoniae	932.4878321075
P185-PWY: formaldehyde assimilation III (dihydroxyacetone cycle)|unclassified	124.5953250419
PWY-6507: 4-deoxy-L-threo-hex-4-enopyranuronate degradation	2082.3546919010
PWY-6507: 4-deoxy-L-threo-hex-4-enopyranuronate degradation|g__Enterococcus.s__Enterococcus_faecalis	146.6254722816
POLYISOPRENSYN-PWY: polyisoprenoid biosynthesis (E. coli)	2075.8857397202
POLYISOPRENSYN-PWY: polyisoprenoid biosynthesis (E. coli)|g__Klebsiella.s__Klebsiella_pneumoniae	1007.9684367538
POLYISOPRENSYN-PWY: polyisoprenoid biosynthesis (E. coli)|g__Enterococcus.s__Enterococcus_faecalis	74.4946931662
POLYISOPRENSYN-PWY: polyisoprenoid biosynthesis (E. coli)|g__Listeria.s__Listeria_monocytogenes	62.2178066104
TCA: TCA cycle I (prokaryotic)	2062.6124846641
TCA: TCA cycle I (prokaryotic)|g__Klebsiella.s__Klebsiella_pneumoniae	1399.3191397290
SULFATE-CYS-PWY: superpathway of sulfate assimilation and cysteine biosynthesis	2054.2560295807
SULFATE-CYS-PWY: superpathway of sulfate assimilation and cysteine biosynthesis|g__Klebsiella.s__Klebsiella_pneumoniae	1494.3247946789
PWY-6285: superpathway of fatty acids biosynthesis (E. coli)	2046.1152207272
PWY-5347: superpathway of L-methionine biosynthesis (transsulfuration)	2035.6470403855
PWY-5347: superpathway of L-methionine biosynthesis (transsulfuration)|g__Klebsiella.s__Klebsiella_pneumoniae	1419.7901333936
MET-SAM-PWY: superpathway of S-adenosyl-L-methionine biosynthesis	2014.9474866832
MET-SAM-PWY: superpathway of S-adenosyl-L-methionine biosynthesis|g__Klebsiella.s__Klebsiella_pneumoniae	1338.9717184735
ARGSYN-PWY: L-arginine biosynthesis I (via L-ornithine)	1982.6800665464
ARGSYN-PWY: L-arginine biosynthesis I (via L-ornithine)|g__Klebsiella.s__Klebsiella_pneumoniae	1326.0812186898
ARGSYN-PWY: L-arginine biosynthesis I (via L-ornithine)|g__Klebsiella.s__Klebsiella_variicola	5.7520841718
ARGSYNBSUB-PWY: L-arginine biosynthesis II (acetyl cycle)	1956.7356465899
ARGSYNBSUB-PWY: L-arginine biosynthesis II (acetyl cycle)|g__Klebsiella.s__Klebsiella_pneumoniae	1360.5885213361
PWY-7400: L-arginine biosynthesis IV (archaebacteria)	1948.3417131537
PWY-7400: L-arginine biosynthesis IV (archaebacteria)|g__Klebsiella.s__Klebsiella_pneumoniae	1281.8076088806
PWY0-301: L-ascorbate degradation I (bacterial, anaerobic)	1944.8961340121
PWY0-301: L-ascorbate degradation I (bacterial, anaerobic)|g__Klebsiella.s__Klebsiella_pneumoniae	1346.0445647854
PWY0-301: L-ascorbate degradation I (bacterial, anaerobic)|g__Listeria.s__Listeria_monocytogenes	48.8496140814
PWY0-301: L-ascorbate degradation I (bacterial, anaerobic)|g__Enterococcus.s__Enterococcus_faecalis	41.9322960084
P4-PWY: superpathway of L-lysine, L-threonine and L-methionine biosynthesis I	1914.7516165980
P4-PWY: superpathway of L-lysine, L-threonine and L-methionine biosynthesis I|g__Klebsiella.s__Klebsiella_pneumoniae	1163.7583852851
GOLPDLCAT-PWY: superpathway of glycerol degradation to 1,3-propanediol	1884.0609054651
GOLPDLCAT-PWY: superpathway of glycerol degradation to 1,3-propanediol|g__Klebsiella.s__Klebsiella_pneumoniae	1261.8979012831
GOLPDLCAT-PWY: superpathway of glycerol degradation to 1,3-propanediol|g__Escherichia.s__Escherichia_coli	125.7194295016
GOLPDLCAT-PWY: superpathway of glycerol degradation to 1,3-propanediol|g__Klebsiella.s__Klebsiella_oxytoca	98.9830967113
GOLPDLCAT-PWY: superpathway of glycerol degradation to 1,3-propanediol|g__Klebsiella.s__Klebsiella_aerogenes	80.7756307802
GOLPDLCAT-PWY: superpathway of glycerol degradation to 1,3-propanediol|g__Klebsiella.s__Klebsiella_variicola	48.6808560427
PWY-6969: TCA cycle V (2-oxoglutarate synthase)	1879.1115597702
PWY-6969: TCA cycle V (2-oxoglutarate synthase)|g__Klebsiella.s__Klebsiella_pneumoniae	1326.3316023552
PWY-4041: &gamma;-glutamyl cycle	1877.0293073784
PWY-4041: &gamma;-glutamyl cycle|g__Klebsiella.s__Klebsiella_pneumoniae	1250.4243546329
PWY-4041: &gamma;-glutamyl cycle|g__Escherichia.s__Escherichia_coli	238.4474566620
PWY-4041: &gamma;-glutamyl cycle|unclassified	46.9814983063
PWY-6531: mannitol cycle	1873.1718937613
PWY-6531: mannitol cycle|g__Klebsiella.s__Klebsiella_pneumoniae	923.6658636892
METSYN-PWY: superpathway of L-homoserine and L-methionine biosynthesis	1870.7193493320
METSYN-PWY: superpathway of L-homoserine and L-methionine biosynthesis|g__Klebsiella.s__Klebsiella_pneumoniae	1305.2340221656
PANTO-PWY: phosphopantothenate biosynthesis I	1849.4037861875
PANTO-PWY: phosphopantothenate biosynthesis I|g__Klebsiella.s__Klebsiella_pneumoniae	1219.5286945881
PANTO-PWY: phosphopantothenate biosynthesis I|g__Escherichia.s__Escherichia_coli	101.1518635277
PANTO-PWY: phosphopantothenate biosynthesis I|g__Klebsiella.s__Klebsiella_aerogenes	82.5742675181
PANTO-PWY: phosphopantothenate biosynthesis I|unclassified	18.2505060694
FUC-RHAMCAT-PWY: superpathway of fucose and rhamnose degradation	1837.8507228624
FUC-RHAMCAT-PWY: superpathway of fucose and rhamnose degradation|g__Klebsiella.s__Klebsiella_pneumoniae	623.3072423407
FUC-RHAMCAT-PWY: superpathway of fucose and rhamnose degradation|g__Klebsiella.s__Klebsiella_aerogenes	17.8389953615
FUC-RHAMCAT-PWY: superpathway of fucose and rhamnose degradation|unclassified	17.6583435312
ARG+POLYAMINE-SYN: superpathway of arginine and polyamine biosynthesis	1799.9794000253
ARG+POLYAMINE-SYN: superpathway of arginine and polyamine biosynthesis|g__Klebsiella.s__Klebsiella_pneumoniae	1432.7121007693
NONMEVIPP-PWY: methylerythritol phosphate pathway I	1786.5111609925
NONMEVIPP-PWY: methylerythritol phosphate pathway I|g__Klebsiella.s__Klebsiella_pneumoniae	962.9228008928
PWY-7560: methylerythritol phosphate pathway II	1786.5111609925
PWY-7560: methylerythritol phosphate pathway II|g__Klebsiella.s__Klebsiella_pneumoniae	962.9228008928
PWY-5723: Rubisco shunt	1775.1852788502
PWY-5723: Rubisco shunt|g__Klebsiella.s__Klebsiella_pneumoniae	1255.6292269941
PWY-7118: chitin deacetylation	1765.7694010774
PWY-7118: chitin deacetylation|g__Klebsiella.s__Klebsiella_pneumoniae	1120.1428924722
P105-PWY: TCA cycle IV (2-oxoglutarate decarboxylase)	1762.2208036798
P105-PWY: TCA cycle IV (2-oxoglutarate decarboxylase)|g__Klebsiella.s__Klebsiella_pneumoniae	1206.9347126394
TCA-GLYOX-BYPASS: superpathway of glyoxylate bypass and TCA	1738.4692855460
TCA-GLYOX-BYPASS: superpathway of glyoxylate bypass and TCA|g__Klebsiella.s__Klebsiella_pneumoniae	1302.6482245890
ORNDEG-PWY: superpathway of ornithine degradation	1727.7332941886
ORNDEG-PWY: superpathway of ornithine degradation|g__Klebsiella.s__Klebsiella_pneumoniae	1608.7688438745
SER-GLYSYN-PWY: superpathway of L-serine and glycine biosynthesis I	1689.2621867654
SER-GLYSYN-PWY: superpathway of L-serine and glycine biosynthesis I|g__Klebsiella.s__Klebsiella_pneumoniae	1254.5323130919
SER-GLYSYN-PWY: superpathway of L-serine and glycine biosynthesis I|g__Escherichia.s__Escherichia_coli	199.8377936545
SER-GLYSYN-PWY: superpathway of L-serine and glycine biosynthesis I|unclassified	8.3487600413
PWY-7858: (5Z)-dodecenoate biosynthesis II	1676.6862694960
PWY-7858: (5Z)-dodecenoate biosynthesis II|g__Klebsiella.s__Klebsiella_pneumoniae	967.1568882528
PWY-7858: (5Z)-dodecenoate biosynthesis II|g__Enterococcus.s__Enterococcus_faecalis	56.1914422115
POLYAMSYN-PWY: superpathway of polyamine biosynthesis I	1659.7253902030
POLYAMSYN-PWY: superpathway of polyamine biosynthesis I|g__Klebsiella.s__Klebsiella_pneumoniae	1644.4723629096
PWY-7211: superpathway of pyrimidine deoxyribonucleotides de novo biosynthesis	1652.4099560758
PWY-7211: superpathway of pyrimidine deoxyribonucleotides de novo biosynthesis|g__Klebsiella.s__Klebsiella_pneumoniae	833.0813733271
PWY-561: superpathway of glyoxylate cycle and fatty acid degradation	1638.4466208100
PWY-561: superpathway of glyoxylate cycle and fatty acid degradation|g__Klebsiella.s__Klebsiella_pneumoniae	1386.5954536605
PWY-5154: L-arginine biosynthesis III (via N-acetyl-L-citrulline)	1628.4137175331
PWY-5154: L-arginine biosynthesis III (via N-acetyl-L-citrulline)|g__Klebsiella.s__Klebsiella_pneumoniae	1245.9793082547
PWY-5136: fatty acid &beta;-oxidation II (plant peroxisome)	1612.7176237622
PWY-5136: fatty acid &beta;-oxidation II (plant peroxisome)|g__Klebsiella.s__Klebsiella_pneumoniae	1300.6047361200
PWY-5136: fatty acid &beta;-oxidation II (plant peroxisome)|g__Escherichia.s__Escherichia_coli	79.3067482796
PANTOSYN-PWY: superpathway of coenzyme A biosynthesis I (bacteria)	1604.9871524356
PANTOSYN-PWY: superpathway of coenzyme A biosynthesis I (bacteria)|g__Klebsiella.s__Klebsiella_pneumoniae	551.8793022854
PANTOSYN-PWY: superpathway of coenzyme A biosynthesis I (bacteria)|g__Escherichia.s__Escherichia_coli	95.5329760637
HEMESYN2-PWY: heme b biosynthesis II (oxygen-independent)	1598.0818691440
HEMESYN2-PWY: heme b biosynthesis II (oxygen-independent)|g__Klebsiella.s__Klebsiella_pneumoniae	1314.0763581185
HEMESYN2-PWY: heme b biosynthesis II (oxygen-independent)|g__Escherichia.s__Escherichia_coli	124.9335791204
HEMESYN2-PWY: heme b biosynthesis II (oxygen-independent)|g__Klebsiella.s__Klebsiella_variicola	5.8255824674
PWY1ZNC-1: assimilatory sulfate reduction IV	1596.3182641540
PWY1ZNC-1: assimilatory sulfate reduction IV|g__Klebsiella.s__Klebsiella_pneumoniae	1350.4028994218
P161-PWY: acetylene degradation (anaerobic)	1575.1594966674
P161-PWY: acetylene degradation (anaerobic)|g__Klebsiella.s__Klebsiella_pneumoniae	953.6536944426
GALACTARDEG-PWY: D-galactarate degradation I	1556.1206007262
GALACTARDEG-PWY: D-galactarate degradation I|g__Klebsiella.s__Klebsiella_pneumoniae	937.9485376822
GALACTARDEG-PWY: D-galactarate degradation I|g__Escherichia.s__Escherichia_coli	130.5231791142
GLUCARGALACTSUPER-PWY: superpathway of D-glucarate and D-galactarate degradation	1556.1206007262
GLUCARGALACTSUPER-PWY: superpathway of D-glucarate and D-galactarate degradation|g__Klebsiella.s__Klebsiella_pneumoniae	937.9485376822
GLUCARGALACTSUPER-PWY: superpathway of D-glucarate and D-galactarate degradation|g__Escherichia.s__Escherichia_coli	130.5231791142
PWY-6803: phosphatidylcholine acyl editing	1550.0880261707
PWY-6803: phosphatidylcholine acyl editing|g__Klebsiella.s__Klebsiella_pneumoniae	1369.7322659056
PWY-6803: phosphatidylcholine acyl editing|g__Escherichia.s__Escherichia_coli	248.5105741775
GLUTORN-PWY: L-ornithine biosynthesis I	1535.9610429492
GLUTORN-PWY: L-ornithine biosynthesis I|g__Klebsiella.s__Klebsiella_pneumoniae	1346.4494335596
GLUTORN-PWY: L-ornithine biosynthesis I|g__Klebsiella.s__Klebsiella_variicola	12.9594429243
PWY-6147: 6-hydroxymethyl-dihydropterin diphosphate biosynthesis I	1514.1569052955
PWY-6147: 6-hydroxymethyl-dihydropterin diphosphate biosynthesis I|g__Klebsiella.s__Klebsiella_pneumoniae	631.9396131664
PWY-6147: 6-hydroxymethyl-dihydropterin diphosphate biosynthesis I|g__Enterococcus.s__Enterococcus_faecalis	91.8947266261
PWY-6147: 6-hydroxymethyl-dihydropterin diphosphate biosynthesis I|g__Listeria.s__Listeria_monocytogenes	79.2941189911
FAO-PWY: fatty acid &beta;-oxidation I (generic)	1508.0852751813
FAO-PWY: fatty acid &beta;-oxidation I (generic)|g__Klebsiella.s__Klebsiella_pneumoniae	1211.4559603650
FAO-PWY: fatty acid &beta;-oxidation I (generic)|g__Escherichia.s__Escherichia_coli	80.1992817494
FAO-PWY: fatty acid &beta;-oxidation I (generic)|g__Klebsiella.s__Klebsiella_variicola	3.8549342910
HOMOSER-METSYN-PWY: L-methionine biosynthesis I	1466.8356139669
HOMOSER-METSYN-PWY: L-methionine biosynthesis I|g__Klebsiella.s__Klebsiella_pneumoniae	1122.9836318099
PWY-6284: superpathway of unsaturated fatty acids biosynthesis (E. coli)	1437.9493933178
PWY-6284: superpathway of unsaturated fatty acids biosynthesis (E. coli)|g__Enterococcus.s__Enterococcus_faecalis	142.4558092776
LIPASYN-PWY: phospholipases	1436.5913454743
LIPASYN-PWY: phospholipases|g__Klebsiella.s__Klebsiella_pneumoniae	1188.0807712968
GLYOXYLATE-BYPASS: glyoxylate cycle	1433.1148597887
GLYOXYLATE-BYPASS: glyoxylate cycle|g__Klebsiella.s__Klebsiella_pneumoniae	1297.4298962534
GLUCARDEG-PWY: D-glucarate degradation I	1418.3410224943
GLUCARDEG-PWY: D-glucarate degradation I|g__Klebsiella.s__Klebsiella_pneumoniae	880.1899977763
PWY0-1415: superpathway of heme b biosynthesis from uroporphyrinogen-III	1407.6518458169
PWY0-1415: superpathway of heme b biosynthesis from uroporphyrinogen-III|g__Klebsiella.s__Klebsiella_pneumoniae	949.0307330100
PWY0-1415: superpathway of heme b biosynthesis from uroporphyrinogen-III|g__Klebsiella.s__Klebsiella_variicola	5.0396298827
PWY-5659: GDP-mannose biosynthesis	1402.2490697493
PWY-5659: GDP-mannose biosynthesis|g__Listeria.s__Listeria_monocytogenes	77.5102851701
PWY-5659: GDP-mannose biosynthesis|g__Enterococcus.s__Enterococcus_faecalis	75.4410455201
PWY-7942: 5-oxo-L-proline metabolism	1386.6916518479
PWY-7942: 5-oxo-L-proline metabolism|g__Klebsiella.s__Klebsiella_pneumoniae	370.1794132286
PWY-7942: 5-oxo-L-proline metabolism|g__Escherichia.s__Escherichia_coli	5.9291856863
AST-PWY: L-arginine degradation II (AST pathway)	1373.2346688740
AST-PWY: L-arginine degradation II (AST pathway)|g__Klebsiella.s__Klebsiella_pneumoniae	917.2246414397
AST-PWY: L-arginine degradation II (AST pathway)|g__Klebsiella.s__Klebsiella_oxytoca	217.5149849802
AST-PWY: L-arginine degradation II (AST pathway)|g__Escherichia.s__Escherichia_coli	111.7194636843
AST-PWY: L-arginine degradation II (AST pathway)|unclassified	83.9799153119
AST-PWY: L-arginine degradation II (AST pathway)|g__Klebsiella.s__Klebsiella_aerogenes	24.4896099663
HEME-BIOSYNTHESIS-II-1: heme b biosynthesis V (aerobic)	1330.2025608734
HEME-BIOSYNTHESIS-II-1: heme b biosynthesis V (aerobic)|g__Klebsiella.s__Klebsiella_pneumoniae	901.3722911183
HEME-BIOSYNTHESIS-II-1: heme b biosynthesis V (aerobic)|g__Klebsiella.s__Klebsiella_variicola	3.5872896768
PYRIDNUCSYN-PWY: NAD de novo biosynthesis I (from aspartate)	1306.4537825651
PYRIDNUCSYN-PWY: NAD de novo biosynthesis I (from aspartate)|g__Klebsiella.s__Klebsiella_pneumoniae	474.9383950508
PYRIDNUCSYN-PWY: NAD de novo biosynthesis I (from aspartate)|g__Escherichia.s__Escherichia_coli	88.1658030519
PWY66-389: phytol degradation	1286.5490890399
PWY66-389: phytol degradation|g__Klebsiella.s__Klebsiella_pneumoniae	1027.8972809198
HISDEG-PWY: L-histidine degradation I	1270.3050542975
HISDEG-PWY: L-histidine degradation I|g__Klebsiella.s__Klebsiella_pneumoniae	678.0655097705
HISDEG-PWY: L-histidine degradation I|g__Klebsiella.s__Klebsiella_oxytoca	299.0972674543
HISDEG-PWY: L-histidine degradation I|g__Escherichia.s__Escherichia_coli	99.4487766528
HISDEG-PWY: L-histidine degradation I|g__Klebsiella.s__Klebsiella_variicola	37.8702493279
NAGLIPASYN-PWY: lipid IVA biosynthesis (E. coli)	1269.6797871626
NAGLIPASYN-PWY: lipid IVA biosynthesis (E. coli)|g__Klebsiella.s__Klebsiella_pneumoniae	1081.1674565660
PWY-8073: lipid IVA biosynthesis (P. putida)	1269.6797871626
PWY-8073: lipid IVA biosynthesis (P. putida)|g__Klebsiella.s__Klebsiella_pneumoniae	1081.1674565660
PWY-6628: superpathway of L-phenylalanine biosynthesis	1261.4055610529
PWY-6628: superpathway of L-phenylalanine biosynthesis|g__Klebsiella.s__Klebsiella_pneumoniae	821.5021441689
PWY-7282: 4-amino-2-methyl-5-diphosphomethylpyrimidine biosynthesis II	1253.1076472304
PWY-7282: 4-amino-2-methyl-5-diphosphomethylpyrimidine biosynthesis II|g__Klebsiella.s__Klebsiella_pneumoniae	409.5948158648
PWY-7282: 4-amino-2-methyl-5-diphosphomethylpyrimidine biosynthesis II|g__Escherichia.s__Escherichia_coli	99.6299157207
PYRIDOXSYN-PWY: pyridoxal 5'-phosphate biosynthesis I	1233.9126286406
PYRIDOXSYN-PWY: pyridoxal 5'-phosphate biosynthesis I|g__Klebsiella.s__Klebsiella_pneumoniae	1000.4220662031
PWY-6630: superpathway of L-tyrosine biosynthesis	1231.5064573504
PWY-6630: superpathway of L-tyrosine biosynthesis|g__Klebsiella.s__Klebsiella_pneumoniae	638.6693516437
PWY-5840: superpathway of menaquinol-7 biosynthesis	1224.2181091242
PWY-5840: superpathway of menaquinol-7 biosynthesis|g__Klebsiella.s__Klebsiella_pneumoniae	678.6542982550
PWY-1269: CMP-3-deoxy-D-manno-octulosonate biosynthesis	1195.3879527361
PWY-1269: CMP-3-deoxy-D-manno-octulosonate biosynthesis|g__Klebsiella.s__Klebsiella_pneumoniae	761.1339757097
PWY-1269: CMP-3-deoxy-D-manno-octulosonate biosynthesis|g__Escherichia.s__Escherichia_coli	188.2520767136
PWY-5897: superpathway of menaquinol-11 biosynthesis	1186.4157220110
PWY-5897: superpathway of menaquinol-11 biosynthesis|g__Klebsiella.s__Klebsiella_pneumoniae	743.0762950187
PWY-5898: superpathway of menaquinol-12 biosynthesis	1186.4157220110
PWY-5898: superpathway of menaquinol-12 biosynthesis|g__Klebsiella.s__Klebsiella_pneumoniae	743.0762950187
PWY-5899: superpathway of menaquinol-13 biosynthesis	1186.4157220110
PWY-5899: superpathway of menaquinol-13 biosynthesis|g__Klebsiella.s__Klebsiella_pneumoniae	743.0762950187
FUCCAT-PWY: fucose degradation	1179.1139557190
FUCCAT-PWY: fucose degradation|g__Klebsiella.s__Klebsiella_pneumoniae	482.5465224049
FUCCAT-PWY: fucose degradation|g__Klebsiella.s__Klebsiella_variicola	298.1840160667
FUCCAT-PWY: fucose degradation|unclassified	49.2724504846
FUCCAT-PWY: fucose degradation|g__Klebsiella.s__Klebsiella_aerogenes	42.4053371320
FUCCAT-PWY: fucose degradation|g__Klebsiella.s__Klebsiella_oxytoca	19.2864943070
PWY-5838: superpathway of menaquinol-8 biosynthesis I	1168.1522588715
PWY-5838: superpathway of menaquinol-8 biosynthesis I|g__Klebsiella.s__Klebsiella_pneumoniae	749.7061063911
PPGPPMET-PWY: ppGpp metabolism	1167.1731596237
PPGPPMET-PWY: ppGpp metabolism|g__Klebsiella.s__Klebsiella_pneumoniae	1076.7303569650
PRPP-PWY: superpathway of histidine, purine, and pyrimidine biosynthesis	1166.1181527681
PRPP-PWY: superpathway of histidine, purine, and pyrimidine biosynthesis|g__Klebsiella.s__Klebsiella_pneumoniae	659.3307993553
COA-PWY-1: superpathway of coenzyme A biosynthesis III (mammals)	1164.3706491323
COA-PWY-1: superpathway of coenzyme A biosynthesis III (mammals)|g__Klebsiella.s__Klebsiella_pneumoniae	493.5618644830
COA-PWY-1: superpathway of coenzyme A biosynthesis III (mammals)|unclassified	136.6923877248
COA-PWY-1: superpathway of coenzyme A biosynthesis III (mammals)|g__Escherichia.s__Escherichia_coli	89.4728955861
COA-PWY-1: superpathway of coenzyme A biosynthesis III (mammals)|g__Enterococcus.s__Enterococcus_faecalis	74.7388044609
COA-PWY-1: superpathway of coenzyme A biosynthesis III (mammals)|g__Listeria.s__Listeria_monocytogenes	38.8454341000
PWY-6270: isoprene biosynthesis I	1164.0000093879
PWY-6270: isoprene biosynthesis I|g__Klebsiella.s__Klebsiella_pneumoniae	836.6356047267
PWY0-845: superpathway of pyridoxal 5'-phosphate biosynthesis and salvage	1162.7482223950
PWY0-845: superpathway of pyridoxal 5'-phosphate biosynthesis and salvage|g__Klebsiella.s__Klebsiella_pneumoniae	970.0601495248
PWY-7315: dTDP-N-acetylthomosamine biosynthesis	1154.8655360963
PWY-7315: dTDP-N-acetylthomosamine biosynthesis|g__Klebsiella.s__Klebsiella_pneumoniae	660.6969266205
PWY-7315: dTDP-N-acetylthomosamine biosynthesis|g__Klebsiella.s__Klebsiella_aerogenes	80.3376036638
PWY-7315: dTDP-N-acetylthomosamine biosynthesis|g__Escherichia.s__Escherichia_coli	74.2270629802
PWY-7315: dTDP-N-acetylthomosamine biosynthesis|g__Klebsiella.s__Klebsiella_oxytoca	30.2299523612
PWY-5861: superpathway of demethylmenaquinol-8 biosynthesis I	1143.3993598784
PWY-5861: superpathway of demethylmenaquinol-8 biosynthesis I|g__Klebsiella.s__Klebsiella_pneumoniae	628.4210057634
PWY-5845: superpathway of menaquinol-9 biosynthesis	1123.5664064786
PWY-5845: superpathway of menaquinol-9 biosynthesis|g__Klebsiella.s__Klebsiella_pneumoniae	678.6542982550
PWY-5850: superpathway of menaquinol-6 biosynthesis	1123.5664064786
PWY-5850: superpathway of menaquinol-6 biosynthesis|g__Klebsiella.s__Klebsiella_pneumoniae	678.6542982550
PWY-5896: superpathway of menaquinol-10 biosynthesis	1123.5664064786
PWY-5896: superpathway of menaquinol-10 biosynthesis|g__Klebsiella.s__Klebsiella_pneumoniae	678.6542982550
PWY-5188: tetrapyrrole biosynthesis I (from glutamate)	1121.3078436100
PWY-5188: tetrapyrrole biosynthesis I (from glutamate)|g__Klebsiella.s__Klebsiella_pneumoniae	885.1133863114
PWY-5265: peptidoglycan biosynthesis II (staphylococci)	1117.6967505055
PWY-3801: sucrose degradation II (sucrose synthase)	1113.6050221344
PWY-3801: sucrose degradation II (sucrose synthase)|g__Klebsiella.s__Klebsiella_pneumoniae	755.0659347813
HEME-BIOSYNTHESIS-II: heme b biosynthesis I (aerobic)	1095.3229588600
HEME-BIOSYNTHESIS-II: heme b biosynthesis I (aerobic)|g__Klebsiella.s__Klebsiella_pneumoniae	876.0936157443
HEME-BIOSYNTHESIS-II: heme b biosynthesis I (aerobic)|g__Klebsiella.s__Klebsiella_variicola	3.4943331965
DENOVOPURINE2-PWY: superpathway of purine nucleotides de novo biosynthesis II	1094.7417784414
DENOVOPURINE2-PWY: superpathway of purine nucleotides de novo biosynthesis II|g__Klebsiella.s__Klebsiella_pneumoniae	626.6805513859
PWY-7851: coenzyme A biosynthesis II (eukaryotic)	1088.6663567264
PWY-7851: coenzyme A biosynthesis II (eukaryotic)|g__Klebsiella.s__Klebsiella_pneumoniae	433.8920866863
PWY-7851: coenzyme A biosynthesis II (eukaryotic)|unclassified	127.3822884595
PWY-7851: coenzyme A biosynthesis II (eukaryotic)|g__Escherichia.s__Escherichia_coli	90.1800585932
PWY-7851: coenzyme A biosynthesis II (eukaryotic)|g__Enterococcus.s__Enterococcus_faecalis	67.3049849726
PWY-7851: coenzyme A biosynthesis II (eukaryotic)|g__Listeria.s__Listeria_monocytogenes	44.5748042329
PWY-6823: molybdopterin biosynthesis	1087.9697338839
PWY-6823: molybdopterin biosynthesis|g__Klebsiella.s__Klebsiella_oxytoca	288.9769700909
PWY-6823: molybdopterin biosynthesis|g__Klebsiella.s__Klebsiella_pneumoniae	238.5698030384
PWY-6823: molybdopterin biosynthesis|g__Enterococcus.s__Enterococcus_faecalis	54.2410029373
PWY-6823: molybdopterin biosynthesis|unclassified	37.4614759675
PWY-6823: molybdopterin biosynthesis|g__Listeria.s__Listeria_monocytogenes	29.7883167647
PWY-5860: superpathway of demethylmenaquinol-6 biosynthesis I	1080.4498035256
PWY-5860: superpathway of demethylmenaquinol-6 biosynthesis I|g__Klebsiella.s__Klebsiella_pneumoniae	555.3203871171
PWY-5862: superpathway of demethylmenaquinol-9 biosynthesis	1080.4498035256
PWY-5862: superpathway of demethylmenaquinol-9 biosynthesis|g__Klebsiella.s__Klebsiella_pneumoniae	555.3203871171
PWY-5918: superpathway of heme b biosynthesis from glutamate	1056.0629696499
PWY-5918: superpathway of heme b biosynthesis from glutamate|g__Klebsiella.s__Klebsiella_pneumoniae	650.2941234310
PWY-7357: thiamine phosphate formation from pyrithiamine and oxythiamine (yeast)	1053.7170270647
PWY-7357: thiamine phosphate formation from pyrithiamine and oxythiamine (yeast)|g__Klebsiella.s__Klebsiella_pneumoniae	645.2312834020
PWY-7357: thiamine phosphate formation from pyrithiamine and oxythiamine (yeast)|g__Listeria.s__Listeria_monocytogenes	136.1188595402
PWY-7357: thiamine phosphate formation from pyrithiamine and oxythiamine (yeast)|g__Klebsiella.s__Klebsiella_oxytoca	77.4738589129
PWY-7357: thiamine phosphate formation from pyrithiamine and oxythiamine (yeast)|g__Enterococcus.s__Enterococcus_faecalis	74.7092624357
PWY-7357: thiamine phosphate formation from pyrithiamine and oxythiamine (yeast)|g__Escherichia.s__Escherichia_coli	66.2761486787
PWY-7357: thiamine phosphate formation from pyrithiamine and oxythiamine (yeast)|g__Klebsiella.s__Klebsiella_aerogenes	41.1837954661
PWY-7357: thiamine phosphate formation from pyrithiamine and oxythiamine (yeast)|unclassified	18.1543521421
PWY-5837: 2-carboxy-1,4-naphthoquinol biosynthesis	1053.4749014802
PWY-5837: 2-carboxy-1,4-naphthoquinol biosynthesis|g__Klebsiella.s__Klebsiella_pneumoniae	640.6439550142
PWY-5837: 2-carboxy-1,4-naphthoquinol biosynthesis|g__Klebsiella.s__Klebsiella_oxytoca	41.7319542893
PWY-5837: 2-carboxy-1,4-naphthoquinol biosynthesis|g__Escherichia.s__Escherichia_coli	33.8017963333
PWY-5837: 2-carboxy-1,4-naphthoquinol biosynthesis|g__Klebsiella.s__Klebsiella_aerogenes	6.3692480139
PWY-6292: superpathway of L-cysteine biosynthesis (mammalian)	1049.8358800559
PWY-6292: superpathway of L-cysteine biosynthesis (mammalian)|g__Klebsiella.s__Klebsiella_pneumoniae	559.4821662696
RIBOSYN2-PWY: flavin biosynthesis I (bacteria and plants)	1040.0225715682
RIBOSYN2-PWY: flavin biosynthesis I (bacteria and plants)|g__Klebsiella.s__Klebsiella_pneumoniae	413.8288687833
PWY-5028: L-histidine degradation II	1037.7768221575
PWY-5028: L-histidine degradation II|g__Klebsiella.s__Klebsiella_oxytoca	247.3380694730
PWY-5028: L-histidine degradation II|g__Klebsiella.s__Klebsiella_pneumoniae	174.2965814969
PWY-5028: L-histidine degradation II|g__Escherichia.s__Escherichia_coli	86.8920433597
PWY-5028: L-histidine degradation II|g__Klebsiella.s__Klebsiella_variicola	43.6310179508
PWY-7356: thiamine diphosphate salvage IV (yeast)	1032.6343333368
PWY-7356: thiamine diphosphate salvage IV (yeast)|g__Klebsiella.s__Klebsiella_pneumoniae	200.4272578556
PWY-7356: thiamine diphosphate salvage IV (yeast)|g__Klebsiella.s__Klebsiella_aerogenes	144.0733808047
PWY-7356: thiamine diphosphate salvage IV (yeast)|g__Escherichia.s__Escherichia_coli	117.8482655305
PWY-7356: thiamine diphosphate salvage IV (yeast)|g__Listeria.s__Listeria_monocytogenes	115.6762508886
PWY-7356: thiamine diphosphate salvage IV (yeast)|g__Enterococcus.s__Enterococcus_faecalis	93.5944723965
PWY-7356: thiamine diphosphate salvage IV (yeast)|g__Klebsiella.s__Klebsiella_oxytoca	63.4129402052
PWY-7356: thiamine diphosphate salvage IV (yeast)|g__Klebsiella.s__Klebsiella_variicola	2.7223230490
PWY0-1261: anhydromuropeptides recycling I	1025.2873073860
PWY0-1261: anhydromuropeptides recycling I|g__Klebsiella.s__Klebsiella_pneumoniae	462.3297079749
PWY0-1261: anhydromuropeptides recycling I|g__Escherichia.s__Escherichia_coli	129.5919490300
HISTSYN-PWY: L-histidine biosynthesis	1020.9101364994
HISTSYN-PWY: L-histidine biosynthesis|g__Klebsiella.s__Klebsiella_pneumoniae	708.1960981488
HISTSYN-PWY: L-histidine biosynthesis|g__Klebsiella.s__Klebsiella_variicola	4.8099920259
P221-PWY: octane oxidation	1018.1433223303
P221-PWY: octane oxidation|g__Klebsiella.s__Klebsiella_pneumoniae	665.6182501294
PWY-5138: fatty acid &beta;-oxidation IV (unsaturated, even number)	1002.4390103125
PWY-5138: fatty acid &beta;-oxidation IV (unsaturated, even number)|g__Klebsiella.s__Klebsiella_pneumoniae	831.1077551963
PWY-5138: fatty acid &beta;-oxidation IV (unsaturated, even number)|g__Klebsiella.s__Klebsiella_variicola	5.3356889544
PWY-5121: superpathway of geranylgeranyl diphosphate biosynthesis II (via MEP)	996.9689291252
PWY-5121: superpathway of geranylgeranyl diphosphate biosynthesis II (via MEP)|g__Klebsiella.s__Klebsiella_pneumoniae	622.0248631502
PWY-6895: superpathway of thiamine diphosphate biosynthesis II	991.5154705668
PWY-6895: superpathway of thiamine diphosphate biosynthesis II|g__Klebsiella.s__Klebsiella_pneumoniae	384.8713734683
PWY-8131: 5'-deoxyadenosine degradation II	987.9549543693
PWY-8131: 5'-deoxyadenosine degradation II|g__Klebsiella.s__Klebsiella_pneumoniae	557.4838402211
PWY-8131: 5'-deoxyadenosine degradation II|g__Escherichia.s__Escherichia_coli	48.2145260783
PWY-8131: 5'-deoxyadenosine degradation II|unclassified	6.3384930240
PWY-6897: thiamine diphosphate salvage II	965.8787805153
PWY-6897: thiamine diphosphate salvage II|g__Klebsiella.s__Klebsiella_pneumoniae	449.3966380638
PWY-6897: thiamine diphosphate salvage II|g__Listeria.s__Listeria_monocytogenes	129.3331118293
PWY-6897: thiamine diphosphate salvage II|g__Escherichia.s__Escherichia_coli	92.9143822134
PWY-6897: thiamine diphosphate salvage II|g__Klebsiella.s__Klebsiella_oxytoca	76.6587159164
PWY-6897: thiamine diphosphate salvage II|g__Enterococcus.s__Enterococcus_faecalis	30.2123278579
PWY4LZ-257: superpathway of fermentation (Chlamydomonas reinhardtii)	897.2784194081
PWY4LZ-257: superpathway of fermentation (Chlamydomonas reinhardtii)|g__Klebsiella.s__Klebsiella_pneumoniae	766.8498543974
ARGDEG-PWY: superpathway of L-arginine, putrescine, and 4-aminobutanoate degradation	876.9795141844
ARGDEG-PWY: superpathway of L-arginine, putrescine, and 4-aminobutanoate degradation|g__Klebsiella.s__Klebsiella_pneumoniae	789.9428953077
ORNARGDEG-PWY: superpathway of L-arginine and L-ornithine degradation	876.9795141844
ORNARGDEG-PWY: superpathway of L-arginine and L-ornithine degradation|g__Klebsiella.s__Klebsiella_pneumoniae	789.9428953077
HCAMHPDEG-PWY: 3-phenylpropanoate and 3-(3-hydroxyphenyl)propanoate degradation to 2-hydroxypentadienoate	867.7348013990
HCAMHPDEG-PWY: 3-phenylpropanoate and 3-(3-hydroxyphenyl)propanoate degradation to 2-hydroxypentadienoate|g__Klebsiella.s__Klebsiella_pneumoniae	542.5689291283
HCAMHPDEG-PWY: 3-phenylpropanoate and 3-(3-hydroxyphenyl)propanoate degradation to 2-hydroxypentadienoate|g__Klebsiella.s__Klebsiella_aerogenes	64.4747679223
HCAMHPDEG-PWY: 3-phenylpropanoate and 3-(3-hydroxyphenyl)propanoate degradation to 2-hydroxypentadienoate|g__Escherichia.s__Escherichia_coli	56.3949613627
PWY-6690: cinnamate and 3-hydroxycinnamate degradation to 2-hydroxypentadienoate	867.7348013990
PWY-6690: cinnamate and 3-hydroxycinnamate degradation to 2-hydroxypentadienoate|g__Klebsiella.s__Klebsiella_pneumoniae	542.5689291283
PWY-6690: cinnamate and 3-hydroxycinnamate degradation to 2-hydroxypentadienoate|g__Klebsiella.s__Klebsiella_aerogenes	64.4747679223
PWY-6690: cinnamate and 3-hydroxycinnamate degradation to 2-hydroxypentadienoate|g__Escherichia.s__Escherichia_coli	56.3949613627
PWY-6703: preQ0 biosynthesis	863.8761461608
PWY-6703: preQ0 biosynthesis|g__Klebsiella.s__Klebsiella_pneumoniae	730.2313363228
PWY-6902: chitin degradation II (Vibrio)	838.7671292954
PWY-6902: chitin degradation II (Vibrio)|g__Klebsiella.s__Klebsiella_pneumoniae	489.4361726317
PWY-6902: chitin degradation II (Vibrio)|g__Escherichia.s__Escherichia_coli	54.3756540977
PWY66-430: myristate biosynthesis (mitochondria)	833.6828190529
PWY-7388: octanoyl-[acyl-carrier protein] biosynthesis (mitochondria, yeast)	831.1666947180
PWY-7388: octanoyl-[acyl-carrier protein] biosynthesis (mitochondria, yeast)|g__Klebsiella.s__Klebsiella_pneumoniae	687.1248582065
PWY0-1277: 3-phenylpropanoate and 3-(3-hydroxyphenyl)propanoate degradation	815.5305457553
PWY0-1277: 3-phenylpropanoate and 3-(3-hydroxyphenyl)propanoate degradation|g__Klebsiella.s__Klebsiella_pneumoniae	440.9352723383
PWY0-1277: 3-phenylpropanoate and 3-(3-hydroxyphenyl)propanoate degradation|g__Klebsiella.s__Klebsiella_aerogenes	92.0971942531
PWY0-1277: 3-phenylpropanoate and 3-(3-hydroxyphenyl)propanoate degradation|g__Escherichia.s__Escherichia_coli	62.1141403198
PWY-5417: catechol degradation III (ortho-cleavage pathway)	813.5101164741
PWY-5417: catechol degradation III (ortho-cleavage pathway)|g__Klebsiella.s__Klebsiella_pneumoniae	378.4845109507
PWY-5417: catechol degradation III (ortho-cleavage pathway)|g__Klebsiella.s__Klebsiella_oxytoca	128.0931852224
PWY-5417: catechol degradation III (ortho-cleavage pathway)|g__Escherichia.s__Escherichia_coli	96.3108862927
PWY-5431: aromatic compounds degradation via &beta;-ketoadipate	813.5101164741
PWY-5431: aromatic compounds degradation via &beta;-ketoadipate|g__Klebsiella.s__Klebsiella_pneumoniae	378.4845109507
PWY-5431: aromatic compounds degradation via &beta;-ketoadipate|g__Klebsiella.s__Klebsiella_oxytoca	128.0931852224
PWY-5431: aromatic compounds degradation via &beta;-ketoadipate|g__Escherichia.s__Escherichia_coli	96.3108862927
PWY-5981: CDP-diacylglycerol biosynthesis III	806.7586759794
PWY-5981: CDP-diacylglycerol biosynthesis III|g__Klebsiella.s__Klebsiella_pneumoniae	497.9363004511
PWY-5981: CDP-diacylglycerol biosynthesis III|g__Enterococcus.s__Enterococcus_faecalis	112.3134094572
PWY-5981: CDP-diacylglycerol biosynthesis III|g__Listeria.s__Listeria_monocytogenes	28.0394878339
GLYCOCAT-PWY: glycogen degradation I	798.7287226810
GLYCOCAT-PWY: glycogen degradation I|g__Klebsiella.s__Klebsiella_pneumoniae	140.1794917967
P122-PWY: heterolactic fermentation	795.2539510760
P122-PWY: heterolactic fermentation|g__Klebsiella.s__Klebsiella_pneumoniae	511.1756926489
PWY-7187: pyrimidine deoxyribonucleotides de novo biosynthesis II	793.0152528682
PWY-7187: pyrimidine deoxyribonucleotides de novo biosynthesis II|g__Klebsiella.s__Klebsiella_pneumoniae	519.4729384762
COBALSYN-PWY: superpathway of adenosylcobalamin salvage from cobinamide I	785.2790442843
COBALSYN-PWY: superpathway of adenosylcobalamin salvage from cobinamide I|g__Klebsiella.s__Klebsiella_pneumoniae	387.9081063496
COBALSYN-PWY: superpathway of adenosylcobalamin salvage from cobinamide I|g__Klebsiella.s__Klebsiella_aerogenes	134.5052607051
COBALSYN-PWY: superpathway of adenosylcobalamin salvage from cobinamide I|g__Escherichia.s__Escherichia_coli	98.8874639075
P441-PWY: superpathway of N-acetylneuraminate degradation	773.3616359768
P441-PWY: superpathway of N-acetylneuraminate degradation|g__Klebsiella.s__Klebsiella_pneumoniae	605.6400219401
PWY-7269: mitochondrial NADPH production (yeast)	750.0138872330
PWY-7269: mitochondrial NADPH production (yeast)|g__Klebsiella.s__Klebsiella_pneumoniae	640.6987741953
PWY-6185: 4-methylcatechol degradation (ortho cleavage)	746.6332865270
PWY-6185: 4-methylcatechol degradation (ortho cleavage)|g__Klebsiella.s__Klebsiella_pneumoniae	269.4053004705
PWY-6185: 4-methylcatechol degradation (ortho cleavage)|g__Escherichia.s__Escherichia_coli	61.7489676773
PWY-7392: taxadiene biosynthesis (engineered)	741.5703466343
PWY-7392: taxadiene biosynthesis (engineered)|g__Klebsiella.s__Klebsiella_pneumoniae	555.7786916367
PWY-5180: toluene degradation I (aerobic) (via o-cresol)	741.3758870401
ECASYN-PWY: enterobacterial common antigen biosynthesis	723.0127783133
ECASYN-PWY: enterobacterial common antigen biosynthesis|g__Klebsiella.s__Klebsiella_pneumoniae	376.4295107472
ECASYN-PWY: enterobacterial common antigen biosynthesis|g__Escherichia.s__Escherichia_coli	58.4415791451
PWY-6182: superpathway of salicylate degradation	719.2676226422
PWY-6182: superpathway of salicylate degradation|g__Klebsiella.s__Klebsiella_pneumoniae	283.3010139545
PWY-6182: superpathway of salicylate degradation|g__Escherichia.s__Escherichia_coli	72.3649552571
PWY-801: homocysteine and cysteine interconversion	715.6105489191
PWY-801: homocysteine and cysteine interconversion|g__Klebsiella.s__Klebsiella_pneumoniae	353.5194889499
PWY-6859: all-trans-farnesol biosynthesis	686.8136063647
PWY-6859: all-trans-farnesol biosynthesis|g__Klebsiella.s__Klebsiella_pneumoniae	401.7887693114
PWY-6859: all-trans-farnesol biosynthesis|g__Enterococcus.s__Enterococcus_faecalis	70.0451399186
PWY-6859: all-trans-farnesol biosynthesis|g__Listeria.s__Listeria_monocytogenes	54.3419703509
THREOCAT-PWY: superpathway of L-threonine metabolism	686.1075426654
THREOCAT-PWY: superpathway of L-threonine metabolism|g__Klebsiella.s__Klebsiella_pneumoniae	130.6260712463
PROTOCATECHUATE-ORTHO-CLEAVAGE-PWY: protocatechuate degradation II (ortho-cleavage pathway)	676.1536264359
PROTOCATECHUATE-ORTHO-CLEAVAGE-PWY: protocatechuate degradation II (ortho-cleavage pathway)|g__Klebsiella.s__Klebsiella_pneumoniae	226.0808130355
PROTOCATECHUATE-ORTHO-CLEAVAGE-PWY: protocatechuate degradation II (ortho-cleavage pathway)|g__Klebsiella.s__Klebsiella_oxytoca	224.2051831069
PROTOCATECHUATE-ORTHO-CLEAVAGE-PWY: protocatechuate degradation II (ortho-cleavage pathway)|g__Escherichia.s__Escherichia_coli	94.4659774306
PROTOCATECHUATE-ORTHO-CLEAVAGE-PWY: protocatechuate degradation II (ortho-cleavage pathway)|g__Klebsiella.s__Klebsiella_aerogenes	60.9838986041
PWY0-1241: ADP-L-glycero-&beta;-D-manno-heptose biosynthesis	672.0008948099
PWY0-1241: ADP-L-glycero-&beta;-D-manno-heptose biosynthesis|g__Klebsiella.s__Klebsiella_pneumoniae	668.3894367297
PWY-6763: salicortin biosynthesis	671.2775794712
PWY-6763: salicortin biosynthesis|g__Klebsiella.s__Klebsiella_pneumoniae	471.9730503058
PWY-6763: salicortin biosynthesis|g__Klebsiella.s__Klebsiella_oxytoca	68.6069204718
PWY-6763: salicortin biosynthesis|g__Escherichia.s__Escherichia_coli	66.3390986686
PWY-6763: salicortin biosynthesis|g__Klebsiella.s__Klebsiella_aerogenes	25.0988759644
CATECHOL-ORTHO-CLEAVAGE-PWY: catechol degradation to &beta;-ketoadipate	649.4050141479
CATECHOL-ORTHO-CLEAVAGE-PWY: catechol degradation to &beta;-ketoadipate|g__Klebsiella.s__Klebsiella_pneumoniae	278.2617272041
CATECHOL-ORTHO-CLEAVAGE-PWY: catechol degradation to &beta;-ketoadipate|g__Klebsiella.s__Klebsiella_oxytoca	183.3326385509
CATECHOL-ORTHO-CLEAVAGE-PWY: catechol degradation to &beta;-ketoadipate|g__Escherichia.s__Escherichia_coli	78.2751783749
CATECHOL-ORTHO-CLEAVAGE-PWY: catechol degradation to &beta;-ketoadipate|g__Klebsiella.s__Klebsiella_aerogenes	19.8061307298
PWY-5920: superpathway of heme b biosynthesis from glycine	644.3775004893
PWY-5920: superpathway of heme b biosynthesis from glycine|g__Klebsiella.s__Klebsiella_pneumoniae	247.2439991836
CRNFORCAT-PWY: creatinine degradation I	630.6163061593
CRNFORCAT-PWY: creatinine degradation I|g__Klebsiella.s__Klebsiella_pneumoniae	245.7376018417
CRNFORCAT-PWY: creatinine degradation I|g__Klebsiella.s__Klebsiella_aerogenes	133.2896889362
CRNFORCAT-PWY: creatinine degradation I|g__Klebsiella.s__Klebsiella_oxytoca	113.8351299030
PWY-6606: guanosine nucleotides degradation II	617.3694827979
PWY-6606: guanosine nucleotides degradation II|g__Klebsiella.s__Klebsiella_pneumoniae	352.1295961428
PWY-6606: guanosine nucleotides degradation II|g__Enterococcus.s__Enterococcus_faecalis	86.2544770155
PWY-6606: guanosine nucleotides degradation II|g__Listeria.s__Listeria_monocytogenes	69.8928869088
PWY-6606: guanosine nucleotides degradation II|unclassified	30.2497531911
PWY0-1338: polymyxin resistance	612.9260872878
PWY0-1338: polymyxin resistance|g__Klebsiella.s__Klebsiella_pneumoniae	419.5557921509
PWY0-1338: polymyxin resistance|g__Escherichia.s__Escherichia_coli	129.3122298187
FOLSYN-PWY: superpathway of tetrahydrofolate biosynthesis and salvage	580.6471352592
CITRULBIO-PWY: L-citrulline biosynthesis	579.2429993301
CITRULBIO-PWY: L-citrulline biosynthesis|g__Klebsiella.s__Klebsiella_pneumoniae	384.4564605038
CITRULBIO-PWY: L-citrulline biosynthesis|g__Klebsiella.s__Klebsiella_variicola	1.4691214431
NAD-BIOSYNTHESIS-II: NAD salvage pathway III (to nicotinamide riboside)	555.3255140547
NAD-BIOSYNTHESIS-II: NAD salvage pathway III (to nicotinamide riboside)|g__Klebsiella.s__Klebsiella_pneumoniae	424.8161202597
PWY-7883: anhydromuropeptides recycling II	547.6650810010
PWY-7883: anhydromuropeptides recycling II|g__Klebsiella.s__Klebsiella_pneumoniae	279.8930901003
PWY-7883: anhydromuropeptides recycling II|g__Escherichia.s__Escherichia_coli	129.5919490300
PWY-7883: anhydromuropeptides recycling II|g__Klebsiella.s__Klebsiella_oxytoca	52.8826237914
REDCITCYC: TCA cycle VI (Helicobacter)	527.9869416451
REDCITCYC: TCA cycle VI (Helicobacter)|g__Klebsiella.s__Klebsiella_pneumoniae	476.9588554173
P42-PWY: incomplete reductive TCA cycle	504.8237495736
PWY-5367: petroselinate biosynthesis	474.6936541525
PWY-5367: petroselinate biosynthesis|g__Enterococcus.s__Enterococcus_faecalis	224.0537005897
PWY-5367: petroselinate biosynthesis|g__Listeria.s__Listeria_monocytogenes	56.3429687653
PWY-5189: tetrapyrrole biosynthesis II (from glycine)	473.0361049142
PWY-5189: tetrapyrrole biosynthesis II (from glycine)|g__Klebsiella.s__Klebsiella_pneumoniae	155.4233601323
P621-PWY: nylon-6 oligomer degradation	460.2716922896
GLUDEG-I-PWY: GABA shunt	453.2258031664
GLUDEG-I-PWY: GABA shunt|g__Klebsiella.s__Klebsiella_pneumoniae	249.5259801476
GLYCOLYSIS-TCA-GLYOX-BYPASS: superpathway of glycolysis, pyruvate dehydrogenase, TCA, and glyoxylate bypass	451.2440160910
GLYCOLYSIS-TCA-GLYOX-BYPASS: superpathway of glycolysis, pyruvate dehydrogenase, TCA, and glyoxylate bypass|g__Klebsiella.s__Klebsiella_pneumoniae	406.0937418508
PWY-6612: superpathway of tetrahydrofolate biosynthesis	410.9950239157
ARGININE-SYN4-PWY: L-ornithine biosynthesis II	404.1349693604
ARGININE-SYN4-PWY: L-ornithine biosynthesis II|g__Klebsiella.s__Klebsiella_pneumoniae	301.7555558334
PWY66-391: fatty acid &beta;-oxidation VI (mammalian peroxisome)	396.3330253637
3-HYDROXYPHENYLACETATE-DEGRADATION-PWY: 4-hydroxyphenylacetate degradation	369.6084974494
3-HYDROXYPHENYLACETATE-DEGRADATION-PWY: 4-hydroxyphenylacetate degradation|g__Klebsiella.s__Klebsiella_pneumoniae	220.8376431949
PWY-241: C4 photosynthetic carbon assimilation cycle, NADP-ME type	357.5865775764
METHGLYUT-PWY: superpathway of methylglyoxal degradation	342.2123216173
METHGLYUT-PWY: superpathway of methylglyoxal degradation|g__Klebsiella.s__Klebsiella_pneumoniae	161.6257692552
PWY-5415: catechol degradation I (meta-cleavage pathway)	340.8206402278
PWY-7242: D-fructuronate degradation	332.2547921381
PWY-7242: D-fructuronate degradation|g__Enterococcus.s__Enterococcus_faecalis	105.3474949214
P164-PWY: purine nucleobases degradation I (anaerobic)	327.8818065608
P164-PWY: purine nucleobases degradation I (anaerobic)|g__Enterococcus.s__Enterococcus_faecalis	55.9942847905
P164-PWY: purine nucleobases degradation I (anaerobic)|g__Listeria.s__Listeria_monocytogenes	34.6727262003
PWY-5855: ubiquinol-7 biosynthesis (early decarboxylation)	321.1759764604
PWY-5855: ubiquinol-7 biosynthesis (early decarboxylation)|g__Klebsiella.s__Klebsiella_pneumoniae	278.9412468814
GLUCUROCAT-PWY: superpathway of &beta;-D-glucuronosides degradation	315.3081792703
GLCMANNANAUT-PWY: superpathway of N-acetylglucosamine, N-acetylmannosamine and N-acetylneuraminate degradation	313.2262042438
GLCMANNANAUT-PWY: superpathway of N-acetylglucosamine, N-acetylmannosamine and N-acetylneuraminate degradation|g__Klebsiella.s__Klebsiella_pneumoniae	278.7741028997
PWY-5675: nitrate reduction V (assimilatory)	303.0082424328
PWY-5675: nitrate reduction V (assimilatory)|g__Klebsiella.s__Klebsiella_pneumoniae	257.5662388610
PWY-7340: 9-cis, 11-trans-octadecadienoyl-CoA degradation (isomerase-dependent, yeast)	289.5584200171
PWY-7396: butanol and isobutanol biosynthesis (engineered)	257.6815191868
PWY-7396: butanol and isobutanol biosynthesis (engineered)|g__Klebsiella.s__Klebsiella_pneumoniae	252.7206522430
PWY-5910: superpathway of geranylgeranyldiphosphate biosynthesis I (via mevalonate)	243.8009800709
PWY-5910: superpathway of geranylgeranyldiphosphate biosynthesis I (via mevalonate)|g__Enterococcus.s__Enterococcus_faecalis	71.4815498595
PWY-6731: starch degradation III	217.5018940044
PWY-6731: starch degradation III|g__Klebsiella.s__Klebsiella_pneumoniae	212.8138401673
PWY-922: mevalonate pathway I (eukaryotes and bacteria)	203.9951135912
PWY-922: mevalonate pathway I (eukaryotes and bacteria)|g__Enterococcus.s__Enterococcus_faecalis	87.4546961868
GLYCOL-GLYOXDEG-PWY: superpathway of glycol metabolism and degradation	185.0521136538
GLYCOL-GLYOXDEG-PWY: superpathway of glycol metabolism and degradation|g__Klebsiella.s__Klebsiella_pneumoniae	181.4100186558
PWY-7391: isoprene biosynthesis II (engineered)	184.5272164757
PWY-7391: isoprene biosynthesis II (engineered)|g__Enterococcus.s__Enterococcus_faecalis	73.6502526238
DARABCATK12-PWY: D-arabinose degradation I	179.6168609098
DARABCATK12-PWY: D-arabinose degradation I|g__Klebsiella.s__Klebsiella_pneumoniae	164.5628831097
PWY0-1337: oleate &beta;-oxidation	171.1242674387
PWY0-1337: oleate &beta;-oxidation|g__Klebsiella.s__Klebsiella_pneumoniae	168.7731140951
PWY-7094: fatty acid salvage	145.5245554657
PWY-7094: fatty acid salvage|g__Klebsiella.s__Klebsiella_pneumoniae	143.9403731809
PWY-6588: pyruvate fermentation to acetone	144.6370184324
PWY-6588: pyruvate fermentation to acetone|g__Klebsiella.s__Klebsiella_pneumoniae	143.7199796651
P108-PWY: pyruvate fermentation to propanoate I	126.6931953254
PWY-7209: superpathway of pyrimidine ribonucleosides degradation	107.7357322285
P124-PWY: Bifidobacterium shunt	79.0939521562
PWY-7616: methanol oxidation to carbon dioxide	71.2005053355
PWY-7616: methanol oxidation to carbon dioxide|g__Klebsiella.s__Klebsiella_pneumoniae	70.2267174787
P125-PWY: superpathway of (R,R)-butanediol biosynthesis	28.5201610701
P125-PWY: superpathway of (R,R)-butanediol biosynthesis|unclassified	27.5170027809
THISYNARA-PWY: superpathway of thiamine diphosphate biosynthesis III (eukaryotes)	10.8774574389