# Pathway	merged_LJR-15154629Week-24_S32_L001__kneaddata_paired_Abundance
UNMAPPED	971508.5721554607
UNINTEGRATED	4194163.5244602016
UNINTEGRATED|g__Blautia.s__Blautia_wexlerae	907418.6289258194
UNINTEGRATED|g__Blautia.s__Blautia_obeum	799787.3812043148
UNINTEGRATED|unclassified	689118.1547387446
UNINTEGRATED|g__Bifidobacterium.s__Bifidobacterium_bifidum	622913.4804288998
UNINTEGRATED|g__Dorea.s__Dorea_longicatena	607325.0522765836
UNINTEGRATED|g__Bifidobacterium.s__Bifidobacterium_pseudolongum	192788.7524871861
UNINTEGRATED|g__Roseburia.s__Roseburia_intestinalis	178948.5013450571
UNINTEGRATED|g__Roseburia.s__Roseburia_hominis	112952.2664585135
UNINTEGRATED|g__Faecalibacterium.s__Faecalibacterium_prausnitzii	67660.5344051193
UNINTEGRATED|g__Lachnoclostridium.s__Clostridium_scindens	47618.7927850537
UNINTEGRATED|g__Clostridiales_unclassified.s__Clostridiales_bacterium_KLE1615	41337.7410731457
UNINTEGRATED|g__Dialister.s__Dialister_invisus	30948.0570753865
UNINTEGRATED|g__Eggerthella.s__Eggerthella_lenta	29226.0781981083
UNINTEGRATED|g__Erysipelatoclostridium.s__Clostridium_innocuum	21463.7620359942
UNINTEGRATED|g__Klebsiella.s__Klebsiella_pneumoniae	19770.8087677491
UNINTEGRATED|g__Escherichia.s__Escherichia_coli	17752.4700454824
UNINTEGRATED|g__Absiella.s__Absiella_dolichum	16447.6314005224
UNINTEGRATED|g__Blautia.s__Blautia_producta	14605.5011494166
UNINTEGRATED|g__Sellimonas.s__Sellimonas_intestinalis	11121.9395856223
UNINTEGRATED|g__Eubacterium.s__Eubacterium_sp_An11	5370.8131488579
UNINTEGRATED|g__Erysipelatoclostridium.s__Clostridium_spiroforme	4870.2682461008
UNINTEGRATED|g__Gordonibacter.s__Gordonibacter_pamelaeae	4857.5088020635
UNINTEGRATED|g__Erysipelatoclostridium.s__Erysipelatoclostridium_ramosum	2021.7150559920
UNINTEGRATED|g__Klebsiella.s__Klebsiella_variicola	1659.1195633184
UNINTEGRATED|g__Streptococcus.s__Streptococcus_pneumoniae	1633.8507485490
UNINTEGRATED|g__Klebsiella.s__Klebsiella_aerogenes	1495.4820586322
UNINTEGRATED|g__Streptococcus.s__Streptococcus_parasanguinis	757.1288437441
PWY-7238: sucrose biosynthesis II	6376.8153825384
PWY-7238: sucrose biosynthesis II|g__Blautia.s__Blautia_obeum	1865.1231688854
PWY-7238: sucrose biosynthesis II|g__Blautia.s__Blautia_wexlerae	1257.8759784413
PWY-7238: sucrose biosynthesis II|unclassified	902.1212369590
PWY-7238: sucrose biosynthesis II|g__Dorea.s__Dorea_longicatena	890.5351976742
PWY-7238: sucrose biosynthesis II|g__Bifidobacterium.s__Bifidobacterium_bifidum	567.0855570949
PWY-7238: sucrose biosynthesis II|g__Bifidobacterium.s__Bifidobacterium_pseudolongum	435.3895469202
PWY-7238: sucrose biosynthesis II|g__Roseburia.s__Roseburia_intestinalis	176.6419626712
PWY-7238: sucrose biosynthesis II|g__Clostridiales_unclassified.s__Clostridiales_bacterium_KLE1615	48.4076124489
PWY-7238: sucrose biosynthesis II|g__Absiella.s__Absiella_dolichum	9.1894743803
PWY-7238: sucrose biosynthesis II|g__Eubacterium.s__Eubacterium_sp_An11	8.4291793099
PWY-5941: glycogen degradation II	5668.3680424987
PWY-5941: glycogen degradation II|g__Blautia.s__Blautia_obeum	1621.3675010779
PWY-5941: glycogen degradation II|g__Blautia.s__Blautia_wexlerae	1277.7930823126
PWY-5941: glycogen degradation II|g__Dorea.s__Dorea_longicatena	787.7779256036
PWY-5941: glycogen degradation II|g__Bifidobacterium.s__Bifidobacterium_bifidum	558.3359698778
PWY-5941: glycogen degradation II|unclassified	529.0266188636
PWY-5941: glycogen degradation II|g__Roseburia.s__Roseburia_intestinalis	182.6701139286
PWY-5941: glycogen degradation II|g__Clostridiales_unclassified.s__Clostridiales_bacterium_KLE1615	45.7204751122
GLYCOGENSYNTH-PWY: glycogen biosynthesis I (from ADP-D-Glucose)	5042.2970248970
GLYCOGENSYNTH-PWY: glycogen biosynthesis I (from ADP-D-Glucose)|g__Blautia.s__Blautia_wexlerae	1465.0450526029
GLYCOGENSYNTH-PWY: glycogen biosynthesis I (from ADP-D-Glucose)|g__Blautia.s__Blautia_obeum	1314.3318595802
GLYCOGENSYNTH-PWY: glycogen biosynthesis I (from ADP-D-Glucose)|g__Dorea.s__Dorea_longicatena	927.8503239797
GLYCOGENSYNTH-PWY: glycogen biosynthesis I (from ADP-D-Glucose)|unclassified	740.3402788004
GLYCOGENSYNTH-PWY: glycogen biosynthesis I (from ADP-D-Glucose)|g__Bifidobacterium.s__Bifidobacterium_bifidum	279.5264400955
GLYCOGENSYNTH-PWY: glycogen biosynthesis I (from ADP-D-Glucose)|g__Roseburia.s__Roseburia_intestinalis	128.1865356264
GLYCOGENSYNTH-PWY: glycogen biosynthesis I (from ADP-D-Glucose)|g__Clostridiales_unclassified.s__Clostridiales_bacterium_KLE1615	27.6295601612
GLYCOGENSYNTH-PWY: glycogen biosynthesis I (from ADP-D-Glucose)|g__Sellimonas.s__Sellimonas_intestinalis	10.8148277239
DTDPRHAMSYN-PWY: dTDP-&beta;-L-rhamnose biosynthesis	4855.3514749869
DTDPRHAMSYN-PWY: dTDP-&beta;-L-rhamnose biosynthesis|g__Blautia.s__Blautia_wexlerae	1602.5145279089
DTDPRHAMSYN-PWY: dTDP-&beta;-L-rhamnose biosynthesis|g__Blautia.s__Blautia_obeum	1070.2738167501
DTDPRHAMSYN-PWY: dTDP-&beta;-L-rhamnose biosynthesis|g__Bifidobacterium.s__Bifidobacterium_bifidum	740.1747786270
DTDPRHAMSYN-PWY: dTDP-&beta;-L-rhamnose biosynthesis|unclassified	494.0601607383
DTDPRHAMSYN-PWY: dTDP-&beta;-L-rhamnose biosynthesis|g__Dorea.s__Dorea_longicatena	384.4502416125
DTDPRHAMSYN-PWY: dTDP-&beta;-L-rhamnose biosynthesis|g__Bifidobacterium.s__Bifidobacterium_pseudolongum	328.5820050192
DTDPRHAMSYN-PWY: dTDP-&beta;-L-rhamnose biosynthesis|g__Roseburia.s__Roseburia_intestinalis	233.9142248264
DTDPRHAMSYN-PWY: dTDP-&beta;-L-rhamnose biosynthesis|g__Clostridiales_unclassified.s__Clostridiales_bacterium_KLE1615	32.8998123643
DTDPRHAMSYN-PWY: dTDP-&beta;-L-rhamnose biosynthesis|g__Eggerthella.s__Eggerthella_lenta	18.8146651162
DTDPRHAMSYN-PWY: dTDP-&beta;-L-rhamnose biosynthesis|g__Erysipelatoclostridium.s__Clostridium_spiroforme	13.0205407916
DTDPRHAMSYN-PWY: dTDP-&beta;-L-rhamnose biosynthesis|g__Sellimonas.s__Sellimonas_intestinalis	6.1804054393
PWY-7221: guanosine ribonucleotides de novo biosynthesis	4486.7155014778
PWY-7221: guanosine ribonucleotides de novo biosynthesis|g__Blautia.s__Blautia_wexlerae	1386.1592831491
PWY-7221: guanosine ribonucleotides de novo biosynthesis|unclassified	694.0470844527
PWY-7221: guanosine ribonucleotides de novo biosynthesis|g__Dorea.s__Dorea_longicatena	547.5875753096
PWY-7221: guanosine ribonucleotides de novo biosynthesis|g__Bifidobacterium.s__Bifidobacterium_bifidum	391.6031404604
PWY-7221: guanosine ribonucleotides de novo biosynthesis|g__Bifidobacterium.s__Bifidobacterium_pseudolongum	234.3038075923
PWY-7221: guanosine ribonucleotides de novo biosynthesis|g__Roseburia.s__Roseburia_intestinalis	95.7984661183
PWY-7221: guanosine ribonucleotides de novo biosynthesis|g__Dialister.s__Dialister_invisus	35.7341490490
PWY-7221: guanosine ribonucleotides de novo biosynthesis|g__Eggerthella.s__Eggerthella_lenta	28.0606613472
PWY-7221: guanosine ribonucleotides de novo biosynthesis|g__Clostridiales_unclassified.s__Clostridiales_bacterium_KLE1615	24.9007446648
PWY-7221: guanosine ribonucleotides de novo biosynthesis|g__Gordonibacter.s__Gordonibacter_pamelaeae	10.1239378610
PWY-7221: guanosine ribonucleotides de novo biosynthesis|g__Faecalibacterium.s__Faecalibacterium_prausnitzii	8.5145550184
PWY-7221: guanosine ribonucleotides de novo biosynthesis|g__Absiella.s__Absiella_dolichum	7.6484710003
PWY-7221: guanosine ribonucleotides de novo biosynthesis|g__Sellimonas.s__Sellimonas_intestinalis	4.9700633717
PWY-6163: chorismate biosynthesis from 3-dehydroquinate	4229.2600948075
PWY-6163: chorismate biosynthesis from 3-dehydroquinate|g__Blautia.s__Blautia_wexlerae	1031.4420318551
PWY-6163: chorismate biosynthesis from 3-dehydroquinate|g__Blautia.s__Blautia_obeum	917.3748390505
PWY-6163: chorismate biosynthesis from 3-dehydroquinate|unclassified	715.1470840690
PWY-6163: chorismate biosynthesis from 3-dehydroquinate|g__Bifidobacterium.s__Bifidobacterium_bifidum	425.0410773553
PWY-6163: chorismate biosynthesis from 3-dehydroquinate|g__Dorea.s__Dorea_longicatena	297.0903872895
PWY-6163: chorismate biosynthesis from 3-dehydroquinate|g__Bifidobacterium.s__Bifidobacterium_pseudolongum	239.5562109561
PWY-6163: chorismate biosynthesis from 3-dehydroquinate|g__Roseburia.s__Roseburia_intestinalis	171.5168968883
PWY-6163: chorismate biosynthesis from 3-dehydroquinate|g__Clostridiales_unclassified.s__Clostridiales_bacterium_KLE1615	22.1624442553
PWY-6163: chorismate biosynthesis from 3-dehydroquinate|g__Faecalibacterium.s__Faecalibacterium_prausnitzii	12.3691730806
PWY-6163: chorismate biosynthesis from 3-dehydroquinate|g__Eubacterium.s__Eubacterium_sp_An11	10.7320705708
PWY-6163: chorismate biosynthesis from 3-dehydroquinate|g__Streptococcus.s__Streptococcus_pneumoniae	3.9719433320
VALSYN-PWY: L-valine biosynthesis	4216.2498995404
VALSYN-PWY: L-valine biosynthesis|g__Blautia.s__Blautia_wexlerae	1074.2799724433
VALSYN-PWY: L-valine biosynthesis|g__Blautia.s__Blautia_obeum	912.6555575192
VALSYN-PWY: L-valine biosynthesis|unclassified	737.2323755188
VALSYN-PWY: L-valine biosynthesis|g__Bifidobacterium.s__Bifidobacterium_bifidum	630.1393614217
VALSYN-PWY: L-valine biosynthesis|g__Dorea.s__Dorea_longicatena	554.2537752861
VALSYN-PWY: L-valine biosynthesis|g__Bifidobacterium.s__Bifidobacterium_pseudolongum	300.5540040407
VALSYN-PWY: L-valine biosynthesis|g__Roseburia.s__Roseburia_intestinalis	133.8994430532
VALSYN-PWY: L-valine biosynthesis|g__Eggerthella.s__Eggerthella_lenta	28.9249800768
VALSYN-PWY: L-valine biosynthesis|g__Klebsiella.s__Klebsiella_pneumoniae	20.7913564600
VALSYN-PWY: L-valine biosynthesis|g__Erysipelatoclostridium.s__Clostridium_spiroforme	16.9108557811
VALSYN-PWY: L-valine biosynthesis|g__Clostridiales_unclassified.s__Clostridiales_bacterium_KLE1615	14.7874239659
HSERMETANA-PWY: L-methionine biosynthesis III	4208.1659761230
HSERMETANA-PWY: L-methionine biosynthesis III|g__Blautia.s__Blautia_wexlerae	1406.0531666030
HSERMETANA-PWY: L-methionine biosynthesis III|g__Dorea.s__Dorea_longicatena	644.8843598066
HSERMETANA-PWY: L-methionine biosynthesis III|g__Bifidobacterium.s__Bifidobacterium_bifidum	428.6189533977
HSERMETANA-PWY: L-methionine biosynthesis III|unclassified	288.7661243150
HSERMETANA-PWY: L-methionine biosynthesis III|g__Bifidobacterium.s__Bifidobacterium_pseudolongum	274.9666907307
HSERMETANA-PWY: L-methionine biosynthesis III|g__Roseburia.s__Roseburia_intestinalis	107.3340857920
ARO-PWY: chorismate biosynthesis I	4072.1478237275
ARO-PWY: chorismate biosynthesis I|g__Blautia.s__Blautia_obeum	952.9619060176
ARO-PWY: chorismate biosynthesis I|g__Blautia.s__Blautia_wexlerae	764.2535817855
ARO-PWY: chorismate biosynthesis I|unclassified	609.8700273581
ARO-PWY: chorismate biosynthesis I|g__Bifidobacterium.s__Bifidobacterium_bifidum	433.1561323955
ARO-PWY: chorismate biosynthesis I|g__Dorea.s__Dorea_longicatena	355.4003755431
ARO-PWY: chorismate biosynthesis I|g__Bifidobacterium.s__Bifidobacterium_pseudolongum	252.8763023899
ARO-PWY: chorismate biosynthesis I|g__Roseburia.s__Roseburia_intestinalis	141.7229729815
ARO-PWY: chorismate biosynthesis I|g__Clostridiales_unclassified.s__Clostridiales_bacterium_KLE1615	24.0554711420
ARO-PWY: chorismate biosynthesis I|g__Faecalibacterium.s__Faecalibacterium_prausnitzii	11.3055212472
ARO-PWY: chorismate biosynthesis I|g__Eubacterium.s__Eubacterium_sp_An11	7.5014993318
ILEUSYN-PWY: L-isoleucine biosynthesis I (from threonine)	4058.4283965273
ILEUSYN-PWY: L-isoleucine biosynthesis I (from threonine)|g__Blautia.s__Blautia_wexlerae	790.9288789519
ILEUSYN-PWY: L-isoleucine biosynthesis I (from threonine)|g__Bifidobacterium.s__Bifidobacterium_bifidum	614.8391575863
ILEUSYN-PWY: L-isoleucine biosynthesis I (from threonine)|g__Dorea.s__Dorea_longicatena	512.0631580344
ILEUSYN-PWY: L-isoleucine biosynthesis I (from threonine)|unclassified	373.1728796540
ILEUSYN-PWY: L-isoleucine biosynthesis I (from threonine)|g__Bifidobacterium.s__Bifidobacterium_pseudolongum	276.1426012362
ILEUSYN-PWY: L-isoleucine biosynthesis I (from threonine)|g__Roseburia.s__Roseburia_intestinalis	122.2405651936
ILEUSYN-PWY: L-isoleucine biosynthesis I (from threonine)|g__Eggerthella.s__Eggerthella_lenta	23.5052004667
ILEUSYN-PWY: L-isoleucine biosynthesis I (from threonine)|g__Klebsiella.s__Klebsiella_pneumoniae	19.2298767214
ILEUSYN-PWY: L-isoleucine biosynthesis I (from threonine)|g__Blautia.s__Blautia_obeum	5.0329242503
PWY-7237: myo-, chiro- and scyllo-inositol degradation	4044.9461721866
PWY-7237: myo-, chiro- and scyllo-inositol degradation|g__Blautia.s__Blautia_wexlerae	2144.4807803609
PWY-7237: myo-, chiro- and scyllo-inositol degradation|g__Dorea.s__Dorea_longicatena	965.1553411197
PWY-7237: myo-, chiro- and scyllo-inositol degradation|g__Blautia.s__Blautia_obeum	733.6363399105
PWY-7237: myo-, chiro- and scyllo-inositol degradation|g__Roseburia.s__Roseburia_intestinalis	145.7635453649
PWY-7237: myo-, chiro- and scyllo-inositol degradation|unclassified	89.2284634645
PWY-7237: myo-, chiro- and scyllo-inositol degradation|g__Klebsiella.s__Klebsiella_pneumoniae	26.9970806877
PWY-7237: myo-, chiro- and scyllo-inositol degradation|g__Escherichia.s__Escherichia_coli	12.9400070398
PWY-7237: myo-, chiro- and scyllo-inositol degradation|g__Erysipelatoclostridium.s__Clostridium_innocuum	12.9034450902
PWY-7237: myo-, chiro- and scyllo-inositol degradation|g__Blautia.s__Blautia_producta	6.9854263085
PWY-7237: myo-, chiro- and scyllo-inositol degradation|g__Roseburia.s__Roseburia_hominis	4.4715096209
PWY-7237: myo-, chiro- and scyllo-inositol degradation|g__Klebsiella.s__Klebsiella_aerogenes	3.4311866623
PWY-7237: myo-, chiro- and scyllo-inositol degradation|g__Klebsiella.s__Klebsiella_variicola	2.6613451568
PWY-6122: 5-aminoimidazole ribonucleotide biosynthesis II	4026.4542349415
PWY-6122: 5-aminoimidazole ribonucleotide biosynthesis II|g__Blautia.s__Blautia_obeum	966.5749156979
PWY-6122: 5-aminoimidazole ribonucleotide biosynthesis II|g__Blautia.s__Blautia_wexlerae	740.1594391246
PWY-6122: 5-aminoimidazole ribonucleotide biosynthesis II|unclassified	701.7983711371
PWY-6122: 5-aminoimidazole ribonucleotide biosynthesis II|g__Dorea.s__Dorea_longicatena	469.2805104875
PWY-6122: 5-aminoimidazole ribonucleotide biosynthesis II|g__Bifidobacterium.s__Bifidobacterium_bifidum	447.5772670699
PWY-6122: 5-aminoimidazole ribonucleotide biosynthesis II|g__Bifidobacterium.s__Bifidobacterium_pseudolongum	222.5844880336
PWY-6122: 5-aminoimidazole ribonucleotide biosynthesis II|g__Roseburia.s__Roseburia_intestinalis	89.6093421714
PWY-6122: 5-aminoimidazole ribonucleotide biosynthesis II|g__Dialister.s__Dialister_invisus	46.2457503051
PWY-6122: 5-aminoimidazole ribonucleotide biosynthesis II|g__Eggerthella.s__Eggerthella_lenta	33.7823671513
PWY-6122: 5-aminoimidazole ribonucleotide biosynthesis II|g__Clostridiales_unclassified.s__Clostridiales_bacterium_KLE1615	24.6394669952
PWY-6122: 5-aminoimidazole ribonucleotide biosynthesis II|g__Gordonibacter.s__Gordonibacter_pamelaeae	11.2488053979
PWY-6122: 5-aminoimidazole ribonucleotide biosynthesis II|g__Absiella.s__Absiella_dolichum	10.1222059819
PWY-6277: superpathway of 5-aminoimidazole ribonucleotide biosynthesis	4026.4542349415
PWY-6277: superpathway of 5-aminoimidazole ribonucleotide biosynthesis|g__Blautia.s__Blautia_obeum	966.5749156979
PWY-6277: superpathway of 5-aminoimidazole ribonucleotide biosynthesis|g__Blautia.s__Blautia_wexlerae	740.1594391246
PWY-6277: superpathway of 5-aminoimidazole ribonucleotide biosynthesis|unclassified	701.7983711371
PWY-6277: superpathway of 5-aminoimidazole ribonucleotide biosynthesis|g__Dorea.s__Dorea_longicatena	469.2805104875
PWY-6277: superpathway of 5-aminoimidazole ribonucleotide biosynthesis|g__Bifidobacterium.s__Bifidobacterium_bifidum	447.5772670699
PWY-6277: superpathway of 5-aminoimidazole ribonucleotide biosynthesis|g__Bifidobacterium.s__Bifidobacterium_pseudolongum	222.5844880336
PWY-6277: superpathway of 5-aminoimidazole ribonucleotide biosynthesis|g__Roseburia.s__Roseburia_intestinalis	89.6093421714
PWY-6277: superpathway of 5-aminoimidazole ribonucleotide biosynthesis|g__Dialister.s__Dialister_invisus	46.2457503051
PWY-6277: superpathway of 5-aminoimidazole ribonucleotide biosynthesis|g__Eggerthella.s__Eggerthella_lenta	33.7823671513
PWY-6277: superpathway of 5-aminoimidazole ribonucleotide biosynthesis|g__Clostridiales_unclassified.s__Clostridiales_bacterium_KLE1615	24.6394669952
PWY-6277: superpathway of 5-aminoimidazole ribonucleotide biosynthesis|g__Gordonibacter.s__Gordonibacter_pamelaeae	11.2488053979
PWY-6277: superpathway of 5-aminoimidazole ribonucleotide biosynthesis|g__Absiella.s__Absiella_dolichum	10.1222059819
PWY-7111: pyruvate fermentation to isobutanol (engineered)	4024.8916905516
PWY-7111: pyruvate fermentation to isobutanol (engineered)|g__Blautia.s__Blautia_wexlerae	1048.0568633971
PWY-7111: pyruvate fermentation to isobutanol (engineered)|g__Dorea.s__Dorea_longicatena	612.4463682274
PWY-7111: pyruvate fermentation to isobutanol (engineered)|unclassified	559.3383243915
PWY-7111: pyruvate fermentation to isobutanol (engineered)|g__Bifidobacterium.s__Bifidobacterium_bifidum	516.7884730024
PWY-7111: pyruvate fermentation to isobutanol (engineered)|g__Bifidobacterium.s__Bifidobacterium_pseudolongum	297.7621754780
PWY-7111: pyruvate fermentation to isobutanol (engineered)|g__Roseburia.s__Roseburia_intestinalis	119.5051143139
PWY-7111: pyruvate fermentation to isobutanol (engineered)|g__Erysipelatoclostridium.s__Clostridium_spiroforme	15.9459673637
PWY-7111: pyruvate fermentation to isobutanol (engineered)|g__Blautia.s__Blautia_obeum	3.1378209001
PWY-6386: UDP-N-acetylmuramoyl-pentapeptide biosynthesis II (lysine-containing)	3988.4396977887
PWY-6386: UDP-N-acetylmuramoyl-pentapeptide biosynthesis II (lysine-containing)|g__Blautia.s__Blautia_wexlerae	942.2152290445
PWY-6386: UDP-N-acetylmuramoyl-pentapeptide biosynthesis II (lysine-containing)|g__Blautia.s__Blautia_obeum	674.1543039860
PWY-6386: UDP-N-acetylmuramoyl-pentapeptide biosynthesis II (lysine-containing)|unclassified	649.1636830032
PWY-6386: UDP-N-acetylmuramoyl-pentapeptide biosynthesis II (lysine-containing)|g__Dorea.s__Dorea_longicatena	486.6004054386
PWY-6386: UDP-N-acetylmuramoyl-pentapeptide biosynthesis II (lysine-containing)|g__Bifidobacterium.s__Bifidobacterium_bifidum	479.6237313426
PWY-6386: UDP-N-acetylmuramoyl-pentapeptide biosynthesis II (lysine-containing)|g__Bifidobacterium.s__Bifidobacterium_pseudolongum	311.2389777519
PWY-6386: UDP-N-acetylmuramoyl-pentapeptide biosynthesis II (lysine-containing)|g__Clostridiales_unclassified.s__Clostridiales_bacterium_KLE1615	35.9216747491
PWY-6386: UDP-N-acetylmuramoyl-pentapeptide biosynthesis II (lysine-containing)|g__Dialister.s__Dialister_invisus	31.5441007314
PWY-6386: UDP-N-acetylmuramoyl-pentapeptide biosynthesis II (lysine-containing)|g__Eggerthella.s__Eggerthella_lenta	25.7652201242
PWY-6386: UDP-N-acetylmuramoyl-pentapeptide biosynthesis II (lysine-containing)|g__Sellimonas.s__Sellimonas_intestinalis	9.4797565809
PWY-6527: stachyose degradation	3960.3461604537
PWY-6527: stachyose degradation|g__Blautia.s__Blautia_obeum	1254.9970724411
PWY-6527: stachyose degradation|g__Blautia.s__Blautia_wexlerae	914.2526092137
PWY-6527: stachyose degradation|g__Dorea.s__Dorea_longicatena	486.2835455950
PWY-6527: stachyose degradation|unclassified	442.8659760147
PWY-6527: stachyose degradation|g__Roseburia.s__Roseburia_intestinalis	141.8914444996
PWY-6527: stachyose degradation|g__Clostridiales_unclassified.s__Clostridiales_bacterium_KLE1615	29.7371444937
PWY-1042: glycolysis IV	3918.9434829855
PWY-1042: glycolysis IV|g__Blautia.s__Blautia_wexlerae	1439.2883438631
PWY-1042: glycolysis IV|unclassified	684.6781557397
PWY-1042: glycolysis IV|g__Dorea.s__Dorea_longicatena	521.0244458718
PWY-1042: glycolysis IV|g__Roseburia.s__Roseburia_intestinalis	114.5525892704
PWY-1042: glycolysis IV|g__Eggerthella.s__Eggerthella_lenta	27.7156301935
PWY-6387: UDP-N-acetylmuramoyl-pentapeptide biosynthesis I (meso-diaminopimelate containing)	3909.0190838426
PWY-6387: UDP-N-acetylmuramoyl-pentapeptide biosynthesis I (meso-diaminopimelate containing)|g__Blautia.s__Blautia_wexlerae	927.3175909684
PWY-6387: UDP-N-acetylmuramoyl-pentapeptide biosynthesis I (meso-diaminopimelate containing)|g__Blautia.s__Blautia_obeum	764.6643874395
PWY-6387: UDP-N-acetylmuramoyl-pentapeptide biosynthesis I (meso-diaminopimelate containing)|unclassified	636.1964394246
PWY-6387: UDP-N-acetylmuramoyl-pentapeptide biosynthesis I (meso-diaminopimelate containing)|g__Dorea.s__Dorea_longicatena	506.4989847442
PWY-6387: UDP-N-acetylmuramoyl-pentapeptide biosynthesis I (meso-diaminopimelate containing)|g__Bifidobacterium.s__Bifidobacterium_bifidum	457.6113577473
PWY-6387: UDP-N-acetylmuramoyl-pentapeptide biosynthesis I (meso-diaminopimelate containing)|g__Bifidobacterium.s__Bifidobacterium_pseudolongum	297.6905206801
PWY-6387: UDP-N-acetylmuramoyl-pentapeptide biosynthesis I (meso-diaminopimelate containing)|g__Roseburia.s__Roseburia_intestinalis	100.6899699121
PWY-6387: UDP-N-acetylmuramoyl-pentapeptide biosynthesis I (meso-diaminopimelate containing)|g__Clostridiales_unclassified.s__Clostridiales_bacterium_KLE1615	34.0145478603
PWY-6387: UDP-N-acetylmuramoyl-pentapeptide biosynthesis I (meso-diaminopimelate containing)|g__Dialister.s__Dialister_invisus	31.0518831712
PWY-6387: UDP-N-acetylmuramoyl-pentapeptide biosynthesis I (meso-diaminopimelate containing)|g__Eggerthella.s__Eggerthella_lenta	27.4469149288
PWY-6387: UDP-N-acetylmuramoyl-pentapeptide biosynthesis I (meso-diaminopimelate containing)|g__Sellimonas.s__Sellimonas_intestinalis	9.2816715179
PWY-6151: S-adenosyl-L-methionine salvage I	3877.0987764455
PWY-6151: S-adenosyl-L-methionine salvage I|g__Blautia.s__Blautia_wexlerae	1343.4389688060
PWY-6151: S-adenosyl-L-methionine salvage I|g__Dorea.s__Dorea_longicatena	843.3863489951
PWY-6151: S-adenosyl-L-methionine salvage I|unclassified	582.5815778692
PWY-6151: S-adenosyl-L-methionine salvage I|g__Bifidobacterium.s__Bifidobacterium_bifidum	515.0973627758
PWY-6151: S-adenosyl-L-methionine salvage I|g__Bifidobacterium.s__Bifidobacterium_pseudolongum	250.2924685226
PWY-6151: S-adenosyl-L-methionine salvage I|g__Roseburia.s__Roseburia_intestinalis	92.1591012622
PWY-6151: S-adenosyl-L-methionine salvage I|g__Clostridiales_unclassified.s__Clostridiales_bacterium_KLE1615	40.3236541667
PWY-6151: S-adenosyl-L-methionine salvage I|g__Erysipelatoclostridium.s__Erysipelatoclostridium_ramosum	8.4671024928
PWY-6151: S-adenosyl-L-methionine salvage I|g__Sellimonas.s__Sellimonas_intestinalis	6.2356434204
PEPTIDOGLYCANSYN-PWY: peptidoglycan biosynthesis I (meso-diaminopimelate containing)	3853.8422655866
PEPTIDOGLYCANSYN-PWY: peptidoglycan biosynthesis I (meso-diaminopimelate containing)|g__Blautia.s__Blautia_wexlerae	906.7660290794
PEPTIDOGLYCANSYN-PWY: peptidoglycan biosynthesis I (meso-diaminopimelate containing)|g__Blautia.s__Blautia_obeum	772.2426226424
PEPTIDOGLYCANSYN-PWY: peptidoglycan biosynthesis I (meso-diaminopimelate containing)|unclassified	627.8430829782
PEPTIDOGLYCANSYN-PWY: peptidoglycan biosynthesis I (meso-diaminopimelate containing)|g__Dorea.s__Dorea_longicatena	490.0828467558
PEPTIDOGLYCANSYN-PWY: peptidoglycan biosynthesis I (meso-diaminopimelate containing)|g__Bifidobacterium.s__Bifidobacterium_bifidum	474.2338196282
PEPTIDOGLYCANSYN-PWY: peptidoglycan biosynthesis I (meso-diaminopimelate containing)|g__Bifidobacterium.s__Bifidobacterium_pseudolongum	292.9403030804
PEPTIDOGLYCANSYN-PWY: peptidoglycan biosynthesis I (meso-diaminopimelate containing)|g__Roseburia.s__Roseburia_intestinalis	90.7921855681
PEPTIDOGLYCANSYN-PWY: peptidoglycan biosynthesis I (meso-diaminopimelate containing)|g__Dialister.s__Dialister_invisus	31.8136904974
PEPTIDOGLYCANSYN-PWY: peptidoglycan biosynthesis I (meso-diaminopimelate containing)|g__Eggerthella.s__Eggerthella_lenta	26.0583738484
ARGSYNBSUB-PWY: L-arginine biosynthesis II (acetyl cycle)	3853.3817834671
ARGSYNBSUB-PWY: L-arginine biosynthesis II (acetyl cycle)|g__Blautia.s__Blautia_wexlerae	1346.1967861952
ARGSYNBSUB-PWY: L-arginine biosynthesis II (acetyl cycle)|unclassified	585.2584612013
ARGSYNBSUB-PWY: L-arginine biosynthesis II (acetyl cycle)|g__Dorea.s__Dorea_longicatena	487.2922253054
ARGSYNBSUB-PWY: L-arginine biosynthesis II (acetyl cycle)|g__Bifidobacterium.s__Bifidobacterium_bifidum	484.7730022191
ARGSYNBSUB-PWY: L-arginine biosynthesis II (acetyl cycle)|g__Bifidobacterium.s__Bifidobacterium_pseudolongum	254.0618863182
ARGSYNBSUB-PWY: L-arginine biosynthesis II (acetyl cycle)|g__Roseburia.s__Roseburia_intestinalis	94.8649794087
ARGSYNBSUB-PWY: L-arginine biosynthesis II (acetyl cycle)|g__Eggerthella.s__Eggerthella_lenta	24.7080200827
ARGSYNBSUB-PWY: L-arginine biosynthesis II (acetyl cycle)|g__Clostridiales_unclassified.s__Clostridiales_bacterium_KLE1615	21.0022397629
ARGSYNBSUB-PWY: L-arginine biosynthesis II (acetyl cycle)|g__Sellimonas.s__Sellimonas_intestinalis	7.1830012868
NONMEVIPP-PWY: methylerythritol phosphate pathway I	3838.1591402424
NONMEVIPP-PWY: methylerythritol phosphate pathway I|g__Blautia.s__Blautia_wexlerae	736.8402349174
NONMEVIPP-PWY: methylerythritol phosphate pathway I|g__Bifidobacterium.s__Bifidobacterium_bifidum	541.8293198017
NONMEVIPP-PWY: methylerythritol phosphate pathway I|g__Dorea.s__Dorea_longicatena	523.0194770727
NONMEVIPP-PWY: methylerythritol phosphate pathway I|unclassified	495.9288419405
NONMEVIPP-PWY: methylerythritol phosphate pathway I|g__Blautia.s__Blautia_obeum	307.0464428083
NONMEVIPP-PWY: methylerythritol phosphate pathway I|g__Bifidobacterium.s__Bifidobacterium_pseudolongum	269.7804128197
NONMEVIPP-PWY: methylerythritol phosphate pathway I|g__Roseburia.s__Roseburia_intestinalis	103.6819075207
NONMEVIPP-PWY: methylerythritol phosphate pathway I|g__Clostridiales_unclassified.s__Clostridiales_bacterium_KLE1615	23.7923899151
BRANCHED-CHAIN-AA-SYN-PWY: superpathway of branched chain amino acid biosynthesis	3795.4084684536
BRANCHED-CHAIN-AA-SYN-PWY: superpathway of branched chain amino acid biosynthesis|g__Blautia.s__Blautia_wexlerae	740.1982449814
BRANCHED-CHAIN-AA-SYN-PWY: superpathway of branched chain amino acid biosynthesis|g__Bifidobacterium.s__Bifidobacterium_bifidum	594.2630731627
BRANCHED-CHAIN-AA-SYN-PWY: superpathway of branched chain amino acid biosynthesis|g__Dorea.s__Dorea_longicatena	464.7390722937
BRANCHED-CHAIN-AA-SYN-PWY: superpathway of branched chain amino acid biosynthesis|unclassified	328.4037282398
BRANCHED-CHAIN-AA-SYN-PWY: superpathway of branched chain amino acid biosynthesis|g__Bifidobacterium.s__Bifidobacterium_pseudolongum	271.0162442453
BRANCHED-CHAIN-AA-SYN-PWY: superpathway of branched chain amino acid biosynthesis|g__Roseburia.s__Roseburia_intestinalis	117.6586108398
BRANCHED-CHAIN-AA-SYN-PWY: superpathway of branched chain amino acid biosynthesis|g__Eggerthella.s__Eggerthella_lenta	22.2941589599
BRANCHED-CHAIN-AA-SYN-PWY: superpathway of branched chain amino acid biosynthesis|g__Klebsiella.s__Klebsiella_pneumoniae	19.8590477927
PWY-6385: peptidoglycan biosynthesis III (mycobacteria)	3779.5354113095
PWY-6385: peptidoglycan biosynthesis III (mycobacteria)|g__Blautia.s__Blautia_wexlerae	902.6066392249
PWY-6385: peptidoglycan biosynthesis III (mycobacteria)|g__Blautia.s__Blautia_obeum	660.4796635145
PWY-6385: peptidoglycan biosynthesis III (mycobacteria)|unclassified	624.0842986979
PWY-6385: peptidoglycan biosynthesis III (mycobacteria)|g__Dorea.s__Dorea_longicatena	480.5334400584
PWY-6385: peptidoglycan biosynthesis III (mycobacteria)|g__Bifidobacterium.s__Bifidobacterium_bifidum	457.1125327876
PWY-6385: peptidoglycan biosynthesis III (mycobacteria)|g__Dialister.s__Dialister_invisus	31.6201063464
PWY-6385: peptidoglycan biosynthesis III (mycobacteria)|g__Eggerthella.s__Eggerthella_lenta	26.3647858335
PWY-2942: L-lysine biosynthesis III	3774.3177471739
PWY-2942: L-lysine biosynthesis III|g__Blautia.s__Blautia_obeum	811.6113559937
PWY-2942: L-lysine biosynthesis III|g__Blautia.s__Blautia_wexlerae	760.3454197449
PWY-2942: L-lysine biosynthesis III|g__Dorea.s__Dorea_longicatena	606.7111948729
PWY-2942: L-lysine biosynthesis III|unclassified	543.9006122500
PWY-2942: L-lysine biosynthesis III|g__Bifidobacterium.s__Bifidobacterium_bifidum	495.0225988084
PWY-2942: L-lysine biosynthesis III|g__Bifidobacterium.s__Bifidobacterium_pseudolongum	278.0982244552
PWY-2942: L-lysine biosynthesis III|g__Dialister.s__Dialister_invisus	36.7334225611
PWY-2942: L-lysine biosynthesis III|g__Eggerthella.s__Eggerthella_lenta	33.4730971416
PWY-2942: L-lysine biosynthesis III|g__Gordonibacter.s__Gordonibacter_pamelaeae	8.3333016761
PWY-7953: UDP-N-acetylmuramoyl-pentapeptide biosynthesis III (meso-diaminopimelate containing)	3737.7816520047
PWY-7953: UDP-N-acetylmuramoyl-pentapeptide biosynthesis III (meso-diaminopimelate containing)|g__Blautia.s__Blautia_wexlerae	899.8450682173
PWY-7953: UDP-N-acetylmuramoyl-pentapeptide biosynthesis III (meso-diaminopimelate containing)|unclassified	629.8246102299
PWY-7953: UDP-N-acetylmuramoyl-pentapeptide biosynthesis III (meso-diaminopimelate containing)|g__Blautia.s__Blautia_obeum	613.9742205674
PWY-7953: UDP-N-acetylmuramoyl-pentapeptide biosynthesis III (meso-diaminopimelate containing)|g__Dorea.s__Dorea_longicatena	466.5786963297
PWY-7953: UDP-N-acetylmuramoyl-pentapeptide biosynthesis III (meso-diaminopimelate containing)|g__Bifidobacterium.s__Bifidobacterium_bifidum	452.1082170802
PWY-7953: UDP-N-acetylmuramoyl-pentapeptide biosynthesis III (meso-diaminopimelate containing)|g__Roseburia.s__Roseburia_intestinalis	94.7299682897
PWY-7953: UDP-N-acetylmuramoyl-pentapeptide biosynthesis III (meso-diaminopimelate containing)|g__Dialister.s__Dialister_invisus	30.1363665916
PWY-7953: UDP-N-acetylmuramoyl-pentapeptide biosynthesis III (meso-diaminopimelate containing)|g__Eggerthella.s__Eggerthella_lenta	24.7595303080
PWY-6121: 5-aminoimidazole ribonucleotide biosynthesis I	3726.4639754600
PWY-6121: 5-aminoimidazole ribonucleotide biosynthesis I|g__Blautia.s__Blautia_wexlerae	789.9469819900
PWY-6121: 5-aminoimidazole ribonucleotide biosynthesis I|unclassified	693.7453915170
PWY-6121: 5-aminoimidazole ribonucleotide biosynthesis I|g__Blautia.s__Blautia_obeum	623.7443870983
PWY-6121: 5-aminoimidazole ribonucleotide biosynthesis I|g__Dorea.s__Dorea_longicatena	441.2031561020
PWY-6121: 5-aminoimidazole ribonucleotide biosynthesis I|g__Bifidobacterium.s__Bifidobacterium_bifidum	387.4934817208
PWY-6121: 5-aminoimidazole ribonucleotide biosynthesis I|g__Roseburia.s__Roseburia_intestinalis	91.6715851847
PWY-6121: 5-aminoimidazole ribonucleotide biosynthesis I|g__Dialister.s__Dialister_invisus	47.1953708979
PWY-6121: 5-aminoimidazole ribonucleotide biosynthesis I|g__Eggerthella.s__Eggerthella_lenta	30.4885058621
PWY-6121: 5-aminoimidazole ribonucleotide biosynthesis I|g__Clostridiales_unclassified.s__Clostridiales_bacterium_KLE1615	24.5006528443
PWY-6121: 5-aminoimidazole ribonucleotide biosynthesis I|g__Gordonibacter.s__Gordonibacter_pamelaeae	11.1251226647
PWY-6121: 5-aminoimidazole ribonucleotide biosynthesis I|g__Absiella.s__Absiella_dolichum	8.6260317862
PWY-5103: L-isoleucine biosynthesis III	3716.0239125713
PWY-5103: L-isoleucine biosynthesis III|g__Blautia.s__Blautia_wexlerae	656.8210082458
PWY-5103: L-isoleucine biosynthesis III|g__Bifidobacterium.s__Bifidobacterium_bifidum	568.6472097016
PWY-5103: L-isoleucine biosynthesis III|g__Dorea.s__Dorea_longicatena	460.2030375304
PWY-5103: L-isoleucine biosynthesis III|unclassified	282.7196870402
PWY-5103: L-isoleucine biosynthesis III|g__Bifidobacterium.s__Bifidobacterium_pseudolongum	254.9197764276
PWY-5103: L-isoleucine biosynthesis III|g__Roseburia.s__Roseburia_intestinalis	107.4875219628
PWY-5103: L-isoleucine biosynthesis III|g__Eggerthella.s__Eggerthella_lenta	20.7614175411
PWY-5103: L-isoleucine biosynthesis III|g__Klebsiella.s__Klebsiella_pneumoniae	16.9129377722
PWY-5103: L-isoleucine biosynthesis III|g__Blautia.s__Blautia_obeum	3.1510721071
ARGSYN-PWY: L-arginine biosynthesis I (via L-ornithine)	3696.1267846475
ARGSYN-PWY: L-arginine biosynthesis I (via L-ornithine)|g__Blautia.s__Blautia_wexlerae	1460.8533345537
ARGSYN-PWY: L-arginine biosynthesis I (via L-ornithine)|unclassified	567.3046353446
ARGSYN-PWY: L-arginine biosynthesis I (via L-ornithine)|g__Bifidobacterium.s__Bifidobacterium_bifidum	466.2493418091
ARGSYN-PWY: L-arginine biosynthesis I (via L-ornithine)|g__Dorea.s__Dorea_longicatena	465.5016318056
ARGSYN-PWY: L-arginine biosynthesis I (via L-ornithine)|g__Bifidobacterium.s__Bifidobacterium_pseudolongum	251.7893011141
ARGSYN-PWY: L-arginine biosynthesis I (via L-ornithine)|g__Roseburia.s__Roseburia_intestinalis	85.4387484679
ARGSYN-PWY: L-arginine biosynthesis I (via L-ornithine)|g__Clostridiales_unclassified.s__Clostridiales_bacterium_KLE1615	23.4961294057
COMPLETE-ARO-PWY: superpathway of aromatic amino acid biosynthesis	3657.7345034589
COMPLETE-ARO-PWY: superpathway of aromatic amino acid biosynthesis|g__Blautia.s__Blautia_obeum	788.5994474297
COMPLETE-ARO-PWY: superpathway of aromatic amino acid biosynthesis|g__Blautia.s__Blautia_wexlerae	776.1725644701
COMPLETE-ARO-PWY: superpathway of aromatic amino acid biosynthesis|unclassified	571.6993253542
COMPLETE-ARO-PWY: superpathway of aromatic amino acid biosynthesis|g__Roseburia.s__Roseburia_intestinalis	136.2248171250
COMPLETE-ARO-PWY: superpathway of aromatic amino acid biosynthesis|g__Clostridiales_unclassified.s__Clostridiales_bacterium_KLE1615	24.6005574387
PWY-5097: L-lysine biosynthesis VI	3618.1204493315
PWY-5097: L-lysine biosynthesis VI|g__Blautia.s__Blautia_wexlerae	948.6234113115
PWY-5097: L-lysine biosynthesis VI|g__Blautia.s__Blautia_obeum	777.2346015899
PWY-5097: L-lysine biosynthesis VI|g__Dorea.s__Dorea_longicatena	570.4636910655
PWY-5097: L-lysine biosynthesis VI|unclassified	533.1334354091
PWY-5097: L-lysine biosynthesis VI|g__Bifidobacterium.s__Bifidobacterium_bifidum	500.2503371710
PWY-5097: L-lysine biosynthesis VI|g__Bifidobacterium.s__Bifidobacterium_pseudolongum	277.9706622235
PWY-5097: L-lysine biosynthesis VI|g__Roseburia.s__Roseburia_intestinalis	69.5321143754
PWY-5097: L-lysine biosynthesis VI|g__Dialister.s__Dialister_invisus	34.1715269086
PWY-5686: UMP biosynthesis I	3598.4039356250
PWY-5686: UMP biosynthesis I|g__Blautia.s__Blautia_wexlerae	1089.7451119094
PWY-5686: UMP biosynthesis I|unclassified	548.5222100911
PWY-5686: UMP biosynthesis I|g__Bifidobacterium.s__Bifidobacterium_bifidum	511.7059668709
PWY-5686: UMP biosynthesis I|g__Bifidobacterium.s__Bifidobacterium_pseudolongum	321.9539615206
PWY-5686: UMP biosynthesis I|g__Dorea.s__Dorea_longicatena	262.5552663319
PWY-5686: UMP biosynthesis I|g__Roseburia.s__Roseburia_intestinalis	93.8928378033
PWY-5686: UMP biosynthesis I|g__Eggerthella.s__Eggerthella_lenta	29.1259059272
PWY-5686: UMP biosynthesis I|g__Dialister.s__Dialister_invisus	27.5115654805
PWY-5686: UMP biosynthesis I|g__Clostridiales_unclassified.s__Clostridiales_bacterium_KLE1615	18.4775116752
PWY-5686: UMP biosynthesis I|g__Gordonibacter.s__Gordonibacter_pamelaeae	9.4582203994
PWY-7790: UMP biosynthesis II	3598.4039356250
PWY-7790: UMP biosynthesis II|g__Blautia.s__Blautia_wexlerae	1089.7451119094
PWY-7790: UMP biosynthesis II|unclassified	548.5222100911
PWY-7790: UMP biosynthesis II|g__Bifidobacterium.s__Bifidobacterium_bifidum	503.2775639026
PWY-7790: UMP biosynthesis II|g__Bifidobacterium.s__Bifidobacterium_pseudolongum	311.0931117106
PWY-7790: UMP biosynthesis II|g__Dorea.s__Dorea_longicatena	262.5552663319
PWY-7790: UMP biosynthesis II|g__Roseburia.s__Roseburia_intestinalis	93.8928378033
PWY-7790: UMP biosynthesis II|g__Eggerthella.s__Eggerthella_lenta	29.1259059272
PWY-7790: UMP biosynthesis II|g__Dialister.s__Dialister_invisus	27.5115654805
PWY-7790: UMP biosynthesis II|g__Clostridiales_unclassified.s__Clostridiales_bacterium_KLE1615	18.4775116752
PWY-7790: UMP biosynthesis II|g__Gordonibacter.s__Gordonibacter_pamelaeae	9.4582203994
PWY-7791: UMP biosynthesis III	3598.4039356250
PWY-7791: UMP biosynthesis III|g__Blautia.s__Blautia_wexlerae	1089.7451119094
PWY-7791: UMP biosynthesis III|unclassified	548.5222100911
PWY-7791: UMP biosynthesis III|g__Bifidobacterium.s__Bifidobacterium_bifidum	503.2775639026
PWY-7791: UMP biosynthesis III|g__Bifidobacterium.s__Bifidobacterium_pseudolongum	311.0931117106
PWY-7791: UMP biosynthesis III|g__Dorea.s__Dorea_longicatena	262.5552663319
PWY-7791: UMP biosynthesis III|g__Roseburia.s__Roseburia_intestinalis	93.8928378033
PWY-7791: UMP biosynthesis III|g__Eggerthella.s__Eggerthella_lenta	29.1259059272
PWY-7791: UMP biosynthesis III|g__Dialister.s__Dialister_invisus	27.5115654805
PWY-7791: UMP biosynthesis III|g__Clostridiales_unclassified.s__Clostridiales_bacterium_KLE1615	18.4775116752
PWY-7791: UMP biosynthesis III|g__Gordonibacter.s__Gordonibacter_pamelaeae	9.4582203994
GLUCOSE1PMETAB-PWY: glucose and glucose-1-phosphate degradation	3563.6144103799
GLUCOSE1PMETAB-PWY: glucose and glucose-1-phosphate degradation|unclassified	166.2821973384
GLUCOSE1PMETAB-PWY: glucose and glucose-1-phosphate degradation|g__Klebsiella.s__Klebsiella_pneumoniae	5.3056987739
GLUTORN-PWY: L-ornithine biosynthesis I	3514.4674929661
GLUTORN-PWY: L-ornithine biosynthesis I|g__Blautia.s__Blautia_wexlerae	1003.6052294320
GLUTORN-PWY: L-ornithine biosynthesis I|g__Dorea.s__Dorea_longicatena	463.7531886242
GLUTORN-PWY: L-ornithine biosynthesis I|unclassified	437.9038150003
GLUTORN-PWY: L-ornithine biosynthesis I|g__Bifidobacterium.s__Bifidobacterium_bifidum	422.0444384559
GLUTORN-PWY: L-ornithine biosynthesis I|g__Bifidobacterium.s__Bifidobacterium_pseudolongum	232.1822157721
GLUTORN-PWY: L-ornithine biosynthesis I|g__Roseburia.s__Roseburia_intestinalis	103.7092265888
GLUTORN-PWY: L-ornithine biosynthesis I|g__Clostridiales_unclassified.s__Clostridiales_bacterium_KLE1615	19.1499933844
GLUTORN-PWY: L-ornithine biosynthesis I|g__Sellimonas.s__Sellimonas_intestinalis	8.2051618485
ANAGLYCOLYSIS-PWY: glycolysis III (from glucose)	3478.7059714819
ANAGLYCOLYSIS-PWY: glycolysis III (from glucose)|g__Blautia.s__Blautia_wexlerae	1019.1530461114
ANAGLYCOLYSIS-PWY: glycolysis III (from glucose)|unclassified	652.4040098906
ANAGLYCOLYSIS-PWY: glycolysis III (from glucose)|g__Dorea.s__Dorea_longicatena	356.4662091764
ANAGLYCOLYSIS-PWY: glycolysis III (from glucose)|g__Roseburia.s__Roseburia_intestinalis	104.3860391735
PWY-7357: thiamine phosphate formation from pyrithiamine and oxythiamine (yeast)	3430.1444265000
PWY-7357: thiamine phosphate formation from pyrithiamine and oxythiamine (yeast)|g__Blautia.s__Blautia_obeum	944.5651872616
PWY-7357: thiamine phosphate formation from pyrithiamine and oxythiamine (yeast)|g__Blautia.s__Blautia_wexlerae	695.0041088543
PWY-7357: thiamine phosphate formation from pyrithiamine and oxythiamine (yeast)|g__Dorea.s__Dorea_longicatena	468.3009746908
PWY-7357: thiamine phosphate formation from pyrithiamine and oxythiamine (yeast)|g__Bifidobacterium.s__Bifidobacterium_bifidum	441.2309594414
PWY-7357: thiamine phosphate formation from pyrithiamine and oxythiamine (yeast)|unclassified	287.6013729612
PWY-7357: thiamine phosphate formation from pyrithiamine and oxythiamine (yeast)|g__Roseburia.s__Roseburia_intestinalis	141.2791064582
PWY-7357: thiamine phosphate formation from pyrithiamine and oxythiamine (yeast)|g__Dialister.s__Dialister_invisus	40.2468667750
PWY-7357: thiamine phosphate formation from pyrithiamine and oxythiamine (yeast)|g__Eggerthella.s__Eggerthella_lenta	20.6249577376
CALVIN-PWY: Calvin-Benson-Bassham cycle	3424.4833766676
CALVIN-PWY: Calvin-Benson-Bassham cycle|g__Blautia.s__Blautia_wexlerae	1505.6417886668
CALVIN-PWY: Calvin-Benson-Bassham cycle|unclassified	445.3742996178
CALVIN-PWY: Calvin-Benson-Bassham cycle|g__Roseburia.s__Roseburia_intestinalis	102.7436659934
PWY-3841: folate transformations II (plants)	3394.7025020314
PWY-3841: folate transformations II (plants)|g__Blautia.s__Blautia_wexlerae	1104.5285736746
PWY-3841: folate transformations II (plants)|unclassified	628.3522189047
PWY-3841: folate transformations II (plants)|g__Dorea.s__Dorea_longicatena	280.2839932499
PWY-3841: folate transformations II (plants)|g__Roseburia.s__Roseburia_intestinalis	111.8627558534
PWY-3841: folate transformations II (plants)|g__Blautia.s__Blautia_obeum	71.1549011479
PWY-3841: folate transformations II (plants)|g__Dialister.s__Dialister_invisus	28.9826986258
PWY-3841: folate transformations II (plants)|g__Clostridiales_unclassified.s__Clostridiales_bacterium_KLE1615	24.5184818664
PWY-3841: folate transformations II (plants)|g__Erysipelatoclostridium.s__Clostridium_spiroforme	7.3284866095
PWY-3841: folate transformations II (plants)|g__Erysipelatoclostridium.s__Erysipelatoclostridium_ramosum	4.1530960746
PWY-8178: pentose phosphate pathway (non-oxidative branch) II	3382.1030936503
PWY-8178: pentose phosphate pathway (non-oxidative branch) II|g__Blautia.s__Blautia_wexlerae	1227.7950330087
PWY-8178: pentose phosphate pathway (non-oxidative branch) II|unclassified	357.3904382394
PWY-8178: pentose phosphate pathway (non-oxidative branch) II|g__Bifidobacterium.s__Bifidobacterium_bifidum	193.6106387536
PWY-8178: pentose phosphate pathway (non-oxidative branch) II|g__Roseburia.s__Roseburia_intestinalis	121.5003366799
PWY-8178: pentose phosphate pathway (non-oxidative branch) II|g__Blautia.s__Blautia_obeum	10.0727601909
PWY-8178: pentose phosphate pathway (non-oxidative branch) II|g__Klebsiella.s__Klebsiella_pneumoniae	6.9432072595
PWY0-1296: purine ribonucleosides degradation	3341.2970512818
PWY0-1296: purine ribonucleosides degradation|g__Blautia.s__Blautia_obeum	1163.0863310274
PWY0-1296: purine ribonucleosides degradation|g__Dorea.s__Dorea_longicatena	648.4296815094
PWY0-1296: purine ribonucleosides degradation|g__Blautia.s__Blautia_wexlerae	569.3180492002
PWY0-1296: purine ribonucleosides degradation|unclassified	506.3629897841
PWY0-1296: purine ribonucleosides degradation|g__Roseburia.s__Roseburia_intestinalis	98.0059013499
PWY0-1296: purine ribonucleosides degradation|g__Clostridiales_unclassified.s__Clostridiales_bacterium_KLE1615	28.4325776013
PWY0-1296: purine ribonucleosides degradation|g__Sellimonas.s__Sellimonas_intestinalis	6.7622055100
PWY0-1296: purine ribonucleosides degradation|g__Absiella.s__Absiella_dolichum	5.4149475163
1CMET2-PWY: folate transformations III (E. coli)	3320.8917393676
1CMET2-PWY: folate transformations III (E. coli)|unclassified	485.2004515462
1CMET2-PWY: folate transformations III (E. coli)|g__Blautia.s__Blautia_wexlerae	318.6719969290
PWY-6609: adenine and adenosine salvage III	3271.0606428375
PWY-6609: adenine and adenosine salvage III|g__Blautia.s__Blautia_wexlerae	574.0870622508
PWY-6609: adenine and adenosine salvage III|g__Dorea.s__Dorea_longicatena	534.4239256938
PWY-6609: adenine and adenosine salvage III|unclassified	530.8216871411
PWY-6609: adenine and adenosine salvage III|g__Roseburia.s__Roseburia_intestinalis	107.5060987335
PWY-6609: adenine and adenosine salvage III|g__Dialister.s__Dialister_invisus	39.8414205199
PWY-6609: adenine and adenosine salvage III|g__Eggerthella.s__Eggerthella_lenta	35.9863724260
PWY-6609: adenine and adenosine salvage III|g__Clostridiales_unclassified.s__Clostridiales_bacterium_KLE1615	35.0305532814
PWY-6609: adenine and adenosine salvage III|g__Blautia.s__Blautia_obeum	19.3988129529
PWY-6609: adenine and adenosine salvage III|g__Blautia.s__Blautia_producta	6.2297801700
PWY-724: superpathway of L-lysine, L-threonine and L-methionine biosynthesis II	3201.0927421263
PWY-724: superpathway of L-lysine, L-threonine and L-methionine biosynthesis II|g__Blautia.s__Blautia_obeum	640.7910710184
PWY-724: superpathway of L-lysine, L-threonine and L-methionine biosynthesis II|g__Dorea.s__Dorea_longicatena	502.3812325543
PWY-724: superpathway of L-lysine, L-threonine and L-methionine biosynthesis II|g__Bifidobacterium.s__Bifidobacterium_bifidum	483.5923377277
PWY-724: superpathway of L-lysine, L-threonine and L-methionine biosynthesis II|unclassified	475.0614125209
PWY-724: superpathway of L-lysine, L-threonine and L-methionine biosynthesis II|g__Roseburia.s__Roseburia_intestinalis	76.0308247023
PWY-724: superpathway of L-lysine, L-threonine and L-methionine biosynthesis II|g__Dialister.s__Dialister_invisus	34.9926363462
TRNA-CHARGING-PWY: tRNA charging	3191.4507339846
TRNA-CHARGING-PWY: tRNA charging|unclassified	524.7135693045
TRNA-CHARGING-PWY: tRNA charging|g__Roseburia.s__Roseburia_intestinalis	85.6762186785
PWY-6270: isoprene biosynthesis I	3132.0563844378
PWY-6270: isoprene biosynthesis I|g__Dorea.s__Dorea_longicatena	501.8177442813
PWY-6270: isoprene biosynthesis I|unclassified	480.0012104044
PWY-6270: isoprene biosynthesis I|g__Blautia.s__Blautia_wexlerae	378.3732403156
PWY-6270: isoprene biosynthesis I|g__Blautia.s__Blautia_obeum	4.0225721408
PWY-5667: CDP-diacylglycerol biosynthesis I	3114.7498251173
PWY-5667: CDP-diacylglycerol biosynthesis I|g__Blautia.s__Blautia_obeum	849.1171921640
PWY-5667: CDP-diacylglycerol biosynthesis I|g__Blautia.s__Blautia_wexlerae	572.7041390056
PWY-5667: CDP-diacylglycerol biosynthesis I|unclassified	506.9268113042
PWY-5667: CDP-diacylglycerol biosynthesis I|g__Dorea.s__Dorea_longicatena	434.1259804364
PWY-5667: CDP-diacylglycerol biosynthesis I|g__Roseburia.s__Roseburia_intestinalis	56.4272989838
PWY-5667: CDP-diacylglycerol biosynthesis I|g__Dialister.s__Dialister_invisus	33.3244944200
PWY-5667: CDP-diacylglycerol biosynthesis I|g__Clostridiales_unclassified.s__Clostridiales_bacterium_KLE1615	26.4564638356
PWY-5667: CDP-diacylglycerol biosynthesis I|g__Eubacterium.s__Eubacterium_sp_An11	9.5627393115
PWY-5667: CDP-diacylglycerol biosynthesis I|g__Sellimonas.s__Sellimonas_intestinalis	8.6590639716
PWY-5667: CDP-diacylglycerol biosynthesis I|g__Lachnoclostridium.s__Clostridium_scindens	6.2901897254
PWY0-1319: CDP-diacylglycerol biosynthesis II	3114.7498251173
PWY0-1319: CDP-diacylglycerol biosynthesis II|g__Blautia.s__Blautia_obeum	849.1171921640
PWY0-1319: CDP-diacylglycerol biosynthesis II|g__Blautia.s__Blautia_wexlerae	572.7041390056
PWY0-1319: CDP-diacylglycerol biosynthesis II|unclassified	506.9268113042
PWY0-1319: CDP-diacylglycerol biosynthesis II|g__Dorea.s__Dorea_longicatena	434.1259804364
PWY0-1319: CDP-diacylglycerol biosynthesis II|g__Roseburia.s__Roseburia_intestinalis	56.4272989838
PWY0-1319: CDP-diacylglycerol biosynthesis II|g__Dialister.s__Dialister_invisus	33.3244944200
PWY0-1319: CDP-diacylglycerol biosynthesis II|g__Clostridiales_unclassified.s__Clostridiales_bacterium_KLE1615	26.4564638356
PWY0-1319: CDP-diacylglycerol biosynthesis II|g__Eubacterium.s__Eubacterium_sp_An11	9.5627393115
PWY0-1319: CDP-diacylglycerol biosynthesis II|g__Sellimonas.s__Sellimonas_intestinalis	8.6590639716
PWY0-1319: CDP-diacylglycerol biosynthesis II|g__Lachnoclostridium.s__Clostridium_scindens	6.2901897254
PWY-7560: methylerythritol phosphate pathway II	3081.9237095484
PWY-7560: methylerythritol phosphate pathway II|g__Dorea.s__Dorea_longicatena	523.0194770727
PWY-7560: methylerythritol phosphate pathway II|unclassified	495.9288419405
PWY-7560: methylerythritol phosphate pathway II|g__Blautia.s__Blautia_wexlerae	340.8982692044
PWY-7560: methylerythritol phosphate pathway II|g__Blautia.s__Blautia_obeum	307.0464428083
PWY-6317: D-galactose degradation I (Leloir pathway)	3052.8662228870
PWY-6317: D-galactose degradation I (Leloir pathway)|g__Blautia.s__Blautia_wexlerae	1069.6104557322
PWY-6317: D-galactose degradation I (Leloir pathway)|g__Blautia.s__Blautia_obeum	947.0915783882
PWY-6317: D-galactose degradation I (Leloir pathway)|g__Dorea.s__Dorea_longicatena	462.1502380297
PWY-6317: D-galactose degradation I (Leloir pathway)|unclassified	440.7053351587
PWY-6317: D-galactose degradation I (Leloir pathway)|g__Roseburia.s__Roseburia_intestinalis	151.4104333908
PWY-6317: D-galactose degradation I (Leloir pathway)|g__Clostridiales_unclassified.s__Clostridiales_bacterium_KLE1615	22.3701743665
PWY-7977: L-methionine biosynthesis IV	3031.4791097084
PWY-7977: L-methionine biosynthesis IV|g__Dorea.s__Dorea_longicatena	524.9721705005
PWY-7977: L-methionine biosynthesis IV|unclassified	372.3272729174
PWY-7977: L-methionine biosynthesis IV|g__Gordonibacter.s__Gordonibacter_pamelaeae	4.5791510420
PWY-6123: inosine-5'-phosphate biosynthesis I	3026.6642048087
PWY-6123: inosine-5'-phosphate biosynthesis I|g__Blautia.s__Blautia_wexlerae	1358.2224043889
PWY-6123: inosine-5'-phosphate biosynthesis I|g__Bifidobacterium.s__Bifidobacterium_bifidum	447.5415683410
PWY-6123: inosine-5'-phosphate biosynthesis I|unclassified	396.0226658733
PWY-6123: inosine-5'-phosphate biosynthesis I|g__Bifidobacterium.s__Bifidobacterium_pseudolongum	266.6831799905
PWY-6123: inosine-5'-phosphate biosynthesis I|g__Dialister.s__Dialister_invisus	37.7495791307
PWY-6123: inosine-5'-phosphate biosynthesis I|g__Clostridiales_unclassified.s__Clostridiales_bacterium_KLE1615	20.3078045321
PWY-6123: inosine-5'-phosphate biosynthesis I|g__Eggerthella.s__Eggerthella_lenta	15.7610427674
PWY-6123: inosine-5'-phosphate biosynthesis I|g__Gordonibacter.s__Gordonibacter_pamelaeae	14.4586127841
PWY-6123: inosine-5'-phosphate biosynthesis I|g__Erysipelatoclostridium.s__Clostridium_spiroforme	10.3253318305
SER-GLYSYN-PWY: superpathway of L-serine and glycine biosynthesis I	3014.9416410167
SER-GLYSYN-PWY: superpathway of L-serine and glycine biosynthesis I|g__Blautia.s__Blautia_wexlerae	1176.2418269212
SER-GLYSYN-PWY: superpathway of L-serine and glycine biosynthesis I|g__Dorea.s__Dorea_longicatena	466.9479758870
SER-GLYSYN-PWY: superpathway of L-serine and glycine biosynthesis I|unclassified	305.7280166946
SER-GLYSYN-PWY: superpathway of L-serine and glycine biosynthesis I|g__Blautia.s__Blautia_obeum	242.4365629698
SER-GLYSYN-PWY: superpathway of L-serine and glycine biosynthesis I|g__Roseburia.s__Roseburia_intestinalis	80.1895319635
SER-GLYSYN-PWY: superpathway of L-serine and glycine biosynthesis I|g__Dialister.s__Dialister_invisus	31.9568853714
SER-GLYSYN-PWY: superpathway of L-serine and glycine biosynthesis I|g__Eggerthella.s__Eggerthella_lenta	24.6756139298
SER-GLYSYN-PWY: superpathway of L-serine and glycine biosynthesis I|g__Gordonibacter.s__Gordonibacter_pamelaeae	8.9430099629
PWY-3001: superpathway of L-isoleucine biosynthesis I	2958.4918604337
PWY-3001: superpathway of L-isoleucine biosynthesis I|g__Bifidobacterium.s__Bifidobacterium_bifidum	574.0790994874
PWY-3001: superpathway of L-isoleucine biosynthesis I|unclassified	284.8452835825
COA-PWY-1: superpathway of coenzyme A biosynthesis III (mammals)	2943.8618464398
COA-PWY-1: superpathway of coenzyme A biosynthesis III (mammals)|g__Blautia.s__Blautia_obeum	660.0141509659
COA-PWY-1: superpathway of coenzyme A biosynthesis III (mammals)|g__Blautia.s__Blautia_wexlerae	620.2908667644
COA-PWY-1: superpathway of coenzyme A biosynthesis III (mammals)|unclassified	552.7917650740
COA-PWY-1: superpathway of coenzyme A biosynthesis III (mammals)|g__Dorea.s__Dorea_longicatena	269.5809260898
COA-PWY-1: superpathway of coenzyme A biosynthesis III (mammals)|g__Roseburia.s__Roseburia_intestinalis	71.1728130747
COA-PWY-1: superpathway of coenzyme A biosynthesis III (mammals)|g__Eggerthella.s__Eggerthella_lenta	28.6897430214
COA-PWY-1: superpathway of coenzyme A biosynthesis III (mammals)|g__Dialister.s__Dialister_invisus	26.4352737739
NONOXIPENT-PWY: pentose phosphate pathway (non-oxidative branch) I	2847.3782843422
NONOXIPENT-PWY: pentose phosphate pathway (non-oxidative branch) I|g__Blautia.s__Blautia_wexlerae	890.2271703827
NONOXIPENT-PWY: pentose phosphate pathway (non-oxidative branch) I|unclassified	311.2598206412
NONOXIPENT-PWY: pentose phosphate pathway (non-oxidative branch) I|g__Bifidobacterium.s__Bifidobacterium_bifidum	212.2775569545
NONOXIPENT-PWY: pentose phosphate pathway (non-oxidative branch) I|g__Roseburia.s__Roseburia_intestinalis	75.6469347764
NONOXIPENT-PWY: pentose phosphate pathway (non-oxidative branch) I|g__Clostridiales_unclassified.s__Clostridiales_bacterium_KLE1615	37.8358248795
NONOXIPENT-PWY: pentose phosphate pathway (non-oxidative branch) I|g__Erysipelatoclostridium.s__Clostridium_innocuum	6.6135042432
NONOXIPENT-PWY: pentose phosphate pathway (non-oxidative branch) I|g__Klebsiella.s__Klebsiella_pneumoniae	6.0602690863
NONOXIPENT-PWY: pentose phosphate pathway (non-oxidative branch) I|g__Blautia.s__Blautia_obeum	5.7847612485
COA-PWY: coenzyme A biosynthesis I (prokaryotic)	2838.9735379200
COA-PWY: coenzyme A biosynthesis I (prokaryotic)|g__Blautia.s__Blautia_obeum	711.7352725347
COA-PWY: coenzyme A biosynthesis I (prokaryotic)|g__Blautia.s__Blautia_wexlerae	704.5415623791
COA-PWY: coenzyme A biosynthesis I (prokaryotic)|unclassified	500.3194118812
COA-PWY: coenzyme A biosynthesis I (prokaryotic)|g__Dorea.s__Dorea_longicatena	432.6094751053
COA-PWY: coenzyme A biosynthesis I (prokaryotic)|g__Roseburia.s__Roseburia_intestinalis	103.0548731704
COA-PWY: coenzyme A biosynthesis I (prokaryotic)|g__Dialister.s__Dialister_invisus	28.6645121584
COA-PWY: coenzyme A biosynthesis I (prokaryotic)|g__Eggerthella.s__Eggerthella_lenta	25.9672976951
COA-PWY: coenzyme A biosynthesis I (prokaryotic)|g__Eubacterium.s__Eubacterium_sp_An11	9.7019920442
PWY-6124: inosine-5'-phosphate biosynthesis II	2835.6012913928
PWY-6124: inosine-5'-phosphate biosynthesis II|g__Blautia.s__Blautia_wexlerae	1452.7928710504
PWY-6124: inosine-5'-phosphate biosynthesis II|unclassified	344.4743855050
PWY-6124: inosine-5'-phosphate biosynthesis II|g__Bifidobacterium.s__Bifidobacterium_pseudolongum	253.7239422317
PWY-6124: inosine-5'-phosphate biosynthesis II|g__Dialister.s__Dialister_invisus	45.3870412329
PWY-6124: inosine-5'-phosphate biosynthesis II|g__Eggerthella.s__Eggerthella_lenta	25.9043631941
PWY-6124: inosine-5'-phosphate biosynthesis II|g__Clostridiales_unclassified.s__Clostridiales_bacterium_KLE1615	18.1004100070
PWY-6124: inosine-5'-phosphate biosynthesis II|g__Erysipelatoclostridium.s__Clostridium_spiroforme	16.1492878755
PWY-6124: inosine-5'-phosphate biosynthesis II|g__Gordonibacter.s__Gordonibacter_pamelaeae	14.2621788346
PWY-6124: inosine-5'-phosphate biosynthesis II|g__Erysipelatoclostridium.s__Erysipelatoclostridium_ramosum	4.7203446292
PWY-7851: coenzyme A biosynthesis II (eukaryotic)	2835.1493089755
PWY-7851: coenzyme A biosynthesis II (eukaryotic)|g__Blautia.s__Blautia_obeum	659.9663588033
PWY-7851: coenzyme A biosynthesis II (eukaryotic)|g__Blautia.s__Blautia_wexlerae	606.0816224830
PWY-7851: coenzyme A biosynthesis II (eukaryotic)|unclassified	496.9386777510
PWY-7851: coenzyme A biosynthesis II (eukaryotic)|g__Dorea.s__Dorea_longicatena	380.8676917945
PWY-7851: coenzyme A biosynthesis II (eukaryotic)|g__Roseburia.s__Roseburia_intestinalis	66.3927091124
PWY-7851: coenzyme A biosynthesis II (eukaryotic)|g__Eggerthella.s__Eggerthella_lenta	25.9672976951
PWY-7851: coenzyme A biosynthesis II (eukaryotic)|g__Dialister.s__Dialister_invisus	24.3422008333
PWY66-429: fatty acid biosynthesis initiation (mitochondria)	2787.1894042148
PWY66-429: fatty acid biosynthesis initiation (mitochondria)|g__Blautia.s__Blautia_wexlerae	631.3751977559
PWY66-429: fatty acid biosynthesis initiation (mitochondria)|unclassified	627.6462565644
PWY66-429: fatty acid biosynthesis initiation (mitochondria)|g__Blautia.s__Blautia_obeum	587.6115250239
PWY66-429: fatty acid biosynthesis initiation (mitochondria)|g__Dorea.s__Dorea_longicatena	471.5623784191
PWY66-429: fatty acid biosynthesis initiation (mitochondria)|g__Clostridiales_unclassified.s__Clostridiales_bacterium_KLE1615	26.8911322850
PWY66-429: fatty acid biosynthesis initiation (mitochondria)|g__Eggerthella.s__Eggerthella_lenta	22.4473311394
PWY66-429: fatty acid biosynthesis initiation (mitochondria)|g__Klebsiella.s__Klebsiella_pneumoniae	7.6058243524
PWY66-429: fatty acid biosynthesis initiation (mitochondria)|g__Sellimonas.s__Sellimonas_intestinalis	7.4379839450
PWY66-429: fatty acid biosynthesis initiation (mitochondria)|g__Eubacterium.s__Eubacterium_sp_An11	6.0333418735
PWY-5695: inosine 5'-phosphate degradation	2727.6918497763
PWY-5695: inosine 5'-phosphate degradation|g__Dorea.s__Dorea_longicatena	453.2876359287
PWY-5695: inosine 5'-phosphate degradation|g__Blautia.s__Blautia_wexlerae	352.8086992152
PWY-5695: inosine 5'-phosphate degradation|unclassified	111.5639373477
PWY-5695: inosine 5'-phosphate degradation|g__Roseburia.s__Roseburia_intestinalis	97.3299472400
PWY-5695: inosine 5'-phosphate degradation|g__Dialister.s__Dialister_invisus	35.8299399136
PWY-5695: inosine 5'-phosphate degradation|g__Clostridiales_unclassified.s__Clostridiales_bacterium_KLE1615	20.3178719584
PWY-5695: inosine 5'-phosphate degradation|g__Blautia.s__Blautia_obeum	10.6670659681
HISTSYN-PWY: L-histidine biosynthesis	2706.6745644524
HISTSYN-PWY: L-histidine biosynthesis|g__Bifidobacterium.s__Bifidobacterium_bifidum	463.5381476701
HISTSYN-PWY: L-histidine biosynthesis|unclassified	371.4885321484
HISTSYN-PWY: L-histidine biosynthesis|g__Bifidobacterium.s__Bifidobacterium_pseudolongum	292.5496157344
HISTSYN-PWY: L-histidine biosynthesis|g__Roseburia.s__Roseburia_intestinalis	82.9832758207
HISTSYN-PWY: L-histidine biosynthesis|g__Eggerthella.s__Eggerthella_lenta	20.0281115958
THRESYN-PWY: superpathway of L-threonine biosynthesis	2700.6842319183
THRESYN-PWY: superpathway of L-threonine biosynthesis|g__Bifidobacterium.s__Bifidobacterium_bifidum	569.7275762833
THRESYN-PWY: superpathway of L-threonine biosynthesis|g__Blautia.s__Blautia_obeum	531.2943221848
THRESYN-PWY: superpathway of L-threonine biosynthesis|unclassified	263.0508051834
THRESYN-PWY: superpathway of L-threonine biosynthesis|g__Dialister.s__Dialister_invisus	33.2929140459
PANTOSYN-PWY: superpathway of coenzyme A biosynthesis I (bacteria)	2560.4142269255
PANTOSYN-PWY: superpathway of coenzyme A biosynthesis I (bacteria)|g__Blautia.s__Blautia_wexlerae	755.3291432635
PANTOSYN-PWY: superpathway of coenzyme A biosynthesis I (bacteria)|g__Dorea.s__Dorea_longicatena	313.7493718244
PANTOSYN-PWY: superpathway of coenzyme A biosynthesis I (bacteria)|unclassified	138.7848108097
PANTOSYN-PWY: superpathway of coenzyme A biosynthesis I (bacteria)|g__Roseburia.s__Roseburia_intestinalis	84.8960827902
PANTOSYN-PWY: superpathway of coenzyme A biosynthesis I (bacteria)|g__Eggerthella.s__Eggerthella_lenta	17.4419277791
PWY-6700: queuosine biosynthesis I (de novo)	2551.1404405383
PWY-6700: queuosine biosynthesis I (de novo)|g__Blautia.s__Blautia_wexlerae	733.4886072371
PWY-6700: queuosine biosynthesis I (de novo)|unclassified	442.2204489482
PWY-6700: queuosine biosynthesis I (de novo)|g__Roseburia.s__Roseburia_intestinalis	75.4012808731
PWY-6700: queuosine biosynthesis I (de novo)|g__Dialister.s__Dialister_invisus	29.7913702996
PWY-6700: queuosine biosynthesis I (de novo)|g__Clostridiales_unclassified.s__Clostridiales_bacterium_KLE1615	25.1128759661
PWY-6700: queuosine biosynthesis I (de novo)|g__Eggerthella.s__Eggerthella_lenta	18.5695025950
PWY-6700: queuosine biosynthesis I (de novo)|g__Erysipelatoclostridium.s__Clostridium_spiroforme	9.0944127390
P41-PWY: pyruvate fermentation to acetate and (S)-lactate I	2544.8763163219
P41-PWY: pyruvate fermentation to acetate and (S)-lactate I|unclassified	305.6731936144
P41-PWY: pyruvate fermentation to acetate and (S)-lactate I|g__Roseburia.s__Roseburia_intestinalis	107.3524711361
P41-PWY: pyruvate fermentation to acetate and (S)-lactate I|g__Blautia.s__Blautia_obeum	20.6942276641
P41-PWY: pyruvate fermentation to acetate and (S)-lactate I|g__Eggerthella.s__Eggerthella_lenta	20.6791913662
PWY-5100: pyruvate fermentation to acetate and lactate II	2544.8763163219
PWY-5100: pyruvate fermentation to acetate and lactate II|unclassified	305.6731936144
PWY-5100: pyruvate fermentation to acetate and lactate II|g__Roseburia.s__Roseburia_intestinalis	142.9243972118
PWY-5100: pyruvate fermentation to acetate and lactate II|g__Eggerthella.s__Eggerthella_lenta	31.3086301816
PWY-5100: pyruvate fermentation to acetate and lactate II|g__Blautia.s__Blautia_obeum	20.6942276641
PWY-5100: pyruvate fermentation to acetate and lactate II|g__Gordonibacter.s__Gordonibacter_pamelaeae	9.4504732139
PWY-622: starch biosynthesis	2522.1007865782
PWY-6823: molybdopterin biosynthesis	2521.5819075469
PWY-6823: molybdopterin biosynthesis|g__Blautia.s__Blautia_obeum	1269.5465712999
PWY-6823: molybdopterin biosynthesis|unclassified	323.5379681462
PWY-6823: molybdopterin biosynthesis|g__Roseburia.s__Roseburia_intestinalis	92.6157499009
PWY-6823: molybdopterin biosynthesis|g__Eggerthella.s__Eggerthella_lenta	30.0569899923
PWY-6823: molybdopterin biosynthesis|g__Clostridiales_unclassified.s__Clostridiales_bacterium_KLE1615	29.6767118558
PWY-6823: molybdopterin biosynthesis|g__Blautia.s__Blautia_wexlerae	19.7023804082
PWY-6823: molybdopterin biosynthesis|g__Faecalibacterium.s__Faecalibacterium_prausnitzii	7.9125486977
PWY-6823: molybdopterin biosynthesis|g__Gordonibacter.s__Gordonibacter_pamelaeae	7.3078559149
OANTIGEN-PWY: O-antigen building blocks biosynthesis (E. coli)	2510.0402070786
OANTIGEN-PWY: O-antigen building blocks biosynthesis (E. coli)|unclassified	445.5815307880
OANTIGEN-PWY: O-antigen building blocks biosynthesis (E. coli)|g__Eggerthella.s__Eggerthella_lenta	24.4331597522
PWY-6936: seleno-amino acid biosynthesis (plants)	2451.9687367857
PWY-6936: seleno-amino acid biosynthesis (plants)|unclassified	261.3799016180
GLYCOLYSIS: glycolysis I (from glucose 6-phosphate)	2369.9737322146
GLYCOLYSIS: glycolysis I (from glucose 6-phosphate)|unclassified	393.9056970960
PANTO-PWY: phosphopantothenate biosynthesis I	2356.7682228636
PANTO-PWY: phosphopantothenate biosynthesis I|g__Blautia.s__Blautia_wexlerae	828.8349262178
PANTO-PWY: phosphopantothenate biosynthesis I|g__Dorea.s__Dorea_longicatena	246.2308538684
PANTO-PWY: phosphopantothenate biosynthesis I|unclassified	110.5439621115
PANTO-PWY: phosphopantothenate biosynthesis I|g__Roseburia.s__Roseburia_intestinalis	102.9140635376
PANTO-PWY: phosphopantothenate biosynthesis I|g__Eggerthella.s__Eggerthella_lenta	13.1650874959
PANTO-PWY: phosphopantothenate biosynthesis I|g__Sellimonas.s__Sellimonas_intestinalis	9.1946929889
PANTO-PWY: phosphopantothenate biosynthesis I|g__Eubacterium.s__Eubacterium_sp_An11	8.5146322302
ANAEROFRUCAT-PWY: homolactic fermentation	2238.6093493781
ANAEROFRUCAT-PWY: homolactic fermentation|unclassified	339.9951120390
ASPASN-PWY: superpathway of L-aspartate and L-asparagine biosynthesis	2170.7113350502
ASPASN-PWY: superpathway of L-aspartate and L-asparagine biosynthesis|unclassified	112.1111723353
ASPASN-PWY: superpathway of L-aspartate and L-asparagine biosynthesis|g__Blautia.s__Blautia_wexlerae	112.0510857727
PWY-1861: formaldehyde assimilation II (assimilatory RuMP Cycle)	2166.3148224264
PYRIDNUCSYN-PWY: NAD de novo biosynthesis I (from aspartate)	2109.8502828718
PYRIDNUCSYN-PWY: NAD de novo biosynthesis I (from aspartate)|g__Bifidobacterium.s__Bifidobacterium_bifidum	402.4275091688
PYRIDNUCSYN-PWY: NAD de novo biosynthesis I (from aspartate)|g__Dorea.s__Dorea_longicatena	322.4640588134
PYRIDNUCSYN-PWY: NAD de novo biosynthesis I (from aspartate)|unclassified	192.7413439904
PYRIDNUCSYN-PWY: NAD de novo biosynthesis I (from aspartate)|g__Roseburia.s__Roseburia_intestinalis	75.5988440612
PWY-6608: guanosine nucleotides degradation III	2100.6201374405
PWY-6608: guanosine nucleotides degradation III|g__Blautia.s__Blautia_obeum	943.4506440535
PWY-6608: guanosine nucleotides degradation III|g__Blautia.s__Blautia_wexlerae	335.6365924459
PWY-6608: guanosine nucleotides degradation III|g__Roseburia.s__Roseburia_intestinalis	112.1472432088
PWY-6608: guanosine nucleotides degradation III|unclassified	9.0900194678
COBALSYN-PWY: superpathway of adenosylcobalamin salvage from cobinamide I	2094.9166498740
COBALSYN-PWY: superpathway of adenosylcobalamin salvage from cobinamide I|g__Blautia.s__Blautia_wexlerae	850.8650470260
COBALSYN-PWY: superpathway of adenosylcobalamin salvage from cobinamide I|g__Dorea.s__Dorea_longicatena	477.0027822741
COBALSYN-PWY: superpathway of adenosylcobalamin salvage from cobinamide I|g__Roseburia.s__Roseburia_intestinalis	161.2563462058
COBALSYN-PWY: superpathway of adenosylcobalamin salvage from cobinamide I|g__Blautia.s__Blautia_obeum	119.9034303551
COBALSYN-PWY: superpathway of adenosylcobalamin salvage from cobinamide I|unclassified	19.1275005663
PWY-5484: glycolysis II (from fructose 6-phosphate)	1994.6878879851
PWY-5484: glycolysis II (from fructose 6-phosphate)|unclassified	308.8422602827
RIBOSYN2-PWY: flavin biosynthesis I (bacteria and plants)	1981.9065197619
RIBOSYN2-PWY: flavin biosynthesis I (bacteria and plants)|g__Blautia.s__Blautia_wexlerae	706.6826385502
RIBOSYN2-PWY: flavin biosynthesis I (bacteria and plants)|g__Blautia.s__Blautia_obeum	379.0573472855
RIBOSYN2-PWY: flavin biosynthesis I (bacteria and plants)|unclassified	144.5650838912
RIBOSYN2-PWY: flavin biosynthesis I (bacteria and plants)|g__Dorea.s__Dorea_longicatena	120.9203496577
PWY-6731: starch degradation III	1898.4025300744
PWY-6731: starch degradation III|g__Blautia.s__Blautia_wexlerae	843.7193751765
PWY-6731: starch degradation III|g__Blautia.s__Blautia_obeum	792.9942774342
UDPNAGSYN-PWY: UDP-N-acetyl-D-glucosamine biosynthesis I	1862.6187464123
UDPNAGSYN-PWY: UDP-N-acetyl-D-glucosamine biosynthesis I|unclassified	498.0771740693
UDPNAGSYN-PWY: UDP-N-acetyl-D-glucosamine biosynthesis I|g__Bifidobacterium.s__Bifidobacterium_bifidum	413.7343960993
UDPNAGSYN-PWY: UDP-N-acetyl-D-glucosamine biosynthesis I|g__Bifidobacterium.s__Bifidobacterium_pseudolongum	276.4909809236
UDPNAGSYN-PWY: UDP-N-acetyl-D-glucosamine biosynthesis I|g__Eggerthella.s__Eggerthella_lenta	41.9165288903
UDPNAGSYN-PWY: UDP-N-acetyl-D-glucosamine biosynthesis I|g__Dialister.s__Dialister_invisus	34.6465087941
UDPNAGSYN-PWY: UDP-N-acetyl-D-glucosamine biosynthesis I|g__Absiella.s__Absiella_dolichum	6.3969681401
UDPNAGSYN-PWY: UDP-N-acetyl-D-glucosamine biosynthesis I|g__Erysipelatoclostridium.s__Clostridium_spiroforme	5.8679369433
METH-ACETATE-PWY: methanogenesis from acetate	1856.7964426193
METH-ACETATE-PWY: methanogenesis from acetate|g__Blautia.s__Blautia_wexlerae	784.9910166112
METH-ACETATE-PWY: methanogenesis from acetate|unclassified	107.2403507979
METH-ACETATE-PWY: methanogenesis from acetate|g__Blautia.s__Blautia_obeum	21.0348177112
PWY-5384: sucrose degradation IV (sucrose phosphorylase)	1854.7198512624
PWY-5384: sucrose degradation IV (sucrose phosphorylase)|g__Bifidobacterium.s__Bifidobacterium_bifidum	623.9941576372
PWY-5384: sucrose degradation IV (sucrose phosphorylase)|unclassified	242.6132094032
PWY-5384: sucrose degradation IV (sucrose phosphorylase)|g__Roseburia.s__Roseburia_intestinalis	71.3285354025
P164-PWY: purine nucleobases degradation I (anaerobic)	1842.6494716255
P164-PWY: purine nucleobases degradation I (anaerobic)|unclassified	8.3839895770
PWY-5188: tetrapyrrole biosynthesis I (from glutamate)	1790.3146854560
PWY-5188: tetrapyrrole biosynthesis I (from glutamate)|g__Blautia.s__Blautia_wexlerae	671.5983577003
PWY-5188: tetrapyrrole biosynthesis I (from glutamate)|unclassified	345.0683135499
PWY-5188: tetrapyrrole biosynthesis I (from glutamate)|g__Dialister.s__Dialister_invisus	29.6562700171
PWY-5188: tetrapyrrole biosynthesis I (from glutamate)|g__Blautia.s__Blautia_obeum	6.6539237750
PWY-6901: superpathway of glucose and xylose degradation	1654.8718905670
PWY-6901: superpathway of glucose and xylose degradation|unclassified	174.0672633005
PWY-7234: inosine-5'-phosphate biosynthesis III	1648.6498369642
PWY-7234: inosine-5'-phosphate biosynthesis III|g__Bifidobacterium.s__Bifidobacterium_pseudolongum	261.8984739349
PWY-7234: inosine-5'-phosphate biosynthesis III|unclassified	139.9874185333
PENTOSE-P-PWY: pentose phosphate pathway	1518.7731816787
PENTOSE-P-PWY: pentose phosphate pathway|g__Bifidobacterium.s__Bifidobacterium_bifidum	287.2460529637
PENTOSE-P-PWY: pentose phosphate pathway|unclassified	206.6733455550
THISYNARA-PWY: superpathway of thiamine diphosphate biosynthesis III (eukaryotes)	1446.9564664300
THISYNARA-PWY: superpathway of thiamine diphosphate biosynthesis III (eukaryotes)|g__Bifidobacterium.s__Bifidobacterium_bifidum	455.6890701054
THISYNARA-PWY: superpathway of thiamine diphosphate biosynthesis III (eukaryotes)|unclassified	141.1625129803
THISYNARA-PWY: superpathway of thiamine diphosphate biosynthesis III (eukaryotes)|g__Roseburia.s__Roseburia_intestinalis	103.8597114818
PWY-6630: superpathway of L-tyrosine biosynthesis	1426.8183724860
PWY-6630: superpathway of L-tyrosine biosynthesis|unclassified	49.0613634926
PWY-6897: thiamine diphosphate salvage II	1408.9892676192
PWY-6897: thiamine diphosphate salvage II|unclassified	205.9931893478
PWY-6897: thiamine diphosphate salvage II|g__Dialister.s__Dialister_invisus	35.6731611867
PWY0-1061: superpathway of L-alanine biosynthesis	1400.6647274893
PWY0-1061: superpathway of L-alanine biosynthesis|g__Bifidobacterium.s__Bifidobacterium_bifidum	452.7593637476
PWY0-1061: superpathway of L-alanine biosynthesis|g__Bifidobacterium.s__Bifidobacterium_pseudolongum	207.4653376208
PWY0-1061: superpathway of L-alanine biosynthesis|unclassified	17.8031422702
PWY-5659: GDP-mannose biosynthesis	1340.9250928389
PWY-5659: GDP-mannose biosynthesis|unclassified	181.2253722404
PWY-5659: GDP-mannose biosynthesis|g__Roseburia.s__Roseburia_intestinalis	94.9315488182
PWY-5659: GDP-mannose biosynthesis|g__Blautia.s__Blautia_obeum	76.2915767107
PWY-5659: GDP-mannose biosynthesis|g__Faecalibacterium.s__Faecalibacterium_prausnitzii	62.6088491265
PWY-4041: &gamma;-glutamyl cycle	1256.9530808710
PWY-4041: &gamma;-glutamyl cycle|unclassified	199.5846184069
COLANSYN-PWY: colanic acid building blocks biosynthesis	1222.5660732050
COLANSYN-PWY: colanic acid building blocks biosynthesis|unclassified	216.8800686875
COLANSYN-PWY: colanic acid building blocks biosynthesis|g__Roseburia.s__Roseburia_intestinalis	108.0730212413
P441-PWY: superpathway of N-acetylneuraminate degradation	1194.3732744488
PWY-7117: C4 photosynthetic carbon assimilation cycle, PEPCK type	1120.4512348981
PWY-7199: pyrimidine deoxyribonucleosides salvage	1104.2070444064
PWY-7199: pyrimidine deoxyribonucleosides salvage|unclassified	433.6059322570
PWY-7199: pyrimidine deoxyribonucleosides salvage|g__Erysipelatoclostridium.s__Clostridium_spiroforme	8.6064908676
PWY-241: C4 photosynthetic carbon assimilation cycle, NADP-ME type	1032.2093077400
PWY-7323: superpathway of GDP-mannose-derived O-antigen building blocks biosynthesis	1006.9143113092
PWY-7323: superpathway of GDP-mannose-derived O-antigen building blocks biosynthesis|unclassified	147.8241014082
GLCMANNANAUT-PWY: superpathway of N-acetylglucosamine, N-acetylmannosamine and N-acetylneuraminate degradation	1005.3521263736
PWY-621: sucrose degradation III (sucrose invertase)	984.5184986763
PWY-621: sucrose degradation III (sucrose invertase)|g__Bifidobacterium.s__Bifidobacterium_bifidum	457.2720475598
PWY-621: sucrose degradation III (sucrose invertase)|unclassified	155.3910078922
PWY-621: sucrose degradation III (sucrose invertase)|g__Roseburia.s__Roseburia_intestinalis	66.0200337565
PWY-6628: superpathway of L-phenylalanine biosynthesis	974.1243658664
PWY-6628: superpathway of L-phenylalanine biosynthesis|unclassified	179.3221870862
PWY3O-4107: NAD salvage pathway V (PNC V cycle)	959.7239816215
PWY3O-4107: NAD salvage pathway V (PNC V cycle)|g__Bifidobacterium.s__Bifidobacterium_bifidum	450.6451026662
PWY-7328: superpathway of UDP-glucose-derived O-antigen building blocks biosynthesis	959.7048576842
PWY-7328: superpathway of UDP-glucose-derived O-antigen building blocks biosynthesis|unclassified	206.6621832019
PWY-7328: superpathway of UDP-glucose-derived O-antigen building blocks biosynthesis|g__Roseburia.s__Roseburia_intestinalis	111.4526188850
PWY0-1586: peptidoglycan maturation (meso-diaminopimelate containing)	914.8007425102
PWY0-1586: peptidoglycan maturation (meso-diaminopimelate containing)|unclassified	191.9089386634
PWY0-1586: peptidoglycan maturation (meso-diaminopimelate containing)|g__Eggerthella.s__Eggerthella_lenta	25.0426491602
PWY0-1586: peptidoglycan maturation (meso-diaminopimelate containing)|g__Streptococcus.s__Streptococcus_parasanguinis	5.5955667980
PWY-7229: superpathway of adenosine nucleotides de novo biosynthesis I	889.4329951735
PWY-7229: superpathway of adenosine nucleotides de novo biosynthesis I|unclassified	299.6494192414
PWY-7229: superpathway of adenosine nucleotides de novo biosynthesis I|g__Eggerthella.s__Eggerthella_lenta	30.8105200313
P124-PWY: Bifidobacterium shunt	825.4218232364
P124-PWY: Bifidobacterium shunt|unclassified	189.8270134457
PWY-841: superpathway of purine nucleotides de novo biosynthesis I	789.4358281134
PWY-841: superpathway of purine nucleotides de novo biosynthesis I|unclassified	259.2357864345
PWY-841: superpathway of purine nucleotides de novo biosynthesis I|g__Eggerthella.s__Eggerthella_lenta	27.0505096195
PWY-7345: superpathway of anaerobic sucrose degradation	776.0030341084
PWY-7345: superpathway of anaerobic sucrose degradation|unclassified	200.9657460718
GLUCONEO-PWY: gluconeogenesis I	754.6075900247
GLUCONEO-PWY: gluconeogenesis I|unclassified	107.4349940780
PWY0-1297: superpathway of purine deoxyribonucleosides degradation	726.8263728946
PWY0-1297: superpathway of purine deoxyribonucleosides degradation|unclassified	85.3403327976
PWY0-162: superpathway of pyrimidine ribonucleotides de novo biosynthesis	662.3163245060
PWY0-162: superpathway of pyrimidine ribonucleotides de novo biosynthesis|unclassified	27.5264121960
P122-PWY: heterolactic fermentation	648.4391967818
PWY-6126: superpathway of adenosine nucleotides de novo biosynthesis II	578.3606068872
PWY-6126: superpathway of adenosine nucleotides de novo biosynthesis II|unclassified	216.4879953969
PWY-6126: superpathway of adenosine nucleotides de novo biosynthesis II|g__Eggerthella.s__Eggerthella_lenta	29.3861627343
PWY4LZ-257: superpathway of fermentation (Chlamydomonas reinhardtii)	572.4535028870
PWY-7356: thiamine diphosphate salvage IV (yeast)	564.0465265640
PWY-7356: thiamine diphosphate salvage IV (yeast)|unclassified	126.2729348793
P161-PWY: acetylene degradation (anaerobic)	561.2208155778
PWY0-1477: ethanolamine utilization	561.2208155778
PWY0-1477: ethanolamine utilization|unclassified	53.1685502881
PPGPPMET-PWY: ppGpp metabolism	513.3309424769
PWY-7228: superpathway of guanosine nucleotides de novo biosynthesis I	509.2368500793
PWY-7228: superpathway of guanosine nucleotides de novo biosynthesis I|unclassified	195.0081474841
PWY-7228: superpathway of guanosine nucleotides de novo biosynthesis I|g__Eggerthella.s__Eggerthella_lenta	27.7948738226
PWY-7228: superpathway of guanosine nucleotides de novo biosynthesis I|g__Dialister.s__Dialister_invisus	20.6092435443
PWY-7228: superpathway of guanosine nucleotides de novo biosynthesis I|g__Absiella.s__Absiella_dolichum	8.5314163714
PWY-6125: superpathway of guanosine nucleotides de novo biosynthesis II	408.4099413248
PWY-6125: superpathway of guanosine nucleotides de novo biosynthesis II|unclassified	162.4925343374
PWY-6125: superpathway of guanosine nucleotides de novo biosynthesis II|g__Eggerthella.s__Eggerthella_lenta	24.8849354250
PWY-6902: chitin degradation II (Vibrio)	399.9003854953
PWY-6902: chitin degradation II (Vibrio)|unclassified	292.5390808971
PWY-7198: pyrimidine deoxyribonucleotides de novo biosynthesis IV	385.7991077702
PWY-7198: pyrimidine deoxyribonucleotides de novo biosynthesis IV|unclassified	151.4369806418
PHOSLIPSYN-PWY: superpathway of phospholipid biosynthesis I (bacteria)	383.6992234415
PHOSLIPSYN-PWY: superpathway of phospholipid biosynthesis I (bacteria)|unclassified	174.6763867569
PYRIDNUCSAL-PWY: NAD salvage pathway I (PNC VI cycle)	382.7146712918
RHAMCAT-PWY: L-rhamnose degradation I	369.2507585923
RHAMCAT-PWY: L-rhamnose degradation I|unclassified	221.6142333183
RHAMCAT-PWY: L-rhamnose degradation I|g__Clostridiales_unclassified.s__Clostridiales_bacterium_KLE1615	22.0033747282
RHAMCAT-PWY: L-rhamnose degradation I|g__Klebsiella.s__Klebsiella_pneumoniae	20.0402459867
PWY-8187: L-arginine degradation XIII (reductive Stickland reaction)	369.0827903106
PWY-8187: L-arginine degradation XIII (reductive Stickland reaction)|unclassified	175.1574113752
PWY-8187: L-arginine degradation XIII (reductive Stickland reaction)|g__Eggerthella.s__Eggerthella_lenta	43.0217988148
PWY-7208: superpathway of pyrimidine nucleobases salvage	359.1336038125
PWY-7208: superpathway of pyrimidine nucleobases salvage|unclassified	143.1307478651
PWY-7208: superpathway of pyrimidine nucleobases salvage|g__Roseburia.s__Roseburia_intestinalis	95.9959553611
PWY-7208: superpathway of pyrimidine nucleobases salvage|g__Dialister.s__Dialister_invisus	20.8026370014
PWY-7208: superpathway of pyrimidine nucleobases salvage|g__Eggerthella.s__Eggerthella_lenta	13.8914032406
PWY-7208: superpathway of pyrimidine nucleobases salvage|g__Gordonibacter.s__Gordonibacter_pamelaeae	8.0791387417
PWY4FS-7: phosphatidylglycerol biosynthesis I (plastidic)	353.8829102444
PWY4FS-7: phosphatidylglycerol biosynthesis I (plastidic)|unclassified	143.8893327949
PWY4FS-7: phosphatidylglycerol biosynthesis I (plastidic)|g__Roseburia.s__Roseburia_intestinalis	71.5097811933
PWY4FS-8: phosphatidylglycerol biosynthesis II (non-plastidic)	353.8829102444
PWY4FS-8: phosphatidylglycerol biosynthesis II (non-plastidic)|unclassified	143.8893327949
PWY4FS-8: phosphatidylglycerol biosynthesis II (non-plastidic)|g__Roseburia.s__Roseburia_intestinalis	71.5097811933
PWY-6353: purine nucleotides degradation II (aerobic)	351.5911308515
PWY-6353: purine nucleotides degradation II (aerobic)|g__Roseburia.s__Roseburia_intestinalis	100.0628408696
PWY-6353: purine nucleotides degradation II (aerobic)|unclassified	14.8232330747
PWY0-1298: superpathway of pyrimidine deoxyribonucleosides degradation	344.1283213609
PWY0-1298: superpathway of pyrimidine deoxyribonucleosides degradation|unclassified	76.9533597683
PWY-5121: superpathway of geranylgeranyl diphosphate biosynthesis II (via MEP)	344.0258175444
PWY-5121: superpathway of geranylgeranyl diphosphate biosynthesis II (via MEP)|unclassified	59.0337396534
PWY-702: L-methionine biosynthesis II	317.6740769209
PWY-702: L-methionine biosynthesis II|unclassified	42.9671130263
PWY-7456: &beta;-(1,4)-mannan degradation	315.3452831819
PWY-7761: NAD salvage pathway II (PNC IV cycle)	314.7994717916
PWY-7761: NAD salvage pathway II (PNC IV cycle)|unclassified	175.5099471094
PWY-5345: superpathway of L-methionine biosynthesis (by sulfhydrylation)	305.3440117238
PWY-5345: superpathway of L-methionine biosynthesis (by sulfhydrylation)|unclassified	30.0553411186
PWY-I9: L-cysteine biosynthesis VI (from L-methionine)	289.2153682134
PWY-I9: L-cysteine biosynthesis VI (from L-methionine)|g__Roseburia.s__Roseburia_intestinalis	91.4653668902
PWY-I9: L-cysteine biosynthesis VI (from L-methionine)|unclassified	38.8351292500
GLYCOLYSIS-E-D: superpathway of glycolysis and the Entner-Doudoroff pathway	283.2023520009
GLYCOLYSIS-E-D: superpathway of glycolysis and the Entner-Doudoroff pathway|unclassified	123.6538741311
PWY-7211: superpathway of pyrimidine deoxyribonucleotides de novo biosynthesis	279.9633176698
GLYCOCAT-PWY: glycogen degradation I	277.6094519977
GLYCOCAT-PWY: glycogen degradation I|unclassified	229.4510772124
PWY-2941: L-lysine biosynthesis II	271.2087584635
PWY-2941: L-lysine biosynthesis II|unclassified	160.4025258068
PWY-7220: adenosine deoxyribonucleotides de novo biosynthesis II	269.4534698208
PWY-7220: adenosine deoxyribonucleotides de novo biosynthesis II|unclassified	112.9187165121
PWY-7220: adenosine deoxyribonucleotides de novo biosynthesis II|g__Eggerthella.s__Eggerthella_lenta	25.6876807601
PWY-7220: adenosine deoxyribonucleotides de novo biosynthesis II|g__Absiella.s__Absiella_dolichum	9.6174800238
PWY-7222: guanosine deoxyribonucleotides de novo biosynthesis II	269.4534698208
PWY-7222: guanosine deoxyribonucleotides de novo biosynthesis II|unclassified	112.9187165121
PWY-7222: guanosine deoxyribonucleotides de novo biosynthesis II|g__Eggerthella.s__Eggerthella_lenta	25.6876807601
PWY-7222: guanosine deoxyribonucleotides de novo biosynthesis II|g__Absiella.s__Absiella_dolichum	9.6174800238
PWY-8004: Entner-Doudoroff pathway I	261.5791812672
PWY-8004: Entner-Doudoroff pathway I|unclassified	106.7359050339
SULFATE-CYS-PWY: superpathway of sulfate assimilation and cysteine biosynthesis	250.7799030138
SULFATE-CYS-PWY: superpathway of sulfate assimilation and cysteine biosynthesis|unclassified	24.5064220096
PWY-7115: C4 photosynthetic carbon assimilation cycle, NAD-ME type	248.8830373335
GOLPDLCAT-PWY: superpathway of glycerol degradation to 1,3-propanediol	248.3005495695
GOLPDLCAT-PWY: superpathway of glycerol degradation to 1,3-propanediol|unclassified	20.8200997252
PWY-7197: pyrimidine deoxyribonucleotide phosphorylation	239.3212854978
PWY-7197: pyrimidine deoxyribonucleotide phosphorylation|unclassified	100.1730022826
PWY-7197: pyrimidine deoxyribonucleotide phosphorylation|g__Eggerthella.s__Eggerthella_lenta	23.8761681863
PWY-7197: pyrimidine deoxyribonucleotide phosphorylation|g__Dialister.s__Dialister_invisus	16.0284966682
PWY66-409: superpathway of purine nucleotide salvage	219.6079656701
PWY66-409: superpathway of purine nucleotide salvage|unclassified	153.0472472630
PWY-6606: guanosine nucleotides degradation II	202.1324338964
PWY-6606: guanosine nucleotides degradation II|g__Roseburia.s__Roseburia_intestinalis	98.0132979657
PWY-6606: guanosine nucleotides degradation II|unclassified	8.8558950997
PWY-7184: pyrimidine deoxyribonucleotides de novo biosynthesis I	193.8543153327
PWY-7184: pyrimidine deoxyribonucleotides de novo biosynthesis I|unclassified	121.8269877648
PWY-7210: pyrimidine deoxyribonucleotides biosynthesis from CTP	191.9367041662
PWY-7210: pyrimidine deoxyribonucleotides biosynthesis from CTP|unclassified	114.0500042135
PWY-6545: pyrimidine deoxyribonucleotides de novo biosynthesis III	189.8440439087
PWY-6545: pyrimidine deoxyribonucleotides de novo biosynthesis III|unclassified	102.0079888853
PWY-6703: preQ0 biosynthesis	183.6339956526
PWY-6703: preQ0 biosynthesis|unclassified	88.1133264251
PWY-6703: preQ0 biosynthesis|g__Dialister.s__Dialister_invisus	39.2914374135
SALVADEHYPOX-PWY: adenosine nucleotides degradation II	172.8190256502
SALVADEHYPOX-PWY: adenosine nucleotides degradation II|g__Roseburia.s__Roseburia_intestinalis	91.3932181124
SALVADEHYPOX-PWY: adenosine nucleotides degradation II|unclassified	10.1321536797
PWY-8131: 5'-deoxyadenosine degradation II	164.1976011909
PWY-8131: 5'-deoxyadenosine degradation II|unclassified	104.8804259695
POLYAMSYN-PWY: superpathway of polyamine biosynthesis I	159.1113934928
POLYAMSYN-PWY: superpathway of polyamine biosynthesis I|unclassified	66.6447861453
P461-PWY: hexitol fermentation to lactate, formate, ethanol and acetate	157.1883695838
P461-PWY: hexitol fermentation to lactate, formate, ethanol and acetate|unclassified	42.2778167301
PWY-6292: superpathway of L-cysteine biosynthesis (mammalian)	154.2550078919
PWY-6292: superpathway of L-cysteine biosynthesis (mammalian)|unclassified	50.9557042540
PWY-6549: L-glutamine biosynthesis III	153.3385645560
PWY-6549: L-glutamine biosynthesis III|unclassified	41.6624503405
PWY-5973: cis-vaccenate biosynthesis	152.7044352570
PWY-5973: cis-vaccenate biosynthesis|unclassified	127.0093424815
P185-PWY: formaldehyde assimilation III (dihydroxyacetone cycle)	143.6973057756
P185-PWY: formaldehyde assimilation III (dihydroxyacetone cycle)|unclassified	80.3033404053
PWY-7400: L-arginine biosynthesis IV (archaebacteria)	142.6239564125
PWY-7400: L-arginine biosynthesis IV (archaebacteria)|unclassified	118.8010820275
PWY66-399: gluconeogenesis III	133.8164499250
LACTOSECAT-PWY: lactose and galactose degradation I	127.3752254964
LACTOSECAT-PWY: lactose and galactose degradation I|unclassified	105.7946360995
PWY-6895: superpathway of thiamine diphosphate biosynthesis II	125.8771000328
PWY-7663: gondoate biosynthesis (anaerobic)	123.6171703520
PWY-7663: gondoate biosynthesis (anaerobic)|unclassified	106.2690684223
PWY-7383: anaerobic energy metabolism (invertebrates, cytosol)	122.8421066911
PWY-7383: anaerobic energy metabolism (invertebrates, cytosol)|unclassified	41.6007444889
PWY-5981: CDP-diacylglycerol biosynthesis III	121.0768693504
PWY-5981: CDP-diacylglycerol biosynthesis III|unclassified	76.9354253747
PWY-6595: superpathway of guanosine nucleotides degradation (plants)	118.7157121613
PWY-6595: superpathway of guanosine nucleotides degradation (plants)|unclassified	8.5952995330
SO4ASSIM-PWY: assimilatory sulfate reduction I	117.5108904013
SO4ASSIM-PWY: assimilatory sulfate reduction I|unclassified	11.8085605059
PWY-6607: guanosine nucleotides degradation I	109.3019800109
PWY-6607: guanosine nucleotides degradation I|unclassified	8.4445813056
PWY-7013: (S)-propane-1,2-diol degradation	105.6022963932
PWY-7013: (S)-propane-1,2-diol degradation|unclassified	45.5559946036
GLUCUROCAT-PWY: superpathway of &beta;-D-glucuronosides degradation	99.3742248154
ARG+POLYAMINE-SYN: superpathway of arginine and polyamine biosynthesis	94.3011041469
ARG+POLYAMINE-SYN: superpathway of arginine and polyamine biosynthesis|unclassified	65.9527076910
BIOTIN-BIOSYNTHESIS-PWY: biotin biosynthesis I	90.8811607810
FERMENTATION-PWY: mixed acid fermentation	89.5490717276
FERMENTATION-PWY: mixed acid fermentation|unclassified	33.7800202118
PWY-6305: superpathway of putrescine biosynthesis	87.3439167979
PWY-6305: superpathway of putrescine biosynthesis|unclassified	39.1929153723
FASYN-ELONG-PWY: fatty acid elongation -- saturated	85.0689495745
FASYN-ELONG-PWY: fatty acid elongation -- saturated|unclassified	78.4041419328
PWY-5005: biotin biosynthesis II	85.0599912528
DAPLYSINESYN-PWY: L-lysine biosynthesis I	83.3011036291
DAPLYSINESYN-PWY: L-lysine biosynthesis I|unclassified	20.8972983223
PWY-7664: oleate biosynthesis IV (anaerobic)	81.3783420545
PWY-7664: oleate biosynthesis IV (anaerobic)|unclassified	75.3695823879
GALACTUROCAT-PWY: D-galacturonate degradation I	80.3499665073
PWY-7242: D-fructuronate degradation	79.7735934762
PWY-6519: 8-amino-7-oxononanoate biosynthesis I	77.2506992103
PWY0-862: (5Z)-dodecenoate biosynthesis I	76.9284206044
PWY0-862: (5Z)-dodecenoate biosynthesis I|unclassified	71.6709711620
PWY-5989: stearate biosynthesis II (bacteria and plants)	76.6372911046
PWY-5989: stearate biosynthesis II (bacteria and plants)|unclassified	11.5602991022
PWY-5913: partial TCA cycle (obligate autotrophs)	76.1740804976
PWY-5913: partial TCA cycle (obligate autotrophs)|unclassified	30.7904934873
PWY0-1261: anhydromuropeptides recycling I	72.8472616168
PWY0-1261: anhydromuropeptides recycling I|unclassified	50.7370109238
P42-PWY: incomplete reductive TCA cycle	72.4758585160
PWY-6282: palmitoleate biosynthesis I (from (5Z)-dodec-5-enoate)	72.2071127657
PWY-6282: palmitoleate biosynthesis I (from (5Z)-dodec-5-enoate)|unclassified	67.8551250986
PWY-5497: purine nucleobases degradation II (anaerobic)	69.4406636638
MET-SAM-PWY: superpathway of S-adenosyl-L-methionine biosynthesis	63.1015766529
MET-SAM-PWY: superpathway of S-adenosyl-L-methionine biosynthesis|unclassified	30.0391199476
PWY-5347: superpathway of L-methionine biosynthesis (transsulfuration)	63.0538368242
PWY-5347: superpathway of L-methionine biosynthesis (transsulfuration)|unclassified	29.2783469435
PWY-922: mevalonate pathway I (eukaryotes and bacteria)	61.4388530740
PWY-922: mevalonate pathway I (eukaryotes and bacteria)|unclassified	52.3737296833
PWY-6969: TCA cycle V (2-oxoglutarate synthase)	59.4494211343
PWY-6969: TCA cycle V (2-oxoglutarate synthase)|unclassified	4.2001604531
PWY-5189: tetrapyrrole biosynthesis II (from glycine)	58.9907468176
PWY-5189: tetrapyrrole biosynthesis II (from glycine)|unclassified	41.2479307600
METSYN-PWY: superpathway of L-homoserine and L-methionine biosynthesis	55.3495944751
METSYN-PWY: superpathway of L-homoserine and L-methionine biosynthesis|unclassified	26.4815495239
FUC-RHAMCAT-PWY: superpathway of fucose and rhamnose degradation	54.2266133032
PWY-6147: 6-hydroxymethyl-dihydropterin diphosphate biosynthesis I	53.7616647883
PWY-6147: 6-hydroxymethyl-dihydropterin diphosphate biosynthesis I|g__Dialister.s__Dialister_invisus	27.2509909785
PWY-7209: superpathway of pyrimidine ribonucleosides degradation	53.6086780248
GALACT-GLUCUROCAT-PWY: superpathway of hexuronide and hexuronate degradation	52.1951516569
PWY-5104: L-isoleucine biosynthesis IV	48.9165662120
PWY-5030: L-histidine degradation III	45.4307373132
PWY-5897: superpathway of menaquinol-11 biosynthesis	43.9145004028
PWY-5898: superpathway of menaquinol-12 biosynthesis	43.9145004028
PWY-5899: superpathway of menaquinol-13 biosynthesis	43.9145004028
PWY-5918: superpathway of heme b biosynthesis from glutamate	41.5332551756
TCA: TCA cycle I (prokaryotic)	39.2388648964
TCA: TCA cycle I (prokaryotic)|unclassified	4.2001604531
PWY-821: superpathway of sulfur amino acid biosynthesis (Saccharomyces cerevisiae)	39.1508875087
PWY-7282: 4-amino-2-methyl-5-diphosphomethylpyrimidine biosynthesis II	38.8311161180
PWY-7282: 4-amino-2-methyl-5-diphosphomethylpyrimidine biosynthesis II|unclassified	34.6144065199
PWY-1269: CMP-3-deoxy-D-manno-octulosonate biosynthesis	37.9434399963
PWY-1269: CMP-3-deoxy-D-manno-octulosonate biosynthesis|unclassified	8.8420968963
PWY-5690: TCA cycle II (plants and fungi)	37.2743745506
PWY-6803: phosphatidylcholine acyl editing	35.9888657034
PWY-6803: phosphatidylcholine acyl editing|g__Klebsiella.s__Klebsiella_pneumoniae	13.1615482868
PWY-6803: phosphatidylcholine acyl editing|unclassified	5.4644808743
HEXITOLDEGSUPER-PWY: superpathway of hexitol degradation (bacteria)	33.1699122788
HEXITOLDEGSUPER-PWY: superpathway of hexitol degradation (bacteria)|unclassified	30.5186798315
HISDEG-PWY: L-histidine degradation I	33.0250017375
HISDEG-PWY: L-histidine degradation I|unclassified	20.8944384762
PWY-5910: superpathway of geranylgeranyldiphosphate biosynthesis I (via mevalonate)	32.7962909150
PWY-5910: superpathway of geranylgeranyldiphosphate biosynthesis I (via mevalonate)|unclassified	25.1192684015
TCA-GLYOX-BYPASS: superpathway of glyoxylate bypass and TCA	32.1295815615
TCA-GLYOX-BYPASS: superpathway of glyoxylate bypass and TCA|unclassified	5.0576429400
HOMOSER-METSYN-PWY: L-methionine biosynthesis I	31.8463573926
HOMOSER-METSYN-PWY: L-methionine biosynthesis I|unclassified	15.4232477547
HEMESYN2-PWY: heme b biosynthesis II (oxygen-independent)	31.4663715798
HEMESYN2-PWY: heme b biosynthesis II (oxygen-independent)|g__Klebsiella.s__Klebsiella_pneumoniae	3.4255437535
HEMESYN2-PWY: heme b biosynthesis II (oxygen-independent)|g__Escherichia.s__Escherichia_coli	2.2326972568
PWY-6507: 4-deoxy-L-threo-hex-4-enopyranuronate degradation	30.0921015339
PWY-6507: 4-deoxy-L-threo-hex-4-enopyranuronate degradation|unclassified	18.8795067798
PWY0-301: L-ascorbate degradation I (bacterial, anaerobic)	29.6214534174
PWY0-301: L-ascorbate degradation I (bacterial, anaerobic)|unclassified	10.3739627625
NAGLIPASYN-PWY: lipid IVA biosynthesis (E. coli)	29.0640024349
PWY-8073: lipid IVA biosynthesis (P. putida)	29.0640024349
PWY-7254: TCA cycle VII (acetate-producers)	28.1466555511
P105-PWY: TCA cycle IV (2-oxoglutarate decarboxylase)	27.6615880391
P105-PWY: TCA cycle IV (2-oxoglutarate decarboxylase)|unclassified	4.1249283069
PWY-7391: isoprene biosynthesis II (engineered)	27.5912635831
PWY-7391: isoprene biosynthesis II (engineered)|unclassified	26.2950597592
GLYOXYLATE-BYPASS: glyoxylate cycle	27.2206750346
GLYOXYLATE-BYPASS: glyoxylate cycle|unclassified	17.5400694961
PWY-5723: Rubisco shunt	27.1600881166
PWY-5723: Rubisco shunt|unclassified	25.8818567372
PWY-5837: 2-carboxy-1,4-naphthoquinol biosynthesis	26.9304649214
FUCCAT-PWY: fucose degradation	26.3164882067
FUCCAT-PWY: fucose degradation|unclassified	7.7227259786
REDCITCYC: TCA cycle VI (Helicobacter)	25.1649801207
ORNDEG-PWY: superpathway of ornithine degradation	23.0955158990
ORNDEG-PWY: superpathway of ornithine degradation|unclassified	22.1778233898
PWY0-1241: ADP-L-glycero-&beta;-D-manno-heptose biosynthesis	22.6022282273
PWY0-1241: ADP-L-glycero-&beta;-D-manno-heptose biosynthesis|unclassified	9.9428495085
PWY0-1415: superpathway of heme b biosynthesis from uroporphyrinogen-III	20.5233828598
METHGLYUT-PWY: superpathway of methylglyoxal degradation	20.2626196037
PWY-5920: superpathway of heme b biosynthesis from glycine	20.0582196970
PWY-7118: chitin deacetylation	19.9010782831
PWY-7118: chitin deacetylation|unclassified	7.8492355404
PWY-3801: sucrose degradation II (sucrose synthase)	19.6221184056
PWY-3801: sucrose degradation II (sucrose synthase)|unclassified	18.6745989326
HEME-BIOSYNTHESIS-II: heme b biosynthesis I (aerobic)	19.5368821812
HEME-BIOSYNTHESIS-II-1: heme b biosynthesis V (aerobic)	19.5368821812
PWY0-1479: tRNA processing	19.0716624859
PWY0-1479: tRNA processing|unclassified	18.2700657892
AST-PWY: L-arginine degradation II (AST pathway)	17.6855217309
AST-PWY: L-arginine degradation II (AST pathway)|unclassified	15.6604225827
PWY0-781: aspartate superpathway	16.9730601052
PWY0-781: aspartate superpathway|unclassified	13.0368189482
PWY-7385: 1,3-propanediol biosynthesis (engineered)	16.5364728772
PWY-7385: 1,3-propanediol biosynthesis (engineered)|unclassified	16.3135786540
PWY-5154: L-arginine biosynthesis III (via N-acetyl-L-citrulline)	16.4833896523
PWY-5154: L-arginine biosynthesis III (via N-acetyl-L-citrulline)|unclassified	16.2578370312
PWY-561: superpathway of glyoxylate cycle and fatty acid degradation	16.4588224460
PWY-561: superpathway of glyoxylate cycle and fatty acid degradation|unclassified	5.4659065143
PWY-6293: superpathway of L-cysteine biosynthesis (fungi)	16.2135302905
PWY-6293: superpathway of L-cysteine biosynthesis (fungi)|unclassified	15.1097013347
P4-PWY: superpathway of L-lysine, L-threonine and L-methionine biosynthesis I	16.0348125006
P4-PWY: superpathway of L-lysine, L-threonine and L-methionine biosynthesis I|unclassified	12.3302727649
PWY-7942: 5-oxo-L-proline metabolism	15.7829086152
PWY-7942: 5-oxo-L-proline metabolism|unclassified	14.8198956067
URSIN-PWY: ureide biosynthesis	15.5149021517
PWY-5505: L-glutamate and L-glutamine biosynthesis	13.8734395919
PWY-7315: dTDP-N-acetylthomosamine biosynthesis	12.5795136590
PWY-7315: dTDP-N-acetylthomosamine biosynthesis|unclassified	12.3894783536
PWY1ZNC-1: assimilatory sulfate reduction IV	12.1766580727
PWY-6185: 4-methylcatechol degradation (ortho cleavage)	11.9792471473
PWY-6185: 4-methylcatechol degradation (ortho cleavage)|unclassified	8.0752022185
ALLANTOINDEG-PWY: superpathway of allantoin degradation in yeast	11.3586302297
GALACTITOLCAT-PWY: galactitol degradation	10.9634888394
GALACTITOLCAT-PWY: galactitol degradation|unclassified	10.7743184006
PWY-801: homocysteine and cysteine interconversion	9.7464495800
PWY-801: homocysteine and cysteine interconversion|unclassified	9.3442117183
ARGININE-SYN4-PWY: L-ornithine biosynthesis II	9.3070113374
ARGININE-SYN4-PWY: L-ornithine biosynthesis II|unclassified	9.2380284096
PROTOCATECHUATE-ORTHO-CLEAVAGE-PWY: protocatechuate degradation II (ortho-cleavage pathway)	9.2585290639
PROTOCATECHUATE-ORTHO-CLEAVAGE-PWY: protocatechuate degradation II (ortho-cleavage pathway)|unclassified	9.2585290639
PWY-5136: fatty acid &beta;-oxidation II (plant peroxisome)	8.6111949659
PWY-5136: fatty acid &beta;-oxidation II (plant peroxisome)|unclassified	8.4428422304
GLUDEG-I-PWY: GABA shunt	8.4323576206
GLUDEG-I-PWY: GABA shunt|unclassified	3.4350664245
PWY-7269: mitochondrial NADPH production (yeast)	7.6412165524
PWY-7269: mitochondrial NADPH production (yeast)|unclassified	7.5994066368
GLUCARDEG-PWY: D-glucarate degradation I	5.9606135079
GLUCARDEG-PWY: D-glucarate degradation I|unclassified	5.6502741665
GALACTARDEG-PWY: D-galactarate degradation I	5.9457815667
GALACTARDEG-PWY: D-galactarate degradation I|unclassified	5.6372533440
GLUCARGALACTSUPER-PWY: superpathway of D-glucarate and D-galactarate degradation	5.9457815667
GLUCARGALACTSUPER-PWY: superpathway of D-glucarate and D-galactarate degradation|unclassified	5.6372533440
KETOGLUCONMET-PWY: ketogluconate metabolism	5.4445111017
KETOGLUCONMET-PWY: ketogluconate metabolism|unclassified	5.3627530840
PWY-6531: mannitol cycle	4.8060934844
PWY-6531: mannitol cycle|unclassified	4.7336292970
PWY66-389: phytol degradation	3.9686262360
PWY66-389: phytol degradation|unclassified	3.2166360441
P221-PWY: octane oxidation	3.2993270819
P221-PWY: octane oxidation|unclassified	2.7668289301